layer,expert,hits,layer_rows,weight
0,0,252,10594,46.588248
0,1,0,10594,0.000000
0,2,875,10594,188.577542
0,3,0,10594,0.000000
0,4,352,10594,163.943706
0,5,144,10594,29.969622
0,6,0,10594,0.000000
0,7,0,10594,0.000000
0,8,111,10594,47.006740
0,9,88,10594,18.625838
0,10,205,10594,48.328737
0,11,107,10594,17.004224
0,12,117,10594,39.140524
0,13,0,10594,0.000000
0,14,0,10594,0.000000
0,15,283,10594,48.278161
0,16,0,10594,0.000000
0,17,148,10594,41.500018
0,18,0,10594,0.000000
0,19,0,10594,0.000000
0,20,0,10594,0.000000
0,21,0,10594,0.000000
0,22,0,10594,0.000000
0,23,0,10594,0.000000
0,24,84,10594,17.108482
0,25,0,10594,0.000000
0,26,167,10594,29.704221
0,27,0,10594,0.000000
0,28,138,10594,26.628624
0,29,252,10594,46.365683
0,30,350,10594,67.860314
0,31,113,10594,23.670250
0,32,404,10594,136.840510
0,33,77,10594,12.954211
0,34,109,10594,20.010631
0,35,738,10594,187.107659
0,36,164,10594,26.237906
0,37,0,10594,0.000000
0,38,170,10594,31.940506
0,39,350,10594,62.546154
0,40,204,10594,61.311065
0,41,297,10594,66.768151
0,42,0,10594,0.000000
0,43,187,10594,29.797980
0,44,245,10594,39.486252
0,45,226,10594,41.605999
0,46,0,10594,0.000000
0,47,0,10594,0.000000
0,48,218,10594,59.347317
0,49,219,10594,46.312265
0,50,0,10594,0.000000
0,51,0,10594,0.000000
0,52,0,10594,0.000000
0,53,0,10594,0.000000
0,54,0,10594,0.000000
0,55,385,10594,107.333687
0,56,154,10594,25.162542
0,57,0,10594,0.000000
0,58,0,10594,0.000000
0,59,164,10594,27.492443
0,60,0,10594,0.000000
0,61,83,10594,24.074372
0,62,0,10594,0.000000
0,63,0,10594,0.000000
0,64,312,10594,78.153616
0,65,0,10594,0.000000
0,66,0,10594,0.000000
0,67,86,10594,24.807137
0,68,248,10594,54.108522
0,69,251,10594,55.249557
0,70,97,10594,14.885900
0,71,213,10594,37.125433
0,72,100,10594,17.677049
0,73,141,10594,35.271153
0,74,0,10594,0.000000
0,75,0,10594,0.000000
0,76,0,10594,0.000000
0,77,123,10594,46.484120
0,78,260,10594,42.640124
0,79,0,10594,0.000000
0,80,0,10594,0.000000
0,81,163,10594,28.009478
0,82,0,10594,0.000000
0,83,170,10594,36.547500
0,84,129,10594,30.580479
0,85,270,10594,69.999194
0,86,214,10594,56.997677
0,87,83,10594,12.882281
0,88,141,10594,22.359699
0,89,0,10594,0.000000
0,90,136,10594,20.348097
0,91,2076,10594,412.852467
0,92,0,10594,0.000000
0,93,0,10594,0.000000
0,94,176,10594,66.566045
0,95,0,10594,0.000000
0,96,77,10594,23.653457
0,97,22,10594,3.755393
0,98,103,10594,32.962563
0,99,0,10594,0.000000
0,100,0,10594,0.000000
0,101,118,10594,29.738778
0,102,36,10594,5.447130
0,103,0,10594,0.000000
0,104,220,10594,47.446176
0,105,232,10594,51.185172
0,106,49,10594,8.310488
0,107,111,10594,20.007823
0,108,158,10594,27.854560
0,109,116,10594,20.979677
0,110,1063,10594,387.955961
0,111,155,10594,43.943404
0,112,293,10594,105.293429
0,113,0,10594,0.000000
0,114,0,10594,0.000000
0,115,343,10594,80.507432
0,116,138,10594,25.987893
0,117,56,10594,9.498637
0,118,231,10594,58.334547
0,119,114,10594,18.890047
0,120,850,10594,137.037339
0,121,0,10594,0.000000
0,122,0,10594,0.000000
0,123,0,10594,0.000000
0,124,231,10594,47.325660
0,125,0,10594,0.000000
0,126,130,10594,25.758646
0,127,312,10594,101.560606
0,128,96,10594,32.112833
0,129,56,10594,8.247727
0,130,153,10594,41.102783
0,131,114,10594,18.911832
0,132,193,10594,29.477179
0,133,106,10594,21.075174
0,134,231,10594,78.266486
0,135,274,10594,52.292676
0,136,77,10594,16.993125
0,137,0,10594,0.000000
0,138,211,10594,43.072086
0,139,0,10594,0.000000
0,140,99,10594,23.683615
0,141,98,10594,23.034717
0,142,402,10594,97.975872
0,143,186,10594,32.356971
0,144,0,10594,0.000000
0,145,195,10594,34.186645
0,146,0,10594,0.000000
0,147,162,10594,34.192998
0,148,18,10594,3.509379
0,149,225,10594,54.886054
0,150,215,10594,35.218961
0,151,62,10594,10.946753
0,152,268,10594,67.203177
0,153,55,10594,8.981364
0,154,90,10594,21.635694
0,155,207,10594,56.614177
0,156,24,10594,4.899453
0,157,144,10594,28.773562
0,158,156,10594,40.203843
0,159,228,10594,37.087856
0,160,0,10594,0.000000
0,161,159,10594,25.490022
0,162,350,10594,75.738034
0,163,0,10594,0.000000
0,164,0,10594,0.000000
0,165,233,10594,63.441180
0,166,91,10594,17.124346
0,167,174,10594,29.963155
0,168,104,10594,18.336724
0,169,105,10594,19.072614
0,170,201,10594,51.438405
0,171,0,10594,0.000000
0,172,143,10594,53.748455
0,173,0,10594,0.000000
0,174,147,10594,55.399320
0,175,0,10594,0.000000
0,176,252,10594,54.044122
0,177,0,10594,0.000000
0,178,0,10594,0.000000
0,179,0,10594,0.000000
0,180,134,10594,21.910138
0,181,66,10594,12.813804
0,182,0,10594,0.000000
0,183,324,10594,134.350316
0,184,134,10594,24.460051
0,185,131,10594,23.038085
0,186,197,10594,46.247038
0,187,0,10594,0.000000
0,188,249,10594,103.082270
0,189,143,10594,25.282901
0,190,0,10594,0.000000
0,191,85,10594,14.593702
0,192,147,10594,25.157535
0,193,122,10594,25.427129
0,194,133,10594,29.337609
0,195,0,10594,0.000000
0,196,142,10594,23.486720
0,197,66,10594,13.629979
0,198,425,10594,102.797618
0,199,0,10594,0.000000
0,200,118,10594,20.756817
0,201,152,10594,47.354742
0,202,0,10594,0.000000
0,203,354,10594,124.472179
0,204,0,10594,0.000000
0,205,258,10594,88.528791
0,206,563,10594,170.253189
0,207,92,10594,15.036540
0,208,131,10594,30.047970
0,209,199,10594,40.890496
0,210,0,10594,0.000000
0,211,138,10594,24.582301
0,212,561,10594,117.705185
0,213,80,10594,21.642701
0,214,176,10594,28.432641
0,215,70,10594,18.575204
0,216,130,10594,30.914815
0,217,0,10594,0.000000
0,218,0,10594,0.000000
0,219,136,10594,32.593778
0,220,0,10594,0.000000
0,221,0,10594,0.000000
0,222,143,10594,25.753061
0,223,108,10594,19.935485
0,224,0,10594,0.000000
0,225,147,10594,25.347533
0,226,0,10594,0.000000
0,227,0,10594,0.000000
0,228,161,10594,34.680841
0,229,554,10594,126.528338
0,230,94,10594,26.091547
0,231,153,10594,26.853561
0,232,207,10594,58.487307
0,233,0,10594,0.000000
0,234,124,10594,29.596519
0,235,0,10594,0.000000
0,236,269,10594,54.813318
0,237,373,10594,91.360773
0,238,82,10594,24.028852
0,239,123,10594,20.413199
0,240,1002,10594,180.551840
0,241,131,10594,23.864294
0,242,578,10594,137.479489
0,243,0,10594,0.000000
0,244,0,10594,0.000000
0,245,109,10594,18.962390
0,246,362,10594,60.597116
0,247,0,10594,0.000000
0,248,278,10594,70.901291
0,249,0,10594,0.000000
0,250,332,10594,96.532894
0,251,129,10594,28.724269
0,252,0,10594,0.000000
0,253,214,10594,48.808086
0,254,211,10594,52.679038
0,255,0,10594,0.000000
0,256,137,10594,26.017816
0,257,113,10594,35.758484
0,258,129,10594,38.706374
0,259,97,10594,15.108257
0,260,217,10594,58.483190
0,261,113,10594,20.372457
0,262,288,10594,50.792233
0,263,245,10594,55.336735
0,264,165,10594,29.912067
0,265,0,10594,0.000000
0,266,38,10594,12.109635
0,267,181,10594,35.406909
0,268,133,10594,46.462656
0,269,312,10594,72.460389
0,270,266,10594,97.586744
0,271,142,10594,28.035112
0,272,0,10594,0.000000
0,273,125,10594,30.966133
0,274,85,10594,20.031190
0,275,152,10594,25.965272
0,276,80,10594,17.354030
0,277,224,10594,67.493953
0,278,111,10594,31.906126
0,279,110,10594,17.326612
0,280,329,10594,80.895179
0,281,0,10594,0.000000
0,282,436,10594,80.904882
0,283,254,10594,71.569350
0,284,0,10594,0.000000
0,285,274,10594,93.827875
0,286,243,10594,60.138948
0,287,89,10594,15.720918
0,288,61,10594,10.809549
0,289,216,10594,54.035891
0,290,394,10594,120.761051
0,291,119,10594,19.020023
0,292,539,10594,134.505649
0,293,127,10594,40.014689
0,294,80,10594,15.398471
0,295,0,10594,0.000000
0,296,181,10594,40.081192
0,297,153,10594,38.382041
0,298,109,10594,19.182533
0,299,257,10594,49.721652
0,300,128,10594,30.073263
0,301,104,10594,19.769358
0,302,214,10594,71.576416
0,303,0,10594,0.000000
0,304,283,10594,48.908431
0,305,0,10594,0.000000
0,306,35,10594,7.191112
0,307,189,10594,57.001555
0,308,371,10594,61.295772
0,309,0,10594,0.000000
0,310,353,10594,55.298116
0,311,141,10594,36.698499
0,312,0,10594,0.000000
0,313,0,10594,0.000000
0,314,526,10594,87.589456
0,315,0,10594,0.000000
0,316,46,10594,10.874175
0,317,193,10594,43.050074
0,318,250,10594,84.990472
0,319,194,10594,44.852763
0,320,169,10594,27.068541
0,321,763,10594,158.560276
0,322,186,10594,38.175593
0,323,84,10594,20.746924
0,324,6846,10594,2908.960694
0,325,287,10594,58.651864
0,326,112,10594,17.323227
0,327,125,10594,21.739850
0,328,165,10594,28.234353
0,329,0,10594,0.000000
0,330,114,10594,23.031861
0,331,0,10594,0.000000
0,332,136,10594,26.793558
0,333,83,10594,18.739489
0,334,0,10594,0.000000
0,335,91,10594,22.826833
0,336,0,10594,0.000000
0,337,231,10594,49.575656
0,338,260,10594,53.501502
0,339,0,10594,0.000000
0,340,227,10594,55.143327
0,341,163,10594,41.237158
0,342,121,10594,20.434067
0,343,212,10594,36.349290
0,344,0,10594,0.000000
0,345,227,10594,37.920777
0,346,0,10594,0.000000
0,347,395,10594,143.872483
0,348,54,10594,10.605632
0,349,145,10594,32.379565
0,350,165,10594,25.933724
0,351,129,10594,24.023476
0,352,213,10594,43.437419
0,353,178,10594,32.616577
0,354,110,10594,17.438167
0,355,181,10594,30.269759
0,356,193,10594,44.737174
0,357,142,10594,32.168320
0,358,148,10594,29.489594
0,359,137,10594,22.014270
0,360,0,10594,0.000000
0,361,194,10594,40.525106
0,362,199,10594,44.257883
0,363,104,10594,19.147555
0,364,137,10594,22.431375
0,365,0,10594,0.000000
0,366,294,10594,49.052246
0,367,305,10594,75.677850
0,368,193,10594,43.787864
0,369,199,10594,36.289801
0,370,265,10594,49.862674
0,371,186,10594,29.928598
0,372,169,10594,26.980105
0,373,0,10594,0.000000
0,374,0,10594,0.000000
0,375,42,10594,11.042496
0,376,0,10594,0.000000
0,377,804,10594,136.130408
0,378,268,10594,100.337248
0,379,106,10594,23.862046
0,380,0,10594,0.000000
0,381,176,10594,30.394514
0,382,137,10594,23.809053
0,383,72,10594,11.006927
1,0,56,10594,13.434256
1,1,0,10594,0.000000
1,2,0,10594,0.000000
1,3,80,10594,14.814651
1,4,420,10594,142.599451
1,5,310,10594,69.982415
1,6,262,10594,57.255918
1,7,81,10594,18.202747
1,8,119,10594,34.209550
1,9,0,10594,0.000000
1,10,152,10594,30.369183
1,11,42,10594,11.155794
1,12,351,10594,115.654470
1,13,280,10594,55.417272
1,14,327,10594,100.846145
1,15,117,10594,26.776871
1,16,0,10594,0.000000
1,17,0,10594,0.000000
1,18,0,10594,0.000000
1,19,251,10594,70.280866
1,20,129,10594,41.898163
1,21,0,10594,0.000000
1,22,299,10594,77.043354
1,23,0,10594,0.000000
1,24,188,10594,51.161931
1,25,0,10594,0.000000
1,26,0,10594,0.000000
1,27,0,10594,0.000000
1,28,0,10594,0.000000
1,29,0,10594,0.000000
1,30,183,10594,35.391011
1,31,0,10594,0.000000
1,32,165,10594,33.664363
1,33,97,10594,19.120978
1,34,100,10594,20.925461
1,35,203,10594,46.554417
1,36,0,10594,0.000000
1,37,0,10594,0.000000
1,38,0,10594,0.000000
1,39,0,10594,0.000000
1,40,0,10594,0.000000
1,41,0,10594,0.000000
1,42,0,10594,0.000000
1,43,417,10594,75.597783
1,44,345,10594,66.548545
1,45,238,10594,74.048427
1,46,0,10594,0.000000
1,47,387,10594,84.752892
1,48,0,10594,0.000000
1,49,127,10594,36.170332
1,50,0,10594,0.000000
1,51,88,10594,16.761158
1,52,352,10594,65.852337
1,53,89,10594,15.148099
1,54,113,10594,22.088129
1,55,268,10594,54.968533
1,56,159,10594,64.146791
1,57,619,10594,148.790680
1,58,0,10594,0.000000
1,59,141,10594,41.986472
1,60,0,10594,0.000000
1,61,126,10594,24.071493
1,62,143,10594,63.884800
1,63,0,10594,0.000000
1,64,140,10594,39.957672
1,65,873,10594,216.400115
1,66,0,10594,0.000000
1,67,366,10594,87.292388
1,68,0,10594,0.000000
1,69,0,10594,0.000000
1,70,141,10594,30.237316
1,71,102,10594,30.480514
1,72,396,10594,104.465897
1,73,82,10594,18.650146
1,74,0,10594,0.000000
1,75,64,10594,25.308465
1,76,0,10594,0.000000
1,77,616,10594,116.618416
1,78,586,10594,137.191751
1,79,0,10594,0.000000
1,80,0,10594,0.000000
1,81,0,10594,0.000000
1,82,141,10594,30.351963
1,83,0,10594,0.000000
1,84,0,10594,0.000000
1,85,3217,10594,673.961259
1,86,0,10594,0.000000
1,87,262,10594,102.596571
1,88,170,10594,33.005198
1,89,243,10594,62.885123
1,90,130,10594,28.147105
1,91,132,10594,30.505502
1,92,210,10594,48.340106
1,93,177,10594,41.236880
1,94,166,10594,32.228138
1,95,204,10594,45.278809
1,96,0,10594,0.000000
1,97,92,10594,22.726463
1,98,291,10594,68.723710
1,99,0,10594,0.000000
1,100,408,10594,85.581019
1,101,223,10594,65.649106
1,102,161,10594,33.411181
1,103,74,10594,14.448148
1,104,278,10594,67.729221
1,105,57,10594,11.172340
1,106,84,10594,16.993214
1,107,0,10594,0.000000
1,108,342,10594,99.624607
1,109,10,10594,1.956244
1,110,74,10594,17.665813
1,111,0,10594,0.000000
1,112,133,10594,28.736297
1,113,416,10594,155.613582
1,114,450,10594,135.000327
1,115,0,10594,0.000000
1,116,0,10594,0.000000
1,117,242,10594,63.810187
1,118,0,10594,0.000000
1,119,335,10594,158.438351
1,120,570,10594,121.424826
1,121,0,10594,0.000000
1,122,131,10594,30.372310
1,123,0,10594,0.000000
1,124,150,10594,46.488719
1,125,0,10594,0.000000
1,126,224,10594,43.339381
1,127,377,10594,103.464743
1,128,77,10594,17.513700
1,129,235,10594,68.537176
1,130,218,10594,56.798670
1,131,187,10594,56.770512
1,132,0,10594,0.000000
1,133,306,10594,85.230367
1,134,164,10594,43.235454
1,135,62,10594,14.526972
1,136,4274,10594,918.189933
1,137,177,10594,59.061544
1,138,0,10594,0.000000
1,139,0,10594,0.000000
1,140,0,10594,0.000000
1,141,112,10594,23.454132
1,142,0,10594,0.000000
1,143,151,10594,39.258811
1,144,155,10594,30.132582
1,145,0,10594,0.000000
1,146,113,10594,23.383254
1,147,239,10594,58.970231
1,148,160,10594,39.459554
1,149,402,10594,116.939662
1,150,2161,10594,828.043106
1,151,201,10594,72.952366
1,152,198,10594,45.824428
1,153,256,10594,56.496641
1,154,0,10594,0.000000
1,155,190,10594,43.943281
1,156,0,10594,0.000000
1,157,342,10594,108.141248
1,158,291,10594,98.288436
1,159,83,10594,16.717951
1,160,0,10594,0.000000
1,161,147,10594,42.735089
1,162,314,10594,62.338587
1,163,347,10594,66.313711
1,164,294,10594,106.685688
1,165,0,10594,0.000000
1,166,80,10594,17.348594
1,167,0,10594,0.000000
1,168,104,10594,22.978713
1,169,0,10594,0.000000
1,170,0,10594,0.000000
1,171,0,10594,0.000000
1,172,114,10594,24.810418
1,173,67,10594,14.662406
1,174,0,10594,0.000000
1,175,65,10594,14.784349
1,176,337,10594,102.770159
1,177,301,10594,81.676961
1,178,234,10594,43.355206
1,179,0,10594,0.000000
1,180,63,10594,14.185712
1,181,0,10594,0.000000
1,182,0,10594,0.000000
1,183,129,10594,29.220681
1,184,192,10594,41.359115
1,185,292,10594,52.226443
1,186,69,10594,14.029405
1,187,58,10594,12.265963
1,188,158,10594,27.712834
1,189,316,10594,65.849847
1,190,76,10594,13.542006
1,191,316,10594,110.788235
1,192,225,10594,69.898234
1,193,36,10594,9.687320
1,194,202,10594,44.689000
1,195,0,10594,0.000000
1,196,0,10594,0.000000
1,197,0,10594,0.000000
1,198,355,10594,72.774173
1,199,0,10594,0.000000
1,200,491,10594,113.920732
1,201,0,10594,0.000000
1,202,0,10594,0.000000
1,203,106,10594,19.595999
1,204,0,10594,0.000000
1,205,0,10594,0.000000
1,206,327,10594,66.288530
1,207,87,10594,23.931863
1,208,36,10594,7.018824
1,209,156,10594,28.378964
1,210,0,10594,0.000000
1,211,0,10594,0.000000
1,212,141,10594,26.467576
1,213,3004,10594,748.585024
1,214,219,10594,59.169787
1,215,89,10594,19.829624
1,216,167,10594,32.436191
1,217,1102,10594,306.043020
1,218,378,10594,97.060614
1,219,192,10594,64.738005
1,220,0,10594,0.000000
1,221,166,10594,32.825366
1,222,276,10594,50.067814
1,223,141,10594,25.969525
1,224,108,10594,24.543874
1,225,138,10594,31.080675
1,226,0,10594,0.000000
1,227,317,10594,69.782229
1,228,34,10594,6.262752
1,229,0,10594,0.000000
1,230,0,10594,0.000000
1,231,143,10594,33.204451
1,232,0,10594,0.000000
1,233,0,10594,0.000000
1,234,0,10594,0.000000
1,235,0,10594,0.000000
1,236,130,10594,23.990047
1,237,0,10594,0.000000
1,238,0,10594,0.000000
1,239,0,10594,0.000000
1,240,59,10594,14.864257
1,241,0,10594,0.000000
1,242,0,10594,0.000000
1,243,0,10594,0.000000
1,244,272,10594,91.199566
1,245,0,10594,0.000000
1,246,0,10594,0.000000
1,247,96,10594,19.753083
1,248,0,10594,0.000000
1,249,220,10594,75.144119
1,250,58,10594,16.460076
1,251,198,10594,62.883909
1,252,0,10594,0.000000
1,253,362,10594,89.756847
1,254,51,10594,10.038862
1,255,85,10594,17.851501
1,256,0,10594,0.000000
1,257,0,10594,0.000000
1,258,237,10594,53.790654
1,259,43,10594,9.353302
1,260,130,10594,20.515698
1,261,0,10594,0.000000
1,262,0,10594,0.000000
1,263,91,10594,16.931987
1,264,98,10594,24.483923
1,265,574,10594,170.220375
1,266,107,10594,19.937339
1,267,0,10594,0.000000
1,268,0,10594,0.000000
1,269,0,10594,0.000000
1,270,235,10594,51.515019
1,271,95,10594,18.661313
1,272,389,10594,75.891928
1,273,0,10594,0.000000
1,274,727,10594,227.208779
1,275,0,10594,0.000000
1,276,0,10594,0.000000
1,277,81,10594,17.616964
1,278,0,10594,0.000000
1,279,836,10594,190.240564
1,280,84,10594,15.793829
1,281,103,10594,22.753508
1,282,0,10594,0.000000
1,283,121,10594,26.327152
1,284,232,10594,43.034430
1,285,0,10594,0.000000
1,286,0,10594,0.000000
1,287,0,10594,0.000000
1,288,0,10594,0.000000
1,289,254,10594,64.435153
1,290,93,10594,18.274138
1,291,0,10594,0.000000
1,292,0,10594,0.000000
1,293,110,10594,23.879627
1,294,141,10594,27.474560
1,295,0,10594,0.000000
1,296,125,10594,23.390807
1,297,212,10594,38.140082
1,298,0,10594,0.000000
1,299,0,10594,0.000000
1,300,859,10594,180.677239
1,301,0,10594,0.000000
1,302,0,10594,0.000000
1,303,0,10594,0.000000
1,304,0,10594,0.000000
1,305,251,10594,43.719301
1,306,0,10594,0.000000
1,307,342,10594,124.029844
1,308,676,10594,192.422939
1,309,0,10594,0.000000
1,310,190,10594,46.250015
1,311,0,10594,0.000000
1,312,0,10594,0.000000
1,313,139,10594,21.539929
1,314,0,10594,0.000000
1,315,0,10594,0.000000
1,316,28,10594,5.941820
1,317,317,10594,97.924246
1,318,719,10594,182.011694
1,319,290,10594,55.805497
1,320,0,10594,0.000000
1,321,187,10594,33.744109
1,322,174,10594,35.805798
1,323,209,10594,39.998926
1,324,132,10594,25.218332
1,325,0,10594,0.000000
1,326,0,10594,0.000000
1,327,83,10594,13.042907
1,328,0,10594,0.000000
1,329,137,10594,31.284170
1,330,0,10594,0.000000
1,331,0,10594,0.000000
1,332,96,10594,18.702859
1,333,0,10594,0.000000
1,334,0,10594,0.000000
1,335,257,10594,61.631723
1,336,395,10594,124.323585
1,337,387,10594,86.967564
1,338,0,10594,0.000000
1,339,140,10594,28.985815
1,340,367,10594,75.699415
1,341,44,10594,16.269182
1,342,67,10594,13.545598
1,343,279,10594,61.402671
1,344,0,10594,0.000000
1,345,129,10594,26.823678
1,346,0,10594,0.000000
1,347,0,10594,0.000000
1,348,84,10594,19.303990
1,349,327,10594,84.176856
1,350,85,10594,21.989702
1,351,0,10594,0.000000
1,352,0,10594,0.000000
1,353,164,10594,27.967947
1,354,0,10594,0.000000
1,355,612,10594,133.443875
1,356,0,10594,0.000000
1,357,228,10594,39.452851
1,358,0,10594,0.000000
1,359,163,10594,28.108600
1,360,0,10594,0.000000
1,361,176,10594,38.081198
1,362,0,10594,0.000000
1,363,0,10594,0.000000
1,364,0,10594,0.000000
1,365,63,10594,14.824077
1,366,0,10594,0.000000
1,367,177,10594,47.568623
1,368,0,10594,0.000000
1,369,243,10594,57.179171
1,370,576,10594,134.180104
1,371,65,10594,11.237332
1,372,14,10594,3.258509
1,373,68,10594,13.187578
1,374,564,10594,161.973162
1,375,281,10594,105.610921
1,376,0,10594,0.000000
1,377,188,10594,47.094594
1,378,145,10594,27.808320
1,379,199,10594,72.152537
1,380,0,10594,0.000000
1,381,352,10594,73.228901
1,382,420,10594,206.743808
1,383,0,10594,0.000000
2,0,0,10594,0.000000
2,1,38,10594,8.818546
2,2,57,10594,9.532033
2,3,119,10594,30.436181
2,4,0,10594,0.000000
2,5,0,10594,0.000000
2,6,50,10594,10.200526
2,7,386,10594,82.418408
2,8,115,10594,19.195953
2,9,68,10594,13.032789
2,10,142,10594,38.521769
2,11,217,10594,59.565465
2,12,0,10594,0.000000
2,13,0,10594,0.000000
2,14,461,10594,100.811353
2,15,204,10594,48.649452
2,16,0,10594,0.000000
2,17,0,10594,0.000000
2,18,0,10594,0.000000
2,19,0,10594,0.000000
2,20,467,10594,80.089702
2,21,0,10594,0.000000
2,22,0,10594,0.000000
2,23,0,10594,0.000000
2,24,0,10594,0.000000
2,25,53,10594,9.079075
2,26,269,10594,59.168496
2,27,858,10594,199.155843
2,28,0,10594,0.000000
2,29,0,10594,0.000000
2,30,0,10594,0.000000
2,31,225,10594,39.315504
2,32,541,10594,113.476043
2,33,0,10594,0.000000
2,34,0,10594,0.000000
2,35,112,10594,25.213498
2,36,23,10594,5.049266
2,37,2531,10594,639.221563
2,38,0,10594,0.000000
2,39,0,10594,0.000000
2,40,114,10594,20.625421
2,41,341,10594,70.817534
2,42,262,10594,48.144308
2,43,0,10594,0.000000
2,44,0,10594,0.000000
2,45,107,10594,25.170577
2,46,0,10594,0.000000
2,47,52,10594,12.046860
2,48,0,10594,0.000000
2,49,296,10594,92.624130
2,50,125,10594,32.012914
2,51,0,10594,0.000000
2,52,0,10594,0.000000
2,53,1123,10594,328.961626
2,54,137,10594,24.417472
2,55,0,10594,0.000000
2,56,238,10594,75.589677
2,57,0,10594,0.000000
2,58,199,10594,49.517953
2,59,357,10594,76.248205
2,60,0,10594,0.000000
2,61,0,10594,0.000000
2,62,0,10594,0.000000
2,63,0,10594,0.000000
2,64,0,10594,0.000000
2,65,0,10594,0.000000
2,66,0,10594,0.000000
2,67,0,10594,0.000000
2,68,108,10594,20.037988
2,69,182,10594,35.904318
2,70,0,10594,0.000000
2,71,0,10594,0.000000
2,72,26,10594,4.140315
2,73,0,10594,0.000000
2,74,121,10594,22.323127
2,75,0,10594,0.000000
2,76,0,10594,0.000000
2,77,131,10594,25.739455
2,78,0,10594,0.000000
2,79,63,10594,12.496550
2,80,0,10594,0.000000
2,81,0,10594,0.000000
2,82,678,10594,134.831328
2,83,0,10594,0.000000
2,84,368,10594,62.278092
2,85,0,10594,0.000000
2,86,0,10594,0.000000
2,87,194,10594,49.662257
2,88,0,10594,0.000000
2,89,97,10594,29.586132
2,90,0,10594,0.000000
2,91,1065,10594,193.042329
2,92,150,10594,32.388959
2,93,2645,10594,631.924380
2,94,0,10594,0.000000
2,95,52,10594,9.680550
2,96,13,10594,2.673430
2,97,53,10594,11.295468
2,98,337,10594,66.678229
2,99,193,10594,34.128101
2,100,0,10594,0.000000
2,101,0,10594,0.000000
2,102,0,10594,0.000000
2,103,58,10594,9.909568
2,104,52,10594,10.916463
2,105,78,10594,16.634744
2,106,0,10594,0.000000
2,107,138,10594,28.304954
2,108,0,10594,0.000000
2,109,54,10594,15.913206
2,110,262,10594,55.259557
2,111,104,10594,22.060462
2,112,382,10594,67.906818
2,113,0,10594,0.000000
2,114,330,10594,100.197054
2,115,220,10594,42.534913
2,116,0,10594,0.000000
2,117,0,10594,0.000000
2,118,105,10594,18.918265
2,119,0,10594,0.000000
2,120,2460,10594,588.263071
2,121,235,10594,60.446568
2,122,0,10594,0.000000
2,123,0,10594,0.000000
2,124,274,10594,73.135144
2,125,0,10594,0.000000
2,126,0,10594,0.000000
2,127,0,10594,0.000000
2,128,0,10594,0.000000
2,129,0,10594,0.000000
2,130,565,10594,223.925756
2,131,447,10594,89.631996
2,132,262,10594,78.444753
2,133,0,10594,0.000000
2,134,222,10594,64.339839
2,135,76,10594,16.427131
2,136,172,10594,41.785757
2,137,0,10594,0.000000
2,138,144,10594,35.405576
2,139,0,10594,0.000000
2,140,103,10594,17.013786
2,141,191,10594,47.301531
2,142,230,10594,59.265083
2,143,0,10594,0.000000
2,144,631,10594,141.254368
2,145,99,10594,21.957036
2,146,44,10594,8.181034
2,147,17,10594,3.312023
2,148,0,10594,0.000000
2,149,226,10594,54.515353
2,150,0,10594,0.000000
2,151,134,10594,28.975933
2,152,314,10594,104.652500
2,153,0,10594,0.000000
2,154,8448,10594,2733.247660
2,155,0,10594,0.000000
2,156,0,10594,0.000000
2,157,0,10594,0.000000
2,158,236,10594,54.959468
2,159,0,10594,0.000000
2,160,227,10594,44.489155
2,161,53,10594,10.089049
2,162,0,10594,0.000000
2,163,82,10594,14.668555
2,164,0,10594,0.000000
2,165,0,10594,0.000000
2,166,476,10594,113.070478
2,167,0,10594,0.000000
2,168,0,10594,0.000000
2,169,0,10594,0.000000
2,170,283,10594,83.853408
2,171,0,10594,0.000000
2,172,271,10594,75.036060
2,173,0,10594,0.000000
2,174,418,10594,130.587313
2,175,0,10594,0.000000
2,176,67,10594,14.287329
2,177,104,10594,21.208059
2,178,222,10594,60.310441
2,179,0,10594,0.000000
2,180,417,10594,112.284468
2,181,107,10594,23.275500
2,182,0,10594,0.000000
2,183,0,10594,0.000000
2,184,252,10594,45.996671
2,185,0,10594,0.000000
2,186,0,10594,0.000000
2,187,0,10594,0.000000
2,188,0,10594,0.000000
2,189,109,10594,17.836874
2,190,109,10594,26.118892
2,191,0,10594,0.000000
2,192,0,10594,0.000000
2,193,0,10594,0.000000
2,194,617,10594,147.701302
2,195,108,10594,23.613175
2,196,27,10594,5.467743
2,197,0,10594,0.000000
2,198,0,10594,0.000000
2,199,73,10594,16.113334
2,200,94,10594,24.027055
2,201,0,10594,0.000000
2,202,191,10594,33.839796
2,203,353,10594,93.360454
2,204,0,10594,0.000000
2,205,0,10594,0.000000
2,206,264,10594,46.948409
2,207,239,10594,41.879289
2,208,0,10594,0.000000
2,209,95,10594,19.890740
2,210,89,10594,20.298485
2,211,0,10594,0.000000
2,212,737,10594,153.214806
2,213,19,10594,3.977146
2,214,26,10594,5.066247
2,215,121,10594,23.388828
2,216,603,10594,155.797552
2,217,298,10594,64.810824
2,218,274,10594,53.572388
2,219,0,10594,0.000000
2,220,115,10594,19.296315
2,221,0,10594,0.000000
2,222,445,10594,151.266288
2,223,0,10594,0.000000
2,224,181,10594,53.772296
2,225,0,10594,0.000000
2,226,106,10594,23.344290
2,227,0,10594,0.000000
2,228,571,10594,166.013503
2,229,0,10594,0.000000
2,230,550,10594,130.072701
2,231,0,10594,0.000000
2,232,0,10594,0.000000
2,233,95,10594,33.808131
2,234,266,10594,65.494016
2,235,0,10594,0.000000
2,236,0,10594,0.000000
2,237,0,10594,0.000000
2,238,0,10594,0.000000
2,239,0,10594,0.000000
2,240,0,10594,0.000000
2,241,32,10594,6.411563
2,242,116,10594,21.697535
2,243,0,10594,0.000000
2,244,0,10594,0.000000
2,245,0,10594,0.000000
2,246,146,10594,40.060111
2,247,544,10594,134.035015
2,248,71,10594,14.316453
2,249,974,10594,183.291726
2,250,114,10594,18.682855
2,251,0,10594,0.000000
2,252,203,10594,35.573235
2,253,0,10594,0.000000
2,254,102,10594,23.644288
2,255,206,10594,55.572079
2,256,428,10594,103.617962
2,257,0,10594,0.000000
2,258,0,10594,0.000000
2,259,0,10594,0.000000
2,260,72,10594,19.288898
2,261,46,10594,9.333715
2,262,89,10594,15.342343
2,263,0,10594,0.000000
2,264,0,10594,0.000000
2,265,223,10594,42.623755
2,266,0,10594,0.000000
2,267,53,10594,12.510886
2,268,93,10594,15.191253
2,269,109,10594,25.133645
2,270,129,10594,24.776527
2,271,478,10594,131.794377
2,272,406,10594,65.944700
2,273,0,10594,0.000000
2,274,0,10594,0.000000
2,275,0,10594,0.000000
2,276,0,10594,0.000000
2,277,0,10594,0.000000
2,278,41,10594,10.242626
2,279,195,10594,64.625163
2,280,204,10594,44.798883
2,281,13,10594,2.540760
2,282,78,10594,14.983637
2,283,148,10594,38.712019
2,284,101,10594,21.410606
2,285,211,10594,33.323206
2,286,242,10594,54.619808
2,287,0,10594,0.000000
2,288,0,10594,0.000000
2,289,231,10594,48.405485
2,290,133,10594,27.119926
2,291,205,10594,37.028484
2,292,0,10594,0.000000
2,293,170,10594,40.922194
2,294,0,10594,0.000000
2,295,0,10594,0.000000
2,296,382,10594,78.771626
2,297,321,10594,75.738671
2,298,10,10594,2.385908
2,299,295,10594,67.981903
2,300,0,10594,0.000000
2,301,0,10594,0.000000
2,302,0,10594,0.000000
2,303,417,10594,101.520803
2,304,201,10594,33.404155
2,305,1752,10594,648.333974
2,306,62,10594,11.758760
2,307,301,10594,90.781032
2,308,20,10594,3.725765
2,309,0,10594,0.000000
2,310,0,10594,0.000000
2,311,149,10594,30.079399
2,312,0,10594,0.000000
2,313,0,10594,0.000000
2,314,99,10594,21.175069
2,315,690,10594,116.293369
2,316,181,10594,42.870661
2,317,0,10594,0.000000
2,318,0,10594,0.000000
2,319,212,10594,35.869216
2,320,62,10594,10.469674
2,321,159,10594,36.247525
2,322,0,10594,0.000000
2,323,625,10594,128.067545
2,324,675,10594,177.781883
2,325,0,10594,0.000000
2,326,215,10594,39.471455
2,327,135,10594,30.536196
2,328,104,10594,19.223898
2,329,0,10594,0.000000
2,330,63,10594,12.130056
2,331,0,10594,0.000000
2,332,275,10594,58.391512
2,333,616,10594,124.221151
2,334,0,10594,0.000000
2,335,0,10594,0.000000
2,336,163,10594,25.108158
2,337,126,10594,46.540343
2,338,0,10594,0.000000
2,339,0,10594,0.000000
2,340,0,10594,0.000000
2,341,0,10594,0.000000
2,342,0,10594,0.000000
2,343,0,10594,0.000000
2,344,132,10594,26.435225
2,345,0,10594,0.000000
2,346,0,10594,0.000000
2,347,147,10594,34.351941
2,348,120,10594,31.249169
2,349,0,10594,0.000000
2,350,0,10594,0.000000
2,351,186,10594,45.657044
2,352,202,10594,44.193185
2,353,190,10594,50.478741
2,354,102,10594,17.145797
2,355,81,10594,21.039653
2,356,0,10594,0.000000
2,357,116,10594,30.540485
2,358,91,10594,25.260810
2,359,0,10594,0.000000
2,360,0,10594,0.000000
2,361,0,10594,0.000000
2,362,1262,10594,433.431267
2,363,0,10594,0.000000
2,364,337,10594,63.820223
2,365,238,10594,54.131290
2,366,0,10594,0.000000
2,367,0,10594,0.000000
2,368,0,10594,0.000000
2,369,0,10594,0.000000
2,370,162,10594,37.803674
2,371,0,10594,0.000000
2,372,0,10594,0.000000
2,373,0,10594,0.000000
2,374,0,10594,0.000000
2,375,263,10594,79.758140
2,376,0,10594,0.000000
2,377,70,10594,14.023981
2,378,0,10594,0.000000
2,379,0,10594,0.000000
2,380,498,10594,125.012638
2,381,0,10594,0.000000
2,382,101,10594,22.436717
2,383,520,10594,97.690776
3,0,0,10594,0.000000
3,1,0,10594,0.000000
3,2,0,10594,0.000000
3,3,0,10594,0.000000
3,4,115,10594,23.928969
3,5,310,10594,76.333948
3,6,294,10594,52.458750
3,7,178,10594,33.581522
3,8,155,10594,26.307067
3,9,0,10594,0.000000
3,10,0,10594,0.000000
3,11,382,10594,141.029140
3,12,519,10594,88.368866
3,13,361,10594,102.480970
3,14,0,10594,0.000000
3,15,268,10594,80.860607
3,16,0,10594,0.000000
3,17,163,10594,29.467806
3,18,94,10594,16.745754
3,19,0,10594,0.000000
3,20,0,10594,0.000000
3,21,173,10594,32.169326
3,22,243,10594,67.161750
3,23,0,10594,0.000000
3,24,188,10594,41.740361
3,25,0,10594,0.000000
3,26,1157,10594,301.089285
3,27,0,10594,0.000000
3,28,0,10594,0.000000
3,29,0,10594,0.000000
3,30,0,10594,0.000000
3,31,98,10594,23.937941
3,32,0,10594,0.000000
3,33,159,10594,25.625733
3,34,202,10594,49.862157
3,35,0,10594,0.000000
3,36,0,10594,0.000000
3,37,208,10594,48.329485
3,38,1299,10594,393.163595
3,39,716,10594,156.606596
3,40,0,10594,0.000000
3,41,0,10594,0.000000
3,42,0,10594,0.000000
3,43,0,10594,0.000000
3,44,0,10594,0.000000
3,45,164,10594,40.066606
3,46,0,10594,0.000000
3,47,0,10594,0.000000
3,48,614,10594,124.976323
3,49,117,10594,25.260910
3,50,0,10594,0.000000
3,51,107,10594,27.253958
3,52,0,10594,0.000000
3,53,0,10594,0.000000
3,54,464,10594,83.030408
3,55,193,10594,45.674167
3,56,192,10594,47.441754
3,57,0,10594,0.000000
3,58,0,10594,0.000000
3,59,0,10594,0.000000
3,60,0,10594,0.000000
3,61,246,10594,41.314939
3,62,33,10594,5.910581
3,63,0,10594,0.000000
3,64,284,10594,59.325634
3,65,0,10594,0.000000
3,66,2,10594,0.343936
3,67,320,10594,73.487159
3,68,0,10594,0.000000
3,69,0,10594,0.000000
3,70,404,10594,130.139266
3,71,0,10594,0.000000
3,72,0,10594,0.000000
3,73,0,10594,0.000000
3,74,0,10594,0.000000
3,75,0,10594,0.000000
3,76,0,10594,0.000000
3,77,0,10594,0.000000
3,78,0,10594,0.000000
3,79,0,10594,0.000000
3,80,108,10594,38.310414
3,81,0,10594,0.000000
3,82,0,10594,0.000000
3,83,137,10594,44.264448
3,84,0,10594,0.000000
3,85,0,10594,0.000000
3,86,0,10594,0.000000
3,87,287,10594,76.928082
3,88,0,10594,0.000000
3,89,156,10594,25.167219
3,90,205,10594,48.109166
3,91,85,10594,15.140107
3,92,276,10594,72.427053
3,93,0,10594,0.000000
3,94,0,10594,0.000000
3,95,0,10594,0.000000
3,96,25,10594,4.823899
3,97,140,10594,33.852297
3,98,0,10594,0.000000
3,99,0,10594,0.000000
3,100,0,10594,0.000000
3,101,169,10594,38.141705
3,102,167,10594,44.737499
3,103,159,10594,62.441702
3,104,113,10594,21.718440
3,105,0,10594,0.000000
3,106,115,10594,22.041895
3,107,621,10594,156.647986
3,108,0,10594,0.000000
3,109,19,10594,3.188607
3,110,294,10594,79.136953
3,111,0,10594,0.000000
3,112,588,10594,141.242459
3,113,0,10594,0.000000
3,114,339,10594,78.216865
3,115,0,10594,0.000000
3,116,0,10594,0.000000
3,117,0,10594,0.000000
3,118,536,10594,103.497570
3,119,163,10594,46.942149
3,120,0,10594,0.000000
3,121,0,10594,0.000000
3,122,396,10594,130.479953
3,123,347,10594,72.482846
3,124,0,10594,0.000000
3,125,0,10594,0.000000
3,126,275,10594,52.331970
3,127,0,10594,0.000000
3,128,0,10594,0.000000
3,129,432,10594,92.861918
3,130,0,10594,0.000000
3,131,759,10594,145.425900
3,132,109,10594,23.163246
3,133,0,10594,0.000000
3,134,0,10594,0.000000
3,135,0,10594,0.000000
3,136,359,10594,103.070796
3,137,8,10594,1.241858
3,138,216,10594,52.586630
3,139,0,10594,0.000000
3,140,0,10594,0.000000
3,141,143,10594,20.456070
3,142,6,10594,1.357221
3,143,96,10594,18.563194
3,144,206,10594,67.329259
3,145,213,10594,64.088936
3,146,239,10594,50.448357
3,147,154,10594,30.356868
3,148,250,10594,54.481986
3,149,112,10594,24.874451
3,150,210,10594,94.010503
3,151,507,10594,81.503163
3,152,0,10594,0.000000
3,153,2054,10594,602.742789
3,154,280,10594,122.875654
3,155,278,10594,111.594370
3,156,0,10594,0.000000
3,157,0,10594,0.000000
3,158,0,10594,0.000000
3,159,269,10594,70.802383
3,160,0,10594,0.000000
3,161,320,10594,92.235602
3,162,0,10594,0.000000
3,163,0,10594,0.000000
3,164,0,10594,0.000000
3,165,373,10594,70.724548
3,166,108,10594,31.388877
3,167,8,10594,1.360604
3,168,297,10594,60.538807
3,169,40,10594,7.713918
3,170,137,10594,37.448047
3,171,0,10594,0.000000
3,172,330,10594,111.952527
3,173,1633,10594,420.964921
3,174,0,10594,0.000000
3,175,0,10594,0.000000
3,176,0,10594,0.000000
3,177,86,10594,16.796237
3,178,0,10594,0.000000
3,179,0,10594,0.000000
3,180,92,10594,27.889690
3,181,0,10594,0.000000
3,182,122,10594,19.825155
3,183,57,10594,10.010368
3,184,0,10594,0.000000
3,185,0,10594,0.000000
3,186,365,10594,72.457411
3,187,0,10594,0.000000
3,188,0,10594,0.000000
3,189,385,10594,82.763629
3,190,0,10594,0.000000
3,191,351,10594,75.623448
3,192,54,10594,19.758621
3,193,334,10594,105.708211
3,194,227,10594,55.944673
3,195,0,10594,0.000000
3,196,0,10594,0.000000
3,197,217,10594,52.111523
3,198,0,10594,0.000000
3,199,152,10594,30.654528
3,200,188,10594,34.933005
3,201,0,10594,0.000000
3,202,276,10594,93.723759
3,203,0,10594,0.000000
3,204,0,10594,0.000000
3,205,377,10594,143.615826
3,206,272,10594,87.165108
3,207,378,10594,184.231138
3,208,0,10594,0.000000
3,209,0,10594,0.000000
3,210,0,10594,0.000000
3,211,0,10594,0.000000
3,212,0,10594,0.000000
3,213,0,10594,0.000000
3,214,120,10594,36.604973
3,215,0,10594,0.000000
3,216,0,10594,0.000000
3,217,0,10594,0.000000
3,218,298,10594,82.861630
3,219,0,10594,0.000000
3,220,423,10594,81.340992
3,221,0,10594,0.000000
3,222,416,10594,112.983655
3,223,0,10594,0.000000
3,224,126,10594,22.978589
3,225,0,10594,0.000000
3,226,40,10594,7.103110
3,227,0,10594,0.000000
3,228,200,10594,69.543692
3,229,0,10594,0.000000
3,230,0,10594,0.000000
3,231,0,10594,0.000000
3,232,47,10594,14.540739
3,233,48,10594,12.967612
3,234,0,10594,0.000000
3,235,0,10594,0.000000
3,236,189,10594,32.009324
3,237,268,10594,67.104603
3,238,0,10594,0.000000
3,239,249,10594,89.080487
3,240,169,10594,40.481503
3,241,0,10594,0.000000
3,242,0,10594,0.000000
3,243,116,10594,20.347623
3,244,0,10594,0.000000
3,245,0,10594,0.000000
3,246,278,10594,65.649587
3,247,176,10594,55.191404
3,248,0,10594,0.000000
3,249,0,10594,0.000000
3,250,67,10594,13.848195
3,251,0,10594,0.000000
3,252,74,10594,12.044753
3,253,0,10594,0.000000
3,254,259,10594,96.286768
3,255,0,10594,0.000000
3,256,0,10594,0.000000
3,257,2038,10594,465.940570
3,258,130,10594,44.227687
3,259,0,10594,0.000000
3,260,130,10594,49.709369
3,261,0,10594,0.000000
3,262,608,10594,126.519873
3,263,0,10594,0.000000
3,264,0,10594,0.000000
3,265,127,10594,36.650279
3,266,523,10594,130.809678
3,267,447,10594,126.889029
3,268,234,10594,65.540706
3,269,250,10594,51.368001
3,270,112,10594,24.855215
3,271,261,10594,63.885655
3,272,0,10594,0.000000
3,273,175,10594,30.640233
3,274,154,10594,31.214370
3,275,245,10594,44.358227
3,276,0,10594,0.000000
3,277,104,10594,21.614702
3,278,0,10594,0.000000
3,279,83,10594,16.746921
3,280,0,10594,0.000000
3,281,0,10594,0.000000
3,282,567,10594,120.106982
3,283,386,10594,131.678856
3,284,0,10594,0.000000
3,285,0,10594,0.000000
3,286,0,10594,0.000000
3,287,0,10594,0.000000
3,288,174,10594,44.671204
3,289,0,10594,0.000000
3,290,0,10594,0.000000
3,291,988,10594,264.245345
3,292,0,10594,0.000000
3,293,363,10594,115.824497
3,294,118,10594,23.341404
3,295,115,10594,34.210885
3,296,0,10594,0.000000
3,297,187,10594,35.544382
3,298,342,10594,82.263433
3,299,100,10594,15.815411
3,300,144,10594,22.703926
3,301,0,10594,0.000000
3,302,0,10594,0.000000
3,303,334,10594,75.548166
3,304,176,10594,46.474135
3,305,304,10594,107.130497
3,306,0,10594,0.000000
3,307,57,10594,14.416211
3,308,1722,10594,418.357692
3,309,471,10594,128.497248
3,310,0,10594,0.000000
3,311,0,10594,0.000000
3,312,169,10594,49.667597
3,313,0,10594,0.000000
3,314,0,10594,0.000000
3,315,0,10594,0.000000
3,316,0,10594,0.000000
3,317,933,10594,194.805099
3,318,0,10594,0.000000
3,319,0,10594,0.000000
3,320,0,10594,0.000000
3,321,403,10594,60.618787
3,322,0,10594,0.000000
3,323,181,10594,29.229403
3,324,364,10594,74.419965
3,325,480,10594,80.548178
3,326,2200,10594,526.633554
3,327,200,10594,54.256353
3,328,0,10594,0.000000
3,329,297,10594,67.480137
3,330,1012,10594,304.092525
3,331,281,10594,43.493333
3,332,65,10594,21.389146
3,333,0,10594,0.000000
3,334,84,10594,14.478294
3,335,257,10594,53.887511
3,336,275,10594,65.125489
3,337,42,10594,11.101399
3,338,128,10594,25.705124
3,339,169,10594,25.549955
3,340,0,10594,0.000000
3,341,0,10594,0.000000
3,342,0,10594,0.000000
3,343,478,10594,104.667174
3,344,0,10594,0.000000
3,345,0,10594,0.000000
3,346,0,10594,0.000000
3,347,0,10594,0.000000
3,348,0,10594,0.000000
3,349,749,10594,167.296826
3,350,0,10594,0.000000
3,351,59,10594,11.141000
3,352,0,10594,0.000000
3,353,74,10594,21.063271
3,354,0,10594,0.000000
3,355,4054,10594,1020.651088
3,356,0,10594,0.000000
3,357,655,10594,153.978149
3,358,0,10594,0.000000
3,359,337,10594,160.380418
3,360,292,10594,146.033067
3,361,0,10594,0.000000
3,362,0,10594,0.000000
3,363,0,10594,0.000000
3,364,0,10594,0.000000
3,365,264,10594,88.018439
3,366,0,10594,0.000000
3,367,0,10594,0.000000
3,368,563,10594,124.914838
3,369,359,10594,67.725159
3,370,45,10594,7.067414
3,371,0,10594,0.000000
3,372,0,10594,0.000000
3,373,39,10594,8.025879
3,374,0,10594,0.000000
3,375,0,10594,0.000000
3,376,441,10594,76.842117
3,377,338,10594,75.020084
3,378,238,10594,52.074628
3,379,461,10594,107.997412
3,380,0,10594,0.000000
3,381,189,10594,55.469734
3,382,436,10594,86.259202
3,383,0,10594,0.000000
4,0,63,10594,13.619178
4,1,0,10594,0.000000
4,2,0,10594,0.000000
4,3,568,10594,127.299936
4,4,0,10594,0.000000
4,5,241,10594,52.506322
4,6,0,10594,0.000000
4,7,101,10594,20.756003
4,8,64,10594,20.006667
4,9,156,10594,37.907517
4,10,688,10594,191.238890
4,11,0,10594,0.000000
4,12,147,10594,28.848157
4,13,31,10594,6.416289
4,14,0,10594,0.000000
4,15,0,10594,0.000000
4,16,0,10594,0.000000
4,17,178,10594,51.035349
4,18,271,10594,75.961687
4,19,557,10594,201.205326
4,20,195,10594,58.345383
4,21,198,10594,72.094083
4,22,0,10594,0.000000
4,23,225,10594,48.316836
4,24,0,10594,0.000000
4,25,260,10594,66.809163
4,26,23,10594,7.872957
4,27,0,10594,0.000000
4,28,0,10594,0.000000
4,29,177,10594,33.810333
4,30,0,10594,0.000000
4,31,3,10594,0.395159
4,32,0,10594,0.000000
4,33,0,10594,0.000000
4,34,0,10594,0.000000
4,35,237,10594,74.566069
4,36,0,10594,0.000000
4,37,420,10594,103.143349
4,38,160,10594,34.679725
4,39,49,10594,11.640664
4,40,8,10594,1.376759
4,41,0,10594,0.000000
4,42,0,10594,0.000000
4,43,0,10594,0.000000
4,44,301,10594,67.271230
4,45,177,10594,34.847075
4,46,82,10594,19.909592
4,47,0,10594,0.000000
4,48,0,10594,0.000000
4,49,76,10594,14.603681
4,50,0,10594,0.000000
4,51,507,10594,115.457651
4,52,0,10594,0.000000
4,53,119,10594,30.058752
4,54,186,10594,48.175352
4,55,0,10594,0.000000
4,56,0,10594,0.000000
4,57,0,10594,0.000000
4,58,217,10594,50.899598
4,59,379,10594,77.857932
4,60,0,10594,0.000000
4,61,293,10594,71.324011
4,62,512,10594,174.905570
4,63,0,10594,0.000000
4,64,0,10594,0.000000
4,65,0,10594,0.000000
4,66,7018,10594,1952.768704
4,67,0,10594,0.000000
4,68,51,10594,10.376803
4,69,0,10594,0.000000
4,70,171,10594,52.665258
4,71,0,10594,0.000000
4,72,156,10594,35.501355
4,73,254,10594,81.148306
4,74,0,10594,0.000000
4,75,374,10594,119.245728
4,76,0,10594,0.000000
4,77,0,10594,0.000000
4,78,0,10594,0.000000
4,79,0,10594,0.000000
4,80,0,10594,0.000000
4,81,0,10594,0.000000
4,82,119,10594,34.523933
4,83,112,10594,32.465796
4,84,0,10594,0.000000
4,85,57,10594,7.269999
4,86,215,10594,41.602863
4,87,0,10594,0.000000
4,88,317,10594,72.383620
4,89,515,10594,139.941996
4,90,0,10594,0.000000
4,91,0,10594,0.000000
4,92,0,10594,0.000000
4,93,0,10594,0.000000
4,94,617,10594,146.158727
4,95,133,10594,27.072149
4,96,0,10594,0.000000
4,97,0,10594,0.000000
4,98,0,10594,0.000000
4,99,0,10594,0.000000
4,100,194,10594,32.382604
4,101,0,10594,0.000000
4,102,235,10594,54.709075
4,103,133,10594,21.065849
4,104,0,10594,0.000000
4,105,0,10594,0.000000
4,106,83,10594,14.657312
4,107,130,10594,28.364223
4,108,0,10594,0.000000
4,109,0,10594,0.000000
4,110,351,10594,91.671139
4,111,67,10594,12.831089
4,112,694,10594,194.185022
4,113,0,10594,0.000000
4,114,0,10594,0.000000
4,115,0,10594,0.000000
4,116,0,10594,0.000000
4,117,0,10594,0.000000
4,118,0,10594,0.000000
4,119,527,10594,133.160076
4,120,216,10594,57.539634
4,121,0,10594,0.000000
4,122,2093,10594,467.276542
4,123,77,10594,19.179486
4,124,441,10594,104.429495
4,125,0,10594,0.000000
4,126,312,10594,73.800377
4,127,1457,10594,327.402965
4,128,85,10594,17.435053
4,129,0,10594,0.000000
4,130,0,10594,0.000000
4,131,0,10594,0.000000
4,132,508,10594,142.964910
4,133,0,10594,0.000000
4,134,668,10594,139.944777
4,135,389,10594,104.314766
4,136,117,10594,25.642045
4,137,0,10594,0.000000
4,138,0,10594,0.000000
4,139,0,10594,0.000000
4,140,447,10594,117.824703
4,141,748,10594,210.391688
4,142,0,10594,0.000000
4,143,15,10594,2.412587
4,144,307,10594,87.363510
4,145,203,10594,50.772221
4,146,186,10594,47.265749
4,147,306,10594,80.689492
4,148,221,10594,50.532929
4,149,0,10594,0.000000
4,150,0,10594,0.000000
4,151,51,10594,10.176769
4,152,506,10594,108.830703
4,153,0,10594,0.000000
4,154,155,10594,41.498061
4,155,0,10594,0.000000
4,156,839,10594,162.710129
4,157,442,10594,133.114861
4,158,0,10594,0.000000
4,159,0,10594,0.000000
4,160,0,10594,0.000000
4,161,363,10594,86.206893
4,162,0,10594,0.000000
4,163,0,10594,0.000000
4,164,0,10594,0.000000
4,165,0,10594,0.000000
4,166,77,10594,14.135981
4,167,0,10594,0.000000
4,168,25,10594,6.465739
4,169,96,10594,20.610779
4,170,36,10594,7.914667
4,171,0,10594,0.000000
4,172,0,10594,0.000000
4,173,285,10594,68.916734
4,174,116,10594,28.644156
4,175,0,10594,0.000000
4,176,147,10594,37.003329
4,177,280,10594,82.375422
4,178,93,10594,18.869374
4,179,205,10594,58.000365
4,180,23,10594,4.789778
4,181,269,10594,81.928759
4,182,0,10594,0.000000
4,183,0,10594,0.000000
4,184,139,10594,26.928936
4,185,0,10594,0.000000
4,186,0,10594,0.000000
4,187,184,10594,39.720044
4,188,0,10594,0.000000
4,189,68,10594,20.750969
4,190,0,10594,0.000000
4,191,553,10594,137.040751
4,192,140,10594,26.366979
4,193,0,10594,0.000000
4,194,983,10594,213.599713
4,195,151,10594,26.843156
4,196,73,10594,17.572315
4,197,0,10594,0.000000
4,198,265,10594,75.610367
4,199,480,10594,94.157749
4,200,104,10594,17.686018
4,201,51,10594,12.113194
4,202,134,10594,27.779086
4,203,64,10594,11.591947
4,204,113,10594,19.811100
4,205,0,10594,0.000000
4,206,46,10594,10.707401
4,207,0,10594,0.000000
4,208,163,10594,44.067347
4,209,0,10594,0.000000
4,210,427,10594,88.388822
4,211,77,10594,17.316811
4,212,0,10594,0.000000
4,213,0,10594,0.000000
4,214,450,10594,97.726282
4,215,0,10594,0.000000
4,216,155,10594,28.863072
4,217,257,10594,49.887928
4,218,0,10594,0.000000
4,219,216,10594,58.734417
4,220,124,10594,38.264716
4,221,1465,10594,346.385117
4,222,0,10594,0.000000
4,223,0,10594,0.000000
4,224,190,10594,36.499027
4,225,132,10594,28.568499
4,226,0,10594,0.000000
4,227,0,10594,0.000000
4,228,0,10594,0.000000
4,229,0,10594,0.000000
4,230,90,10594,19.957371
4,231,104,10594,22.381294
4,232,0,10594,0.000000
4,233,0,10594,0.000000
4,234,0,10594,0.000000
4,235,0,10594,0.000000
4,236,255,10594,59.603642
4,237,97,10594,21.321000
4,238,0,10594,0.000000
4,239,40,10594,6.906277
4,240,0,10594,0.000000
4,241,0,10594,0.000000
4,242,0,10594,0.000000
4,243,0,10594,0.000000
4,244,0,10594,0.000000
4,245,0,10594,0.000000
4,246,0,10594,0.000000
4,247,0,10594,0.000000
4,248,94,10594,19.092808
4,249,0,10594,0.000000
4,250,0,10594,0.000000
4,251,32,10594,5.619650
4,252,0,10594,0.000000
4,253,0,10594,0.000000
4,254,137,10594,34.620908
4,255,0,10594,0.000000
4,256,0,10594,0.000000
4,257,320,10594,85.312564
4,258,263,10594,90.917599
4,259,0,10594,0.000000
4,260,372,10594,108.796075
4,261,0,10594,0.000000
4,262,641,10594,190.038895
4,263,0,10594,0.000000
4,264,122,10594,41.768449
4,265,349,10594,91.785458
4,266,24,10594,4.513878
4,267,116,10594,30.403469
4,268,721,10594,158.133014
4,269,0,10594,0.000000
4,270,147,10594,30.707836
4,271,122,10594,26.990840
4,272,0,10594,0.000000
4,273,37,10594,9.329691
4,274,0,10594,0.000000
4,275,0,10594,0.000000
4,276,176,10594,48.361654
4,277,0,10594,0.000000
4,278,447,10594,114.085685
4,279,280,10594,77.861864
4,280,421,10594,134.486428
4,281,57,10594,10.962709
4,282,244,10594,43.247054
4,283,0,10594,0.000000
4,284,0,10594,0.000000
4,285,87,10594,29.647032
4,286,499,10594,89.021963
4,287,0,10594,0.000000
4,288,469,10594,145.257796
4,289,89,10594,18.561596
4,290,0,10594,0.000000
4,291,1355,10594,349.946575
4,292,420,10594,86.008880
4,293,136,10594,35.523350
4,294,510,10594,162.826858
4,295,0,10594,0.000000
4,296,319,10594,89.322230
4,297,170,10594,28.141743
4,298,122,10594,46.660952
4,299,0,10594,0.000000
4,300,63,10594,13.404446
4,301,267,10594,63.137366
4,302,0,10594,0.000000
4,303,0,10594,0.000000
4,304,0,10594,0.000000
4,305,0,10594,0.000000
4,306,187,10594,29.527643
4,307,176,10594,33.498455
4,308,0,10594,0.000000
4,309,0,10594,0.000000
4,310,145,10594,44.163855
4,311,138,10594,40.234239
4,312,102,10594,19.041774
4,313,159,10594,35.027052
4,314,99,10594,23.155413
4,315,582,10594,131.268967
4,316,151,10594,30.201577
4,317,0,10594,0.000000
4,318,1620,10594,326.765567
4,319,237,10594,75.630641
4,320,0,10594,0.000000
4,321,0,10594,0.000000
4,322,154,10594,39.179621
4,323,147,10594,25.709083
4,324,0,10594,0.000000
4,325,0,10594,0.000000
4,326,116,10594,22.390259
4,327,0,10594,0.000000
4,328,0,10594,0.000000
4,329,1226,10594,360.903834
4,330,156,10594,29.223911
4,331,0,10594,0.000000
4,332,0,10594,0.000000
4,333,155,10594,30.536689
4,334,0,10594,0.000000
4,335,1063,10594,279.226670
4,336,115,10594,27.283207
4,337,304,10594,95.214184
4,338,149,10594,26.248720
4,339,0,10594,0.000000
4,340,208,10594,57.499421
4,341,0,10594,0.000000
4,342,496,10594,151.344063
4,343,472,10594,100.385772
4,344,0,10594,0.000000
4,345,0,10594,0.000000
4,346,71,10594,14.892009
4,347,200,10594,45.040929
4,348,0,10594,0.000000
4,349,0,10594,0.000000
4,350,398,10594,123.563779
4,351,0,10594,0.000000
4,352,0,10594,0.000000
4,353,137,10594,35.408690
4,354,108,10594,18.149119
4,355,0,10594,0.000000
4,356,0,10594,0.000000
4,357,494,10594,98.430137
4,358,185,10594,33.702718
4,359,121,10594,29.572846
4,360,83,10594,17.123323
4,361,184,10594,30.118676
4,362,0,10594,0.000000
4,363,0,10594,0.000000
4,364,0,10594,0.000000
4,365,0,10594,0.000000
4,366,0,10594,0.000000
4,367,401,10594,78.098940
4,368,0,10594,0.000000
4,369,22,10594,3.563106
4,370,94,10594,20.453800
4,371,113,10594,25.626156
4,372,169,10594,39.192211
4,373,129,10594,32.393698
4,374,0,10594,0.000000
4,375,76,10594,18.950703
4,376,23,10594,4.331445
4,377,0,10594,0.000000
4,378,430,10594,145.397435
4,379,205,10594,60.328219
4,380,461,10594,99.534899
4,381,0,10594,0.000000
4,382,341,10594,107.580046
4,383,148,10594,37.548610
5,0,0,10594,0.000000
5,1,111,10594,28.596112
5,2,0,10594,0.000000
5,3,0,10594,0.000000
5,4,0,10594,0.000000
5,5,111,10594,23.029771
5,6,165,10594,36.905366
5,7,468,10594,135.311568
5,8,1174,10594,268.626353
5,9,103,10594,24.181443
5,10,0,10594,0.000000
5,11,0,10594,0.000000
5,12,0,10594,0.000000
5,13,536,10594,106.758937
5,14,0,10594,0.000000
5,15,0,10594,0.000000
5,16,180,10594,35.941828
5,17,0,10594,0.000000
5,18,542,10594,131.954435
5,19,378,10594,92.993309
5,20,0,10594,0.000000
5,21,2336,10594,652.436703
5,22,0,10594,0.000000
5,23,0,10594,0.000000
5,24,35,10594,6.401153
5,25,0,10594,0.000000
5,26,367,10594,91.817196
5,27,0,10594,0.000000
5,28,0,10594,0.000000
5,29,148,10594,36.721305
5,30,0,10594,0.000000
5,31,160,10594,31.406469
5,32,111,10594,27.125090
5,33,293,10594,67.003057
5,34,231,10594,56.824466
5,35,180,10594,35.840399
5,36,367,10594,86.248437
5,37,1858,10594,416.439772
5,38,0,10594,0.000000
5,39,61,10594,13.613798
5,40,3282,10594,948.518540
5,41,51,10594,10.089782
5,42,724,10594,160.878806
5,43,0,10594,0.000000
5,44,181,10594,42.951877
5,45,127,10594,25.854611
5,46,329,10594,126.450707
5,47,0,10594,0.000000
5,48,198,10594,51.061533
5,49,0,10594,0.000000
5,50,0,10594,0.000000
5,51,0,10594,0.000000
5,52,0,10594,0.000000
5,53,358,10594,92.604184
5,54,190,10594,46.702628
5,55,200,10594,39.986609
5,56,0,10594,0.000000
5,57,207,10594,40.639077
5,58,133,10594,28.924612
5,59,0,10594,0.000000
5,60,108,10594,21.191017
5,61,62,10594,16.891977
5,62,0,10594,0.000000
5,63,176,10594,35.303549
5,64,0,10594,0.000000
5,65,156,10594,37.492681
5,66,177,10594,42.378618
5,67,0,10594,0.000000
5,68,206,10594,60.838321
5,69,397,10594,129.554210
5,70,0,10594,0.000000
5,71,0,10594,0.000000
5,72,48,10594,10.325913
5,73,0,10594,0.000000
5,74,0,10594,0.000000
5,75,0,10594,0.000000
5,76,0,10594,0.000000
5,77,0,10594,0.000000
5,78,0,10594,0.000000
5,79,541,10594,151.140506
5,80,0,10594,0.000000
5,81,525,10594,125.408503
5,82,127,10594,33.628550
5,83,150,10594,35.449387
5,84,76,10594,15.066412
5,85,0,10594,0.000000
5,86,82,10594,20.592947
5,87,0,10594,0.000000
5,88,0,10594,0.000000
5,89,205,10594,46.612488
5,90,188,10594,35.510012
5,91,0,10594,0.000000
5,92,0,10594,0.000000
5,93,1728,10594,441.863628
5,94,186,10594,41.196270
5,95,0,10594,0.000000
5,96,0,10594,0.000000
5,97,0,10594,0.000000
5,98,52,10594,7.785305
5,99,0,10594,0.000000
5,100,82,10594,22.604413
5,101,0,10594,0.000000
5,102,0,10594,0.000000
5,103,0,10594,0.000000
5,104,980,10594,214.706510
5,105,89,10594,20.255215
5,106,0,10594,0.000000
5,107,121,10594,34.519291
5,108,0,10594,0.000000
5,109,409,10594,93.949334
5,110,0,10594,0.000000
5,111,0,10594,0.000000
5,112,106,10594,21.994552
5,113,355,10594,66.147018
5,114,0,10594,0.000000
5,115,76,10594,17.488849
5,116,88,10594,20.692526
5,117,206,10594,47.767689
5,118,0,10594,0.000000
5,119,25,10594,4.517276
5,120,0,10594,0.000000
5,121,181,10594,42.343922
5,122,0,10594,0.000000
5,123,0,10594,0.000000
5,124,151,10594,36.245209
5,125,290,10594,78.548728
5,126,0,10594,0.000000
5,127,76,10594,21.426682
5,128,409,10594,88.704098
5,129,674,10594,161.843988
5,130,101,10594,26.113470
5,131,0,10594,0.000000
5,132,0,10594,0.000000
5,133,0,10594,0.000000
5,134,92,10594,16.862991
5,135,176,10594,35.427099
5,136,775,10594,173.790518
5,137,680,10594,180.113416
5,138,74,10594,13.437826
5,139,44,10594,12.238298
5,140,0,10594,0.000000
5,141,357,10594,102.150474
5,142,277,10594,60.415210
5,143,0,10594,0.000000
5,144,250,10594,64.910995
5,145,0,10594,0.000000
5,146,60,10594,10.819767
5,147,17,10594,3.344086
5,148,0,10594,0.000000
5,149,239,10594,60.576151
5,150,0,10594,0.000000
5,151,0,10594,0.000000
5,152,278,10594,79.990081
5,153,116,10594,21.630859
5,154,209,10594,73.802156
5,155,0,10594,0.000000
5,156,182,10594,49.271310
5,157,56,10594,17.925382
5,158,230,10594,48.243874
5,159,219,10594,52.209341
5,160,432,10594,120.109853
5,161,0,10594,0.000000
5,162,0,10594,0.000000
5,163,14,10594,2.381251
5,164,70,10594,17.253805
5,165,181,10594,38.042663
5,166,0,10594,0.000000
5,167,656,10594,214.374924
5,168,0,10594,0.000000
5,169,210,10594,45.069472
5,170,184,10594,36.542278
5,171,0,10594,0.000000
5,172,75,10594,14.982904
5,173,0,10594,0.000000
5,174,0,10594,0.000000
5,175,0,10594,0.000000
5,176,0,10594,0.000000
5,177,77,10594,18.904285
5,178,0,10594,0.000000
5,179,601,10594,145.952254
5,180,0,10594,0.000000
5,181,0,10594,0.000000
5,182,59,10594,12.444815
5,183,478,10594,152.979343
5,184,0,10594,0.000000
5,185,245,10594,71.657441
5,186,223,10594,39.471522
5,187,81,10594,16.677174
5,188,71,10594,13.701972
5,189,0,10594,0.000000
5,190,0,10594,0.000000
5,191,0,10594,0.000000
5,192,53,10594,10.212092
5,193,145,10594,49.370636
5,194,598,10594,148.626847
5,195,0,10594,0.000000
5,196,170,10594,40.183740
5,197,0,10594,0.000000
5,198,360,10594,85.196120
5,199,0,10594,0.000000
5,200,226,10594,44.800933
5,201,0,10594,0.000000
5,202,25,10594,4.861887
5,203,448,10594,105.648323
5,204,0,10594,0.000000
5,205,169,10594,36.081009
5,206,123,10594,31.359710
5,207,0,10594,0.000000
5,208,146,10594,33.542463
5,209,0,10594,0.000000
5,210,80,10594,14.685103
5,211,0,10594,0.000000
5,212,127,10594,29.099916
5,213,0,10594,0.000000
5,214,723,10594,146.696163
5,215,62,10594,19.782511
5,216,152,10594,34.358862
5,217,0,10594,0.000000
5,218,0,10594,0.000000
5,219,508,10594,139.514855
5,220,0,10594,0.000000
5,221,274,10594,79.624755
5,222,0,10594,0.000000
5,223,0,10594,0.000000
5,224,146,10594,44.158920
5,225,411,10594,118.993098
5,226,117,10594,46.698300
5,227,0,10594,0.000000
5,228,444,10594,131.849716
5,229,0,10594,0.000000
5,230,0,10594,0.000000
5,231,405,10594,95.796319
5,232,444,10594,110.057671
5,233,0,10594,0.000000
5,234,603,10594,135.209978
5,235,287,10594,60.426192
5,236,0,10594,0.000000
5,237,97,10594,19.747524
5,238,0,10594,0.000000
5,239,195,10594,43.766175
5,240,0,10594,0.000000
5,241,0,10594,0.000000
5,242,32,10594,7.975086
5,243,0,10594,0.000000
5,244,0,10594,0.000000
5,245,0,10594,0.000000
5,246,0,10594,0.000000
5,247,130,10594,28.991173
5,248,235,10594,51.854086
5,249,0,10594,0.000000
5,250,793,10594,188.607395
5,251,281,10594,82.231536
5,252,0,10594,0.000000
5,253,0,10594,0.000000
5,254,0,10594,0.000000
5,255,0,10594,0.000000
5,256,275,10594,59.432272
5,257,0,10594,0.000000
5,258,281,10594,70.062637
5,259,154,10594,27.564536
5,260,125,10594,27.454041
5,261,0,10594,0.000000
5,262,105,10594,25.636010
5,263,195,10594,45.735695
5,264,40,10594,8.171592
5,265,0,10594,0.000000
5,266,0,10594,0.000000
5,267,0,10594,0.000000
5,268,0,10594,0.000000
5,269,0,10594,0.000000
5,270,0,10594,0.000000
5,271,0,10594,0.000000
5,272,0,10594,0.000000
5,273,199,10594,43.385066
5,274,0,10594,0.000000
5,275,0,10594,0.000000
5,276,0,10594,0.000000
5,277,0,10594,0.000000
5,278,66,10594,11.230746
5,279,0,10594,0.000000
5,280,12,10594,2.295449
5,281,0,10594,0.000000
5,282,296,10594,58.918040
5,283,64,10594,14.959822
5,284,200,10594,47.488351
5,285,273,10594,80.438143
5,286,327,10594,77.762149
5,287,0,10594,0.000000
5,288,252,10594,71.674724
5,289,0,10594,0.000000
5,290,0,10594,0.000000
5,291,202,10594,51.314558
5,292,98,10594,23.699943
5,293,831,10594,208.154035
5,294,222,10594,47.447772
5,295,0,10594,0.000000
5,296,0,10594,0.000000
5,297,0,10594,0.000000
5,298,94,10594,22.210350
5,299,0,10594,0.000000
5,300,0,10594,0.000000
5,301,0,10594,0.000000
5,302,369,10594,96.528511
5,303,282,10594,66.057580
5,304,2525,10594,643.139305
5,305,2942,10594,777.975087
5,306,135,10594,37.151548
5,307,0,10594,0.000000
5,308,0,10594,0.000000
5,309,60,10594,14.746525
5,310,165,10594,54.311395
5,311,0,10594,0.000000
5,312,269,10594,52.711485
5,313,0,10594,0.000000
5,314,199,10594,46.467824
5,315,182,10594,37.911359
5,316,196,10594,42.027150
5,317,292,10594,83.593059
5,318,0,10594,0.000000
5,319,42,10594,10.685936
5,320,0,10594,0.000000
5,321,97,10594,21.563818
5,322,595,10594,167.000155
5,323,28,10594,6.154061
5,324,0,10594,0.000000
5,325,0,10594,0.000000
5,326,325,10594,69.518135
5,327,0,10594,0.000000
5,328,77,10594,17.116496
5,329,121,10594,33.144788
5,330,0,10594,0.000000
5,331,84,10594,22.136240
5,332,0,10594,0.000000
5,333,0,10594,0.000000
5,334,35,10594,7.243655
5,335,208,10594,57.641046
5,336,0,10594,0.000000
5,337,2217,10594,594.496751
5,338,417,10594,125.576655
5,339,245,10594,47.686182
5,340,0,10594,0.000000
5,341,145,10594,24.759245
5,342,119,10594,24.446515
5,343,0,10594,0.000000
5,344,0,10594,0.000000
5,345,0,10594,0.000000
5,346,0,10594,0.000000
5,347,0,10594,0.000000
5,348,0,10594,0.000000
5,349,160,10594,36.100247
5,350,99,10594,23.378358
5,351,34,10594,7.624191
5,352,380,10594,90.628841
5,353,0,10594,0.000000
5,354,80,10594,16.278407
5,355,472,10594,106.913523
5,356,0,10594,0.000000
5,357,0,10594,0.000000
5,358,56,10594,13.077619
5,359,0,10594,0.000000
5,360,271,10594,75.243192
5,361,604,10594,155.315990
5,362,0,10594,0.000000
5,363,0,10594,0.000000
5,364,0,10594,0.000000
5,365,242,10594,63.242261
5,366,0,10594,0.000000
5,367,0,10594,0.000000
5,368,220,10594,53.482602
5,369,79,10594,16.957147
5,370,0,10594,0.000000
5,371,14,10594,2.467659
5,372,0,10594,0.000000
5,373,0,10594,0.000000
5,374,227,10594,64.716774
5,375,0,10594,0.000000
5,376,206,10594,38.866014
5,377,0,10594,0.000000
5,378,0,10594,0.000000
5,379,696,10594,156.210814
5,380,89,10594,17.582805
5,381,452,10594,139.433298
5,382,0,10594,0.000000
5,383,0,10594,0.000000
6,0,0,10594,0.000000
6,1,182,10594,36.570785
6,2,0,10594,0.000000
6,3,95,10594,20.681060
6,4,0,10594,0.000000
6,5,529,10594,120.984724
6,6,0,10594,0.000000
6,7,42,10594,7.980357
6,8,0,10594,0.000000
6,9,0,10594,0.000000
6,10,445,10594,112.620542
6,11,0,10594,0.000000
6,12,92,10594,26.571143
6,13,0,10594,0.000000
6,14,0,10594,0.000000
6,15,122,10594,24.186638
6,16,0,10594,0.000000
6,17,494,10594,116.475094
6,18,38,10594,7.629022
6,19,0,10594,0.000000
6,20,484,10594,79.316907
6,21,0,10594,0.000000
6,22,163,10594,42.281778
6,23,85,10594,15.723312
6,24,0,10594,0.000000
6,25,0,10594,0.000000
6,26,144,10594,25.186816
6,27,413,10594,83.880243
6,28,87,10594,15.485967
6,29,0,10594,0.000000
6,30,0,10594,0.000000
6,31,444,10594,81.756875
6,32,228,10594,40.234890
6,33,133,10594,34.539108
6,34,0,10594,0.000000
6,35,0,10594,0.000000
6,36,0,10594,0.000000
6,37,188,10594,35.931583
6,38,0,10594,0.000000
6,39,0,10594,0.000000
6,40,79,10594,10.690370
6,41,0,10594,0.000000
6,42,0,10594,0.000000
6,43,0,10594,0.000000
6,44,0,10594,0.000000
6,45,0,10594,0.000000
6,46,117,10594,31.608949
6,47,0,10594,0.000000
6,48,424,10594,75.986600
6,49,0,10594,0.000000
6,50,229,10594,36.848331
6,51,66,10594,14.199501
6,52,0,10594,0.000000
6,53,188,10594,53.010346
6,54,0,10594,0.000000
6,55,0,10594,0.000000
6,56,350,10594,60.452208
6,57,0,10594,0.000000
6,58,70,10594,13.620993
6,59,380,10594,91.853885
6,60,0,10594,0.000000
6,61,0,10594,0.000000
6,62,0,10594,0.000000
6,63,131,10594,23.540450
6,64,0,10594,0.000000
6,65,0,10594,0.000000
6,66,106,10594,21.887670
6,67,165,10594,36.121441
6,68,0,10594,0.000000
6,69,0,10594,0.000000
6,70,0,10594,0.000000
6,71,0,10594,0.000000
6,72,173,10594,32.750767
6,73,327,10594,64.834542
6,74,0,10594,0.000000
6,75,0,10594,0.000000
6,76,0,10594,0.000000
6,77,0,10594,0.000000
6,78,0,10594,0.000000
6,79,33,10594,6.466231
6,80,0,10594,0.000000
6,81,178,10594,47.717663
6,82,171,10594,31.445781
6,83,0,10594,0.000000
6,84,0,10594,0.000000
6,85,0,10594,0.000000
6,86,0,10594,0.000000
6,87,0,10594,0.000000
6,88,0,10594,0.000000
6,89,0,10594,0.000000
6,90,108,10594,25.581773
6,91,451,10594,89.010051
6,92,77,10594,19.002959
6,93,38,10594,6.082508
6,94,0,10594,0.000000
6,95,0,10594,0.000000
6,96,0,10594,0.000000
6,97,0,10594,0.000000
6,98,262,10594,65.871866
6,99,128,10594,33.743377
6,100,458,10594,87.078945
6,101,157,10594,27.399047
6,102,336,10594,55.004944
6,103,197,10594,36.031910
6,104,1073,10594,311.535486
6,105,0,10594,0.000000
6,106,0,10594,0.000000
6,107,32,10594,6.043743
6,108,0,10594,0.000000
6,109,0,10594,0.000000
6,110,176,10594,50.623594
6,111,0,10594,0.000000
6,112,526,10594,145.816372
6,113,0,10594,0.000000
6,114,0,10594,0.000000
6,115,0,10594,0.000000
6,116,60,10594,11.454003
6,117,879,10594,211.776318
6,118,166,10594,41.760684
6,119,0,10594,0.000000
6,120,250,10594,56.302997
6,121,0,10594,0.000000
6,122,2929,10594,686.567353
6,123,0,10594,0.000000
6,124,167,10594,43.962909
6,125,95,10594,16.876748
6,126,0,10594,0.000000
6,127,0,10594,0.000000
6,128,90,10594,14.214556
6,129,188,10594,38.361331
6,130,0,10594,0.000000
6,131,0,10594,0.000000
6,132,0,10594,0.000000
6,133,74,10594,13.777996
6,134,112,10594,21.641874
6,135,3,10594,0.584557
6,136,0,10594,0.000000
6,137,52,10594,16.426246
6,138,0,10594,0.000000
6,139,0,10594,0.000000
6,140,1202,10594,307.912319
6,141,266,10594,52.088026
6,142,0,10594,0.000000
6,143,0,10594,0.000000
6,144,452,10594,96.687873
6,145,0,10594,0.000000
6,146,287,10594,64.194887
6,147,0,10594,0.000000
6,148,41,10594,6.505751
6,149,126,10594,21.380737
6,150,0,10594,0.000000
6,151,0,10594,0.000000
6,152,210,10594,41.556367
6,153,1213,10594,295.855006
6,154,104,10594,22.277845
6,155,0,10594,0.000000
6,156,0,10594,0.000000
6,157,186,10594,43.178699
6,158,201,10594,37.246221
6,159,0,10594,0.000000
6,160,63,10594,10.945961
6,161,0,10594,0.000000
6,162,75,10594,16.356136
6,163,0,10594,0.000000
6,164,0,10594,0.000000
6,165,0,10594,0.000000
6,166,180,10594,40.915174
6,167,78,10594,16.279848
6,168,0,10594,0.000000
6,169,0,10594,0.000000
6,170,0,10594,0.000000
6,171,0,10594,0.000000
6,172,0,10594,0.000000
6,173,0,10594,0.000000
6,174,622,10594,117.166666
6,175,149,10594,33.365175
6,176,0,10594,0.000000
6,177,164,10594,35.688695
6,178,0,10594,0.000000
6,179,0,10594,0.000000
6,180,0,10594,0.000000
6,181,211,10594,45.380043
6,182,0,10594,0.000000
6,183,127,10594,32.069813
6,184,480,10594,114.443046
6,185,0,10594,0.000000
6,186,0,10594,0.000000
6,187,0,10594,0.000000
6,188,0,10594,0.000000
6,189,138,10594,26.876492
6,190,362,10594,73.272074
6,191,0,10594,0.000000
6,192,474,10594,125.917034
6,193,0,10594,0.000000
6,194,145,10594,30.687616
6,195,0,10594,0.000000
6,196,154,10594,32.894278
6,197,0,10594,0.000000
6,198,0,10594,0.000000
6,199,353,10594,84.365903
6,200,556,10594,113.661365
6,201,86,10594,22.288304
6,202,0,10594,0.000000
6,203,257,10594,47.400184
6,204,455,10594,82.405324
6,205,0,10594,0.000000
6,206,334,10594,81.231027
6,207,105,10594,17.297392
6,208,41,10594,8.019935
6,209,359,10594,72.742476
6,210,55,10594,9.722345
6,211,0,10594,0.000000
6,212,0,10594,0.000000
6,213,0,10594,0.000000
6,214,185,10594,33.514651
6,215,54,10594,8.609354
6,216,180,10594,28.498552
6,217,219,10594,30.749464
6,218,0,10594,0.000000
6,219,148,10594,25.377539
6,220,0,10594,0.000000
6,221,0,10594,0.000000
6,222,0,10594,0.000000
6,223,0,10594,0.000000
6,224,165,10594,36.453138
6,225,506,10594,89.848741
6,226,0,10594,0.000000
6,227,237,10594,58.914154
6,228,172,10594,30.207986
6,229,0,10594,0.000000
6,230,1063,10594,252.833073
6,231,373,10594,85.707723
6,232,0,10594,0.000000
6,233,0,10594,0.000000
6,234,0,10594,0.000000
6,235,0,10594,0.000000
6,236,0,10594,0.000000
6,237,0,10594,0.000000
6,238,0,10594,0.000000
6,239,0,10594,0.000000
6,240,156,10594,37.474069
6,241,0,10594,0.000000
6,242,0,10594,0.000000
6,243,1159,10594,323.394843
6,244,1447,10594,399.376117
6,245,0,10594,0.000000
6,246,109,10594,26.134333
6,247,0,10594,0.000000
6,248,0,10594,0.000000
6,249,318,10594,68.965464
6,250,0,10594,0.000000
6,251,1702,10594,428.102184
6,252,0,10594,0.000000
6,253,0,10594,0.000000
6,254,237,10594,51.817084
6,255,9,10594,1.457376
6,256,0,10594,0.000000
6,257,1181,10594,283.593121
6,258,111,10594,29.897221
6,259,0,10594,0.000000
6,260,0,10594,0.000000
6,261,84,10594,21.173377
6,262,56,10594,13.300438
6,263,108,10594,27.715846
6,264,147,10594,35.618599
6,265,0,10594,0.000000
6,266,0,10594,0.000000
6,267,0,10594,0.000000
6,268,0,10594,0.000000
6,269,0,10594,0.000000
6,270,0,10594,0.000000
6,271,0,10594,0.000000
6,272,186,10594,34.773222
6,273,107,10594,30.818248
6,274,0,10594,0.000000
6,275,2777,10594,652.142184
6,276,0,10594,0.000000
6,277,137,10594,37.329174
6,278,0,10594,0.000000
6,279,0,10594,0.000000
6,280,823,10594,215.347284
6,281,0,10594,0.000000
6,282,303,10594,63.011281
6,283,435,10594,109.516075
6,284,230,10594,55.817502
6,285,0,10594,0.000000
6,286,0,10594,0.000000
6,287,0,10594,0.000000
6,288,113,10594,26.822151
6,289,0,10594,0.000000
6,290,498,10594,86.003159
6,291,0,10594,0.000000
6,292,153,10594,26.556051
6,293,6,10594,0.793295
6,294,0,10594,0.000000
6,295,0,10594,0.000000
6,296,0,10594,0.000000
6,297,0,10594,0.000000
6,298,0,10594,0.000000
6,299,0,10594,0.000000
6,300,451,10594,87.760430
6,301,0,10594,0.000000
6,302,264,10594,73.405893
6,303,22,10594,4.084646
6,304,0,10594,0.000000
6,305,59,10594,10.989500
6,306,160,10594,37.690130
6,307,650,10594,128.955432
6,308,168,10594,27.612007
6,309,6407,10594,2875.448968
6,310,0,10594,0.000000
6,311,392,10594,85.140225
6,312,111,10594,25.617330
6,313,0,10594,0.000000
6,314,0,10594,0.000000
6,315,276,10594,45.388310
6,316,0,10594,0.000000
6,317,293,10594,65.088287
6,318,0,10594,0.000000
6,319,180,10594,33.475657
6,320,0,10594,0.000000
6,321,0,10594,0.000000
6,322,201,10594,36.237977
6,323,133,10594,22.439048
6,324,0,10594,0.000000
6,325,0,10594,0.000000
6,326,0,10594,0.000000
6,327,0,10594,0.000000
6,328,0,10594,0.000000
6,329,0,10594,0.000000
6,330,114,10594,19.333467
6,331,0,10594,0.000000
6,332,199,10594,56.848996
6,333,485,10594,140.499934
6,334,0,10594,0.000000
6,335,0,10594,0.000000
6,336,0,10594,0.000000
6,337,929,10594,228.586622
6,338,0,10594,0.000000
6,339,393,10594,81.091399
6,340,114,10594,26.180301
6,341,0,10594,0.000000
6,342,125,10594,23.169983
6,343,409,10594,109.253840
6,344,0,10594,0.000000
6,345,614,10594,109.993189
6,346,0,10594,0.000000
6,347,0,10594,0.000000
6,348,156,10594,28.162610
6,349,709,10594,174.220397
6,350,312,10594,48.254494
6,351,340,10594,81.805886
6,352,0,10594,0.000000
6,353,180,10594,28.673667
6,354,273,10594,40.542470
6,355,0,10594,0.000000
6,356,96,10594,16.821459
6,357,377,10594,89.496991
6,358,285,10594,81.249839
6,359,0,10594,0.000000
6,360,986,10594,179.979162
6,361,244,10594,58.414165
6,362,0,10594,0.000000
6,363,0,10594,0.000000
6,364,0,10594,0.000000
6,365,0,10594,0.000000
6,366,0,10594,0.000000
6,367,228,10594,40.610400
6,368,1489,10594,509.584925
6,369,262,10594,47.025534
6,370,203,10594,47.009678
6,371,289,10594,51.776633
6,372,543,10594,149.575434
6,373,75,10594,17.155627
6,374,0,10594,0.000000
6,375,0,10594,0.000000
6,376,211,10594,41.048259
6,377,0,10594,0.000000
6,378,90,10594,17.332344
6,379,0,10594,0.000000
6,380,49,10594,5.592886
6,381,0,10594,0.000000
6,382,134,10594,20.828795
6,383,0,10594,0.000000
7,0,143,10594,31.954758
7,1,0,10594,0.000000
7,2,0,10594,0.000000
7,3,0,10594,0.000000
7,4,87,10594,18.939644
7,5,0,10594,0.000000
7,6,82,10594,18.280371
7,7,1191,10594,241.340709
7,8,117,10594,30.569576
7,9,0,10594,0.000000
7,10,176,10594,35.524021
7,11,0,10594,0.000000
7,12,255,10594,74.931352
7,13,280,10594,51.855519
7,14,0,10594,0.000000
7,15,0,10594,0.000000
7,16,0,10594,0.000000
7,17,0,10594,0.000000
7,18,0,10594,0.000000
7,19,60,10594,12.637771
7,20,303,10594,78.184463
7,21,213,10594,65.440630
7,22,0,10594,0.000000
7,23,0,10594,0.000000
7,24,0,10594,0.000000
7,25,0,10594,0.000000
7,26,104,10594,19.991684
7,27,0,10594,0.000000
7,28,0,10594,0.000000
7,29,224,10594,51.849296
7,30,0,10594,0.000000
7,31,0,10594,0.000000
7,32,265,10594,61.287506
7,33,0,10594,0.000000
7,34,0,10594,0.000000
7,35,146,10594,27.995147
7,36,0,10594,0.000000
7,37,0,10594,0.000000
7,38,0,10594,0.000000
7,39,176,10594,47.898954
7,40,0,10594,0.000000
7,41,0,10594,0.000000
7,42,0,10594,0.000000
7,43,0,10594,0.000000
7,44,395,10594,85.882893
7,45,0,10594,0.000000
7,46,0,10594,0.000000
7,47,0,10594,0.000000
7,48,178,10594,41.016791
7,49,0,10594,0.000000
7,50,0,10594,0.000000
7,51,937,10594,215.955069
7,52,0,10594,0.000000
7,53,598,10594,131.240804
7,54,0,10594,0.000000
7,55,168,10594,33.484795
7,56,94,10594,23.647065
7,57,0,10594,0.000000
7,58,434,10594,115.113590
7,59,0,10594,0.000000
7,60,0,10594,0.000000
7,61,0,10594,0.000000
7,62,272,10594,60.341062
7,63,191,10594,55.702495
7,64,0,10594,0.000000
7,65,175,10594,32.511367
7,66,0,10594,0.000000
7,67,64,10594,11.537813
7,68,0,10594,0.000000
7,69,136,10594,28.134749
7,70,0,10594,0.000000
7,71,0,10594,0.000000
7,72,108,10594,28.439893
7,73,57,10594,11.378810
7,74,0,10594,0.000000
7,75,136,10594,27.516929
7,76,0,10594,0.000000
7,77,0,10594,0.000000
7,78,0,10594,0.000000
7,79,0,10594,0.000000
7,80,0,10594,0.000000
7,81,132,10594,26.563110
7,82,0,10594,0.000000
7,83,0,10594,0.000000
7,84,293,10594,55.460226
7,85,104,10594,17.491247
7,86,93,10594,17.827222
7,87,0,10594,0.000000
7,88,63,10594,8.107533
7,89,218,10594,49.020666
7,90,4536,10594,1458.096365
7,91,0,10594,0.000000
7,92,129,10594,17.839646
7,93,316,10594,69.486051
7,94,211,10594,49.383364
7,95,0,10594,0.000000
7,96,0,10594,0.000000
7,97,0,10594,0.000000
7,98,2695,10594,731.296601
7,99,0,10594,0.000000
7,100,0,10594,0.000000
7,101,0,10594,0.000000
7,102,837,10594,200.097799
7,103,0,10594,0.000000
7,104,75,10594,14.400922
7,105,0,10594,0.000000
7,106,78,10594,16.474473
7,107,99,10594,24.338233
7,108,510,10594,133.151396
7,109,0,10594,0.000000
7,110,0,10594,0.000000
7,111,0,10594,0.000000
7,112,0,10594,0.000000
7,113,0,10594,0.000000
7,114,1144,10594,284.621248
7,115,374,10594,89.281540
7,116,0,10594,0.000000
7,117,64,10594,9.905968
7,118,174,10594,36.379264
7,119,0,10594,0.000000
7,120,0,10594,0.000000
7,121,0,10594,0.000000
7,122,211,10594,50.694767
7,123,381,10594,108.852351
7,124,131,10594,37.343088
7,125,528,10594,120.775742
7,126,0,10594,0.000000
7,127,0,10594,0.000000
7,128,0,10594,0.000000
7,129,0,10594,0.000000
7,130,0,10594,0.000000
7,131,604,10594,118.515881
7,132,155,10594,51.897269
7,133,0,10594,0.000000
7,134,134,10594,25.883924
7,135,0,10594,0.000000
7,136,217,10594,55.098957
7,137,980,10594,227.613652
7,138,0,10594,0.000000
7,139,138,10594,38.750358
7,140,109,10594,25.471020
7,141,134,10594,22.936145
7,142,0,10594,0.000000
7,143,115,10594,36.567912
7,144,628,10594,153.858470
7,145,0,10594,0.000000
7,146,0,10594,0.000000
7,147,74,10594,14.587784
7,148,1830,10594,562.742157
7,149,0,10594,0.000000
7,150,144,10594,37.899808
7,151,0,10594,0.000000
7,152,194,10594,35.406383
7,153,113,10594,20.744352
7,154,1066,10594,296.853109
7,155,0,10594,0.000000
7,156,209,10594,37.085604
7,157,2210,10594,644.835725
7,158,27,10594,5.411884
7,159,0,10594,0.000000
7,160,159,10594,34.520002
7,161,0,10594,0.000000
7,162,128,10594,17.915491
7,163,36,10594,6.286751
7,164,359,10594,120.754690
7,165,62,10594,14.543016
7,166,0,10594,0.000000
7,167,99,10594,18.922338
7,168,0,10594,0.000000
7,169,112,10594,29.352565
7,170,439,10594,85.983245
7,171,487,10594,122.496185
7,172,78,10594,16.439144
7,173,47,10594,7.698275
7,174,0,10594,0.000000
7,175,494,10594,93.681929
7,176,71,10594,19.617284
7,177,0,10594,0.000000
7,178,0,10594,0.000000
7,179,0,10594,0.000000
7,180,0,10594,0.000000
7,181,122,10594,30.076829
7,182,123,10594,26.149892
7,183,0,10594,0.000000
7,184,0,10594,0.000000
7,185,0,10594,0.000000
7,186,0,10594,0.000000
7,187,283,10594,71.064661
7,188,0,10594,0.000000
7,189,185,10594,29.347736
7,190,0,10594,0.000000
7,191,0,10594,0.000000
7,192,0,10594,0.000000
7,193,140,10594,28.395372
7,194,0,10594,0.000000
7,195,0,10594,0.000000
7,196,222,10594,40.729864
7,197,0,10594,0.000000
7,198,79,10594,13.267243
7,199,0,10594,0.000000
7,200,420,10594,121.062416
7,201,1132,10594,281.950431
7,202,18,10594,3.185658
7,203,0,10594,0.000000
7,204,266,10594,63.247391
7,205,18,10594,3.600497
7,206,171,10594,42.636399
7,207,1821,10594,540.259932
7,208,2184,10594,511.858170
7,209,0,10594,0.000000
7,210,0,10594,0.000000
7,211,0,10594,0.000000
7,212,503,10594,100.040033
7,213,100,10594,21.685796
7,214,0,10594,0.000000
7,215,693,10594,158.240219
7,216,0,10594,0.000000
7,217,166,10594,34.153769
7,218,79,10594,14.551755
7,219,0,10594,0.000000
7,220,70,10594,17.658550
7,221,0,10594,0.000000
7,222,0,10594,0.000000
7,223,0,10594,0.000000
7,224,0,10594,0.000000
7,225,256,10594,60.205395
7,226,0,10594,0.000000
7,227,0,10594,0.000000
7,228,286,10594,63.551140
7,229,101,10594,32.688970
7,230,0,10594,0.000000
7,231,768,10594,230.725851
7,232,0,10594,0.000000
7,233,215,10594,34.419837
7,234,194,10594,44.220228
7,235,211,10594,54.400404
7,236,144,10594,27.729383
7,237,0,10594,0.000000
7,238,0,10594,0.000000
7,239,0,10594,0.000000
7,240,71,10594,16.152966
7,241,131,10594,26.908706
7,242,186,10594,40.982572
7,243,140,10594,27.059818
7,244,0,10594,0.000000
7,245,2518,10594,613.569973
7,246,0,10594,0.000000
7,247,226,10594,48.484703
7,248,456,10594,120.484934
7,249,0,10594,0.000000
7,250,373,10594,70.967157
7,251,0,10594,0.000000
7,252,0,10594,0.000000
7,253,0,10594,0.000000
7,254,0,10594,0.000000
7,255,282,10594,64.919655
7,256,0,10594,0.000000
7,257,0,10594,0.000000
7,258,0,10594,0.000000
7,259,0,10594,0.000000
7,260,0,10594,0.000000
7,261,0,10594,0.000000
7,262,0,10594,0.000000
7,263,1734,10594,436.575618
7,264,0,10594,0.000000
7,265,149,10594,31.617630
7,266,121,10594,22.243276
7,267,0,10594,0.000000
7,268,487,10594,95.442161
7,269,0,10594,0.000000
7,270,3,10594,0.508882
7,271,125,10594,24.410577
7,272,288,10594,80.516437
7,273,0,10594,0.000000
7,274,0,10594,0.000000
7,275,207,10594,47.792536
7,276,0,10594,0.000000
7,277,0,10594,0.000000
7,278,694,10594,169.525980
7,279,130,10594,20.561353
7,280,0,10594,0.000000
7,281,0,10594,0.000000
7,282,172,10594,30.519368
7,283,0,10594,0.000000
7,284,0,10594,0.000000
7,285,0,10594,0.000000
7,286,0,10594,0.000000
7,287,843,10594,262.014710
7,288,0,10594,0.000000
7,289,0,10594,0.000000
7,290,0,10594,0.000000
7,291,671,10594,187.113195
7,292,74,10594,14.917624
7,293,0,10594,0.000000
7,294,0,10594,0.000000
7,295,149,10594,33.547588
7,296,314,10594,90.354308
7,297,142,10594,29.216525
7,298,0,10594,0.000000
7,299,107,10594,18.050282
7,300,199,10594,40.875416
7,301,0,10594,0.000000
7,302,0,10594,0.000000
7,303,0,10594,0.000000
7,304,0,10594,0.000000
7,305,113,10594,22.996892
7,306,220,10594,48.884358
7,307,0,10594,0.000000
7,308,0,10594,0.000000
7,309,538,10594,93.873954
7,310,39,10594,8.283114
7,311,90,10594,14.959937
7,312,0,10594,0.000000
7,313,198,10594,39.312356
7,314,142,10594,17.754733
7,315,0,10594,0.000000
7,316,6,10594,1.233450
7,317,174,10594,39.151071
7,318,0,10594,0.000000
7,319,0,10594,0.000000
7,320,276,10594,61.767945
7,321,0,10594,0.000000
7,322,127,10594,25.312850
7,323,478,10594,132.289081
7,324,451,10594,124.583914
7,325,0,10594,0.000000
7,326,0,10594,0.000000
7,327,0,10594,0.000000
7,328,92,10594,20.473273
7,329,94,10594,20.004563
7,330,0,10594,0.000000
7,331,94,10594,17.889411
7,332,0,10594,0.000000
7,333,0,10594,0.000000
7,334,0,10594,0.000000
7,335,478,10594,142.994052
7,336,246,10594,55.026071
7,337,9,10594,1.459692
7,338,0,10594,0.000000
7,339,0,10594,0.000000
7,340,641,10594,136.882556
7,341,0,10594,0.000000
7,342,0,10594,0.000000
7,343,1015,10594,303.000957
7,344,0,10594,0.000000
7,345,0,10594,0.000000
7,346,0,10594,0.000000
7,347,0,10594,0.000000
7,348,0,10594,0.000000
7,349,0,10594,0.000000
7,350,499,10594,118.081298
7,351,0,10594,0.000000
7,352,0,10594,0.000000
7,353,440,10594,119.888362
7,354,492,10594,127.092788
7,355,0,10594,0.000000
7,356,0,10594,0.000000
7,357,1037,10594,251.442798
7,358,187,10594,43.047681
7,359,0,10594,0.000000
7,360,93,10594,21.292488
7,361,0,10594,0.000000
7,362,0,10594,0.000000
7,363,0,10594,0.000000
7,364,0,10594,0.000000
7,365,0,10594,0.000000
7,366,130,10594,34.489462
7,367,0,10594,0.000000
7,368,0,10594,0.000000
7,369,0,10594,0.000000
7,370,55,10594,10.749457
7,371,0,10594,0.000000
7,372,0,10594,0.000000
7,373,0,10594,0.000000
7,374,0,10594,0.000000
7,375,0,10594,0.000000
7,376,0,10594,0.000000
7,377,99,10594,21.204775
7,378,0,10594,0.000000
7,379,229,10594,50.085634
7,380,0,10594,0.000000
7,381,0,10594,0.000000
7,382,0,10594,0.000000
7,383,7,10594,1.207635
8,0,595,10594,152.916829
8,1,126,10594,27.774597
8,2,44,10594,7.305591
8,3,354,10594,74.713303
8,4,299,10594,69.343615
8,5,0,10594,0.000000
8,6,46,10594,8.732055
8,7,0,10594,0.000000
8,8,941,10594,190.521793
8,9,99,10594,19.732735
8,10,0,10594,0.000000
8,11,62,10594,13.224831
8,12,0,10594,0.000000
8,13,0,10594,0.000000
8,14,349,10594,92.032193
8,15,241,10594,52.075522
8,16,543,10594,113.165531
8,17,0,10594,0.000000
8,18,72,10594,12.479147
8,19,0,10594,0.000000
8,20,0,10594,0.000000
8,21,0,10594,0.000000
8,22,979,10594,299.846775
8,23,0,10594,0.000000
8,24,201,10594,50.809912
8,25,0,10594,0.000000
8,26,0,10594,0.000000
8,27,0,10594,0.000000
8,28,0,10594,0.000000
8,29,2432,10594,776.827317
8,30,0,10594,0.000000
8,31,0,10594,0.000000
8,32,0,10594,0.000000
8,33,0,10594,0.000000
8,34,259,10594,76.702277
8,35,0,10594,0.000000
8,36,0,10594,0.000000
8,37,0,10594,0.000000
8,38,0,10594,0.000000
8,39,46,10594,7.687043
8,40,0,10594,0.000000
8,41,95,10594,25.663575
8,42,226,10594,61.221490
8,43,0,10594,0.000000
8,44,0,10594,0.000000
8,45,303,10594,80.082388
8,46,0,10594,0.000000
8,47,8,10594,1.294094
8,48,0,10594,0.000000
8,49,189,10594,39.879902
8,50,3,10594,0.445822
8,51,233,10594,30.845285
8,52,0,10594,0.000000
8,53,4,10594,0.620788
8,54,363,10594,73.951978
8,55,92,10594,22.259186
8,56,0,10594,0.000000
8,57,139,10594,27.751771
8,58,350,10594,76.828590
8,59,0,10594,0.000000
8,60,0,10594,0.000000
8,61,61,10594,12.330504
8,62,3,10594,0.610963
8,63,0,10594,0.000000
8,64,47,10594,10.117942
8,65,0,10594,0.000000
8,66,165,10594,34.141201
8,67,525,10594,117.115997
8,68,0,10594,0.000000
8,69,0,10594,0.000000
8,70,0,10594,0.000000
8,71,146,10594,27.923131
8,72,0,10594,0.000000
8,73,337,10594,117.073841
8,74,0,10594,0.000000
8,75,153,10594,34.672833
8,76,0,10594,0.000000
8,77,0,10594,0.000000
8,78,147,10594,35.107411
8,79,0,10594,0.000000
8,80,0,10594,0.000000
8,81,284,10594,62.739061
8,82,0,10594,0.000000
8,83,0,10594,0.000000
8,84,90,10594,11.484124
8,85,0,10594,0.000000
8,86,0,10594,0.000000
8,87,301,10594,60.900493
8,88,0,10594,0.000000
8,89,227,10594,66.084459
8,90,221,10594,64.465427
8,91,186,10594,55.401532
8,92,205,10594,38.913503
8,93,0,10594,0.000000
8,94,67,10594,11.549849
8,95,74,10594,19.019317
8,96,0,10594,0.000000
8,97,316,10594,74.012969
8,98,0,10594,0.000000
8,99,0,10594,0.000000
8,100,74,10594,14.537870
8,101,101,10594,21.064615
8,102,295,10594,79.012851
8,103,198,10594,30.235203
8,104,31,10594,4.895742
8,105,106,10594,18.431388
8,106,0,10594,0.000000
8,107,0,10594,0.000000
8,108,0,10594,0.000000
8,109,13,10594,2.232425
8,110,122,10594,34.186560
8,111,312,10594,75.602188
8,112,282,10594,76.325416
8,113,212,10594,31.898631
8,114,0,10594,0.000000
8,115,136,10594,27.260403
8,116,0,10594,0.000000
8,117,65,10594,14.877554
8,118,131,10594,24.539823
8,119,108,10594,21.255443
8,120,0,10594,0.000000
8,121,193,10594,41.191061
8,122,88,10594,19.314882
8,123,323,10594,93.077005
8,124,0,10594,0.000000
8,125,0,10594,0.000000
8,126,0,10594,0.000000
8,127,423,10594,119.913457
8,128,189,10594,31.560061
8,129,443,10594,69.031980
8,130,0,10594,0.000000
8,131,0,10594,0.000000
8,132,0,10594,0.000000
8,133,0,10594,0.000000
8,134,58,10594,12.337437
8,135,98,10594,15.464052
8,136,0,10594,0.000000
8,137,232,10594,46.046509
8,138,0,10594,0.000000
8,139,0,10594,0.000000
8,140,0,10594,0.000000
8,141,244,10594,42.785067
8,142,453,10594,91.500598
8,143,0,10594,0.000000
8,144,800,10594,157.725569
8,145,0,10594,0.000000
8,146,0,10594,0.000000
8,147,0,10594,0.000000
8,148,0,10594,0.000000
8,149,307,10594,64.868202
8,150,0,10594,0.000000
8,151,0,10594,0.000000
8,152,98,10594,20.977541
8,153,0,10594,0.000000
8,154,152,10594,23.588991
8,155,180,10594,29.033219
8,156,93,10594,29.431120
8,157,202,10594,37.053684
8,158,768,10594,226.399577
8,159,0,10594,0.000000
8,160,0,10594,0.000000
8,161,220,10594,44.367131
8,162,0,10594,0.000000
8,163,259,10594,75.606318
8,164,509,10594,105.886131
8,165,151,10594,29.691917
8,166,0,10594,0.000000
8,167,0,10594,0.000000
8,168,174,10594,46.925406
8,169,210,10594,46.687141
8,170,0,10594,0.000000
8,171,249,10594,51.799906
8,172,187,10594,39.372518
8,173,186,10594,41.592072
8,174,64,10594,13.890237
8,175,0,10594,0.000000
8,176,0,10594,0.000000
8,177,232,10594,51.470223
8,178,404,10594,112.098023
8,179,418,10594,102.928539
8,180,0,10594,0.000000
8,181,22,10594,4.680674
8,182,842,10594,266.244888
8,183,0,10594,0.000000
8,184,0,10594,0.000000
8,185,215,10594,53.698708
8,186,10,10594,1.553222
8,187,0,10594,0.000000
8,188,0,10594,0.000000
8,189,124,10594,28.544398
8,190,0,10594,0.000000
8,191,28,10594,5.826381
8,192,475,10594,114.333005
8,193,85,10594,22.604675
8,194,0,10594,0.000000
8,195,48,10594,10.116065
8,196,0,10594,0.000000
8,197,124,10594,30.922611
8,198,0,10594,0.000000
8,199,0,10594,0.000000
8,200,135,10594,36.164905
8,201,0,10594,0.000000
8,202,0,10594,0.000000
8,203,0,10594,0.000000
8,204,31,10594,7.165270
8,205,64,10594,10.956874
8,206,0,10594,0.000000
8,207,0,10594,0.000000
8,208,309,10594,70.146113
8,209,308,10594,72.933396
8,210,2146,10594,592.625113
8,211,459,10594,127.749418
8,212,566,10594,125.297203
8,213,146,10594,18.760772
8,214,0,10594,0.000000
8,215,0,10594,0.000000
8,216,565,10594,150.869483
8,217,33,10594,7.352801
8,218,108,10594,22.069381
8,219,108,10594,20.621918
8,220,151,10594,36.088639
8,221,74,10594,16.441976
8,222,3840,10594,952.724779
8,223,547,10594,178.362525
8,224,71,10594,19.993878
8,225,112,10594,22.594413
8,226,2010,10594,638.393959
8,227,112,10594,26.211631
8,228,15,10594,2.350576
8,229,1063,10594,270.875686
8,230,0,10594,0.000000
8,231,0,10594,0.000000
8,232,85,10594,20.687847
8,233,284,10594,88.106313
8,234,219,10594,57.202324
8,235,0,10594,0.000000
8,236,0,10594,0.000000
8,237,102,10594,58.662145
8,238,0,10594,0.000000
8,239,0,10594,0.000000
8,240,0,10594,0.000000
8,241,72,10594,8.094114
8,242,0,10594,0.000000
8,243,0,10594,0.000000
8,244,0,10594,0.000000
8,245,198,10594,57.503395
8,246,804,10594,178.842635
8,247,0,10594,0.000000
8,248,134,10594,29.002485
8,249,0,10594,0.000000
8,250,0,10594,0.000000
8,251,0,10594,0.000000
8,252,0,10594,0.000000
8,253,0,10594,0.000000
8,254,60,10594,17.525295
8,255,210,10594,56.389183
8,256,711,10594,185.151858
8,257,0,10594,0.000000
8,258,662,10594,159.551158
8,259,0,10594,0.000000
8,260,132,10594,39.832317
8,261,76,10594,19.190403
8,262,125,10594,33.492094
8,263,0,10594,0.000000
8,264,0,10594,0.000000
8,265,723,10594,154.943379
8,266,0,10594,0.000000
8,267,0,10594,0.000000
8,268,0,10594,0.000000
8,269,87,10594,19.732795
8,270,406,10594,81.002063
8,271,443,10594,96.223726
8,272,0,10594,0.000000
8,273,0,10594,0.000000
8,274,0,10594,0.000000
8,275,0,10594,0.000000
8,276,72,10594,19.187118
8,277,1861,10594,545.005358
8,278,0,10594,0.000000
8,279,554,10594,175.532763
8,280,67,10594,15.866943
8,281,0,10594,0.000000
8,282,629,10594,171.658842
8,283,75,10594,15.437675
8,284,0,10594,0.000000
8,285,0,10594,0.000000
8,286,890,10594,118.214731
8,287,0,10594,0.000000
8,288,1287,10594,350.674562
8,289,1025,10594,286.136834
8,290,0,10594,0.000000
8,291,131,10594,37.527429
8,292,0,10594,0.000000
8,293,43,10594,9.426564
8,294,111,10594,24.665464
8,295,142,10594,31.133560
8,296,285,10594,65.987926
8,297,232,10594,52.941107
8,298,0,10594,0.000000
8,299,227,10594,39.583657
8,300,0,10594,0.000000
8,301,0,10594,0.000000
8,302,0,10594,0.000000
8,303,0,10594,0.000000
8,304,433,10594,86.643468
8,305,788,10594,176.192312
8,306,126,10594,24.611052
8,307,0,10594,0.000000
8,308,26,10594,7.463136
8,309,0,10594,0.000000
8,310,442,10594,95.374663
8,311,0,10594,0.000000
8,312,0,10594,0.000000
8,313,0,10594,0.000000
8,314,56,10594,11.304163
8,315,0,10594,0.000000
8,316,234,10594,68.425439
8,317,0,10594,0.000000
8,318,0,10594,0.000000
8,319,176,10594,44.455286
8,320,216,10594,55.234260
8,321,0,10594,0.000000
8,322,0,10594,0.000000
8,323,112,10594,24.378353
8,324,446,10594,109.737973
8,325,25,10594,5.278374
8,326,0,10594,0.000000
8,327,0,10594,0.000000
8,328,0,10594,0.000000
8,329,0,10594,0.000000
8,330,0,10594,0.000000
8,331,234,10594,44.206376
8,332,180,10594,40.339904
8,333,111,10594,24.675170
8,334,0,10594,0.000000
8,335,0,10594,0.000000
8,336,97,10594,20.800068
8,337,99,10594,18.601961
8,338,0,10594,0.000000
8,339,0,10594,0.000000
8,340,163,10594,28.945695
8,341,89,10594,23.317807
8,342,153,10594,29.570986
8,343,0,10594,0.000000
8,344,0,10594,0.000000
8,345,0,10594,0.000000
8,346,0,10594,0.000000
8,347,267,10594,70.715260
8,348,16,10594,2.855790
8,349,143,10594,38.096709
8,350,265,10594,59.338934
8,351,0,10594,0.000000
8,352,466,10594,109.483935
8,353,302,10594,73.678621
8,354,0,10594,0.000000
8,355,0,10594,0.000000
8,356,110,10594,24.528523
8,357,131,10594,27.092065
8,358,0,10594,0.000000
8,359,0,10594,0.000000
8,360,235,10594,58.410607
8,361,1504,10594,428.635024
8,362,143,10594,34.217220
8,363,0,10594,0.000000
8,364,0,10594,0.000000
8,365,0,10594,0.000000
8,366,86,10594,21.918431
8,367,0,10594,0.000000
8,368,0,10594,0.000000
8,369,0,10594,0.000000
8,370,85,10594,15.136250
8,371,2126,10594,640.599122
8,372,109,10594,23.726523
8,373,144,10594,28.147875
8,374,356,10594,100.700351
8,375,0,10594,0.000000
8,376,272,10594,64.068887
8,377,0,10594,0.000000
8,378,100,10594,23.315603
8,379,0,10594,0.000000
8,380,188,10594,32.943788
8,381,84,10594,22.586085
8,382,75,10594,15.484439
8,383,0,10594,0.000000
9,0,0,10594,0.000000
9,1,0,10594,0.000000
9,2,0,10594,0.000000
9,3,885,10594,206.070537
9,4,0,10594,0.000000
9,5,153,10594,47.158943
9,6,0,10594,0.000000
9,7,0,10594,0.000000
9,8,0,10594,0.000000
9,9,186,10594,39.440479
9,10,1230,10594,338.998182
9,11,54,10594,10.982721
9,12,0,10594,0.000000
9,13,479,10594,126.650708
9,14,0,10594,0.000000
9,15,0,10594,0.000000
9,16,893,10594,216.916605
9,17,121,10594,24.644037
9,18,71,10594,16.607731
9,19,0,10594,0.000000
9,20,342,10594,79.903175
9,21,0,10594,0.000000
9,22,1127,10594,295.360394
9,23,0,10594,0.000000
9,24,0,10594,0.000000
9,25,0,10594,0.000000
9,26,73,10594,15.896387
9,27,0,10594,0.000000
9,28,185,10594,64.229916
9,29,0,10594,0.000000
9,30,0,10594,0.000000
9,31,159,10594,31.969142
9,32,0,10594,0.000000
9,33,396,10594,86.932252
9,34,0,10594,0.000000
9,35,249,10594,50.870705
9,36,0,10594,0.000000
9,37,342,10594,94.091742
9,38,0,10594,0.000000
9,39,0,10594,0.000000
9,40,63,10594,15.992463
9,41,191,10594,38.540148
9,42,113,10594,30.052417
9,43,0,10594,0.000000
9,44,0,10594,0.000000
9,45,0,10594,0.000000
9,46,291,10594,60.336283
9,47,761,10594,185.113158
9,48,0,10594,0.000000
9,49,30,10594,6.305018
9,50,64,10594,11.210430
9,51,579,10594,131.815686
9,52,18,10594,2.999979
9,53,504,10594,100.497718
9,54,0,10594,0.000000
9,55,0,10594,0.000000
9,56,101,10594,20.704843
9,57,0,10594,0.000000
9,58,116,10594,29.887713
9,59,0,10594,0.000000
9,60,0,10594,0.000000
9,61,0,10594,0.000000
9,62,128,10594,30.792282
9,63,244,10594,48.914864
9,64,0,10594,0.000000
9,65,0,10594,0.000000
9,66,698,10594,144.271498
9,67,0,10594,0.000000
9,68,20,10594,3.283481
9,69,78,10594,15.534588
9,70,153,10594,28.892370
9,71,880,10594,285.888758
9,72,0,10594,0.000000
9,73,64,10594,11.634009
9,74,0,10594,0.000000
9,75,189,10594,53.083295
9,76,822,10594,222.561055
9,77,385,10594,98.499324
9,78,0,10594,0.000000
9,79,457,10594,120.838415
9,80,0,10594,0.000000
9,81,110,10594,24.741342
9,82,537,10594,187.710583
9,83,0,10594,0.000000
9,84,0,10594,0.000000
9,85,0,10594,0.000000
9,86,1284,10594,325.064836
9,87,1018,10594,250.105521
9,88,0,10594,0.000000
9,89,0,10594,0.000000
9,90,187,10594,41.046632
9,91,101,10594,23.228492
9,92,0,10594,0.000000
9,93,213,10594,52.302371
9,94,0,10594,0.000000
9,95,0,10594,0.000000
9,96,0,10594,0.000000
9,97,1665,10594,311.979670
9,98,75,10594,16.063873
9,99,263,10594,72.332831
9,100,0,10594,0.000000
9,101,0,10594,0.000000
9,102,783,10594,201.614121
9,103,0,10594,0.000000
9,104,0,10594,0.000000
9,105,0,10594,0.000000
9,106,0,10594,0.000000
9,107,367,10594,94.073657
9,108,363,10594,61.713845
9,109,0,10594,0.000000
9,110,147,10594,34.347733
9,111,128,10594,32.908712
9,112,0,10594,0.000000
9,113,0,10594,0.000000
9,114,0,10594,0.000000
9,115,423,10594,117.026884
9,116,243,10594,60.275760
9,117,279,10594,68.278506
9,118,77,10594,18.931934
9,119,257,10594,70.861656
9,120,80,10594,17.136352
9,121,0,10594,0.000000
9,122,0,10594,0.000000
9,123,0,10594,0.000000
9,124,12,10594,1.783108
9,125,207,10594,55.734064
9,126,0,10594,0.000000
9,127,92,10594,20.629647
9,128,0,10594,0.000000
9,129,13,10594,2.086537
9,130,0,10594,0.000000
9,131,265,10594,67.578144
9,132,78,10594,19.121185
9,133,0,10594,0.000000
9,134,289,10594,61.154983
9,135,99,10594,31.926954
9,136,151,10594,24.317480
9,137,447,10594,87.305232
9,138,78,10594,15.415559
9,139,0,10594,0.000000
9,140,78,10594,15.519013
9,141,213,10594,57.549533
9,142,70,10594,13.712166
9,143,0,10594,0.000000
9,144,0,10594,0.000000
9,145,0,10594,0.000000
9,146,196,10594,45.337635
9,147,227,10594,47.910833
9,148,160,10594,36.092453
9,149,491,10594,132.038813
9,150,21,10594,3.594556
9,151,0,10594,0.000000
9,152,0,10594,0.000000
9,153,0,10594,0.000000
9,154,0,10594,0.000000
9,155,382,10594,92.066718
9,156,458,10594,106.862338
9,157,0,10594,0.000000
9,158,100,10594,26.418282
9,159,0,10594,0.000000
9,160,50,10594,9.467116
9,161,98,10594,19.906702
9,162,0,10594,0.000000
9,163,0,10594,0.000000
9,164,0,10594,0.000000
9,165,0,10594,0.000000
9,166,0,10594,0.000000
9,167,85,10594,16.159902
9,168,111,10594,20.794756
9,169,160,10594,27.899037
9,170,263,10594,68.209329
9,171,0,10594,0.000000
9,172,0,10594,0.000000
9,173,0,10594,0.000000
9,174,0,10594,0.000000
9,175,0,10594,0.000000
9,176,0,10594,0.000000
9,177,201,10594,48.462834
9,178,0,10594,0.000000
9,179,0,10594,0.000000
9,180,150,10594,32.329477
9,181,0,10594,0.000000
9,182,0,10594,0.000000
9,183,497,10594,113.434421
9,184,202,10594,57.521004
9,185,0,10594,0.000000
9,186,0,10594,0.000000
9,187,78,10594,16.059429
9,188,507,10594,131.962550
9,189,621,10594,173.182526
9,190,0,10594,0.000000
9,191,257,10594,60.818747
9,192,0,10594,0.000000
9,193,0,10594,0.000000
9,194,0,10594,0.000000
9,195,158,10594,29.448712
9,196,0,10594,0.000000
9,197,1965,10594,482.645496
9,198,0,10594,0.000000
9,199,109,10594,19.795090
9,200,137,10594,33.818516
9,201,136,10594,29.160027
9,202,986,10594,246.764002
9,203,0,10594,0.000000
9,204,0,10594,0.000000
9,205,179,10594,39.023211
9,206,0,10594,0.000000
9,207,0,10594,0.000000
9,208,221,10594,51.510994
9,209,0,10594,0.000000
9,210,0,10594,0.000000
9,211,0,10594,0.000000
9,212,59,10594,11.497637
9,213,0,10594,0.000000
9,214,0,10594,0.000000
9,215,0,10594,0.000000
9,216,30,10594,6.376129
9,217,128,10594,27.921247
9,218,0,10594,0.000000
9,219,0,10594,0.000000
9,220,86,10594,21.221588
9,221,0,10594,0.000000
9,222,140,10594,34.325591
9,223,208,10594,45.462201
9,224,1259,10594,299.246361
9,225,0,10594,0.000000
9,226,0,10594,0.000000
9,227,0,10594,0.000000
9,228,0,10594,0.000000
9,229,0,10594,0.000000
9,230,0,10594,0.000000
9,231,352,10594,64.447126
9,232,240,10594,54.844878
9,233,411,10594,105.358714
9,234,119,10594,25.387421
9,235,72,10594,14.935498
9,236,0,10594,0.000000
9,237,0,10594,0.000000
9,238,661,10594,166.558762
9,239,0,10594,0.000000
9,240,0,10594,0.000000
9,241,0,10594,0.000000
9,242,143,10594,28.134661
9,243,220,10594,64.934602
9,244,158,10594,31.676934
9,245,200,10594,49.600908
9,246,445,10594,101.336321
9,247,0,10594,0.000000
9,248,96,10594,19.125606
9,249,445,10594,103.067951
9,250,0,10594,0.000000
9,251,126,10594,35.570635
9,252,0,10594,0.000000
9,253,0,10594,0.000000
9,254,4,10594,0.840238
9,255,93,10594,15.307203
9,256,45,10594,8.590937
9,257,552,10594,170.681037
9,258,110,10594,21.350253
9,259,0,10594,0.000000
9,260,0,10594,0.000000
9,261,0,10594,0.000000
9,262,27,10594,4.080039
9,263,2953,10594,929.560665
9,264,300,10594,70.499698
9,265,58,10594,12.868239
9,266,295,10594,65.718235
9,267,0,10594,0.000000
9,268,0,10594,0.000000
9,269,289,10594,68.856588
9,270,32,10594,4.680526
9,271,0,10594,0.000000
9,272,63,10594,10.367193
9,273,87,10594,15.196968
9,274,177,10594,47.919195
9,275,0,10594,0.000000
9,276,0,10594,0.000000
9,277,0,10594,0.000000
9,278,220,10594,45.791650
9,279,0,10594,0.000000
9,280,0,10594,0.000000
9,281,0,10594,0.000000
9,282,151,10594,35.382789
9,283,0,10594,0.000000
9,284,0,10594,0.000000
9,285,170,10594,40.737411
9,286,226,10594,65.113414
9,287,0,10594,0.000000
9,288,312,10594,73.857728
9,289,325,10594,99.001548
9,290,0,10594,0.000000
9,291,53,10594,9.504615
9,292,0,10594,0.000000
9,293,0,10594,0.000000
9,294,1298,10594,357.142715
9,295,0,10594,0.000000
9,296,0,10594,0.000000
9,297,893,10594,210.576552
9,298,0,10594,0.000000
9,299,0,10594,0.000000
9,300,0,10594,0.000000
9,301,0,10594,0.000000
9,302,182,10594,41.458383
9,303,333,10594,74.162679
9,304,0,10594,0.000000
9,305,1529,10594,429.861259
9,306,128,10594,25.516025
9,307,0,10594,0.000000
9,308,91,10594,19.113836
9,309,0,10594,0.000000
9,310,49,10594,8.987493
9,311,456,10594,65.538396
9,312,2359,10594,640.891397
9,313,0,10594,0.000000
9,314,216,10594,51.760280
9,315,285,10594,73.438935
9,316,0,10594,0.000000
9,317,0,10594,0.000000
9,318,573,10594,156.509211
9,319,107,10594,31.184615
9,320,239,10594,58.911843
9,321,203,10594,49.226365
9,322,107,10594,25.150283
9,323,0,10594,0.000000
9,324,175,10594,49.589503
9,325,0,10594,0.000000
9,326,11,10594,1.587588
9,327,107,10594,21.390154
9,328,55,10594,8.943107
9,329,82,10594,18.055342
9,330,0,10594,0.000000
9,331,368,10594,86.679313
9,332,0,10594,0.000000
9,333,524,10594,143.177176
9,334,0,10594,0.000000
9,335,588,10594,144.346904
9,336,0,10594,0.000000
9,337,77,10594,15.512075
9,338,299,10594,115.231970
9,339,95,10594,17.561322
9,340,0,10594,0.000000
9,341,83,10594,16.132464
9,342,86,10594,22.418519
9,343,1442,10594,448.056753
9,344,166,10594,40.233971
9,345,402,10594,104.220078
9,346,0,10594,0.000000
9,347,0,10594,0.000000
9,348,0,10594,0.000000
9,349,0,10594,0.000000
9,350,291,10594,72.691705
9,351,58,10594,9.020843
9,352,0,10594,0.000000
9,353,0,10594,0.000000
9,354,147,10594,37.584050
9,355,0,10594,0.000000
9,356,0,10594,0.000000
9,357,0,10594,0.000000
9,358,0,10594,0.000000
9,359,0,10594,0.000000
9,360,0,10594,0.000000
9,361,0,10594,0.000000
9,362,106,10594,21.983155
9,363,0,10594,0.000000
9,364,102,10594,24.021939
9,365,0,10594,0.000000
9,366,160,10594,35.348021
9,367,392,10594,90.539212
9,368,55,10594,11.730361
9,369,0,10594,0.000000
9,370,0,10594,0.000000
9,371,110,10594,18.285329
9,372,0,10594,0.000000
9,373,163,10594,40.469110
9,374,141,10594,22.984874
9,375,0,10594,0.000000
9,376,0,10594,0.000000
9,377,465,10594,109.035554
9,378,1454,10594,411.243234
9,379,83,10594,18.499289
9,380,0,10594,0.000000
9,381,297,10594,49.412032
9,382,0,10594,0.000000
9,383,0,10594,0.000000
10,0,0,10594,0.000000
10,1,90,10594,15.768710
10,2,331,10594,80.298454
10,3,0,10594,0.000000
10,4,0,10594,0.000000
10,5,244,10594,69.390779
10,6,0,10594,0.000000
10,7,67,10594,14.832557
10,8,535,10594,126.002248
10,9,0,10594,0.000000
10,10,0,10594,0.000000
10,11,86,10594,19.922681
10,12,0,10594,0.000000
10,13,1393,10594,460.433064
10,14,191,10594,31.881037
10,15,105,10594,18.863837
10,16,0,10594,0.000000
10,17,208,10594,48.335877
10,18,0,10594,0.000000
10,19,150,10594,32.098160
10,20,0,10594,0.000000
10,21,0,10594,0.000000
10,22,0,10594,0.000000
10,23,0,10594,0.000000
10,24,937,10594,274.402580
10,25,122,10594,31.626325
10,26,642,10594,161.559242
10,27,61,10594,14.756090
10,28,0,10594,0.000000
10,29,0,10594,0.000000
10,30,0,10594,0.000000
10,31,0,10594,0.000000
10,32,1050,10594,250.802388
10,33,0,10594,0.000000
10,34,111,10594,18.642105
10,35,148,10594,33.669787
10,36,0,10594,0.000000
10,37,0,10594,0.000000
10,38,0,10594,0.000000
10,39,239,10594,58.552120
10,40,0,10594,0.000000
10,41,126,10594,28.623755
10,42,0,10594,0.000000
10,43,187,10594,53.928641
10,44,124,10594,27.643198
10,45,90,10594,17.901195
10,46,0,10594,0.000000
10,47,181,10594,45.341334
10,48,122,10594,23.660504
10,49,116,10594,23.238731
10,50,28,10594,5.526129
10,51,44,10594,10.624294
10,52,70,10594,17.121872
10,53,153,10594,39.299931
10,54,70,10594,13.873787
10,55,0,10594,0.000000
10,56,134,10594,29.229624
10,57,563,10594,150.925621
10,58,95,10594,17.703363
10,59,331,10594,83.648481
10,60,0,10594,0.000000
10,61,368,10594,60.610264
10,62,120,10594,29.370356
10,63,688,10594,132.041941
10,64,0,10594,0.000000
10,65,0,10594,0.000000
10,66,650,10594,120.014655
10,67,171,10594,41.577858
10,68,0,10594,0.000000
10,69,68,10594,14.955602
10,70,193,10594,53.428377
10,71,0,10594,0.000000
10,72,41,10594,7.942668
10,73,0,10594,0.000000
10,74,841,10594,177.141225
10,75,263,10594,66.990335
10,76,220,10594,42.826378
10,77,0,10594,0.000000
10,78,67,10594,11.555901
10,79,82,10594,13.543815
10,80,404,10594,96.235173
10,81,0,10594,0.000000
10,82,0,10594,0.000000
10,83,0,10594,0.000000
10,84,119,10594,37.929046
10,85,15,10594,3.283227
10,86,187,10594,30.647449
10,87,274,10594,59.616604
10,88,0,10594,0.000000
10,89,0,10594,0.000000
10,90,0,10594,0.000000
10,91,318,10594,79.003996
10,92,361,10594,89.236295
10,93,342,10594,81.853144
10,94,0,10594,0.000000
10,95,439,10594,100.941705
10,96,96,10594,21.992794
10,97,606,10594,142.555013
10,98,0,10594,0.000000
10,99,0,10594,0.000000
10,100,0,10594,0.000000
10,101,106,10594,21.900191
10,102,0,10594,0.000000
10,103,0,10594,0.000000
10,104,63,10594,11.630606
10,105,0,10594,0.000000
10,106,0,10594,0.000000
10,107,123,10594,21.893372
10,108,0,10594,0.000000
10,109,200,10594,48.998349
10,110,395,10594,80.355885
10,111,151,10594,36.530961
10,112,0,10594,0.000000
10,113,129,10594,36.385200
10,114,872,10594,182.895185
10,115,0,10594,0.000000
10,116,0,10594,0.000000
10,117,0,10594,0.000000
10,118,0,10594,0.000000
10,119,0,10594,0.000000
10,120,26,10594,5.917400
10,121,0,10594,0.000000
10,122,0,10594,0.000000
10,123,0,10594,0.000000
10,124,163,10594,38.053647
10,125,112,10594,26.205814
10,126,225,10594,41.424963
10,127,1390,10594,338.215630
10,128,262,10594,57.825548
10,129,0,10594,0.000000
10,130,0,10594,0.000000
10,131,0,10594,0.000000
10,132,123,10594,30.635164
10,133,0,10594,0.000000
10,134,12,10594,2.599306
10,135,0,10594,0.000000
10,136,99,10594,19.749441
10,137,0,10594,0.000000
10,138,0,10594,0.000000
10,139,0,10594,0.000000
10,140,251,10594,61.203893
10,141,177,10594,35.491540
10,142,144,10594,36.016036
10,143,178,10594,36.757014
10,144,0,10594,0.000000
10,145,49,10594,9.462967
10,146,240,10594,55.098476
10,147,72,10594,13.054767
10,148,145,10594,26.657096
10,149,59,10594,13.894156
10,150,0,10594,0.000000
10,151,334,10594,76.360667
10,152,238,10594,49.230267
10,153,0,10594,0.000000
10,154,330,10594,71.224515
10,155,138,10594,31.199294
10,156,0,10594,0.000000
10,157,241,10594,48.979768
10,158,258,10594,60.478932
10,159,64,10594,10.976585
10,160,0,10594,0.000000
10,161,59,10594,11.916265
10,162,534,10594,141.107867
10,163,3,10594,0.562162
10,164,0,10594,0.000000
10,165,591,10594,157.187450
10,166,74,10594,18.088183
10,167,272,10594,71.977926
10,168,31,10594,6.529430
10,169,36,10594,9.725040
10,170,63,10594,13.481723
10,171,0,10594,0.000000
10,172,0,10594,0.000000
10,173,325,10594,62.288304
10,174,0,10594,0.000000
10,175,0,10594,0.000000
10,176,0,10594,0.000000
10,177,0,10594,0.000000
10,178,233,10594,44.006990
10,179,70,10594,18.090770
10,180,0,10594,0.000000
10,181,1561,10594,435.749275
10,182,793,10594,214.915513
10,183,0,10594,0.000000
10,184,0,10594,0.000000
10,185,0,10594,0.000000
10,186,0,10594,0.000000
10,187,0,10594,0.000000
10,188,30,10594,5.948512
10,189,0,10594,0.000000
10,190,0,10594,0.000000
10,191,152,10594,23.711915
10,192,0,10594,0.000000
10,193,7,10594,1.289941
10,194,0,10594,0.000000
10,195,463,10594,110.469948
10,196,0,10594,0.000000
10,197,423,10594,118.629726
10,198,0,10594,0.000000
10,199,0,10594,0.000000
10,200,0,10594,0.000000
10,201,618,10594,145.177462
10,202,135,10594,20.903392
10,203,0,10594,0.000000
10,204,0,10594,0.000000
10,205,318,10594,79.715000
10,206,0,10594,0.000000
10,207,0,10594,0.000000
10,208,94,10594,22.795516
10,209,33,10594,7.356437
10,210,443,10594,124.517575
10,211,335,10594,64.109184
10,212,0,10594,0.000000
10,213,0,10594,0.000000
10,214,0,10594,0.000000
10,215,0,10594,0.000000
10,216,194,10594,45.156757
10,217,0,10594,0.000000
10,218,0,10594,0.000000
10,219,0,10594,0.000000
10,220,0,10594,0.000000
10,221,0,10594,0.000000
10,222,0,10594,0.000000
10,223,296,10594,73.618442
10,224,448,10594,69.847989
10,225,0,10594,0.000000
10,226,0,10594,0.000000
10,227,361,10594,99.193363
10,228,0,10594,0.000000
10,229,322,10594,76.587642
10,230,74,10594,15.673328
10,231,0,10594,0.000000
10,232,292,10594,74.011275
10,233,12,10594,2.471610
10,234,132,10594,37.764495
10,235,328,10594,75.372152
10,236,0,10594,0.000000
10,237,1190,10594,294.055375
10,238,150,10594,31.603310
10,239,0,10594,0.000000
10,240,0,10594,0.000000
10,241,0,10594,0.000000
10,242,0,10594,0.000000
10,243,0,10594,0.000000
10,244,161,10594,41.307797
10,245,74,10594,14.554015
10,246,0,10594,0.000000
10,247,249,10594,47.853462
10,248,0,10594,0.000000
10,249,0,10594,0.000000
10,250,0,10594,0.000000
10,251,1015,10594,266.956843
10,252,335,10594,74.650719
10,253,200,10594,52.842483
10,254,94,10594,20.327967
10,255,100,10594,24.731043
10,256,119,10594,33.216429
10,257,41,10594,9.352268
10,258,379,10594,92.488556
10,259,0,10594,0.000000
10,260,0,10594,0.000000
10,261,0,10594,0.000000
10,262,0,10594,0.000000
10,263,381,10594,93.559242
10,264,237,10594,63.654247
10,265,0,10594,0.000000
10,266,2618,10594,888.314524
10,267,50,10594,11.055340
10,268,0,10594,0.000000
10,269,50,10594,8.082523
10,270,0,10594,0.000000
10,271,37,10594,7.045694
10,272,0,10594,0.000000
10,273,108,10594,23.015049
10,274,725,10594,188.464690
10,275,0,10594,0.000000
10,276,571,10594,103.342187
10,277,105,10594,22.513516
10,278,112,10594,25.979889
10,279,182,10594,45.201007
10,280,274,10594,68.338410
10,281,302,10594,63.227772
10,282,0,10594,0.000000
10,283,0,10594,0.000000
10,284,205,10594,55.074246
10,285,0,10594,0.000000
10,286,235,10594,56.816247
10,287,816,10594,212.372774
10,288,0,10594,0.000000
10,289,0,10594,0.000000
10,290,0,10594,0.000000
10,291,0,10594,0.000000
10,292,1814,10594,541.818185
10,293,0,10594,0.000000
10,294,0,10594,0.000000
10,295,97,10594,19.933706
10,296,307,10594,80.550843
10,297,415,10594,97.740934
10,298,193,10594,39.737721
10,299,234,10594,62.306039
10,300,0,10594,0.000000
10,301,0,10594,0.000000
10,302,77,10594,17.610830
10,303,63,10594,10.095103
10,304,62,10594,14.779208
10,305,296,10594,68.096205
10,306,3,10594,0.609583
10,307,12,10594,2.186938
10,308,158,10594,37.624804
10,309,0,10594,0.000000
10,310,64,10594,10.446373
10,311,0,10594,0.000000
10,312,118,10594,24.586118
10,313,461,10594,124.396032
10,314,130,10594,24.330265
10,315,0,10594,0.000000
10,316,82,10594,17.657611
10,317,8,10594,1.821630
10,318,115,10594,28.046567
10,319,0,10594,0.000000
10,320,58,10594,10.317131
10,321,199,10594,35.330650
10,322,1708,10594,538.928363
10,323,773,10594,177.615132
10,324,57,10594,12.506345
10,325,0,10594,0.000000
10,326,450,10594,104.422688
10,327,127,10594,31.621534
10,328,0,10594,0.000000
10,329,0,10594,0.000000
10,330,0,10594,0.000000
10,331,0,10594,0.000000
10,332,146,10594,32.273604
10,333,241,10594,69.547790
10,334,104,10594,23.291894
10,335,908,10594,244.001856
10,336,81,10594,22.029780
10,337,0,10594,0.000000
10,338,37,10594,7.964558
10,339,584,10594,139.561768
10,340,15,10594,2.809409
10,341,376,10594,88.600167
10,342,1193,10594,343.962605
10,343,39,10594,8.672420
10,344,0,10594,0.000000
10,345,0,10594,0.000000
10,346,315,10594,77.000702
10,347,0,10594,0.000000
10,348,0,10594,0.000000
10,349,283,10594,66.295914
10,350,0,10594,0.000000
10,351,0,10594,0.000000
10,352,348,10594,88.991495
10,353,0,10594,0.000000
10,354,0,10594,0.000000
10,355,296,10594,62.628853
10,356,0,10594,0.000000
10,357,0,10594,0.000000
10,358,284,10594,62.408000
10,359,0,10594,0.000000
10,360,275,10594,75.131487
10,361,0,10594,0.000000
10,362,355,10594,89.997018
10,363,0,10594,0.000000
10,364,0,10594,0.000000
10,365,86,10594,16.124299
10,366,0,10594,0.000000
10,367,0,10594,0.000000
10,368,0,10594,0.000000
10,369,0,10594,0.000000
10,370,0,10594,0.000000
10,371,148,10594,27.312438
10,372,0,10594,0.000000
10,373,169,10594,44.120552
10,374,161,10594,45.836822
10,375,38,10594,6.947859
10,376,173,10594,47.209515
10,377,33,10594,8.324714
10,378,55,10594,13.305499
10,379,0,10594,0.000000
10,380,78,10594,13.855645
10,381,3900,10594,1075.278984
10,382,46,10594,9.726739
10,383,0,10594,0.000000
11,0,146,10594,35.166186
11,1,0,10594,0.000000
11,2,0,10594,0.000000
11,3,0,10594,0.000000
11,4,0,10594,0.000000
11,5,164,10594,37.041402
11,6,0,10594,0.000000
11,7,96,10594,26.529789
11,8,0,10594,0.000000
11,9,17,10594,3.684183
11,10,0,10594,0.000000
11,11,71,10594,15.945383
11,12,0,10594,0.000000
11,13,2399,10594,601.317045
11,14,266,10594,49.266894
11,15,152,10594,33.453057
11,16,179,10594,40.927924
11,17,93,10594,21.768976
11,18,72,10594,12.380844
11,19,265,10594,63.642150
11,20,1204,10594,369.278020
11,21,463,10594,124.121391
11,22,585,10594,167.831163
11,23,0,10594,0.000000
11,24,1892,10594,654.330521
11,25,141,10594,42.542605
11,26,42,10594,8.424055
11,27,66,10594,14.198424
11,28,156,10594,37.389800
11,29,0,10594,0.000000
11,30,363,10594,80.279212
11,31,376,10594,112.153318
11,32,98,10594,24.875091
11,33,0,10594,0.000000
11,34,0,10594,0.000000
11,35,1259,10594,259.113196
11,36,132,10594,32.794738
11,37,492,10594,132.110409
11,38,0,10594,0.000000
11,39,0,10594,0.000000
11,40,0,10594,0.000000
11,41,1,10594,0.211842
11,42,118,10594,26.715769
11,43,135,10594,23.940916
11,44,0,10594,0.000000
11,45,0,10594,0.000000
11,46,56,10594,12.930361
11,47,338,10594,98.798641
11,48,68,10594,15.322484
11,49,0,10594,0.000000
11,50,185,10594,43.133928
11,51,0,10594,0.000000
11,52,166,10594,36.608354
11,53,0,10594,0.000000
11,54,153,10594,28.622525
11,55,0,10594,0.000000
11,56,695,10594,148.399896
11,57,179,10594,48.683484
11,58,0,10594,0.000000
11,59,0,10594,0.000000
11,60,3457,10594,1126.476209
11,61,0,10594,0.000000
11,62,0,10594,0.000000
11,63,0,10594,0.000000
11,64,61,10594,13.543220
11,65,81,10594,20.311619
11,66,125,10594,29.125629
11,67,0,10594,0.000000
11,68,174,10594,46.217456
11,69,0,10594,0.000000
11,70,163,10594,30.182208
11,71,0,10594,0.000000
11,72,0,10594,0.000000
11,73,36,10594,8.324236
11,74,194,10594,44.692231
11,75,114,10594,29.998338
11,76,0,10594,0.000000
11,77,0,10594,0.000000
11,78,143,10594,30.690203
11,79,0,10594,0.000000
11,80,0,10594,0.000000
11,81,55,10594,12.861016
11,82,605,10594,149.204764
11,83,133,10594,35.903229
11,84,245,10594,39.368213
11,85,95,10594,16.850494
11,86,0,10594,0.000000
11,87,291,10594,47.958879
11,88,135,10594,28.847277
11,89,0,10594,0.000000
11,90,112,10594,25.579716
11,91,0,10594,0.000000
11,92,145,10594,32.160249
11,93,0,10594,0.000000
11,94,242,10594,59.924057
11,95,0,10594,0.000000
11,96,366,10594,91.410245
11,97,101,10594,18.245529
11,98,244,10594,65.398003
11,99,407,10594,100.519813
11,100,77,10594,12.454085
11,101,0,10594,0.000000
11,102,672,10594,197.474129
11,103,101,10594,20.040475
11,104,0,10594,0.000000
11,105,0,10594,0.000000
11,106,0,10594,0.000000
11,107,0,10594,0.000000
11,108,66,10594,13.249980
11,109,28,10594,6.900127
11,110,146,10594,20.891385
11,111,738,10594,200.439342
11,112,216,10594,45.621801
11,113,0,10594,0.000000
11,114,338,10594,85.380949
11,115,0,10594,0.000000
11,116,63,10594,15.730582
11,117,0,10594,0.000000
11,118,0,10594,0.000000
11,119,47,10594,10.793075
11,120,0,10594,0.000000
11,121,6,10594,1.075845
11,122,225,10594,49.263181
11,123,0,10594,0.000000
11,124,432,10594,97.884455
11,125,250,10594,49.808048
11,126,0,10594,0.000000
11,127,0,10594,0.000000
11,128,140,10594,29.613158
11,129,9,10594,1.839287
11,130,260,10594,60.491666
11,131,444,10594,119.679100
11,132,268,10594,66.546644
11,133,0,10594,0.000000
11,134,0,10594,0.000000
11,135,0,10594,0.000000
11,136,0,10594,0.000000
11,137,0,10594,0.000000
11,138,212,10594,32.238320
11,139,0,10594,0.000000
11,140,51,10594,13.975679
11,141,337,10594,75.476739
11,142,245,10594,68.075987
11,143,159,10594,33.894638
11,144,0,10594,0.000000
11,145,0,10594,0.000000
11,146,0,10594,0.000000
11,147,380,10594,90.306622
11,148,510,10594,119.065091
11,149,1,10594,0.200645
11,150,342,10594,87.859766
11,151,0,10594,0.000000
11,152,598,10594,135.961877
11,153,0,10594,0.000000
11,154,0,10594,0.000000
11,155,0,10594,0.000000
11,156,0,10594,0.000000
11,157,0,10594,0.000000
11,158,284,10594,46.045070
11,159,0,10594,0.000000
11,160,0,10594,0.000000
11,161,0,10594,0.000000
11,162,149,10594,38.312701
11,163,360,10594,86.189093
11,164,231,10594,59.809412
11,165,42,10594,11.389951
11,166,709,10594,188.582756
11,167,172,10594,39.738453
11,168,372,10594,103.389536
11,169,0,10594,0.000000
11,170,98,10594,20.371883
11,171,130,10594,26.467068
11,172,83,10594,19.298778
11,173,152,10594,36.877247
11,174,786,10594,178.734488
11,175,785,10594,175.748538
11,176,104,10594,22.349811
11,177,107,10594,24.037484
11,178,2208,10594,456.345647
11,179,0,10594,0.000000
11,180,38,10594,8.420009
11,181,204,10594,58.434027
11,182,72,10594,14.025054
11,183,146,10594,28.515119
11,184,137,10594,26.709411
11,185,0,10594,0.000000
11,186,0,10594,0.000000
11,187,1117,10594,330.305163
11,188,0,10594,0.000000
11,189,28,10594,6.021974
11,190,0,10594,0.000000
11,191,206,10594,47.511791
11,192,0,10594,0.000000
11,193,0,10594,0.000000
11,194,0,10594,0.000000
11,195,11,10594,2.709336
11,196,3214,10594,795.302091
11,197,0,10594,0.000000
11,198,0,10594,0.000000
11,199,0,10594,0.000000
11,200,114,10594,28.733054
11,201,525,10594,123.274582
11,202,0,10594,0.000000
11,203,925,10594,255.464991
11,204,0,10594,0.000000
11,205,0,10594,0.000000
11,206,0,10594,0.000000
11,207,43,10594,10.204619
11,208,420,10594,106.928501
11,209,220,10594,44.379263
11,210,0,10594,0.000000
11,211,210,10594,45.197494
11,212,72,10594,17.107141
11,213,95,10594,29.994095
11,214,434,10594,70.208010
11,215,62,10594,13.439808
11,216,198,10594,47.137530
11,217,0,10594,0.000000
11,218,231,10594,50.098675
11,219,0,10594,0.000000
11,220,0,10594,0.000000
11,221,265,10594,60.087349
11,222,159,10594,31.318823
11,223,0,10594,0.000000
11,224,417,10594,111.746966
11,225,179,10594,37.914708
11,226,347,10594,68.501225
11,227,977,10594,240.507404
11,228,0,10594,0.000000
11,229,0,10594,0.000000
11,230,248,10594,56.767653
11,231,12,10594,2.497740
11,232,227,10594,71.111017
11,233,94,10594,24.567519
11,234,0,10594,0.000000
11,235,7,10594,1.480057
11,236,139,10594,25.794814
11,237,185,10594,40.509517
11,238,0,10594,0.000000
11,239,0,10594,0.000000
11,240,88,10594,17.460041
11,241,46,10594,7.434022
11,242,154,10594,39.720007
11,243,48,10594,11.359595
11,244,0,10594,0.000000
11,245,250,10594,56.300259
11,246,0,10594,0.000000
11,247,146,10594,30.504882
11,248,0,10594,0.000000
11,249,0,10594,0.000000
11,250,29,10594,4.950335
11,251,335,10594,88.633684
11,252,144,10594,41.817326
11,253,176,10594,42.573850
11,254,620,10594,166.451387
11,255,41,10594,7.540406
11,256,110,10594,21.318877
11,257,0,10594,0.000000
11,258,293,10594,60.214940
11,259,200,10594,44.081985
11,260,52,10594,10.608223
11,261,141,10594,40.785839
11,262,67,10594,14.420089
11,263,727,10594,204.726934
11,264,173,10594,30.309269
11,265,201,10594,44.051317
11,266,275,10594,62.082177
11,267,0,10594,0.000000
11,268,0,10594,0.000000
11,269,0,10594,0.000000
11,270,0,10594,0.000000
11,271,65,10594,10.576983
11,272,0,10594,0.000000
11,273,266,10594,83.745860
11,274,0,10594,0.000000
11,275,246,10594,71.713023
11,276,0,10594,0.000000
11,277,0,10594,0.000000
11,278,0,10594,0.000000
11,279,168,10594,37.142501
11,280,271,10594,63.783231
11,281,0,10594,0.000000
11,282,0,10594,0.000000
11,283,0,10594,0.000000
11,284,167,10594,38.891733
11,285,598,10594,169.295988
11,286,63,10594,16.414845
11,287,283,10594,72.157969
11,288,60,10594,14.157674
11,289,0,10594,0.000000
11,290,325,10594,81.922478
11,291,53,10594,10.731496
11,292,176,10594,27.791241
11,293,0,10594,0.000000
11,294,626,10594,152.648326
11,295,300,10594,92.424526
11,296,0,10594,0.000000
11,297,313,10594,86.362094
11,298,0,10594,0.000000
11,299,0,10594,0.000000
11,300,0,10594,0.000000
11,301,0,10594,0.000000
11,302,151,10594,36.276431
11,303,0,10594,0.000000
11,304,30,10594,6.182796
11,305,106,10594,19.502190
11,306,0,10594,0.000000
11,307,109,10594,28.162525
11,308,121,10594,28.584756
11,309,132,10594,32.089024
11,310,145,10594,34.216281
11,311,0,10594,0.000000
11,312,0,10594,0.000000
11,313,175,10594,40.328411
11,314,6,10594,0.935024
11,315,109,10594,26.553234
11,316,0,10594,0.000000
11,317,0,10594,0.000000
11,318,0,10594,0.000000
11,319,0,10594,0.000000
11,320,301,10594,73.014065
11,321,192,10594,44.271763
11,322,0,10594,0.000000
11,323,0,10594,0.000000
11,324,0,10594,0.000000
11,325,155,10594,40.402772
11,326,153,10594,33.023869
11,327,18,10594,3.475001
11,328,198,10594,47.687232
11,329,320,10594,87.422193
11,330,0,10594,0.000000
11,331,0,10594,0.000000
11,332,423,10594,114.698122
11,333,245,10594,52.895104
11,334,0,10594,0.000000
11,335,0,10594,0.000000
11,336,0,10594,0.000000
11,337,319,10594,71.615880
11,338,57,10594,11.511687
11,339,0,10594,0.000000
11,340,0,10594,0.000000
11,341,0,10594,0.000000
11,342,0,10594,0.000000
11,343,634,10594,159.818696
11,344,9,10594,1.662762
11,345,245,10594,66.499325
11,346,348,10594,77.464314
11,347,0,10594,0.000000
11,348,0,10594,0.000000
11,349,78,10594,16.466093
11,350,0,10594,0.000000
11,351,6,10594,1.019624
11,352,399,10594,111.115935
11,353,775,10594,210.477065
11,354,0,10594,0.000000
11,355,234,10594,55.780170
11,356,133,10594,34.045813
11,357,90,10594,20.163864
11,358,0,10594,0.000000
11,359,60,10594,14.623205
11,360,0,10594,0.000000
11,361,0,10594,0.000000
11,362,58,10594,12.532063
11,363,281,10594,71.116319
11,364,0,10594,0.000000
11,365,52,10594,10.875027
11,366,0,10594,0.000000
11,367,0,10594,0.000000
11,368,0,10594,0.000000
11,369,70,10594,13.816927
11,370,0,10594,0.000000
11,371,363,10594,80.928944
11,372,0,10594,0.000000
11,373,0,10594,0.000000
11,374,625,10594,151.965241
11,375,79,10594,16.954131
11,376,0,10594,0.000000
11,377,0,10594,0.000000
11,378,0,10594,0.000000
11,379,59,10594,14.583215
11,380,0,10594,0.000000
11,381,0,10594,0.000000
11,382,87,10594,22.563603
11,383,0,10594,0.000000
12,0,122,10594,29.988734
12,1,0,10594,0.000000
12,2,0,10594,0.000000
12,3,0,10594,0.000000
12,4,171,10594,39.782973
12,5,66,10594,13.749819
12,6,419,10594,128.490850
12,7,0,10594,0.000000
12,8,0,10594,0.000000
12,9,0,10594,0.000000
12,10,5,10594,1.030892
12,11,347,10594,85.029370
12,12,563,10594,138.839254
12,13,0,10594,0.000000
12,14,97,10594,18.697600
12,15,0,10594,0.000000
12,16,46,10594,10.006738
12,17,0,10594,0.000000
12,18,63,10594,16.169972
12,19,426,10594,81.744236
12,20,154,10594,35.766186
12,21,1447,10594,335.626308
12,22,0,10594,0.000000
12,23,275,10594,60.820591
12,24,0,10594,0.000000
12,25,434,10594,104.111256
12,26,0,10594,0.000000
12,27,232,10594,60.273349
12,28,0,10594,0.000000
12,29,220,10594,52.855035
12,30,0,10594,0.000000
12,31,245,10594,56.892373
12,32,1257,10594,363.719932
12,33,90,10594,21.658030
12,34,125,10594,27.162350
12,35,23,10594,4.022572
12,36,251,10594,69.840043
12,37,0,10594,0.000000
12,38,0,10594,0.000000
12,39,112,10594,23.482938
12,40,331,10594,84.106841
12,41,113,10594,26.425367
12,42,25,10594,5.938038
12,43,189,10594,38.625649
12,44,345,10594,95.583477
12,45,0,10594,0.000000
12,46,256,10594,56.180601
12,47,0,10594,0.000000
12,48,732,10594,173.143464
12,49,828,10594,219.188802
12,50,192,10594,45.776963
12,51,57,10594,13.200897
12,52,0,10594,0.000000
12,53,434,10594,115.436514
12,54,0,10594,0.000000
12,55,293,10594,78.452004
12,56,0,10594,0.000000
12,57,0,10594,0.000000
12,58,188,10594,48.940853
12,59,409,10594,82.820179
12,60,0,10594,0.000000
12,61,0,10594,0.000000
12,62,180,10594,39.660840
12,63,0,10594,0.000000
12,64,384,10594,111.600279
12,65,0,10594,0.000000
12,66,145,10594,36.289490
12,67,48,10594,10.458186
12,68,0,10594,0.000000
12,69,0,10594,0.000000
12,70,0,10594,0.000000
12,71,416,10594,113.307877
12,72,142,10594,35.432198
12,73,1783,10594,446.442945
12,74,118,10594,29.085347
12,75,93,10594,23.514381
12,76,0,10594,0.000000
12,77,114,10594,27.948813
12,78,0,10594,0.000000
12,79,0,10594,0.000000
12,80,118,10594,22.177251
12,81,0,10594,0.000000
12,82,0,10594,0.000000
12,83,124,10594,25.774468
12,84,0,10594,0.000000
12,85,161,10594,47.542401
12,86,110,10594,24.041979
12,87,325,10594,83.375501
12,88,89,10594,16.218412
12,89,0,10594,0.000000
12,90,464,10594,131.590185
12,91,41,10594,7.795377
12,92,0,10594,0.000000
12,93,157,10594,35.681551
12,94,206,10594,52.363513
12,95,150,10594,33.310173
12,96,352,10594,93.414018
12,97,989,10594,277.144189
12,98,588,10594,183.673668
12,99,0,10594,0.000000
12,100,204,10594,55.434398
12,101,279,10594,78.334710
12,102,188,10594,44.494172
12,103,0,10594,0.000000
12,104,0,10594,0.000000
12,105,80,10594,18.508429
12,106,137,10594,28.386200
12,107,0,10594,0.000000
12,108,0,10594,0.000000
12,109,475,10594,144.555655
12,110,179,10594,40.014090
12,111,273,10594,73.818436
12,112,0,10594,0.000000
12,113,0,10594,0.000000
12,114,0,10594,0.000000
12,115,0,10594,0.000000
12,116,0,10594,0.000000
12,117,0,10594,0.000000
12,118,149,10594,34.957397
12,119,0,10594,0.000000
12,120,0,10594,0.000000
12,121,0,10594,0.000000
12,122,1382,10594,541.089116
12,123,325,10594,85.581164
12,124,255,10594,55.592085
12,125,0,10594,0.000000
12,126,67,10594,13.987089
12,127,122,10594,27.727039
12,128,139,10594,28.472541
12,129,40,10594,9.960727
12,130,0,10594,0.000000
12,131,269,10594,61.563552
12,132,0,10594,0.000000
12,133,199,10594,43.194240
12,134,136,10594,36.857153
12,135,116,10594,27.830149
12,136,299,10594,57.388019
12,137,0,10594,0.000000
12,138,64,10594,13.240281
12,139,296,10594,73.582283
12,140,0,10594,0.000000
12,141,162,10594,40.697787
12,142,171,10594,29.306800
12,143,590,10594,134.530836
12,144,293,10594,55.434481
12,145,0,10594,0.000000
12,146,0,10594,0.000000
12,147,0,10594,0.000000
12,148,0,10594,0.000000
12,149,0,10594,0.000000
12,150,0,10594,0.000000
12,151,3021,10594,800.374466
12,152,0,10594,0.000000
12,153,0,10594,0.000000
12,154,1099,10594,315.498135
12,155,61,10594,11.676891
12,156,214,10594,53.429244
12,157,0,10594,0.000000
12,158,116,10594,25.648515
12,159,41,10594,8.384724
12,160,0,10594,0.000000
12,161,16,10594,3.400420
12,162,1159,10594,283.178874
12,163,37,10594,7.067726
12,164,0,10594,0.000000
12,165,38,10594,8.924993
12,166,0,10594,0.000000
12,167,0,10594,0.000000
12,168,96,10594,23.427915
12,169,22,10594,4.725737
12,170,0,10594,0.000000
12,171,150,10594,30.274524
12,172,0,10594,0.000000
12,173,0,10594,0.000000
12,174,0,10594,0.000000
12,175,0,10594,0.000000
12,176,145,10594,35.265712
12,177,0,10594,0.000000
12,178,0,10594,0.000000
12,179,53,10594,11.170097
12,180,144,10594,30.622701
12,181,179,10594,46.734447
12,182,0,10594,0.000000
12,183,69,10594,12.421115
12,184,0,10594,0.000000
12,185,0,10594,0.000000
12,186,80,10594,23.858285
12,187,38,10594,10.398500
12,188,0,10594,0.000000
12,189,55,10594,12.917843
12,190,0,10594,0.000000
12,191,0,10594,0.000000
12,192,160,10594,37.138689
12,193,0,10594,0.000000
12,194,777,10594,189.260341
12,195,0,10594,0.000000
12,196,54,10594,12.465964
12,197,0,10594,0.000000
12,198,45,10594,8.700202
12,199,0,10594,0.000000
12,200,3,10594,0.573801
12,201,1262,10594,235.790374
12,202,181,10594,34.184968
12,203,0,10594,0.000000
12,204,0,10594,0.000000
12,205,0,10594,0.000000
12,206,235,10594,57.883391
12,207,551,10594,154.441215
12,208,85,10594,21.091479
12,209,407,10594,109.124998
12,210,96,10594,21.757670
12,211,0,10594,0.000000
12,212,131,10594,38.744300
12,213,234,10594,62.136774
12,214,195,10594,47.394788
12,215,112,10594,24.909257
12,216,0,10594,0.000000
12,217,156,10594,34.345941
12,218,0,10594,0.000000
12,219,242,10594,47.342385
12,220,0,10594,0.000000
12,221,19,10594,5.131849
12,222,179,10594,57.793778
12,223,120,10594,28.566081
12,224,765,10594,214.572076
12,225,402,10594,90.422552
12,226,0,10594,0.000000
12,227,0,10594,0.000000
12,228,0,10594,0.000000
12,229,392,10594,95.193054
12,230,419,10594,108.919550
12,231,0,10594,0.000000
12,232,0,10594,0.000000
12,233,85,10594,23.863244
12,234,0,10594,0.000000
12,235,187,10594,55.271709
12,236,0,10594,0.000000
12,237,0,10594,0.000000
12,238,233,10594,50.835565
12,239,0,10594,0.000000
12,240,217,10594,61.185353
12,241,0,10594,0.000000
12,242,3,10594,0.511534
12,243,109,10594,24.395334
12,244,0,10594,0.000000
12,245,0,10594,0.000000
12,246,53,10594,11.058386
12,247,440,10594,104.075679
12,248,417,10594,113.144037
12,249,103,10594,24.388281
12,250,0,10594,0.000000
12,251,219,10594,49.880861
12,252,32,10594,6.352741
12,253,285,10594,69.690388
12,254,697,10594,188.819009
12,255,107,10594,24.473761
12,256,0,10594,0.000000
12,257,0,10594,0.000000
12,258,0,10594,0.000000
12,259,0,10594,0.000000
12,260,0,10594,0.000000
12,261,1250,10594,292.477304
12,262,59,10594,13.372744
12,263,142,10594,34.038351
12,264,0,10594,0.000000
12,265,28,10594,6.124717
12,266,0,10594,0.000000
12,267,452,10594,108.078058
12,268,0,10594,0.000000
12,269,80,10594,17.358798
12,270,182,10594,39.490351
12,271,0,10594,0.000000
12,272,192,10594,47.627414
12,273,0,10594,0.000000
12,274,0,10594,0.000000
12,275,381,10594,125.899795
12,276,0,10594,0.000000
12,277,76,10594,12.745962
12,278,65,10594,14.658717
12,279,399,10594,105.915597
12,280,255,10594,57.283763
12,281,0,10594,0.000000
12,282,0,10594,0.000000
12,283,601,10594,148.004591
12,284,0,10594,0.000000
12,285,491,10594,78.727068
12,286,0,10594,0.000000
12,287,273,10594,67.323280
12,288,0,10594,0.000000
12,289,0,10594,0.000000
12,290,0,10594,0.000000
12,291,13,10594,1.870043
12,292,126,10594,29.051317
12,293,69,10594,16.281831
12,294,0,10594,0.000000
12,295,152,10594,40.335721
12,296,1419,10594,461.064536
12,297,0,10594,0.000000
12,298,43,10594,10.574065
12,299,312,10594,62.790314
12,300,113,10594,27.786775
12,301,124,10594,24.107506
12,302,136,10594,35.580422
12,303,307,10594,66.438893
12,304,0,10594,0.000000
12,305,0,10594,0.000000
12,306,92,10594,21.312596
12,307,59,10594,13.988302
12,308,137,10594,32.313803
12,309,0,10594,0.000000
12,310,413,10594,90.743420
12,311,59,10594,14.384412
12,312,55,10594,13.060445
12,313,0,10594,0.000000
12,314,0,10594,0.000000
12,315,0,10594,0.000000
12,316,52,10594,11.035983
12,317,313,10594,81.030869
12,318,570,10594,118.902538
12,319,310,10594,71.412479
12,320,176,10594,43.280834
12,321,455,10594,118.321015
12,322,0,10594,0.000000
12,323,0,10594,0.000000
12,324,205,10594,33.642713
12,325,0,10594,0.000000
12,326,197,10594,45.391250
12,327,72,10594,18.421978
12,328,613,10594,140.779290
12,329,253,10594,56.839444
12,330,0,10594,0.000000
12,331,132,10594,32.858914
12,332,0,10594,0.000000
12,333,0,10594,0.000000
12,334,408,10594,76.822539
12,335,145,10594,38.574986
12,336,508,10594,139.237985
12,337,9,10594,2.353385
12,338,78,10594,18.094260
12,339,158,10594,41.463146
12,340,452,10594,113.041239
12,341,358,10594,79.921257
12,342,0,10594,0.000000
12,343,41,10594,8.606181
12,344,0,10594,0.000000
12,345,202,10594,58.320270
12,346,0,10594,0.000000
12,347,0,10594,0.000000
12,348,285,10594,64.096299
12,349,38,10594,10.098922
12,350,0,10594,0.000000
12,351,0,10594,0.000000
12,352,0,10594,0.000000
12,353,0,10594,0.000000
12,354,0,10594,0.000000
12,355,0,10594,0.000000
12,356,0,10594,0.000000
12,357,0,10594,0.000000
12,358,0,10594,0.000000
12,359,0,10594,0.000000
12,360,268,10594,60.449272
12,361,204,10594,48.503334
12,362,138,10594,33.248977
12,363,412,10594,71.418939
12,364,62,10594,7.581441
12,365,0,10594,0.000000
12,366,358,10594,85.648529
12,367,0,10594,0.000000
12,368,58,10594,11.616183
12,369,433,10594,103.528175
12,370,0,10594,0.000000
12,371,0,10594,0.000000
12,372,0,10594,0.000000
12,373,1193,10594,325.262459
12,374,53,10594,6.802093
12,375,0,10594,0.000000
12,376,621,10594,134.248118
12,377,212,10594,71.255718
12,378,0,10594,0.000000
12,379,97,10594,19.357775
12,380,553,10594,169.388514
12,381,139,10594,31.607797
12,382,317,10594,70.120382
12,383,851,10594,156.408495
13,0,245,10594,58.244806
13,1,111,10594,32.678704
13,2,195,10594,36.944324
13,3,326,10594,68.308924
13,4,175,10594,38.748156
13,5,104,10594,28.131396
13,6,34,10594,8.140850
13,7,0,10594,0.000000
13,8,141,10594,31.623374
13,9,0,10594,0.000000
13,10,285,10594,56.745293
13,11,171,10594,44.595139
13,12,0,10594,0.000000
13,13,0,10594,0.000000
13,14,29,10594,5.801182
13,15,30,10594,6.309349
13,16,0,10594,0.000000
13,17,0,10594,0.000000
13,18,375,10594,102.323518
13,19,498,10594,127.234816
13,20,198,10594,47.871273
13,21,119,10594,31.250528
13,22,626,10594,120.871695
13,23,99,10594,26.773969
13,24,67,10594,17.589312
13,25,0,10594,0.000000
13,26,235,10594,61.023675
13,27,0,10594,0.000000
13,28,482,10594,105.983782
13,29,0,10594,0.000000
13,30,0,10594,0.000000
13,31,0,10594,0.000000
13,32,0,10594,0.000000
13,33,111,10594,31.672151
13,34,59,10594,11.832221
13,35,174,10594,41.458899
13,36,7,10594,1.668223
13,37,0,10594,0.000000
13,38,635,10594,179.115202
13,39,36,10594,5.748595
13,40,309,10594,101.675276
13,41,0,10594,0.000000
13,42,284,10594,73.094585
13,43,0,10594,0.000000
13,44,73,10594,16.859202
13,45,64,10594,15.452012
13,46,102,10594,19.617377
13,47,143,10594,39.597139
13,48,0,10594,0.000000
13,49,0,10594,0.000000
13,50,157,10594,44.119636
13,51,60,10594,19.188177
13,52,0,10594,0.000000
13,53,0,10594,0.000000
13,54,162,10594,38.532412
13,55,0,10594,0.000000
13,56,0,10594,0.000000
13,57,21,10594,4.714452
13,58,229,10594,56.970174
13,59,339,10594,77.796571
13,60,0,10594,0.000000
13,61,73,10594,14.920122
13,62,0,10594,0.000000
13,63,214,10594,52.519489
13,64,0,10594,0.000000
13,65,0,10594,0.000000
13,66,453,10594,139.050649
13,67,32,10594,6.998286
13,68,0,10594,0.000000
13,69,93,10594,23.479131
13,70,162,10594,40.088567
13,71,97,10594,19.750309
13,72,0,10594,0.000000
13,73,372,10594,80.481943
13,74,0,10594,0.000000
13,75,171,10594,25.135941
13,76,53,10594,11.056730
13,77,295,10594,69.928591
13,78,179,10594,43.008647
13,79,115,10594,21.521054
13,80,0,10594,0.000000
13,81,40,10594,6.010324
13,82,120,10594,37.251841
13,83,656,10594,113.236862
13,84,106,10594,34.946593
13,85,0,10594,0.000000
13,86,190,10594,57.580476
13,87,385,10594,103.725598
13,88,169,10594,38.461209
13,89,63,10594,14.052851
13,90,192,10594,40.325978
13,91,0,10594,0.000000
13,92,43,10594,9.103360
13,93,0,10594,0.000000
13,94,209,10594,49.715089
13,95,373,10594,84.652810
13,96,104,10594,24.313313
13,97,0,10594,0.000000
13,98,0,10594,0.000000
13,99,85,10594,17.861260
13,100,0,10594,0.000000
13,101,0,10594,0.000000
13,102,0,10594,0.000000
13,103,284,10594,43.550720
13,104,93,10594,19.260887
13,105,0,10594,0.000000
13,106,213,10594,63.484121
13,107,0,10594,0.000000
13,108,0,10594,0.000000
13,109,178,10594,40.412869
13,110,0,10594,0.000000
13,111,62,10594,13.836363
13,112,47,10594,10.736463
13,113,71,10594,19.755234
13,114,31,10594,7.624746
13,115,44,10594,8.478786
13,116,0,10594,0.000000
13,117,0,10594,0.000000
13,118,236,10594,37.221198
13,119,0,10594,0.000000
13,120,0,10594,0.000000
13,121,1348,10594,369.954942
13,122,0,10594,0.000000
13,123,318,10594,94.720938
13,124,143,10594,29.255058
13,125,53,10594,9.357812
13,126,0,10594,0.000000
13,127,157,10594,36.822207
13,128,61,10594,14.155763
13,129,117,10594,21.570906
13,130,0,10594,0.000000
13,131,249,10594,51.260562
13,132,21,10594,5.373278
13,133,0,10594,0.000000
13,134,0,10594,0.000000
13,135,0,10594,0.000000
13,136,45,10594,8.095674
13,137,273,10594,65.890852
13,138,0,10594,0.000000
13,139,1107,10594,296.447711
13,140,247,10594,53.362837
13,141,0,10594,0.000000
13,142,52,10594,10.348013
13,143,525,10594,219.465563
13,144,0,10594,0.000000
13,145,301,10594,56.365162
13,146,0,10594,0.000000
13,147,126,10594,39.409711
13,148,1781,10594,461.939015
13,149,0,10594,0.000000
13,150,219,10594,60.631554
13,151,221,10594,50.419692
13,152,185,10594,38.453196
13,153,412,10594,104.238271
13,154,85,10594,19.244980
13,155,0,10594,0.000000
13,156,0,10594,0.000000
13,157,268,10594,64.610596
13,158,0,10594,0.000000
13,159,112,10594,26.902288
13,160,76,10594,15.587752
13,161,0,10594,0.000000
13,162,0,10594,0.000000
13,163,0,10594,0.000000
13,164,0,10594,0.000000
13,165,0,10594,0.000000
13,166,451,10594,125.185357
13,167,117,10594,28.113877
13,168,0,10594,0.000000
13,169,146,10594,45.359465
13,170,0,10594,0.000000
13,171,0,10594,0.000000
13,172,109,10594,24.960672
13,173,0,10594,0.000000
13,174,511,10594,107.643429
13,175,370,10594,97.856199
13,176,0,10594,0.000000
13,177,124,10594,24.473225
13,178,0,10594,0.000000
13,179,0,10594,0.000000
13,180,130,10594,26.146522
13,181,0,10594,0.000000
13,182,634,10594,246.850313
13,183,0,10594,0.000000
13,184,189,10594,41.805317
13,185,0,10594,0.000000
13,186,0,10594,0.000000
13,187,0,10594,0.000000
13,188,521,10594,117.419232
13,189,0,10594,0.000000
13,190,100,10594,26.471424
13,191,40,10594,9.020836
13,192,124,10594,28.188996
13,193,120,10594,38.158953
13,194,0,10594,0.000000
13,195,73,10594,15.310761
13,196,0,10594,0.000000
13,197,136,10594,27.407509
13,198,0,10594,0.000000
13,199,81,10594,16.524564
13,200,0,10594,0.000000
13,201,283,10594,65.500393
13,202,0,10594,0.000000
13,203,238,10594,64.536515
13,204,287,10594,66.575078
13,205,80,10594,19.204341
13,206,96,10594,24.310082
13,207,255,10594,61.351097
13,208,0,10594,0.000000
13,209,74,10594,16.162791
13,210,344,10594,87.693640
13,211,56,10594,11.147934
13,212,226,10594,67.076540
13,213,0,10594,0.000000
13,214,0,10594,0.000000
13,215,4,10594,0.870524
13,216,0,10594,0.000000
13,217,0,10594,0.000000
13,218,649,10594,128.356188
13,219,43,10594,7.340292
13,220,190,10594,56.719196
13,221,1974,10594,506.590789
13,222,297,10594,87.080724
13,223,190,10594,43.448646
13,224,921,10594,208.624856
13,225,86,10594,17.776129
13,226,374,10594,93.403560
13,227,68,10594,16.606060
13,228,278,10594,61.839402
13,229,103,10594,18.277763
13,230,0,10594,0.000000
13,231,0,10594,0.000000
13,232,129,10594,33.607956
13,233,0,10594,0.000000
13,234,457,10594,100.347551
13,235,756,10594,203.783118
13,236,178,10594,37.109569
13,237,239,10594,46.445358
13,238,0,10594,0.000000
13,239,0,10594,0.000000
13,240,0,10594,0.000000
13,241,157,10594,36.666468
13,242,33,10594,4.895249
13,243,64,10594,15.365868
13,244,0,10594,0.000000
13,245,115,10594,25.037685
13,246,241,10594,48.653606
13,247,227,10594,44.742665
13,248,336,10594,82.720002
13,249,118,10594,30.826501
13,250,0,10594,0.000000
13,251,106,10594,26.081764
13,252,191,10594,49.191374
13,253,160,10594,37.288493
13,254,59,10594,11.335206
13,255,190,10594,42.376236
13,256,0,10594,0.000000
13,257,0,10594,0.000000
13,258,674,10594,139.706151
13,259,47,10594,7.895451
13,260,273,10594,69.153325
13,261,198,10594,47.957324
13,262,883,10594,228.315185
13,263,201,10594,44.309170
13,264,0,10594,0.000000
13,265,167,10594,24.875912
13,266,1047,10594,408.083204
13,267,186,10594,41.056106
13,268,0,10594,0.000000
13,269,318,10594,63.139947
13,270,0,10594,0.000000
13,271,212,10594,57.089412
13,272,218,10594,51.330498
13,273,530,10594,148.425043
13,274,332,10594,88.424400
13,275,0,10594,0.000000
13,276,0,10594,0.000000
13,277,382,10594,85.542465
13,278,441,10594,101.162197
13,279,54,10594,13.422823
13,280,54,10594,13.462304
13,281,375,10594,105.473865
13,282,3428,10594,943.695629
13,283,244,10594,56.946866
13,284,0,10594,0.000000
13,285,310,10594,76.433417
13,286,0,10594,0.000000
13,287,104,10594,24.852598
13,288,0,10594,0.000000
13,289,0,10594,0.000000
13,290,0,10594,0.000000
13,291,322,10594,58.006163
13,292,286,10594,82.366206
13,293,851,10594,192.819630
13,294,0,10594,0.000000
13,295,155,10594,41.044777
13,296,1868,10594,472.400393
13,297,307,10594,85.769163
13,298,144,10594,33.584031
13,299,0,10594,0.000000
13,300,155,10594,29.102547
13,301,0,10594,0.000000
13,302,0,10594,0.000000
13,303,0,10594,0.000000
13,304,0,10594,0.000000
13,305,340,10594,91.905559
13,306,36,10594,7.496586
13,307,50,10594,10.466558
13,308,0,10594,0.000000
13,309,134,10594,36.006337
13,310,65,10594,16.656438
13,311,0,10594,0.000000
13,312,0,10594,0.000000
13,313,249,10594,60.485932
13,314,76,10594,16.924516
13,315,2,10594,0.325771
13,316,70,10594,15.678882
13,317,0,10594,0.000000
13,318,26,10594,5.381227
13,319,0,10594,0.000000
13,320,0,10594,0.000000
13,321,0,10594,0.000000
13,322,37,10594,7.459723
13,323,280,10594,64.807521
13,324,99,10594,23.443744
13,325,0,10594,0.000000
13,326,164,10594,42.873093
13,327,144,10594,35.826539
13,328,0,10594,0.000000
13,329,95,10594,16.114694
13,330,0,10594,0.000000
13,331,94,10594,10.384031
13,332,0,10594,0.000000
13,333,0,10594,0.000000
13,334,0,10594,0.000000
13,335,191,10594,48.585532
13,336,52,10594,14.786560
13,337,147,10594,35.696874
13,338,375,10594,103.579638
13,339,0,10594,0.000000
13,340,91,10594,19.002287
13,341,0,10594,0.000000
13,342,94,10594,18.379226
13,343,0,10594,0.000000
13,344,258,10594,67.061857
13,345,104,10594,22.841376
13,346,202,10594,49.845218
13,347,0,10594,0.000000
13,348,171,10594,40.392540
13,349,0,10594,0.000000
13,350,0,10594,0.000000
13,351,0,10594,0.000000
13,352,95,10594,20.706689
13,353,1377,10594,416.514293
13,354,183,10594,19.463200
13,355,0,10594,0.000000
13,356,380,10594,87.130860
13,357,0,10594,0.000000
13,358,251,10594,56.698831
13,359,97,10594,19.003570
13,360,56,10594,13.952891
13,361,64,10594,14.150345
13,362,0,10594,0.000000
13,363,30,10594,9.622493
13,364,0,10594,0.000000
13,365,0,10594,0.000000
13,366,38,10594,7.398700
13,367,299,10594,59.296312
13,368,590,10594,124.674532
13,369,72,10594,16.669195
13,370,216,10594,43.432154
13,371,151,10594,41.918359
13,372,274,10594,83.451321
13,373,161,10594,26.962643
13,374,402,10594,113.932018
13,375,0,10594,0.000000
13,376,560,10594,133.052279
13,377,2377,10594,631.728158
13,378,0,10594,0.000000
13,379,0,10594,0.000000
13,380,159,10594,45.780151
13,381,0,10594,0.000000
13,382,157,10594,29.613599
13,383,0,10594,0.000000
14,0,0,10594,0.000000
14,1,2092,10594,725.832259
14,2,92,10594,21.345034
14,3,134,10594,31.847867
14,4,0,10594,0.000000
14,5,0,10594,0.000000
14,6,85,10594,21.246469
14,7,0,10594,0.000000
14,8,0,10594,0.000000
14,9,0,10594,0.000000
14,10,287,10594,65.503540
14,11,189,10594,49.258969
14,12,15,10594,2.744432
14,13,0,10594,0.000000
14,14,106,10594,21.425376
14,15,0,10594,0.000000
14,16,306,10594,80.948809
14,17,78,10594,18.701717
14,18,184,10594,46.250814
14,19,31,10594,7.728327
14,20,237,10594,54.752355
14,21,0,10594,0.000000
14,22,566,10594,193.079179
14,23,0,10594,0.000000
14,24,0,10594,0.000000
14,25,0,10594,0.000000
14,26,26,10594,5.053296
14,27,94,10594,20.306459
14,28,99,10594,19.821034
14,29,524,10594,126.708625
14,30,523,10594,122.428342
14,31,27,10594,6.045340
14,32,342,10594,82.136438
14,33,136,10594,29.476282
14,34,0,10594,0.000000
14,35,0,10594,0.000000
14,36,84,10594,16.107079
14,37,244,10594,64.372990
14,38,0,10594,0.000000
14,39,0,10594,0.000000
14,40,129,10594,30.061091
14,41,0,10594,0.000000
14,42,0,10594,0.000000
14,43,32,10594,9.733205
14,44,0,10594,0.000000
14,45,224,10594,50.592159
14,46,184,10594,46.794435
14,47,74,10594,15.275603
14,48,159,10594,36.883294
14,49,0,10594,0.000000
14,50,62,10594,12.729759
14,51,168,10594,38.285223
14,52,0,10594,0.000000
14,53,0,10594,0.000000
14,54,0,10594,0.000000
14,55,0,10594,0.000000
14,56,158,10594,42.416224
14,57,54,10594,11.183445
14,58,294,10594,72.034442
14,59,211,10594,61.366575
14,60,0,10594,0.000000
14,61,0,10594,0.000000
14,62,141,10594,42.116543
14,63,80,10594,18.665170
14,64,1085,10594,223.664726
14,65,0,10594,0.000000
14,66,0,10594,0.000000
14,67,35,10594,9.257726
14,68,0,10594,0.000000
14,69,0,10594,0.000000
14,70,1367,10594,410.509202
14,71,109,10594,23.088407
14,72,927,10594,229.835473
14,73,0,10594,0.000000
14,74,0,10594,0.000000
14,75,0,10594,0.000000
14,76,39,10594,9.132401
14,77,0,10594,0.000000
14,78,142,10594,35.296082
14,79,0,10594,0.000000
14,80,838,10594,194.353502
14,81,0,10594,0.000000
14,82,0,10594,0.000000
14,83,76,10594,18.082606
14,84,27,10594,6.389671
14,85,156,10594,44.624778
14,86,0,10594,0.000000
14,87,0,10594,0.000000
14,88,1028,10594,277.265251
14,89,0,10594,0.000000
14,90,173,10594,49.265645
14,91,0,10594,0.000000
14,92,67,10594,16.167096
14,93,140,10594,38.635394
14,94,0,10594,0.000000
14,95,0,10594,0.000000
14,96,59,10594,12.304744
14,97,0,10594,0.000000
14,98,0,10594,0.000000
14,99,6,10594,1.182130
14,100,0,10594,0.000000
14,101,0,10594,0.000000
14,102,0,10594,0.000000
14,103,0,10594,0.000000
14,104,0,10594,0.000000
14,105,0,10594,0.000000
14,106,151,10594,31.069726
14,107,19,10594,4.204293
14,108,0,10594,0.000000
14,109,157,10594,34.994682
14,110,162,10594,37.664354
14,111,0,10594,0.000000
14,112,174,10594,34.276546
14,113,80,10594,18.432896
14,114,126,10594,55.768551
14,115,0,10594,0.000000
14,116,835,10594,265.493440
14,117,215,10594,48.504497
14,118,185,10594,44.705135
14,119,0,10594,0.000000
14,120,0,10594,0.000000
14,121,169,10594,32.984122
14,122,55,10594,12.293343
14,123,0,10594,0.000000
14,124,0,10594,0.000000
14,125,0,10594,0.000000
14,126,115,10594,30.057666
14,127,202,10594,47.068977
14,128,80,10594,16.637755
14,129,168,10594,37.106750
14,130,347,10594,76.314952
14,131,0,10594,0.000000
14,132,109,10594,24.478298
14,133,0,10594,0.000000
14,134,154,10594,37.117792
14,135,171,10594,43.018330
14,136,0,10594,0.000000
14,137,581,10594,116.490606
14,138,0,10594,0.000000
14,139,177,10594,41.184878
14,140,223,10594,35.819894
14,141,270,10594,60.825774
14,142,0,10594,0.000000
14,143,0,10594,0.000000
14,144,0,10594,0.000000
14,145,163,10594,37.268165
14,146,2305,10594,451.871856
14,147,205,10594,48.203844
14,148,0,10594,0.000000
14,149,197,10594,43.326603
14,150,0,10594,0.000000
14,151,0,10594,0.000000
14,152,656,10594,170.906379
14,153,157,10594,40.193693
14,154,0,10594,0.000000
14,155,0,10594,0.000000
14,156,0,10594,0.000000
14,157,303,10594,56.554755
14,158,61,10594,15.540025
14,159,36,10594,6.448400
14,160,258,10594,57.488621
14,161,142,10594,27.878640
14,162,58,10594,13.417495
14,163,0,10594,0.000000
14,164,115,10594,23.339676
14,165,406,10594,108.340754
14,166,0,10594,0.000000
14,167,113,10594,23.402913
14,168,118,10594,22.113133
14,169,471,10594,175.597056
14,170,57,10594,13.755956
14,171,91,10594,28.836966
14,172,114,10594,25.302341
14,173,0,10594,0.000000
14,174,0,10594,0.000000
14,175,0,10594,0.000000
14,176,130,10594,33.916871
14,177,0,10594,0.000000
14,178,0,10594,0.000000
14,179,0,10594,0.000000
14,180,109,10594,23.747806
14,181,279,10594,62.101919
14,182,1548,10594,415.430845
14,183,0,10594,0.000000
14,184,0,10594,0.000000
14,185,303,10594,62.149854
14,186,0,10594,0.000000
14,187,0,10594,0.000000
14,188,0,10594,0.000000
14,189,28,10594,5.491655
14,190,0,10594,0.000000
14,191,0,10594,0.000000
14,192,0,10594,0.000000
14,193,110,10594,24.819940
14,194,130,10594,26.838828
14,195,202,10594,48.585188
14,196,0,10594,0.000000
14,197,217,10594,52.309049
14,198,0,10594,0.000000
14,199,319,10594,73.003857
14,200,0,10594,0.000000
14,201,232,10594,60.689275
14,202,401,10594,113.445943
14,203,0,10594,0.000000
14,204,112,10594,21.767873
14,205,0,10594,0.000000
14,206,0,10594,0.000000
14,207,97,10594,17.402990
14,208,0,10594,0.000000
14,209,0,10594,0.000000
14,210,420,10594,91.598553
14,211,0,10594,0.000000
14,212,40,10594,11.568192
14,213,10,10594,2.334710
14,214,252,10594,74.584380
14,215,0,10594,0.000000
14,216,296,10594,71.225023
14,217,478,10594,131.444820
14,218,151,10594,31.568674
14,219,0,10594,0.000000
14,220,0,10594,0.000000
14,221,337,10594,88.932304
14,222,0,10594,0.000000
14,223,148,10594,31.902507
14,224,0,10594,0.000000
14,225,207,10594,47.319488
14,226,115,10594,19.705950
14,227,0,10594,0.000000
14,228,60,10594,14.490446
14,229,0,10594,0.000000
14,230,0,10594,0.000000
14,231,1019,10594,228.871946
14,232,61,10594,14.653518
14,233,965,10594,264.901244
14,234,88,10594,19.728492
14,235,1354,10594,303.685546
14,236,0,10594,0.000000
14,237,0,10594,0.000000
14,238,92,10594,17.947567
14,239,538,10594,134.592537
14,240,117,10594,28.416265
14,241,144,10594,46.045455
14,242,75,10594,18.239876
14,243,161,10594,42.533685
14,244,146,10594,34.306178
14,245,177,10594,45.511068
14,246,0,10594,0.000000
14,247,0,10594,0.000000
14,248,88,10594,21.575332
14,249,807,10594,201.073265
14,250,312,10594,89.974939
14,251,724,10594,159.826960
14,252,154,10594,37.629868
14,253,0,10594,0.000000
14,254,213,10594,46.849709
14,255,91,10594,22.015930
14,256,78,10594,15.418960
14,257,0,10594,0.000000
14,258,48,10594,14.124759
14,259,523,10594,138.046982
14,260,0,10594,0.000000
14,261,0,10594,0.000000
14,262,439,10594,101.778982
14,263,28,10594,7.369021
14,264,0,10594,0.000000
14,265,20,10594,4.005714
14,266,0,10594,0.000000
14,267,152,10594,43.931942
14,268,0,10594,0.000000
14,269,0,10594,0.000000
14,270,101,10594,25.531577
14,271,0,10594,0.000000
14,272,0,10594,0.000000
14,273,849,10594,213.305337
14,274,0,10594,0.000000
14,275,0,10594,0.000000
14,276,70,10594,15.966677
14,277,66,10594,17.153485
14,278,63,10594,9.801456
14,279,0,10594,0.000000
14,280,182,10594,42.737593
14,281,0,10594,0.000000
14,282,0,10594,0.000000
14,283,320,10594,83.165931
14,284,0,10594,0.000000
14,285,0,10594,0.000000
14,286,0,10594,0.000000
14,287,58,10594,14.644698
14,288,299,10594,58.903607
14,289,206,10594,46.405976
14,290,0,10594,0.000000
14,291,195,10594,46.789964
14,292,205,10594,49.055678
14,293,0,10594,0.000000
14,294,0,10594,0.000000
14,295,687,10594,181.438924
14,296,0,10594,0.000000
14,297,0,10594,0.000000
14,298,0,10594,0.000000
14,299,322,10594,76.854547
14,300,0,10594,0.000000
14,301,0,10594,0.000000
14,302,49,10594,9.702622
14,303,23,10594,5.494714
14,304,404,10594,81.426284
14,305,219,10594,50.252487
14,306,193,10594,53.118483
14,307,6,10594,0.749475
14,308,106,10594,20.127505
14,309,0,10594,0.000000
14,310,290,10594,69.270839
14,311,0,10594,0.000000
14,312,0,10594,0.000000
14,313,1,10594,0.211976
14,314,0,10594,0.000000
14,315,228,10594,59.243762
14,316,0,10594,0.000000
14,317,444,10594,116.146094
14,318,15,10594,4.799369
14,319,0,10594,0.000000
14,320,427,10594,90.697523
14,321,25,10594,5.755866
14,322,171,10594,42.050000
14,323,258,10594,62.869158
14,324,0,10594,0.000000
14,325,127,10594,34.142871
14,326,0,10594,0.000000
14,327,0,10594,0.000000
14,328,127,10594,26.071939
14,329,10,10594,1.349935
14,330,27,10594,5.805469
14,331,308,10594,75.802650
14,332,148,10594,26.617251
14,333,0,10594,0.000000
14,334,131,10594,27.181048
14,335,172,10594,40.975012
14,336,0,10594,0.000000
14,337,1027,10594,284.509444
14,338,0,10594,0.000000
14,339,0,10594,0.000000
14,340,121,10594,25.073391
14,341,0,10594,0.000000
14,342,0,10594,0.000000
14,343,250,10594,60.659312
14,344,0,10594,0.000000
14,345,43,10594,11.015047
14,346,278,10594,69.201200
14,347,0,10594,0.000000
14,348,0,10594,0.000000
14,349,653,10594,163.479568
14,350,477,10594,120.914392
14,351,0,10594,0.000000
14,352,306,10594,71.699926
14,353,138,10594,41.340235
14,354,500,10594,150.251271
14,355,174,10594,47.780027
14,356,0,10594,0.000000
14,357,219,10594,54.567315
14,358,1033,10594,221.249882
14,359,4,10594,0.857270
14,360,265,10594,56.456599
14,361,28,10594,6.406495
14,362,0,10594,0.000000
14,363,88,10594,19.653086
14,364,0,10594,0.000000
14,365,277,10594,75.762624
14,366,167,10594,44.173505
14,367,132,10594,32.364389
14,368,2244,10594,511.418287
14,369,0,10594,0.000000
14,370,0,10594,0.000000
14,371,1934,10594,651.599413
14,372,0,10594,0.000000
14,373,161,10594,44.747098
14,374,0,10594,0.000000
14,375,2456,10594,590.006209
14,376,294,10594,75.224400
14,377,113,10594,27.199267
14,378,56,10594,13.212744
14,379,577,10594,135.662491
14,380,514,10594,126.762145
14,381,208,10594,50.258458
14,382,187,10594,41.447611
14,383,67,10594,16.382925
15,0,257,10594,67.345814
15,1,170,10594,44.650741
15,2,59,10594,9.944538
15,3,93,10594,12.966053
15,4,2094,10594,898.886245
15,5,0,10594,0.000000
15,6,154,10594,28.457746
15,7,129,10594,27.970529
15,8,168,10594,25.693920
15,9,157,10594,44.063732
15,10,0,10594,0.000000
15,11,52,10594,8.031244
15,12,90,10594,28.128734
15,13,0,10594,0.000000
15,14,45,10594,12.347492
15,15,400,10594,109.438536
15,16,358,10594,165.852734
15,17,0,10594,0.000000
15,18,112,10594,22.753790
15,19,292,10594,90.705223
15,20,138,10594,34.795083
15,21,220,10594,64.088692
15,22,51,10594,9.961353
15,23,306,10594,46.228116
15,24,0,10594,0.000000
15,25,260,10594,58.286793
15,26,241,10594,48.459479
15,27,140,10594,22.190941
15,28,90,10594,13.742979
15,29,0,10594,0.000000
15,30,0,10594,0.000000
15,31,0,10594,0.000000
15,32,0,10594,0.000000
15,33,207,10594,63.556922
15,34,0,10594,0.000000
15,35,42,10594,11.272189
15,36,51,10594,13.473144
15,37,0,10594,0.000000
15,38,260,10594,87.416476
15,39,0,10594,0.000000
15,40,474,10594,95.787493
15,41,0,10594,0.000000
15,42,263,10594,60.457872
15,43,189,10594,54.183077
15,44,261,10594,59.378521
15,45,134,10594,32.122842
15,46,954,10594,265.471784
15,47,0,10594,0.000000
15,48,0,10594,0.000000
15,49,129,10594,23.377484
15,50,145,10594,48.011746
15,51,451,10594,64.157330
15,52,81,10594,15.919135
15,53,0,10594,0.000000
15,54,97,10594,31.388244
15,55,0,10594,0.000000
15,56,0,10594,0.000000
15,57,61,10594,26.455262
15,58,46,10594,16.203337
15,59,68,10594,16.584137
15,60,59,10594,12.949844
15,61,3231,10594,1268.858539
15,62,40,10594,15.655426
15,63,0,10594,0.000000
15,64,0,10594,0.000000
15,65,145,10594,48.238059
15,66,1883,10594,554.163041
15,67,0,10594,0.000000
15,68,0,10594,0.000000
15,69,189,10594,44.359719
15,70,264,10594,30.590030
15,71,0,10594,0.000000
15,72,0,10594,0.000000
15,73,196,10594,40.576530
15,74,236,10594,48.166256
15,75,38,10594,5.192538
15,76,238,10594,54.202442
15,77,0,10594,0.000000
15,78,0,10594,0.000000
15,79,428,10594,105.841394
15,80,0,10594,0.000000
15,81,0,10594,0.000000
15,82,45,10594,7.030462
15,83,389,10594,54.485993
15,84,0,10594,0.000000
15,85,162,10594,37.419869
15,86,122,10594,35.169166
15,87,170,10594,43.929215
15,88,102,10594,37.487924
15,89,152,10594,28.830576
15,90,136,10594,30.674508
15,91,181,10594,23.897269
15,92,117,10594,17.502765
15,93,394,10594,111.767065
15,94,0,10594,0.000000
15,95,248,10594,32.858699
15,96,0,10594,0.000000
15,97,0,10594,0.000000
15,98,34,10594,6.278015
15,99,207,10594,64.515562
15,100,267,10594,63.593934
15,101,0,10594,0.000000
15,102,278,10594,57.510082
15,103,126,10594,33.921797
15,104,33,10594,9.807871
15,105,0,10594,0.000000
15,106,522,10594,129.086898
15,107,0,10594,0.000000
15,108,0,10594,0.000000
15,109,0,10594,0.000000
15,110,272,10594,29.743814
15,111,294,10594,90.198467
15,112,44,10594,7.319440
15,113,329,10594,40.670329
15,114,0,10594,0.000000
15,115,142,10594,48.897542
15,116,0,10594,0.000000
15,117,0,10594,0.000000
15,118,223,10594,72.243551
15,119,275,10594,50.548781
15,120,0,10594,0.000000
15,121,81,10594,12.068622
15,122,83,10594,27.163004
15,123,174,10594,26.899472
15,124,135,10594,32.385167
15,125,66,10594,20.102558
15,126,83,10594,22.425728
15,127,0,10594,0.000000
15,128,0,10594,0.000000
15,129,311,10594,55.800186
15,130,114,10594,12.325182
15,131,91,10594,39.998778
15,132,0,10594,0.000000
15,133,604,10594,140.359982
15,134,257,10594,31.551632
15,135,0,10594,0.000000
15,136,208,10594,47.861890
15,137,632,10594,179.642541
15,138,0,10594,0.000000
15,139,236,10594,66.019281
15,140,154,10594,50.956421
15,141,48,10594,11.456251
15,142,0,10594,0.000000
15,143,117,10594,30.925063
15,144,92,10594,28.009252
15,145,0,10594,0.000000
15,146,770,10594,156.661604
15,147,0,10594,0.000000
15,148,206,10594,50.186459
15,149,0,10594,0.000000
15,150,578,10594,75.790582
15,151,0,10594,0.000000
15,152,82,10594,17.092000
15,153,0,10594,0.000000
15,154,281,10594,88.131046
15,155,45,10594,7.262248
15,156,0,10594,0.000000
15,157,19,10594,2.840741
15,158,93,10594,16.713435
15,159,222,10594,68.048622
15,160,122,10594,31.087232
15,161,64,10594,24.380892
15,162,120,10594,25.172380
15,163,0,10594,0.000000
15,164,41,10594,4.701886
15,165,1674,10594,370.799762
15,166,61,10594,11.988593
15,167,163,10594,34.905897
15,168,178,10594,25.672791
15,169,70,10594,15.349426
15,170,62,10594,15.952748
15,171,52,10594,12.014881
15,172,506,10594,126.438091
15,173,0,10594,0.000000
15,174,46,10594,11.116273
15,175,0,10594,0.000000
15,176,98,10594,16.773144
15,177,26,10594,3.974750
15,178,247,10594,57.000948
15,179,0,10594,0.000000
15,180,117,10594,18.375117
15,181,0,10594,0.000000
15,182,0,10594,0.000000
15,183,0,10594,0.000000
15,184,103,10594,13.696559
15,185,0,10594,0.000000
15,186,156,10594,67.242034
15,187,154,10594,29.713225
15,188,124,10594,26.707225
15,189,42,10594,5.769954
15,190,0,10594,0.000000
15,191,0,10594,0.000000
15,192,1188,10594,133.603548
15,193,82,10594,11.193759
15,194,95,10594,16.645610
15,195,258,10594,66.468691
15,196,118,10594,29.119068
15,197,222,10594,50.648443
15,198,157,10594,29.131530
15,199,60,10594,18.959980
15,200,1606,10594,264.910313
15,201,0,10594,0.000000
15,202,68,10594,7.186977
15,203,0,10594,0.000000
15,204,0,10594,0.000000
15,205,130,10594,20.260214
15,206,275,10594,80.516559
15,207,165,10594,33.865227
15,208,166,10594,37.425595
15,209,44,10594,9.782974
15,210,283,10594,32.270508
15,211,94,10594,25.472507
15,212,199,10594,41.107317
15,213,123,10594,16.269523
15,214,44,10594,9.343925
15,215,441,10594,77.118596
15,216,36,10594,4.588752
15,217,0,10594,0.000000
15,218,52,10594,7.528667
15,219,51,10594,8.955516
15,220,105,10594,26.457346
15,221,104,10594,20.263027
15,222,322,10594,72.929011
15,223,217,10594,62.405586
15,224,0,10594,0.000000
15,225,0,10594,0.000000
15,226,261,10594,32.177525
15,227,133,10594,22.965893
15,228,78,10594,14.202585
15,229,191,10594,27.731073
15,230,0,10594,0.000000
15,231,34,10594,4.845854
15,232,253,10594,84.411164
15,233,0,10594,0.000000
15,234,0,10594,0.000000
15,235,86,10594,15.810105
15,236,67,10594,18.663003
15,237,134,10594,16.660762
15,238,0,10594,0.000000
15,239,96,10594,13.121588
15,240,0,10594,0.000000
15,241,55,10594,7.731266
15,242,221,10594,67.602384
15,243,49,10594,6.038766
15,244,0,10594,0.000000
15,245,154,10594,35.171891
15,246,270,10594,53.239209
15,247,0,10594,0.000000
15,248,151,10594,36.982934
15,249,0,10594,0.000000
15,250,51,10594,12.108325
15,251,154,10594,41.171314
15,252,2,10594,0.239611
15,253,0,10594,0.000000
15,254,72,10594,15.123482
15,255,132,10594,21.143469
15,256,0,10594,0.000000
15,257,116,10594,22.218776
15,258,90,10594,26.747839
15,259,81,10594,13.319319
15,260,0,10594,0.000000
15,261,115,10594,14.362597
15,262,0,10594,0.000000
15,263,0,10594,0.000000
15,264,0,10594,0.000000
15,265,0,10594,0.000000
15,266,99,10594,29.311339
15,267,220,10594,55.073917
15,268,165,10594,22.875086
15,269,33,10594,10.837753
15,270,98,10594,31.178284
15,271,402,10594,73.021094
15,272,1504,10594,675.044517
15,273,0,10594,0.000000
15,274,43,10594,10.449684
15,275,0,10594,0.000000
15,276,44,10594,6.984226
15,277,0,10594,0.000000
15,278,0,10594,0.000000
15,279,0,10594,0.000000
15,280,190,10594,54.524712
15,281,360,10594,155.902155
15,282,0,10594,0.000000
15,283,213,10594,68.291158
15,284,0,10594,0.000000
15,285,0,10594,0.000000
15,286,0,10594,0.000000
15,287,900,10594,217.061219
15,288,124,10594,23.804443
15,289,76,10594,22.292871
15,290,0,10594,0.000000
15,291,310,10594,68.091813
15,292,666,10594,108.947027
15,293,107,10594,30.347659
15,294,67,10594,22.190429
15,295,0,10594,0.000000
15,296,0,10594,0.000000
15,297,261,10594,48.569420
15,298,141,10594,47.947783
15,299,84,10594,19.500525
15,300,0,10594,0.000000
15,301,106,10594,17.566418
15,302,50,10594,10.411014
15,303,1257,10594,269.117506
15,304,550,10594,154.970107
15,305,160,10594,35.520408
15,306,0,10594,0.000000
15,307,154,10594,28.877588
15,308,44,10594,11.900499
15,309,91,10594,21.640306
15,310,128,10594,16.226718
15,311,0,10594,0.000000
15,312,235,10594,39.191190
15,313,137,10594,63.916258
15,314,65,10594,8.301812
15,315,0,10594,0.000000
15,316,196,10594,81.261416
15,317,163,10594,31.968651
15,318,78,10594,19.992551
15,319,97,10594,15.758266
15,320,0,10594,0.000000
15,321,331,10594,100.182004
15,322,133,10594,21.554656
15,323,0,10594,0.000000
15,324,262,10594,95.472813
15,325,0,10594,0.000000
15,326,850,10594,293.172084
15,327,170,10594,30.429658
15,328,238,10594,61.994798
15,329,59,10594,8.901824
15,330,101,10594,20.336287
15,331,125,10594,36.097167
15,332,226,10594,28.130617
15,333,0,10594,0.000000
15,334,169,10594,30.123013
15,335,0,10594,0.000000
15,336,76,10594,28.015252
15,337,133,10594,47.579691
15,338,0,10594,0.000000
15,339,136,10594,17.588404
15,340,0,10594,0.000000
15,341,206,10594,60.958599
15,342,158,10594,45.029589
15,343,0,10594,0.000000
15,344,92,10594,10.675651
15,345,0,10594,0.000000
15,346,139,10594,30.027183
15,347,0,10594,0.000000
15,348,145,10594,26.536736
15,349,164,10594,41.975057
15,350,0,10594,0.000000
15,351,1198,10594,248.390749
15,352,292,10594,49.827454
15,353,0,10594,0.000000
15,354,174,10594,34.672921
15,355,78,10594,59.338226
15,356,322,10594,63.543737
15,357,111,10594,13.583637
15,358,0,10594,0.000000
15,359,158,10594,20.841504
15,360,109,10594,29.501273
15,361,82,10594,25.953552
15,362,0,10594,0.000000
15,363,166,10594,43.408585
15,364,0,10594,0.000000
15,365,215,10594,23.396070
15,366,0,10594,0.000000
15,367,1083,10594,249.528935
15,368,232,10594,74.851257
15,369,2371,10594,547.705189
15,370,96,10594,20.604734
15,371,71,10594,11.637315
15,372,62,10594,34.962033
15,373,127,10594,31.083316
15,374,69,10594,20.594947
15,375,171,10594,37.296055
15,376,0,10594,0.000000
15,377,0,10594,0.000000
15,378,139,10594,42.557902
15,379,267,10594,53.250103
15,380,0,10594,0.000000
15,381,0,10594,0.000000
15,382,113,10594,26.110657
15,383,368,10594,84.589038
16,0,37,10594,5.603318
16,1,120,10594,26.193273
16,2,131,10594,21.317063
16,3,631,10594,242.327328
16,4,0,10594,0.000000
16,5,95,10594,22.238055
16,6,364,10594,79.183912
16,7,0,10594,0.000000
16,8,544,10594,149.919982
16,9,0,10594,0.000000
16,10,219,10594,49.505545
16,11,141,10594,30.799971
16,12,0,10594,0.000000
16,13,0,10594,0.000000
16,14,0,10594,0.000000
16,15,0,10594,0.000000
16,16,0,10594,0.000000
16,17,157,10594,38.777039
16,18,679,10594,163.110427
16,19,0,10594,0.000000
16,20,1976,10594,557.114141
16,21,1060,10594,249.566081
16,22,172,10594,26.755600
16,23,0,10594,0.000000
16,24,0,10594,0.000000
16,25,1053,10594,252.748585
16,26,515,10594,134.438330
16,27,103,10594,19.714149
16,28,69,10594,15.580350
16,29,131,10594,28.979829
16,30,26,10594,6.712375
16,31,0,10594,0.000000
16,32,0,10594,0.000000
16,33,0,10594,0.000000
16,34,119,10594,27.770560
16,35,45,10594,9.569937
16,36,0,10594,0.000000
16,37,0,10594,0.000000
16,38,0,10594,0.000000
16,39,48,10594,9.131364
16,40,117,10594,28.452270
16,41,70,10594,14.108171
16,42,0,10594,0.000000
16,43,191,10594,46.181335
16,44,0,10594,0.000000
16,45,0,10594,0.000000
16,46,121,10594,27.597004
16,47,122,10594,26.176400
16,48,705,10594,193.832457
16,49,0,10594,0.000000
16,50,0,10594,0.000000
16,51,236,10594,58.393727
16,52,100,10594,22.289009
16,53,0,10594,0.000000
16,54,327,10594,78.619380
16,55,70,10594,17.649194
16,56,138,10594,30.072339
16,57,0,10594,0.000000
16,58,0,10594,0.000000
16,59,0,10594,0.000000
16,60,172,10594,42.444010
16,61,16,10594,3.402195
16,62,556,10594,145.083699
16,63,0,10594,0.000000
16,64,410,10594,109.290099
16,65,0,10594,0.000000
16,66,83,10594,18.600678
16,67,0,10594,0.000000
16,68,77,10594,20.142979
16,69,0,10594,0.000000
16,70,620,10594,156.097286
16,71,0,10594,0.000000
16,72,428,10594,134.113681
16,73,345,10594,78.322349
16,74,141,10594,31.579735
16,75,0,10594,0.000000
16,76,0,10594,0.000000
16,77,277,10594,67.785110
16,78,312,10594,71.670206
16,79,184,10594,32.892455
16,80,0,10594,0.000000
16,81,258,10594,55.870703
16,82,112,10594,19.166243
16,83,0,10594,0.000000
16,84,116,10594,30.183563
16,85,221,10594,51.184717
16,86,703,10594,148.999676
16,87,0,10594,0.000000
16,88,222,10594,47.729236
16,89,466,10594,118.881673
16,90,0,10594,0.000000
16,91,0,10594,0.000000
16,92,0,10594,0.000000
16,93,0,10594,0.000000
16,94,0,10594,0.000000
16,95,0,10594,0.000000
16,96,110,10594,32.582271
16,97,917,10594,219.624411
16,98,250,10594,65.765125
16,99,77,10594,21.020474
16,100,62,10594,14.312246
16,101,0,10594,0.000000
16,102,49,10594,10.678515
16,103,29,10594,7.079599
16,104,0,10594,0.000000
16,105,0,10594,0.000000
16,106,0,10594,0.000000
16,107,0,10594,0.000000
16,108,322,10594,84.545692
16,109,992,10594,191.905905
16,110,237,10594,44.633261
16,111,315,10594,72.784191
16,112,0,10594,0.000000
16,113,0,10594,0.000000
16,114,0,10594,0.000000
16,115,293,10594,81.460096
16,116,137,10594,30.969192
16,117,756,10594,204.696663
16,118,0,10594,0.000000
16,119,71,10594,15.726583
16,120,527,10594,154.530044
16,121,0,10594,0.000000
16,122,68,10594,16.730021
16,123,114,10594,25.311601
16,124,263,10594,64.391624
16,125,0,10594,0.000000
16,126,29,10594,6.416357
16,127,0,10594,0.000000
16,128,351,10594,82.846540
16,129,0,10594,0.000000
16,130,389,10594,77.597216
16,131,0,10594,0.000000
16,132,0,10594,0.000000
16,133,102,10594,22.887436
16,134,0,10594,0.000000
16,135,0,10594,0.000000
16,136,143,10594,31.476484
16,137,338,10594,75.596393
16,138,0,10594,0.000000
16,139,923,10594,222.636210
16,140,101,10594,16.769370
16,141,0,10594,0.000000
16,142,30,10594,6.800194
16,143,0,10594,0.000000
16,144,0,10594,0.000000
16,145,0,10594,0.000000
16,146,70,10594,13.403137
16,147,206,10594,43.971481
16,148,0,10594,0.000000
16,149,623,10594,178.466587
16,150,0,10594,0.000000
16,151,0,10594,0.000000
16,152,210,10594,54.540700
16,153,0,10594,0.000000
16,154,0,10594,0.000000
16,155,0,10594,0.000000
16,156,0,10594,0.000000
16,157,124,10594,31.039997
16,158,0,10594,0.000000
16,159,0,10594,0.000000
16,160,324,10594,87.185054
16,161,138,10594,26.078767
16,162,2,10594,0.519980
16,163,1703,10594,431.601988
16,164,0,10594,0.000000
16,165,0,10594,0.000000
16,166,192,10594,43.778008
16,167,0,10594,0.000000
16,168,0,10594,0.000000
16,169,0,10594,0.000000
16,170,0,10594,0.000000
16,171,0,10594,0.000000
16,172,47,10594,10.656950
16,173,227,10594,38.881408
16,174,0,10594,0.000000
16,175,0,10594,0.000000
16,176,134,10594,29.901646
16,177,269,10594,78.669128
16,178,139,10594,32.718391
16,179,175,10594,44.316562
16,180,0,10594,0.000000
16,181,0,10594,0.000000
16,182,0,10594,0.000000
16,183,0,10594,0.000000
16,184,27,10594,5.373129
16,185,192,10594,42.776741
16,186,136,10594,39.789763
16,187,0,10594,0.000000
16,188,0,10594,0.000000
16,189,297,10594,102.749376
16,190,0,10594,0.000000
16,191,425,10594,85.825272
16,192,295,10594,69.737779
16,193,0,10594,0.000000
16,194,0,10594,0.000000
16,195,138,10594,25.164240
16,196,0,10594,0.000000
16,197,0,10594,0.000000
16,198,0,10594,0.000000
16,199,209,10594,53.699034
16,200,0,10594,0.000000
16,201,0,10594,0.000000
16,202,811,10594,210.342729
16,203,315,10594,77.624870
16,204,463,10594,88.473775
16,205,0,10594,0.000000
16,206,158,10594,37.273119
16,207,0,10594,0.000000
16,208,7,10594,1.073423
16,209,610,10594,135.972823
16,210,478,10594,126.400781
16,211,190,10594,48.395881
16,212,431,10594,91.214605
16,213,0,10594,0.000000
16,214,0,10594,0.000000
16,215,0,10594,0.000000
16,216,178,10594,43.681452
16,217,70,10594,14.340009
16,218,0,10594,0.000000
16,219,353,10594,106.302558
16,220,0,10594,0.000000
16,221,0,10594,0.000000
16,222,0,10594,0.000000
16,223,417,10594,120.134972
16,224,0,10594,0.000000
16,225,0,10594,0.000000
16,226,28,10594,5.453983
16,227,0,10594,0.000000
16,228,51,10594,10.200235
16,229,0,10594,0.000000
16,230,0,10594,0.000000
16,231,1,10594,0.237923
16,232,7,10594,1.388052
16,233,0,10594,0.000000
16,234,244,10594,53.941731
16,235,0,10594,0.000000
16,236,0,10594,0.000000
16,237,394,10594,92.817489
16,238,49,10594,11.445699
16,239,2114,10594,696.639776
16,240,0,10594,0.000000
16,241,0,10594,0.000000
16,242,42,10594,9.562619
16,243,25,10594,5.924266
16,244,0,10594,0.000000
16,245,1187,10594,302.730214
16,246,0,10594,0.000000
16,247,23,10594,4.677987
16,248,186,10594,43.557925
16,249,0,10594,0.000000
16,250,0,10594,0.000000
16,251,0,10594,0.000000
16,252,327,10594,81.475831
16,253,0,10594,0.000000
16,254,0,10594,0.000000
16,255,0,10594,0.000000
16,256,0,10594,0.000000
16,257,0,10594,0.000000
16,258,0,10594,0.000000
16,259,0,10594,0.000000
16,260,0,10594,0.000000
16,261,0,10594,0.000000
16,262,252,10594,66.878533
16,263,293,10594,89.717010
16,264,0,10594,0.000000
16,265,680,10594,177.659559
16,266,0,10594,0.000000
16,267,163,10594,44.519099
16,268,310,10594,87.192000
16,269,45,10594,10.131621
16,270,0,10594,0.000000
16,271,0,10594,0.000000
16,272,0,10594,0.000000
16,273,0,10594,0.000000
16,274,0,10594,0.000000
16,275,126,10594,30.739694
16,276,0,10594,0.000000
16,277,0,10594,0.000000
16,278,0,10594,0.000000
16,279,163,10594,38.014831
16,280,204,10594,45.719155
16,281,61,10594,13.445089
16,282,0,10594,0.000000
16,283,72,10594,18.659689
16,284,11,10594,1.766061
16,285,0,10594,0.000000
16,286,144,10594,34.629071
16,287,0,10594,0.000000
16,288,238,10594,57.536123
16,289,59,10594,9.010741
16,290,0,10594,0.000000
16,291,0,10594,0.000000
16,292,0,10594,0.000000
16,293,484,10594,129.871691
16,294,301,10594,77.874026
16,295,0,10594,0.000000
16,296,0,10594,0.000000
16,297,0,10594,0.000000
16,298,0,10594,0.000000
16,299,230,10594,65.308701
16,300,2782,10594,684.980422
16,301,0,10594,0.000000
16,302,41,10594,8.379902
16,303,0,10594,0.000000
16,304,3745,10594,893.669784
16,305,0,10594,0.000000
16,306,0,10594,0.000000
16,307,0,10594,0.000000
16,308,252,10594,65.522523
16,309,388,10594,88.058274
16,310,0,10594,0.000000
16,311,0,10594,0.000000
16,312,454,10594,101.147637
16,313,128,10594,33.250084
16,314,313,10594,71.058815
16,315,0,10594,0.000000
16,316,0,10594,0.000000
16,317,0,10594,0.000000
16,318,100,10594,25.973484
16,319,75,10594,14.389641
16,320,0,10594,0.000000
16,321,0,10594,0.000000
16,322,98,10594,24.129425
16,323,235,10594,59.248102
16,324,0,10594,0.000000
16,325,26,10594,5.348386
16,326,0,10594,0.000000
16,327,0,10594,0.000000
16,328,146,10594,39.803847
16,329,212,10594,51.333146
16,330,0,10594,0.000000
16,331,632,10594,161.182739
16,332,1009,10594,301.455838
16,333,3,10594,0.612881
16,334,1107,10594,291.555818
16,335,0,10594,0.000000
16,336,253,10594,59.689071
16,337,66,10594,16.450974
16,338,0,10594,0.000000
16,339,239,10594,56.495108
16,340,0,10594,0.000000
16,341,0,10594,0.000000
16,342,0,10594,0.000000
16,343,172,10594,46.698295
16,344,386,10594,96.054020
16,345,235,10594,51.109250
16,346,0,10594,0.000000
16,347,159,10594,24.950424
16,348,0,10594,0.000000
16,349,340,10594,52.976525
16,350,95,10594,22.298800
16,351,0,10594,0.000000
16,352,1246,10594,336.894132
16,353,0,10594,0.000000
16,354,675,10594,212.413037
16,355,108,10594,26.271629
16,356,0,10594,0.000000
16,357,78,10594,16.235935
16,358,0,10594,0.000000
16,359,0,10594,0.000000
16,360,0,10594,0.000000
16,361,0,10594,0.000000
16,362,0,10594,0.000000
16,363,0,10594,0.000000
16,364,530,10594,110.723989
16,365,343,10594,92.698759
16,366,0,10594,0.000000
16,367,42,10594,6.582901
16,368,520,10594,116.359210
16,369,0,10594,0.000000
16,370,30,10594,6.719721
16,371,139,10594,34.085251
16,372,0,10594,0.000000
16,373,97,10594,20.425418
16,374,0,10594,0.000000
16,375,0,10594,0.000000
16,376,0,10594,0.000000
16,377,0,10594,0.000000
16,378,842,10594,189.861837
16,379,285,10594,66.675886
16,380,0,10594,0.000000
16,381,50,10594,9.747462
16,382,640,10594,166.473590
16,383,605,10594,144.563027
17,0,152,10594,27.479560
17,1,0,10594,0.000000
17,2,234,10594,59.060315
17,3,144,10594,36.207637
17,4,0,10594,0.000000
17,5,18,10594,3.137393
17,6,66,10594,18.848427
17,7,0,10594,0.000000
17,8,0,10594,0.000000
17,9,0,10594,0.000000
17,10,106,10594,16.885317
17,11,0,10594,0.000000
17,12,86,10594,21.393405
17,13,0,10594,0.000000
17,14,79,10594,20.583699
17,15,0,10594,0.000000
17,16,66,10594,16.544885
17,17,187,10594,33.395800
17,18,183,10594,31.453282
17,19,402,10594,108.838822
17,20,246,10594,54.648224
17,21,0,10594,0.000000
17,22,200,10594,33.855068
17,23,191,10594,37.583713
17,24,303,10594,67.382712
17,25,136,10594,31.413409
17,26,152,10594,33.336154
17,27,278,10594,103.819884
17,28,0,10594,0.000000
17,29,0,10594,0.000000
17,30,326,10594,75.744150
17,31,132,10594,26.487911
17,32,32,10594,4.504194
17,33,0,10594,0.000000
17,34,0,10594,0.000000
17,35,0,10594,0.000000
17,36,193,10594,49.430261
17,37,0,10594,0.000000
17,38,164,10594,39.072639
17,39,79,10594,15.834807
17,40,124,10594,31.739150
17,41,181,10594,60.668982
17,42,88,10594,19.438043
17,43,205,10594,47.693477
17,44,113,10594,23.274213
17,45,62,10594,12.846075
17,46,0,10594,0.000000
17,47,401,10594,92.071221
17,48,0,10594,0.000000
17,49,144,10594,22.418057
17,50,0,10594,0.000000
17,51,0,10594,0.000000
17,52,0,10594,0.000000
17,53,0,10594,0.000000
17,54,100,10594,22.466659
17,55,255,10594,59.092162
17,56,64,10594,13.706364
17,57,182,10594,43.613443
17,58,100,10594,23.480885
17,59,169,10594,47.948550
17,60,0,10594,0.000000
17,61,391,10594,101.573111
17,62,87,10594,16.747385
17,63,146,10594,23.706034
17,64,343,10594,92.675920
17,65,0,10594,0.000000
17,66,0,10594,0.000000
17,67,124,10594,35.491264
17,68,593,10594,135.189432
17,69,112,10594,13.995914
17,70,121,10594,24.557505
17,71,470,10594,113.297794
17,72,0,10594,0.000000
17,73,92,10594,22.364216
17,74,0,10594,0.000000
17,75,0,10594,0.000000
17,76,0,10594,0.000000
17,77,0,10594,0.000000
17,78,335,10594,49.037135
17,79,0,10594,0.000000
17,80,0,10594,0.000000
17,81,0,10594,0.000000
17,82,111,10594,22.122157
17,83,0,10594,0.000000
17,84,0,10594,0.000000
17,85,0,10594,0.000000
17,86,0,10594,0.000000
17,87,0,10594,0.000000
17,88,445,10594,86.381330
17,89,281,10594,64.686205
17,90,0,10594,0.000000
17,91,0,10594,0.000000
17,92,0,10594,0.000000
17,93,104,10594,21.825793
17,94,0,10594,0.000000
17,95,0,10594,0.000000
17,96,0,10594,0.000000
17,97,108,10594,29.111272
17,98,0,10594,0.000000
17,99,497,10594,124.969931
17,100,0,10594,0.000000
17,101,77,10594,17.833665
17,102,141,10594,32.224683
17,103,0,10594,0.000000
17,104,0,10594,0.000000
17,105,0,10594,0.000000
17,106,106,10594,18.449509
17,107,221,10594,53.351855
17,108,0,10594,0.000000
17,109,382,10594,90.375023
17,110,179,10594,43.740765
17,111,0,10594,0.000000
17,112,0,10594,0.000000
17,113,188,10594,35.107023
17,114,0,10594,0.000000
17,115,180,10594,43.070334
17,116,1605,10594,472.109790
17,117,126,10594,22.645571
17,118,3,10594,0.678013
17,119,0,10594,0.000000
17,120,103,10594,23.655287
17,121,107,10594,22.135193
17,122,339,10594,107.195386
17,123,211,10594,55.440662
17,124,92,10594,37.323777
17,125,0,10594,0.000000
17,126,0,10594,0.000000
17,127,0,10594,0.000000
17,128,0,10594,0.000000
17,129,238,10594,49.405936
17,130,0,10594,0.000000
17,131,633,10594,143.687097
17,132,106,10594,20.537997
17,133,38,10594,7.298752
17,134,1500,10594,327.891193
17,135,102,10594,20.021272
17,136,130,10594,32.166950
17,137,55,10594,14.205111
17,138,0,10594,0.000000
17,139,0,10594,0.000000
17,140,51,10594,11.549666
17,141,111,10594,20.647602
17,142,0,10594,0.000000
17,143,99,10594,21.474516
17,144,83,10594,18.861009
17,145,0,10594,0.000000
17,146,4296,10594,1430.064590
17,147,0,10594,0.000000
17,148,143,10594,27.225934
17,149,54,10594,12.809456
17,150,0,10594,0.000000
17,151,1760,10594,504.681074
17,152,374,10594,74.204923
17,153,0,10594,0.000000
17,154,0,10594,0.000000
17,155,0,10594,0.000000
17,156,0,10594,0.000000
17,157,0,10594,0.000000
17,158,105,10594,22.751769
17,159,14,10594,3.094866
17,160,253,10594,62.779743
17,161,1575,10594,402.966688
17,162,0,10594,0.000000
17,163,31,10594,6.807208
17,164,409,10594,107.760900
17,165,378,10594,85.172878
17,166,0,10594,0.000000
17,167,118,10594,37.840239
17,168,248,10594,68.576378
17,169,238,10594,62.857603
17,170,357,10594,78.874277
17,171,165,10594,43.039190
17,172,104,10594,19.236236
17,173,0,10594,0.000000
17,174,160,10594,42.014475
17,175,143,10594,34.397313
17,176,0,10594,0.000000
17,177,208,10594,35.155536
17,178,56,10594,7.579282
17,179,38,10594,7.633897
17,180,186,10594,42.126046
17,181,0,10594,0.000000
17,182,0,10594,0.000000
17,183,0,10594,0.000000
17,184,160,10594,36.007673
17,185,0,10594,0.000000
17,186,0,10594,0.000000
17,187,0,10594,0.000000
17,188,0,10594,0.000000
17,189,0,10594,0.000000
17,190,0,10594,0.000000
17,191,0,10594,0.000000
17,192,0,10594,0.000000
17,193,154,10594,37.255007
17,194,0,10594,0.000000
17,195,1758,10594,432.617782
17,196,0,10594,0.000000
17,197,122,10594,26.682190
17,198,0,10594,0.000000
17,199,110,10594,24.254295
17,200,0,10594,0.000000
17,201,275,10594,60.919433
17,202,225,10594,52.173885
17,203,446,10594,104.850753
17,204,170,10594,43.437462
17,205,179,10594,46.837330
17,206,0,10594,0.000000
17,207,328,10594,77.400037
17,208,152,10594,37.185164
17,209,518,10594,135.461603
17,210,0,10594,0.000000
17,211,121,10594,24.371519
17,212,517,10594,99.370306
17,213,261,10594,65.519842
17,214,0,10594,0.000000
17,215,0,10594,0.000000
17,216,0,10594,0.000000
17,217,0,10594,0.000000
17,218,290,10594,53.151489
17,219,0,10594,0.000000
17,220,186,10594,43.216470
17,221,0,10594,0.000000
17,222,135,10594,28.228163
17,223,380,10594,110.784940
17,224,81,10594,22.224681
17,225,148,10594,27.240717
17,226,105,10594,19.136757
17,227,202,10594,49.102793
17,228,159,10594,29.269980
17,229,0,10594,0.000000
17,230,100,10594,17.619780
17,231,0,10594,0.000000
17,232,0,10594,0.000000
17,233,127,10594,37.392562
17,234,169,10594,39.863067
17,235,318,10594,83.459660
17,236,246,10594,58.114277
17,237,248,10594,43.101294
17,238,269,10594,50.990140
17,239,220,10594,53.034274
17,240,0,10594,0.000000
17,241,0,10594,0.000000
17,242,0,10594,0.000000
17,243,73,10594,15.152127
17,244,284,10594,65.634682
17,245,64,10594,15.013586
17,246,0,10594,0.000000
17,247,0,10594,0.000000
17,248,25,10594,5.546064
17,249,0,10594,0.000000
17,250,62,10594,13.935463
17,251,122,10594,27.368746
17,252,0,10594,0.000000
17,253,94,10594,24.559810
17,254,0,10594,0.000000
17,255,39,10594,8.429120
17,256,334,10594,85.602864
17,257,0,10594,0.000000
17,258,0,10594,0.000000
17,259,0,10594,0.000000
17,260,121,10594,25.607049
17,261,0,10594,0.000000
17,262,104,10594,25.846987
17,263,0,10594,0.000000
17,264,78,10594,21.060026
17,265,0,10594,0.000000
17,266,101,10594,34.183072
17,267,987,10594,224.863686
17,268,0,10594,0.000000
17,269,0,10594,0.000000
17,270,301,10594,75.057853
17,271,0,10594,0.000000
17,272,205,10594,44.907731
17,273,52,10594,9.758237
17,274,544,10594,128.772244
17,275,2762,10594,664.459687
17,276,0,10594,0.000000
17,277,156,10594,35.379061
17,278,28,10594,6.304935
17,279,0,10594,0.000000
17,280,0,10594,0.000000
17,281,258,10594,57.069338
17,282,0,10594,0.000000
17,283,44,10594,11.341305
17,284,133,10594,33.069338
17,285,0,10594,0.000000
17,286,236,10594,59.308313
17,287,166,10594,35.073214
17,288,29,10594,5.294784
17,289,1484,10594,423.378514
17,290,0,10594,0.000000
17,291,0,10594,0.000000
17,292,0,10594,0.000000
17,293,0,10594,0.000000
17,294,545,10594,136.165466
17,295,128,10594,27.507897
17,296,368,10594,80.619815
17,297,416,10594,98.156507
17,298,0,10594,0.000000
17,299,803,10594,281.009796
17,300,0,10594,0.000000
17,301,0,10594,0.000000
17,302,410,10594,91.671415
17,303,0,10594,0.000000
17,304,0,10594,0.000000
17,305,153,10594,35.472953
17,306,699,10594,170.200214
17,307,0,10594,0.000000
17,308,130,10594,33.170104
17,309,57,10594,13.460584
17,310,29,10594,3.454455
17,311,222,10594,70.280368
17,312,1012,10594,238.965034
17,313,0,10594,0.000000
17,314,0,10594,0.000000
17,315,0,10594,0.000000
17,316,324,10594,72.482893
17,317,0,10594,0.000000
17,318,0,10594,0.000000
17,319,0,10594,0.000000
17,320,0,10594,0.000000
17,321,0,10594,0.000000
17,322,0,10594,0.000000
17,323,24,10594,5.085142
17,324,209,10594,46.211027
17,325,0,10594,0.000000
17,326,0,10594,0.000000
17,327,51,10594,8.863736
17,328,0,10594,0.000000
17,329,1587,10594,347.102061
17,330,0,10594,0.000000
17,331,1217,10594,307.659980
17,332,108,10594,23.502763
17,333,0,10594,0.000000
17,334,183,10594,28.945938
17,335,68,10594,17.338330
17,336,175,10594,48.207081
17,337,396,10594,70.877024
17,338,0,10594,0.000000
17,339,309,10594,68.108881
17,340,0,10594,0.000000
17,341,0,10594,0.000000
17,342,0,10594,0.000000
17,343,0,10594,0.000000
17,344,0,10594,0.000000
17,345,0,10594,0.000000
17,346,501,10594,123.038834
17,347,0,10594,0.000000
17,348,0,10594,0.000000
17,349,0,10594,0.000000
17,350,0,10594,0.000000
17,351,281,10594,67.969238
17,352,152,10594,38.107829
17,353,261,10594,62.853294
17,354,0,10594,0.000000
17,355,350,10594,80.078682
17,356,106,10594,33.226528
17,357,71,10594,12.066412
17,358,0,10594,0.000000
17,359,0,10594,0.000000
17,360,398,10594,90.242937
17,361,5,10594,0.978109
17,362,0,10594,0.000000
17,363,0,10594,0.000000
17,364,0,10594,0.000000
17,365,33,10594,5.986969
17,366,0,10594,0.000000
17,367,0,10594,0.000000
17,368,0,10594,0.000000
17,369,0,10594,0.000000
17,370,1898,10594,463.016169
17,371,227,10594,59.927654
17,372,0,10594,0.000000
17,373,93,10594,22.032762
17,374,0,10594,0.000000
17,375,0,10594,0.000000
17,376,0,10594,0.000000
17,377,477,10594,113.020623
17,378,1598,10594,621.381602
17,379,0,10594,0.000000
17,380,341,10594,58.181626
17,381,0,10594,0.000000
17,382,0,10594,0.000000
17,383,62,10594,14.252721
18,0,0,10594,0.000000
18,1,0,10594,0.000000
18,2,0,10594,0.000000
18,3,0,10594,0.000000
18,4,357,10594,91.084611
18,5,0,10594,0.000000
18,6,0,10594,0.000000
18,7,0,10594,0.000000
18,8,0,10594,0.000000
18,9,414,10594,102.652864
18,10,78,10594,16.485195
18,11,279,10594,68.040598
18,12,246,10594,53.247073
18,13,318,10594,79.009775
18,14,191,10594,46.569684
18,15,0,10594,0.000000
18,16,0,10594,0.000000
18,17,123,10594,21.347861
18,18,386,10594,80.390301
18,19,220,10594,60.683433
18,20,85,10594,19.620415
18,21,62,10594,14.139750
18,22,219,10594,56.827156
18,23,0,10594,0.000000
18,24,162,10594,38.233255
18,25,148,10594,41.296285
18,26,0,10594,0.000000
18,27,841,10594,229.152870
18,28,0,10594,0.000000
18,29,0,10594,0.000000
18,30,33,10594,7.508206
18,31,0,10594,0.000000
18,32,0,10594,0.000000
18,33,0,10594,0.000000
18,34,200,10594,49.023854
18,35,0,10594,0.000000
18,36,28,10594,6.985209
18,37,50,10594,7.840499
18,38,51,10594,12.544842
18,39,0,10594,0.000000
18,40,0,10594,0.000000
18,41,141,10594,25.782878
18,42,110,10594,25.311902
18,43,0,10594,0.000000
18,44,555,10594,107.072936
18,45,53,10594,11.330967
18,46,149,10594,34.775152
18,47,141,10594,35.036895
18,48,0,10594,0.000000
18,49,0,10594,0.000000
18,50,0,10594,0.000000
18,51,99,10594,24.798179
18,52,89,10594,21.102780
18,53,37,10594,5.396987
18,54,556,10594,167.495261
18,55,317,10594,72.459568
18,56,86,10594,19.054251
18,57,0,10594,0.000000
18,58,0,10594,0.000000
18,59,0,10594,0.000000
18,60,393,10594,93.521470
18,61,0,10594,0.000000
18,62,8,10594,1.365798
18,63,0,10594,0.000000
18,64,0,10594,0.000000
18,65,92,10594,21.148595
18,66,0,10594,0.000000
18,67,48,10594,6.274923
18,68,0,10594,0.000000
18,69,413,10594,96.025750
18,70,0,10594,0.000000
18,71,90,10594,19.120905
18,72,1277,10594,272.266438
18,73,0,10594,0.000000
18,74,228,10594,49.431714
18,75,207,10594,53.048855
18,76,164,10594,37.191640
18,77,132,10594,33.973496
18,78,0,10594,0.000000
18,79,48,10594,15.161176
18,80,0,10594,0.000000
18,81,0,10594,0.000000
18,82,0,10594,0.000000
18,83,8,10594,1.469957
18,84,79,10594,19.202773
18,85,0,10594,0.000000
18,86,506,10594,129.673956
18,87,404,10594,91.689820
18,88,0,10594,0.000000
18,89,0,10594,0.000000
18,90,991,10594,248.931234
18,91,279,10594,50.539519
18,92,0,10594,0.000000
18,93,0,10594,0.000000
18,94,174,10594,49.025487
18,95,342,10594,89.995995
18,96,275,10594,64.895937
18,97,56,10594,13.237979
18,98,0,10594,0.000000
18,99,669,10594,144.241973
18,100,0,10594,0.000000
18,101,0,10594,0.000000
18,102,0,10594,0.000000
18,103,0,10594,0.000000
18,104,0,10594,0.000000
18,105,166,10594,32.040240
18,106,183,10594,45.742873
18,107,148,10594,34.980143
18,108,481,10594,94.527870
18,109,0,10594,0.000000
18,110,134,10594,37.393204
18,111,0,10594,0.000000
18,112,372,10594,103.101289
18,113,84,10594,19.339034
18,114,640,10594,167.699845
18,115,0,10594,0.000000
18,116,458,10594,107.274809
18,117,318,10594,83.901734
18,118,0,10594,0.000000
18,119,118,10594,27.225255
18,120,0,10594,0.000000
18,121,242,10594,59.289520
18,122,0,10594,0.000000
18,123,249,10594,55.846579
18,124,0,10594,0.000000
18,125,168,10594,36.766297
18,126,0,10594,0.000000
18,127,119,10594,28.173419
18,128,0,10594,0.000000
18,129,0,10594,0.000000
18,130,0,10594,0.000000
18,131,0,10594,0.000000
18,132,0,10594,0.000000
18,133,177,10594,45.819694
18,134,0,10594,0.000000
18,135,110,10594,19.058663
18,136,0,10594,0.000000
18,137,0,10594,0.000000
18,138,383,10594,76.259546
18,139,0,10594,0.000000
18,140,95,10594,21.041900
18,141,200,10594,46.120311
18,142,0,10594,0.000000
18,143,359,10594,90.978967
18,144,620,10594,147.820085
18,145,0,10594,0.000000
18,146,0,10594,0.000000
18,147,2484,10594,1160.971409
18,148,0,10594,0.000000
18,149,0,10594,0.000000
18,150,54,10594,9.579573
18,151,0,10594,0.000000
18,152,192,10594,42.280968
18,153,0,10594,0.000000
18,154,287,10594,81.859907
18,155,126,10594,25.881019
18,156,310,10594,75.083522
18,157,0,10594,0.000000
18,158,0,10594,0.000000
18,159,76,10594,19.226712
18,160,0,10594,0.000000
18,161,152,10594,50.060185
18,162,262,10594,75.349124
18,163,0,10594,0.000000
18,164,204,10594,54.197537
18,165,0,10594,0.000000
18,166,39,10594,8.598198
18,167,104,10594,20.867141
18,168,3007,10594,785.521621
18,169,248,10594,64.139833
18,170,559,10594,162.125723
18,171,196,10594,46.282674
18,172,0,10594,0.000000
18,173,2,10594,0.523331
18,174,188,10594,50.535229
18,175,276,10594,71.554250
18,176,207,10594,69.565762
18,177,0,10594,0.000000
18,178,0,10594,0.000000
18,179,241,10594,72.652434
18,180,273,10594,59.538358
18,181,0,10594,0.000000
18,182,662,10594,180.944964
18,183,331,10594,84.307942
18,184,0,10594,0.000000
18,185,0,10594,0.000000
18,186,148,10594,32.717101
18,187,26,10594,3.643305
18,188,261,10594,47.690194
18,189,0,10594,0.000000
18,190,97,10594,26.107709
18,191,176,10594,31.078445
18,192,193,10594,39.369425
18,193,422,10594,111.120066
18,194,0,10594,0.000000
18,195,256,10594,62.588442
18,196,245,10594,58.087928
18,197,0,10594,0.000000
18,198,0,10594,0.000000
18,199,108,10594,23.709026
18,200,0,10594,0.000000
18,201,279,10594,69.134953
18,202,0,10594,0.000000
18,203,194,10594,47.629018
18,204,0,10594,0.000000
18,205,127,10594,21.957671
18,206,331,10594,78.475362
18,207,36,10594,9.037167
18,208,109,10594,28.317235
18,209,16,10594,3.331995
18,210,0,10594,0.000000
18,211,0,10594,0.000000
18,212,0,10594,0.000000
18,213,0,10594,0.000000
18,214,14,10594,3.556573
18,215,0,10594,0.000000
18,216,435,10594,123.665267
18,217,209,10594,45.177661
18,218,358,10594,113.044474
18,219,300,10594,63.058125
18,220,193,10594,28.156900
18,221,139,10594,38.497191
18,222,0,10594,0.000000
18,223,0,10594,0.000000
18,224,256,10594,58.370144
18,225,597,10594,152.900296
18,226,39,10594,8.896499
18,227,0,10594,0.000000
18,228,0,10594,0.000000
18,229,390,10594,98.987886
18,230,0,10594,0.000000
18,231,496,10594,104.831159
18,232,245,10594,48.177113
18,233,0,10594,0.000000
18,234,100,10594,21.824211
18,235,48,10594,9.840231
18,236,198,10594,65.883518
18,237,0,10594,0.000000
18,238,137,10594,24.819806
18,239,0,10594,0.000000
18,240,98,10594,17.796563
18,241,174,10594,46.349028
18,242,964,10594,241.296251
18,243,180,10594,55.515974
18,244,54,10594,12.724341
18,245,703,10594,219.828066
18,246,0,10594,0.000000
18,247,0,10594,0.000000
18,248,282,10594,51.198421
18,249,146,10594,23.279761
18,250,0,10594,0.000000
18,251,728,10594,188.222093
18,252,0,10594,0.000000
18,253,0,10594,0.000000
18,254,0,10594,0.000000
18,255,809,10594,202.551859
18,256,123,10594,23.639536
18,257,18,10594,3.090815
18,258,0,10594,0.000000
18,259,0,10594,0.000000
18,260,0,10594,0.000000
18,261,94,10594,20.420399
18,262,0,10594,0.000000
18,263,5,10594,1.028478
18,264,0,10594,0.000000
18,265,409,10594,72.812746
18,266,1350,10594,499.409754
18,267,1790,10594,413.914504
18,268,59,10594,15.596557
18,269,0,10594,0.000000
18,270,276,10594,57.705262
18,271,0,10594,0.000000
18,272,162,10594,33.476245
18,273,422,10594,85.146524
18,274,47,10594,7.792453
18,275,172,10594,48.726995
18,276,173,10594,43.731382
18,277,179,10594,43.695421
18,278,0,10594,0.000000
18,279,95,10594,23.858569
18,280,336,10594,90.524337
18,281,12,10594,2.155240
18,282,0,10594,0.000000
18,283,0,10594,0.000000
18,284,121,10594,29.082793
18,285,0,10594,0.000000
18,286,27,10594,7.035847
18,287,0,10594,0.000000
18,288,0,10594,0.000000
18,289,149,10594,37.530419
18,290,3,10594,0.520340
18,291,82,10594,16.179110
18,292,101,10594,22.656134
18,293,206,10594,52.983765
18,294,0,10594,0.000000
18,295,162,10594,39.917697
18,296,0,10594,0.000000
18,297,0,10594,0.000000
18,298,0,10594,0.000000
18,299,0,10594,0.000000
18,300,33,10594,7.392871
18,301,0,10594,0.000000
18,302,181,10594,37.570807
18,303,0,10594,0.000000
18,304,98,10594,23.236293
18,305,665,10594,149.335746
18,306,0,10594,0.000000
18,307,300,10594,60.365080
18,308,0,10594,0.000000
18,309,0,10594,0.000000
18,310,106,10594,21.994703
18,311,152,10594,37.009069
18,312,220,10594,33.358446
18,313,0,10594,0.000000
18,314,76,10594,13.434690
18,315,0,10594,0.000000
18,316,0,10594,0.000000
18,317,691,10594,189.201793
18,318,138,10594,37.738160
18,319,43,10594,8.257055
18,320,120,10594,28.351071
18,321,186,10594,40.286039
18,322,157,10594,30.721394
18,323,0,10594,0.000000
18,324,0,10594,0.000000
18,325,179,10594,43.949233
18,326,0,10594,0.000000
18,327,242,10594,59.953042
18,328,84,10594,23.737315
18,329,245,10594,58.551504
18,330,0,10594,0.000000
18,331,0,10594,0.000000
18,332,117,10594,30.119886
18,333,0,10594,0.000000
18,334,0,10594,0.000000
18,335,54,10594,10.919332
18,336,134,10594,33.122353
18,337,0,10594,0.000000
18,338,270,10594,62.720273
18,339,0,10594,0.000000
18,340,0,10594,0.000000
18,341,196,10594,44.789533
18,342,0,10594,0.000000
18,343,720,10594,145.295753
18,344,265,10594,58.577611
18,345,3692,10594,844.694578
18,346,105,10594,24.066835
18,347,0,10594,0.000000
18,348,574,10594,95.136907
18,349,0,10594,0.000000
18,350,50,10594,49.120180
18,351,85,10594,15.499183
18,352,77,10594,16.804685
18,353,0,10594,0.000000
18,354,487,10594,76.560376
18,355,327,10594,83.658458
18,356,0,10594,0.000000
18,357,0,10594,0.000000
18,358,0,10594,0.000000
18,359,464,10594,113.879559
18,360,0,10594,0.000000
18,361,0,10594,0.000000
18,362,0,10594,0.000000
18,363,0,10594,0.000000
18,364,236,10594,59.168800
18,365,0,10594,0.000000
18,366,0,10594,0.000000
18,367,0,10594,0.000000
18,368,0,10594,0.000000
18,369,21,10594,3.477529
18,370,195,10594,37.817678
18,371,608,10594,145.309972
18,372,0,10594,0.000000
18,373,818,10594,176.588423
18,374,0,10594,0.000000
18,375,1660,10594,348.640930
18,376,0,10594,0.000000
18,377,0,10594,0.000000
18,378,0,10594,0.000000
18,379,264,10594,71.843029
18,380,0,10594,0.000000
18,381,34,10594,6.528219
18,382,0,10594,0.000000
18,383,295,10594,71.354340
19,0,193,10594,43.322116
19,1,0,10594,0.000000
19,2,345,10594,78.329922
19,3,194,10594,40.204145
19,4,160,10594,23.674282
19,5,228,10594,74.360956
19,6,139,10594,29.692390
19,7,0,10594,0.000000
19,8,226,10594,72.310569
19,9,19,10594,4.533108
19,10,1790,10594,428.946648
19,11,0,10594,0.000000
19,12,0,10594,0.000000
19,13,0,10594,0.000000
19,14,229,10594,46.123785
19,15,401,10594,96.389364
19,16,202,10594,39.556204
19,17,235,10594,53.884667
19,18,0,10594,0.000000
19,19,0,10594,0.000000
19,20,221,10594,62.195126
19,21,0,10594,0.000000
19,22,42,10594,11.483491
19,23,0,10594,0.000000
19,24,0,10594,0.000000
19,25,0,10594,0.000000
19,26,0,10594,0.000000
19,27,151,10594,31.396672
19,28,223,10594,62.571249
19,29,135,10594,28.366686
19,30,149,10594,46.961538
19,31,107,10594,29.168960
19,32,206,10594,51.000187
19,33,665,10594,191.561620
19,34,226,10594,51.486930
19,35,99,10594,25.272847
19,36,0,10594,0.000000
19,37,193,10594,35.526200
19,38,0,10594,0.000000
19,39,0,10594,0.000000
19,40,259,10594,60.774696
19,41,0,10594,0.000000
19,42,281,10594,47.519583
19,43,107,10594,17.768773
19,44,0,10594,0.000000
19,45,102,10594,20.968917
19,46,30,10594,7.123252
19,47,354,10594,91.327067
19,48,87,10594,21.322015
19,49,254,10594,61.089451
19,50,618,10594,132.871771
19,51,124,10594,26.566226
19,52,0,10594,0.000000
19,53,140,10594,42.733840
19,54,0,10594,0.000000
19,55,0,10594,0.000000
19,56,188,10594,56.916151
19,57,0,10594,0.000000
19,58,116,10594,30.513852
19,59,351,10594,80.005592
19,60,0,10594,0.000000
19,61,166,10594,37.859637
19,62,150,10594,48.596692
19,63,184,10594,46.686488
19,64,143,10594,35.174840
19,65,0,10594,0.000000
19,66,90,10594,14.690979
19,67,181,10594,44.733366
19,68,88,10594,23.244209
19,69,336,10594,74.425071
19,70,0,10594,0.000000
19,71,101,10594,15.803998
19,72,0,10594,0.000000
19,73,168,10594,58.681333
19,74,100,10594,21.721940
19,75,286,10594,60.674704
19,76,150,10594,30.067842
19,77,142,10594,32.529551
19,78,0,10594,0.000000
19,79,23,10594,3.759706
19,80,160,10594,35.071386
19,81,144,10594,31.124422
19,82,0,10594,0.000000
19,83,160,10594,41.156304
19,84,45,10594,7.927946
19,85,0,10594,0.000000
19,86,182,10594,38.360160
19,87,66,10594,13.631122
19,88,0,10594,0.000000
19,89,249,10594,59.810738
19,90,0,10594,0.000000
19,91,0,10594,0.000000
19,92,245,10594,58.417754
19,93,141,10594,34.596266
19,94,284,10594,72.143463
19,95,0,10594,0.000000
19,96,0,10594,0.000000
19,97,0,10594,0.000000
19,98,435,10594,115.003460
19,99,215,10594,43.086939
19,100,105,10594,22.898616
19,101,267,10594,66.482947
19,102,163,10594,40.947878
19,103,139,10594,33.398146
19,104,0,10594,0.000000
19,105,112,10594,24.023112
19,106,838,10594,224.502520
19,107,241,10594,40.472252
19,108,131,10594,29.303962
19,109,199,10594,43.446879
19,110,97,10594,21.448104
19,111,0,10594,0.000000
19,112,282,10594,66.101066
19,113,235,10594,70.549447
19,114,224,10594,51.503807
19,115,0,10594,0.000000
19,116,0,10594,0.000000
19,117,33,10594,8.591011
19,118,554,10594,141.665183
19,119,0,10594,0.000000
19,120,242,10594,76.777559
19,121,501,10594,106.002772
19,122,159,10594,37.020913
19,123,164,10594,36.507077
19,124,259,10594,79.547566
19,125,0,10594,0.000000
19,126,0,10594,0.000000
19,127,123,10594,28.989117
19,128,116,10594,25.570084
19,129,163,10594,29.125760
19,130,945,10594,197.575213
19,131,45,10594,11.081740
19,132,0,10594,0.000000
19,133,83,10594,22.633298
19,134,48,10594,7.754112
19,135,116,10594,27.287687
19,136,122,10594,29.953415
19,137,51,10594,12.036862
19,138,104,10594,25.658025
19,139,0,10594,0.000000
19,140,112,10594,25.873570
19,141,0,10594,0.000000
19,142,0,10594,0.000000
19,143,254,10594,57.030722
19,144,0,10594,0.000000
19,145,325,10594,80.909441
19,146,0,10594,0.000000
19,147,280,10594,72.132063
19,148,202,10594,66.253151
19,149,0,10594,0.000000
19,150,106,10594,21.836306
19,151,0,10594,0.000000
19,152,40,10594,11.241223
19,153,0,10594,0.000000
19,154,102,10594,21.467717
19,155,93,10594,22.280247
19,156,140,10594,45.036587
19,157,39,10594,7.921845
19,158,121,10594,31.209163
19,159,0,10594,0.000000
19,160,213,10594,47.377733
19,161,0,10594,0.000000
19,162,699,10594,159.452509
19,163,147,10594,40.976287
19,164,0,10594,0.000000
19,165,862,10594,207.875944
19,166,151,10594,28.682330
19,167,0,10594,0.000000
19,168,97,10594,19.178221
19,169,95,10594,19.433348
19,170,160,10594,29.631183
19,171,181,10594,45.758566
19,172,0,10594,0.000000
19,173,0,10594,0.000000
19,174,122,10594,28.771226
19,175,225,10594,58.732024
19,176,379,10594,102.933932
19,177,579,10594,88.782590
19,178,366,10594,91.138629
19,179,88,10594,21.712098
19,180,0,10594,0.000000
19,181,0,10594,0.000000
19,182,0,10594,0.000000
19,183,276,10594,65.269575
19,184,141,10594,21.680997
19,185,0,10594,0.000000
19,186,0,10594,0.000000
19,187,0,10594,0.000000
19,188,125,10594,27.331666
19,189,141,10594,33.706375
19,190,282,10594,69.746872
19,191,1103,10594,280.814720
19,192,338,10594,76.691201
19,193,0,10594,0.000000
19,194,135,10594,29.406888
19,195,188,10594,41.167645
19,196,31,10594,6.597981
19,197,141,10594,33.640573
19,198,227,10594,38.562443
19,199,0,10594,0.000000
19,200,0,10594,0.000000
19,201,215,10594,70.797070
19,202,0,10594,0.000000
19,203,190,10594,52.952660
19,204,328,10594,69.546511
19,205,0,10594,0.000000
19,206,0,10594,0.000000
19,207,547,10594,82.191254
19,208,0,10594,0.000000
19,209,0,10594,0.000000
19,210,358,10594,103.994711
19,211,0,10594,0.000000
19,212,98,10594,21.419172
19,213,433,10594,113.322648
19,214,119,10594,32.321612
19,215,222,10594,65.313572
19,216,730,10594,132.723808
19,217,395,10594,89.895889
19,218,276,10594,79.388403
19,219,0,10594,0.000000
19,220,42,10594,6.894164
19,221,24,10594,7.118140
19,222,0,10594,0.000000
19,223,311,10594,45.064992
19,224,0,10594,0.000000
19,225,0,10594,0.000000
19,226,0,10594,0.000000
19,227,146,10594,38.065715
19,228,222,10594,50.746265
19,229,45,10594,8.865441
19,230,0,10594,0.000000
19,231,0,10594,0.000000
19,232,181,10594,53.802483
19,233,68,10594,18.936551
19,234,136,10594,33.024540
19,235,62,10594,15.150541
19,236,0,10594,0.000000
19,237,0,10594,0.000000
19,238,0,10594,0.000000
19,239,0,10594,0.000000
19,240,0,10594,0.000000
19,241,123,10594,24.040091
19,242,0,10594,0.000000
19,243,0,10594,0.000000
19,244,0,10594,0.000000
19,245,0,10594,0.000000
19,246,0,10594,0.000000
19,247,245,10594,48.856344
19,248,0,10594,0.000000
19,249,87,10594,20.785698
19,250,84,10594,21.418212
19,251,147,10594,47.343210
19,252,246,10594,54.848987
19,253,139,10594,30.382100
19,254,69,10594,19.838448
19,255,387,10594,84.527074
19,256,115,10594,20.100963
19,257,0,10594,0.000000
19,258,138,10594,22.229342
19,259,373,10594,80.891919
19,260,79,10594,21.288194
19,261,0,10594,0.000000
19,262,108,10594,20.164571
19,263,0,10594,0.000000
19,264,2322,10594,713.639149
19,265,273,10594,56.154359
19,266,138,10594,29.018557
19,267,0,10594,0.000000
19,268,121,10594,22.840923
19,269,0,10594,0.000000
19,270,98,10594,27.046831
19,271,66,10594,14.423339
19,272,128,10594,30.807747
19,273,126,10594,36.502253
19,274,0,10594,0.000000
19,275,204,10594,47.057216
19,276,566,10594,151.206661
19,277,0,10594,0.000000
19,278,312,10594,61.832586
19,279,0,10594,0.000000
19,280,292,10594,82.588418
19,281,250,10594,87.379132
19,282,162,10594,32.488157
19,283,80,10594,18.847538
19,284,0,10594,0.000000
19,285,3905,10594,893.237858
19,286,0,10594,0.000000
19,287,0,10594,0.000000
19,288,56,10594,16.605515
19,289,603,10594,409.826515
19,290,0,10594,0.000000
19,291,106,10594,21.253167
19,292,130,10594,34.574938
19,293,199,10594,45.066085
19,294,0,10594,0.000000
19,295,358,10594,105.214444
19,296,56,10594,14.304586
19,297,676,10594,180.177664
19,298,248,10594,43.769241
19,299,94,10594,20.714337
19,300,100,10594,17.988147
19,301,0,10594,0.000000
19,302,0,10594,0.000000
19,303,87,10594,18.578728
19,304,809,10594,203.205396
19,305,44,10594,13.358568
19,306,85,10594,21.449294
19,307,182,10594,40.669172
19,308,72,10594,20.321970
19,309,709,10594,160.227544
19,310,55,10594,15.531008
19,311,153,10594,33.617578
19,312,80,10594,16.698314
19,313,0,10594,0.000000
19,314,273,10594,66.347248
19,315,0,10594,0.000000
19,316,223,10594,49.891123
19,317,0,10594,0.000000
19,318,0,10594,0.000000
19,319,321,10594,79.198017
19,320,78,10594,21.372027
19,321,0,10594,0.000000
19,322,202,10594,58.326659
19,323,0,10594,0.000000
19,324,146,10594,34.767452
19,325,141,10594,19.121196
19,326,0,10594,0.000000
19,327,0,10594,0.000000
19,328,42,10594,8.830265
19,329,213,10594,50.114195
19,330,107,10594,20.890129
19,331,0,10594,0.000000
19,332,0,10594,0.000000
19,333,99,10594,19.214132
19,334,0,10594,0.000000
19,335,217,10594,67.169776
19,336,0,10594,0.000000
19,337,119,10594,31.448504
19,338,0,10594,0.000000
19,339,166,10594,37.111671
19,340,0,10594,0.000000
19,341,145,10594,37.375910
19,342,153,10594,18.011083
19,343,0,10594,0.000000
19,344,0,10594,0.000000
19,345,0,10594,0.000000
19,346,0,10594,0.000000
19,347,0,10594,0.000000
19,348,160,10594,34.501732
19,349,214,10594,46.198237
19,350,1714,10594,380.130175
19,351,239,10594,49.758795
19,352,118,10594,28.935786
19,353,205,10594,62.674551
19,354,0,10594,0.000000
19,355,29,10594,5.059393
19,356,0,10594,0.000000
19,357,0,10594,0.000000
19,358,0,10594,0.000000
19,359,83,10594,18.030124
19,360,360,10594,94.755423
19,361,200,10594,49.001766
19,362,237,10594,42.020069
19,363,0,10594,0.000000
19,364,1384,10594,267.213021
19,365,237,10594,55.681185
19,366,59,10594,15.194127
19,367,201,10594,42.697189
19,368,395,10594,115.193280
19,369,487,10594,148.932917
19,370,834,10594,659.150134
19,371,326,10594,72.349813
19,372,0,10594,0.000000
19,373,0,10594,0.000000
19,374,213,10594,51.590257
19,375,61,10594,19.283722
19,376,341,10594,73.609245
19,377,0,10594,0.000000
19,378,0,10594,0.000000
19,379,140,10594,39.718740
19,380,50,10594,12.965742
19,381,344,10594,79.804994
19,382,265,10594,68.983157
19,383,0,10594,0.000000
20,0,0,10594,0.000000
20,1,0,10594,0.000000
20,2,0,10594,0.000000
20,3,279,10594,78.360013
20,4,59,10594,16.289384
20,5,0,10594,0.000000
20,6,0,10594,0.000000
20,7,30,10594,7.121274
20,8,301,10594,69.440766
20,9,0,10594,0.000000
20,10,692,10594,178.206352
20,11,0,10594,0.000000
20,12,78,10594,23.982304
20,13,204,10594,49.532519
20,14,714,10594,150.008275
20,15,210,10594,50.645733
20,16,79,10594,13.113367
20,17,0,10594,0.000000
20,18,87,10594,23.909263
20,19,1894,10594,423.275856
20,20,0,10594,0.000000
20,21,0,10594,0.000000
20,22,88,10594,17.131684
20,23,80,10594,18.579091
20,24,178,10594,39.758869
20,25,0,10594,0.000000
20,26,0,10594,0.000000
20,27,458,10594,107.415370
20,28,31,10594,6.260125
20,29,110,10594,27.221985
20,30,120,10594,28.521927
20,31,42,10594,7.948466
20,32,102,10594,18.051594
20,33,0,10594,0.000000
20,34,0,10594,0.000000
20,35,38,10594,10.193296
20,36,0,10594,0.000000
20,37,176,10594,48.596851
20,38,0,10594,0.000000
20,39,0,10594,0.000000
20,40,0,10594,0.000000
20,41,167,10594,36.355233
20,42,166,10594,41.831665
20,43,12,10594,2.080599
20,44,509,10594,147.472110
20,45,22,10594,4.191951
20,46,80,10594,21.451227
20,47,554,10594,126.827166
20,48,538,10594,132.034230
20,49,0,10594,0.000000
20,50,0,10594,0.000000
20,51,5024,10594,1128.189092
20,52,0,10594,0.000000
20,53,0,10594,0.000000
20,54,297,10594,66.814961
20,55,0,10594,0.000000
20,56,0,10594,0.000000
20,57,0,10594,0.000000
20,58,160,10594,28.572652
20,59,0,10594,0.000000
20,60,0,10594,0.000000
20,61,33,10594,7.791073
20,62,0,10594,0.000000
20,63,0,10594,0.000000
20,64,285,10594,88.237749
20,65,130,10594,29.193585
20,66,0,10594,0.000000
20,67,360,10594,106.876610
20,68,20,10594,3.484777
20,69,157,10594,33.478329
20,70,769,10594,192.081276
20,71,195,10594,51.570320
20,72,119,10594,28.318253
20,73,0,10594,0.000000
20,74,0,10594,0.000000
20,75,0,10594,0.000000
20,76,0,10594,0.000000
20,77,341,10594,67.649816
20,78,40,10594,9.701570
20,79,512,10594,146.861504
20,80,294,10594,76.754773
20,81,455,10594,114.666592
20,82,0,10594,0.000000
20,83,151,10594,31.896974
20,84,0,10594,0.000000
20,85,323,10594,83.567773
20,86,153,10594,32.951427
20,87,43,10594,9.884694
20,88,0,10594,0.000000
20,89,14,10594,2.128419
20,90,0,10594,0.000000
20,91,0,10594,0.000000
20,92,0,10594,0.000000
20,93,0,10594,0.000000
20,94,137,10594,37.993558
20,95,0,10594,0.000000
20,96,144,10594,20.248294
20,97,125,10594,34.546912
20,98,0,10594,0.000000
20,99,0,10594,0.000000
20,100,0,10594,0.000000
20,101,398,10594,81.274458
20,102,0,10594,0.000000
20,103,111,10594,25.385871
20,104,215,10594,60.057961
20,105,0,10594,0.000000
20,106,0,10594,0.000000
20,107,21,10594,3.974855
20,108,142,10594,41.961340
20,109,404,10594,137.501734
20,110,609,10594,170.862017
20,111,0,10594,0.000000
20,112,242,10594,67.091167
20,113,93,10594,25.587230
20,114,0,10594,0.000000
20,115,0,10594,0.000000
20,116,42,10594,9.372228
20,117,0,10594,0.000000
20,118,67,10594,11.908799
20,119,0,10594,0.000000
20,120,0,10594,0.000000
20,121,206,10594,52.119356
20,122,0,10594,0.000000
20,123,0,10594,0.000000
20,124,332,10594,95.350847
20,125,0,10594,0.000000
20,126,141,10594,34.519831
20,127,348,10594,99.532471
20,128,0,10594,0.000000
20,129,153,10594,37.609570
20,130,1293,10594,311.121243
20,131,0,10594,0.000000
20,132,144,10594,35.399214
20,133,51,10594,9.261737
20,134,0,10594,0.000000
20,135,20,10594,4.078050
20,136,0,10594,0.000000
20,137,0,10594,0.000000
20,138,0,10594,0.000000
20,139,142,10594,21.605727
20,140,168,10594,41.030879
20,141,0,10594,0.000000
20,142,392,10594,120.217649
20,143,56,10594,11.683941
20,144,931,10594,275.323822
20,145,18,10594,3.802297
20,146,42,10594,6.778402
20,147,10,10594,2.091593
20,148,128,10594,38.153064
20,149,0,10594,0.000000
20,150,25,10594,6.727019
20,151,0,10594,0.000000
20,152,0,10594,0.000000
20,153,198,10594,46.713828
20,154,178,10594,44.387858
20,155,0,10594,0.000000
20,156,294,10594,71.621785
20,157,0,10594,0.000000
20,158,113,10594,23.548622
20,159,0,10594,0.000000
20,160,0,10594,0.000000
20,161,317,10594,72.385875
20,162,260,10594,76.630808
20,163,184,10594,55.595785
20,164,113,10594,22.518003
20,165,44,10594,8.611859
20,166,0,10594,0.000000
20,167,351,10594,97.889036
20,168,0,10594,0.000000
20,169,0,10594,0.000000
20,170,386,10594,90.332256
20,171,0,10594,0.000000
20,172,0,10594,0.000000
20,173,0,10594,0.000000
20,174,0,10594,0.000000
20,175,0,10594,0.000000
20,176,48,10594,12.211684
20,177,101,10594,25.656281
20,178,161,10594,43.454344
20,179,0,10594,0.000000
20,180,507,10594,217.171072
20,181,6,10594,0.869585
20,182,0,10594,0.000000
20,183,176,10594,47.426510
20,184,0,10594,0.000000
20,185,913,10594,227.916140
20,186,100,10594,22.439263
20,187,85,10594,21.425524
20,188,0,10594,0.000000
20,189,62,10594,16.067749
20,190,177,10594,36.975759
20,191,86,10594,15.913534
20,192,154,10594,35.847491
20,193,0,10594,0.000000
20,194,0,10594,0.000000
20,195,0,10594,0.000000
20,196,1049,10594,241.174359
20,197,0,10594,0.000000
20,198,203,10594,45.421336
20,199,0,10594,0.000000
20,200,0,10594,0.000000
20,201,266,10594,65.078495
20,202,94,10594,24.958496
20,203,0,10594,0.000000
20,204,0,10594,0.000000
20,205,0,10594,0.000000
20,206,251,10594,80.098023
20,207,0,10594,0.000000
20,208,0,10594,0.000000
20,209,0,10594,0.000000
20,210,547,10594,125.490448
20,211,0,10594,0.000000
20,212,0,10594,0.000000
20,213,18,10594,4.501802
20,214,49,10594,13.153965
20,215,77,10594,17.060708
20,216,253,10594,88.111105
20,217,106,10594,31.672804
20,218,58,10594,10.396410
20,219,0,10594,0.000000
20,220,135,10594,31.797990
20,221,67,10594,16.816783
20,222,0,10594,0.000000
20,223,191,10594,42.669464
20,224,305,10594,71.335856
20,225,152,10594,34.395412
20,226,0,10594,0.000000
20,227,431,10594,98.277029
20,228,59,10594,11.146671
20,229,80,10594,17.927037
20,230,443,10594,116.980857
20,231,50,10594,12.229275
20,232,0,10594,0.000000
20,233,632,10594,167.001994
20,234,0,10594,0.000000
20,235,0,10594,0.000000
20,236,0,10594,0.000000
20,237,0,10594,0.000000
20,238,0,10594,0.000000
20,239,560,10594,147.864361
20,240,0,10594,0.000000
20,241,78,10594,22.521741
20,242,0,10594,0.000000
20,243,0,10594,0.000000
20,244,0,10594,0.000000
20,245,0,10594,0.000000
20,246,39,10594,9.586112
20,247,0,10594,0.000000
20,248,0,10594,0.000000
20,249,0,10594,0.000000
20,250,0,10594,0.000000
20,251,0,10594,0.000000
20,252,40,10594,5.898731
20,253,252,10594,68.855526
20,254,0,10594,0.000000
20,255,26,10594,5.834203
20,256,0,10594,0.000000
20,257,97,10594,24.820694
20,258,0,10594,0.000000
20,259,179,10594,37.572930
20,260,0,10594,0.000000
20,261,35,10594,7.861993
20,262,24,10594,4.761874
20,263,0,10594,0.000000
20,264,0,10594,0.000000
20,265,123,10594,28.769576
20,266,0,10594,0.000000
20,267,0,10594,0.000000
20,268,0,10594,0.000000
20,269,0,10594,0.000000
20,270,0,10594,0.000000
20,271,0,10594,0.000000
20,272,130,10594,28.524781
20,273,0,10594,0.000000
20,274,43,10594,11.479111
20,275,41,10594,10.055663
20,276,205,10594,49.674454
20,277,0,10594,0.000000
20,278,365,10594,84.630727
20,279,4123,10594,910.602194
20,280,4258,10594,1241.207278
20,281,121,10594,32.034297
20,282,2516,10594,634.030023
20,283,0,10594,0.000000
20,284,0,10594,0.000000
20,285,182,10594,30.538887
20,286,869,10594,220.410537
20,287,0,10594,0.000000
20,288,0,10594,0.000000
20,289,0,10594,0.000000
20,290,176,10594,52.531139
20,291,0,10594,0.000000
20,292,118,10594,31.164899
20,293,0,10594,0.000000
20,294,0,10594,0.000000
20,295,240,10594,80.065435
20,296,152,10594,28.893994
20,297,0,10594,0.000000
20,298,0,10594,0.000000
20,299,264,10594,61.706074
20,300,0,10594,0.000000
20,301,231,10594,69.428203
20,302,0,10594,0.000000
20,303,0,10594,0.000000
20,304,282,10594,76.575517
20,305,14,10594,2.854486
20,306,0,10594,0.000000
20,307,181,10594,32.949672
20,308,0,10594,0.000000
20,309,85,10594,24.078433
20,310,0,10594,0.000000
20,311,0,10594,0.000000
20,312,0,10594,0.000000
20,313,355,10594,101.607028
20,314,154,10594,37.093585
20,315,0,10594,0.000000
20,316,193,10594,58.575904
20,317,71,10594,17.979370
20,318,0,10594,0.000000
20,319,0,10594,0.000000
20,320,269,10594,52.757302
20,321,276,10594,60.962029
20,322,163,10594,47.190061
20,323,0,10594,0.000000
20,324,23,10594,3.795089
20,325,343,10594,93.815198
20,326,275,10594,78.183561
20,327,81,10594,19.154642
20,328,0,10594,0.000000
20,329,172,10594,46.863582
20,330,0,10594,0.000000
20,331,191,10594,46.710628
20,332,0,10594,0.000000
20,333,68,10594,17.943351
20,334,180,10594,35.738967
20,335,211,10594,55.097583
20,336,174,10594,52.674589
20,337,141,10594,37.149698
20,338,489,10594,87.241875
20,339,273,10594,67.711004
20,340,206,10594,64.943833
20,341,58,10594,14.584787
20,342,352,10594,77.440310
20,343,68,10594,11.834816
20,344,205,10594,52.484049
20,345,0,10594,0.000000
20,346,0,10594,0.000000
20,347,96,10594,24.021639
20,348,1562,10594,411.535355
20,349,599,10594,123.842278
20,350,0,10594,0.000000
20,351,103,10594,17.365118
20,352,248,10594,66.001375
20,353,41,10594,9.551692
20,354,0,10594,0.000000
20,355,254,10594,63.267132
20,356,0,10594,0.000000
20,357,925,10594,225.584892
20,358,664,10594,174.786604
20,359,23,10594,5.954485
20,360,121,10594,27.779985
20,361,0,10594,0.000000
20,362,137,10594,32.225607
20,363,247,10594,65.390942
20,364,0,10594,0.000000
20,365,312,10594,92.540695
20,366,0,10594,0.000000
20,367,0,10594,0.000000
20,368,0,10594,0.000000
20,369,0,10594,0.000000
20,370,76,10594,22.758097
20,371,0,10594,0.000000
20,372,23,10594,4.672141
20,373,0,10594,0.000000
20,374,0,10594,0.000000
20,375,0,10594,0.000000
20,376,219,10594,51.081829
20,377,0,10594,0.000000
20,378,0,10594,0.000000
20,379,856,10594,213.008151
20,380,126,10594,32.470869
20,381,39,10594,7.883940
20,382,0,10594,0.000000
20,383,0,10594,0.000000
21,0,0,10594,0.000000
21,1,0,10594,0.000000
21,2,168,10594,59.759214
21,3,0,10594,0.000000
21,4,0,10594,0.000000
21,5,43,10594,7.411622
21,6,201,10594,53.466091
21,7,219,10594,52.220042
21,8,8,10594,1.203399
21,9,1235,10594,320.730558
21,10,211,10594,50.351787
21,11,83,10594,20.877647
21,12,0,10594,0.000000
21,13,63,10594,14.367917
21,14,109,10594,25.223577
21,15,29,10594,6.517703
21,16,0,10594,0.000000
21,17,0,10594,0.000000
21,18,976,10594,264.013506
21,19,571,10594,114.579188
21,20,0,10594,0.000000
21,21,194,10594,52.824293
21,22,445,10594,101.866014
21,23,146,10594,34.270995
21,24,260,10594,67.565828
21,25,364,10594,82.282125
21,26,152,10594,50.684613
21,27,0,10594,0.000000
21,28,7,10594,1.549756
21,29,1067,10594,245.031581
21,30,103,10594,20.810772
21,31,42,10594,7.373262
21,32,0,10594,0.000000
21,33,87,10594,20.972421
21,34,0,10594,0.000000
21,35,73,10594,17.398946
21,36,197,10594,43.427039
21,37,451,10594,76.343045
21,38,0,10594,0.000000
21,39,0,10594,0.000000
21,40,72,10594,17.165283
21,41,209,10594,57.379327
21,42,43,10594,11.142528
21,43,0,10594,0.000000
21,44,356,10594,65.402127
21,45,264,10594,56.397382
21,46,1,10594,0.146742
21,47,527,10594,134.369494
21,48,202,10594,42.004081
21,49,0,10594,0.000000
21,50,286,10594,67.158000
21,51,79,10594,22.293805
21,52,313,10594,70.965015
21,53,0,10594,0.000000
21,54,51,10594,13.851489
21,55,171,10594,44.060212
21,56,0,10594,0.000000
21,57,0,10594,0.000000
21,58,0,10594,0.000000
21,59,441,10594,95.743643
21,60,109,10594,26.341067
21,61,1776,10594,504.669870
21,62,208,10594,60.424010
21,63,33,10594,8.483257
21,64,120,10594,23.433305
21,65,43,10594,10.890330
21,66,133,10594,29.083765
21,67,62,10594,9.936949
21,68,0,10594,0.000000
21,69,155,10594,42.338687
21,70,87,10594,17.345646
21,71,0,10594,0.000000
21,72,40,10594,8.307955
21,73,0,10594,0.000000
21,74,0,10594,0.000000
21,75,0,10594,0.000000
21,76,105,10594,23.251382
21,77,0,10594,0.000000
21,78,0,10594,0.000000
21,79,0,10594,0.000000
21,80,176,10594,25.732626
21,81,0,10594,0.000000
21,82,0,10594,0.000000
21,83,0,10594,0.000000
21,84,60,10594,12.796590
21,85,0,10594,0.000000
21,86,0,10594,0.000000
21,87,477,10594,120.737639
21,88,0,10594,0.000000
21,89,657,10594,142.015771
21,90,0,10594,0.000000
21,91,0,10594,0.000000
21,92,0,10594,0.000000
21,93,215,10594,65.696850
21,94,0,10594,0.000000
21,95,0,10594,0.000000
21,96,0,10594,0.000000
21,97,205,10594,51.636245
21,98,0,10594,0.000000
21,99,0,10594,0.000000
21,100,0,10594,0.000000
21,101,344,10594,85.808529
21,102,251,10594,66.889611
21,103,0,10594,0.000000
21,104,215,10594,52.527566
21,105,57,10594,8.580776
21,106,28,10594,3.924377
21,107,420,10594,88.884575
21,108,95,10594,22.322506
21,109,0,10594,0.000000
21,110,152,10594,29.313681
21,111,0,10594,0.000000
21,112,91,10594,23.549975
21,113,0,10594,0.000000
21,114,0,10594,0.000000
21,115,82,10594,20.175391
21,116,115,10594,43.147650
21,117,55,10594,10.661932
21,118,0,10594,0.000000
21,119,0,10594,0.000000
21,120,271,10594,65.494944
21,121,0,10594,0.000000
21,122,95,10594,15.247479
21,123,623,10594,156.414594
21,124,528,10594,125.517168
21,125,225,10594,87.846317
21,126,112,10594,25.438388
21,127,0,10594,0.000000
21,128,0,10594,0.000000
21,129,0,10594,0.000000
21,130,71,10594,15.201400
21,131,794,10594,177.209170
21,132,0,10594,0.000000
21,133,1328,10594,338.982707
21,134,78,10594,22.111606
21,135,48,10594,11.989623
21,136,2,10594,0.329563
21,137,54,10594,8.735269
21,138,214,10594,35.851522
21,139,46,10594,7.821740
21,140,0,10594,0.000000
21,141,196,10594,43.754613
21,142,148,10594,33.342110
21,143,209,10594,57.315652
21,144,0,10594,0.000000
21,145,0,10594,0.000000
21,146,142,10594,35.373195
21,147,0,10594,0.000000
21,148,100,10594,22.587339
21,149,0,10594,0.000000
21,150,0,10594,0.000000
21,151,42,10594,8.230311
21,152,0,10594,0.000000
21,153,0,10594,0.000000
21,154,0,10594,0.000000
21,155,286,10594,64.723083
21,156,0,10594,0.000000
21,157,0,10594,0.000000
21,158,134,10594,28.712342
21,159,0,10594,0.000000
21,160,43,10594,10.002145
21,161,123,10594,41.747339
21,162,0,10594,0.000000
21,163,18,10594,4.642139
21,164,208,10594,40.542773
21,165,532,10594,141.482446
21,166,0,10594,0.000000
21,167,151,10594,43.333606
21,168,0,10594,0.000000
21,169,425,10594,129.879810
21,170,257,10594,55.339229
21,171,42,10594,6.886595
21,172,0,10594,0.000000
21,173,110,10594,22.813224
21,174,0,10594,0.000000
21,175,0,10594,0.000000
21,176,432,10594,95.087993
21,177,3891,10594,1017.622305
21,178,251,10594,55.165005
21,179,143,10594,29.891248
21,180,283,10594,53.425562
21,181,3,10594,0.510204
21,182,92,10594,26.736640
21,183,0,10594,0.000000
21,184,44,10594,10.211671
21,185,316,10594,83.410346
21,186,134,10594,30.723501
21,187,168,10594,34.235877
21,188,11,10594,2.792955
21,189,0,10594,0.000000
21,190,365,10594,64.399581
21,191,0,10594,0.000000
21,192,84,10594,22.727435
21,193,180,10594,44.574653
21,194,0,10594,0.000000
21,195,128,10594,29.253711
21,196,2,10594,0.307188
21,197,0,10594,0.000000
21,198,0,10594,0.000000
21,199,0,10594,0.000000
21,200,88,10594,25.798883
21,201,0,10594,0.000000
21,202,0,10594,0.000000
21,203,331,10594,57.864303
21,204,0,10594,0.000000
21,205,112,10594,12.221077
21,206,60,10594,13.151914
21,207,0,10594,0.000000
21,208,362,10594,61.943191
21,209,391,10594,100.251275
21,210,7,10594,1.105433
21,211,219,10594,58.309952
21,212,0,10594,0.000000
21,213,0,10594,0.000000
21,214,124,10594,34.797466
21,215,893,10594,261.821238
21,216,0,10594,0.000000
21,217,0,10594,0.000000
21,218,0,10594,0.000000
21,219,0,10594,0.000000
21,220,0,10594,0.000000
21,221,336,10594,65.354572
21,222,0,10594,0.000000
21,223,0,10594,0.000000
21,224,0,10594,0.000000
21,225,1210,10594,250.186684
21,226,0,10594,0.000000
21,227,148,10594,34.590314
21,228,90,10594,20.191301
21,229,254,10594,53.534393
21,230,0,10594,0.000000
21,231,41,10594,7.879253
21,232,63,10594,14.191853
21,233,0,10594,0.000000
21,234,466,10594,96.495709
21,235,0,10594,0.000000
21,236,224,10594,51.805034
21,237,0,10594,0.000000
21,238,0,10594,0.000000
21,239,99,10594,21.892137
21,240,96,10594,20.674117
21,241,0,10594,0.000000
21,242,0,10594,0.000000
21,243,85,10594,15.535070
21,244,0,10594,0.000000
21,245,0,10594,0.000000
21,246,0,10594,0.000000
21,247,230,10594,53.650935
21,248,442,10594,74.193080
21,249,0,10594,0.000000
21,250,159,10594,42.880448
21,251,1732,10594,503.376621
21,252,236,10594,50.567842
21,253,0,10594,0.000000
21,254,285,10594,61.735102
21,255,326,10594,66.391100
21,256,95,10594,20.706375
21,257,179,10594,50.257970
21,258,197,10594,48.962545
21,259,0,10594,0.000000
21,260,160,10594,39.304028
21,261,0,10594,0.000000
21,262,174,10594,23.316961
21,263,94,10594,27.033040
21,264,51,10594,11.259743
21,265,273,10594,62.252784
21,266,0,10594,0.000000
21,267,0,10594,0.000000
21,268,0,10594,0.000000
21,269,126,10594,41.735623
21,270,103,10594,21.656657
21,271,0,10594,0.000000
21,272,52,10594,9.553977
21,273,0,10594,0.000000
21,274,152,10594,40.257259
21,275,130,10594,32.171226
21,276,0,10594,0.000000
21,277,0,10594,0.000000
21,278,97,10594,20.560599
21,279,0,10594,0.000000
21,280,62,10594,15.353524
21,281,10,10594,1.491281
21,282,51,10594,8.180623
21,283,0,10594,0.000000
21,284,3,10594,0.432251
21,285,283,10594,67.220111
21,286,90,10594,29.281537
21,287,0,10594,0.000000
21,288,0,10594,0.000000
21,289,204,10594,43.184330
21,290,191,10594,56.816175
21,291,0,10594,0.000000
21,292,89,10594,27.108899
21,293,504,10594,103.315540
21,294,121,10594,32.737720
21,295,0,10594,0.000000
21,296,218,10594,42.782233
21,297,0,10594,0.000000
21,298,0,10594,0.000000
21,299,220,10594,56.772695
21,300,391,10594,87.057830
21,301,0,10594,0.000000
21,302,630,10594,138.528696
21,303,0,10594,0.000000
21,304,5141,10594,1574.097809
21,305,0,10594,0.000000
21,306,0,10594,0.000000
21,307,0,10594,0.000000
21,308,0,10594,0.000000
21,309,0,10594,0.000000
21,310,147,10594,22.620308
21,311,174,10594,42.602765
21,312,160,10594,38.606942
21,313,0,10594,0.000000
21,314,0,10594,0.000000
21,315,324,10594,95.615730
21,316,284,10594,58.763142
21,317,13,10594,2.230207
21,318,65,10594,17.982702
21,319,55,10594,14.025651
21,320,396,10594,221.250942
21,321,0,10594,0.000000
21,322,0,10594,0.000000
21,323,210,10594,44.458506
21,324,98,10594,23.951759
21,325,0,10594,0.000000
21,326,0,10594,0.000000
21,327,117,10594,18.169432
21,328,0,10594,0.000000
21,329,277,10594,58.834818
21,330,90,10594,15.946820
21,331,15,10594,2.188320
21,332,0,10594,0.000000
21,333,0,10594,0.000000
21,334,315,10594,67.076438
21,335,183,10594,53.801211
21,336,0,10594,0.000000
21,337,0,10594,0.000000
21,338,313,10594,71.077138
21,339,0,10594,0.000000
21,340,0,10594,0.000000
21,341,130,10594,28.187118
21,342,0,10594,0.000000
21,343,979,10594,331.484789
21,344,0,10594,0.000000
21,345,0,10594,0.000000
21,346,91,10594,18.294612
21,347,133,10594,31.959176
21,348,0,10594,0.000000
21,349,102,10594,24.592109
21,350,77,10594,26.759538
21,351,27,10594,4.939162
21,352,0,10594,0.000000
21,353,222,10594,49.511598
21,354,0,10594,0.000000
21,355,142,10594,33.347392
21,356,92,10594,25.754954
21,357,158,10594,35.722699
21,358,88,10594,19.524609
21,359,269,10594,71.452481
21,360,0,10594,0.000000
21,361,0,10594,0.000000
21,362,842,10594,209.014794
21,363,78,10594,16.111663
21,364,275,10594,61.572491
21,365,66,10594,17.482130
21,366,2607,10594,757.485294
21,367,866,10594,173.065168
21,368,556,10594,122.731155
21,369,0,10594,0.000000
21,370,0,10594,0.000000
21,371,100,10594,22.494610
21,372,0,10594,0.000000
21,373,42,10594,6.985292
21,374,0,10594,0.000000
21,375,222,10594,44.235935
21,376,144,10594,32.227820
21,377,0,10594,0.000000
21,378,0,10594,0.000000
21,379,224,10594,46.644071
21,380,531,10594,101.505209
21,381,101,10594,36.388738
21,382,190,10594,45.952833
21,383,507,10594,124.503565
22,0,172,10594,42.065695
22,1,0,10594,0.000000
22,2,0,10594,0.000000
22,3,0,10594,0.000000
22,4,102,10594,20.593358
22,5,0,10594,0.000000
22,6,295,10594,61.249488
22,7,0,10594,0.000000
22,8,0,10594,0.000000
22,9,58,10594,17.901543
22,10,93,10594,14.550332
22,11,0,10594,0.000000
22,12,466,10594,108.587376
22,13,132,10594,31.857847
22,14,0,10594,0.000000
22,15,0,10594,0.000000
22,16,0,10594,0.000000
22,17,0,10594,0.000000
22,18,0,10594,0.000000
22,19,264,10594,76.047456
22,20,777,10594,209.393747
22,21,0,10594,0.000000
22,22,129,10594,17.874424
22,23,252,10594,58.198137
22,24,0,10594,0.000000
22,25,0,10594,0.000000
22,26,0,10594,0.000000
22,27,0,10594,0.000000
22,28,251,10594,50.354214
22,29,0,10594,0.000000
22,30,0,10594,0.000000
22,31,0,10594,0.000000
22,32,105,10594,24.255100
22,33,0,10594,0.000000
22,34,191,10594,44.379590
22,35,0,10594,0.000000
22,36,231,10594,53.082236
22,37,0,10594,0.000000
22,38,0,10594,0.000000
22,39,0,10594,0.000000
22,40,0,10594,0.000000
22,41,0,10594,0.000000
22,42,62,10594,5.678992
22,43,0,10594,0.000000
22,44,149,10594,34.776479
22,45,0,10594,0.000000
22,46,0,10594,0.000000
22,47,0,10594,0.000000
22,48,959,10594,234.074920
22,49,152,10594,29.932954
22,50,0,10594,0.000000
22,51,0,10594,0.000000
22,52,1,10594,0.158559
22,53,101,10594,22.957385
22,54,7,10594,1.335937
22,55,424,10594,101.730643
22,56,0,10594,0.000000
22,57,0,10594,0.000000
22,58,85,10594,24.337043
22,59,0,10594,0.000000
22,60,101,10594,26.647187
22,61,230,10594,47.260941
22,62,62,10594,9.246172
22,63,207,10594,45.270415
22,64,181,10594,44.267533
22,65,1865,10594,437.781421
22,66,0,10594,0.000000
22,67,184,10594,44.169187
22,68,0,10594,0.000000
22,69,140,10594,24.127612
22,70,0,10594,0.000000
22,71,0,10594,0.000000
22,72,32,10594,6.089256
22,73,0,10594,0.000000
22,74,198,10594,49.356919
22,75,0,10594,0.000000
22,76,0,10594,0.000000
22,77,70,10594,18.030142
22,78,306,10594,69.598367
22,79,124,10594,26.158471
22,80,0,10594,0.000000
22,81,100,10594,18.132956
22,82,0,10594,0.000000
22,83,39,10594,7.331846
22,84,40,10594,11.389558
22,85,80,10594,21.108652
22,86,0,10594,0.000000
22,87,111,10594,26.096247
22,88,0,10594,0.000000
22,89,0,10594,0.000000
22,90,0,10594,0.000000
22,91,0,10594,0.000000
22,92,0,10594,0.000000
22,93,91,10594,16.320013
22,94,0,10594,0.000000
22,95,0,10594,0.000000
22,96,155,10594,37.500375
22,97,61,10594,13.305591
22,98,0,10594,0.000000
22,99,143,10594,27.764072
22,100,99,10594,20.272662
22,101,0,10594,0.000000
22,102,0,10594,0.000000
22,103,0,10594,0.000000
22,104,43,10594,10.381793
22,105,0,10594,0.000000
22,106,0,10594,0.000000
22,107,132,10594,34.885175
22,108,0,10594,0.000000
22,109,113,10594,25.837428
22,110,0,10594,0.000000
22,111,83,10594,24.969268
22,112,188,10594,39.253693
22,113,0,10594,0.000000
22,114,353,10594,65.396826
22,115,12,10594,2.597489
22,116,0,10594,0.000000
22,117,214,10594,46.732281
22,118,67,10594,13.568712
22,119,0,10594,0.000000
22,120,651,10594,148.242113
22,121,1403,10594,454.201534
22,122,0,10594,0.000000
22,123,205,10594,49.546467
22,124,0,10594,0.000000
22,125,189,10594,58.930641
22,126,124,10594,26.579924
22,127,24,10594,4.484682
22,128,0,10594,0.000000
22,129,0,10594,0.000000
22,130,0,10594,0.000000
22,131,202,10594,30.095207
22,132,0,10594,0.000000
22,133,368,10594,76.244508
22,134,0,10594,0.000000
22,135,0,10594,0.000000
22,136,80,10594,24.483481
22,137,0,10594,0.000000
22,138,0,10594,0.000000
22,139,37,10594,5.428091
22,140,481,10594,78.702174
22,141,445,10594,90.855091
22,142,0,10594,0.000000
22,143,0,10594,0.000000
22,144,96,10594,14.707382
22,145,159,10594,38.382709
22,146,96,10594,26.215621
22,147,0,10594,0.000000
22,148,66,10594,17.270750
22,149,231,10594,52.356561
22,150,628,10594,140.947029
22,151,273,10594,44.727705
22,152,0,10594,0.000000
22,153,0,10594,0.000000
22,154,625,10594,96.116020
22,155,183,10594,44.515557
22,156,326,10594,79.436776
22,157,334,10594,61.024031
22,158,69,10594,8.307798
22,159,27,10594,6.085610
22,160,244,10594,57.189408
22,161,0,10594,0.000000
22,162,0,10594,0.000000
22,163,220,10594,58.969986
22,164,0,10594,0.000000
22,165,0,10594,0.000000
22,166,0,10594,0.000000
22,167,66,10594,16.916309
22,168,0,10594,0.000000
22,169,12,10594,2.268693
22,170,0,10594,0.000000
22,171,93,10594,18.701366
22,172,168,10594,45.578130
22,173,93,10594,22.608049
22,174,36,10594,6.020129
22,175,0,10594,0.000000
22,176,95,10594,22.427129
22,177,135,10594,55.130230
22,178,0,10594,0.000000
22,179,46,10594,7.638006
22,180,147,10594,39.094856
22,181,63,10594,12.259287
22,182,52,10594,12.807902
22,183,0,10594,0.000000
22,184,2744,10594,820.562136
22,185,73,10594,12.027265
22,186,0,10594,0.000000
22,187,0,10594,0.000000
22,188,0,10594,0.000000
22,189,0,10594,0.000000
22,190,0,10594,0.000000
22,191,0,10594,0.000000
22,192,286,10594,68.511261
22,193,0,10594,0.000000
22,194,0,10594,0.000000
22,195,160,10594,37.144537
22,196,0,10594,0.000000
22,197,0,10594,0.000000
22,198,114,10594,24.331532
22,199,117,10594,28.907968
22,200,310,10594,61.832356
22,201,148,10594,35.451001
22,202,0,10594,0.000000
22,203,596,10594,136.339387
22,204,84,10594,18.300664
22,205,179,10594,41.178981
22,206,14,10594,2.416003
22,207,224,10594,60.567136
22,208,443,10594,114.278812
22,209,420,10594,101.476724
22,210,455,10594,100.958559
22,211,0,10594,0.000000
22,212,0,10594,0.000000
22,213,288,10594,51.092498
22,214,0,10594,0.000000
22,215,0,10594,0.000000
22,216,349,10594,91.719422
22,217,0,10594,0.000000
22,218,132,10594,29.777698
22,219,692,10594,156.196958
22,220,84,10594,17.819813
22,221,0,10594,0.000000
22,222,0,10594,0.000000
22,223,0,10594,0.000000
22,224,0,10594,0.000000
22,225,125,10594,29.571837
22,226,19,10594,3.254112
22,227,0,10594,0.000000
22,228,738,10594,189.722896
22,229,0,10594,0.000000
22,230,191,10594,44.209529
22,231,413,10594,97.127996
22,232,0,10594,0.000000
22,233,87,10594,20.110736
22,234,269,10594,53.865581
22,235,46,10594,8.394900
22,236,48,10594,15.448600
22,237,0,10594,0.000000
22,238,455,10594,80.634829
22,239,183,10594,38.359484
22,240,0,10594,0.000000
22,241,142,10594,34.592825
22,242,0,10594,0.000000
22,243,0,10594,0.000000
22,244,306,10594,69.170946
22,245,0,10594,0.000000
22,246,0,10594,0.000000
22,247,0,10594,0.000000
22,248,0,10594,0.000000
22,249,65,10594,15.725796
22,250,0,10594,0.000000
22,251,0,10594,0.000000
22,252,0,10594,0.000000
22,253,23,10594,5.994498
22,254,0,10594,0.000000
22,255,0,10594,0.000000
22,256,0,10594,0.000000
22,257,0,10594,0.000000
22,258,1334,10594,363.085174
22,259,547,10594,137.631334
22,260,0,10594,0.000000
22,261,0,10594,0.000000
22,262,0,10594,0.000000
22,263,89,10594,18.380498
22,264,48,10594,13.097774
22,265,0,10594,0.000000
22,266,66,10594,18.042248
22,267,531,10594,104.899645
22,268,0,10594,0.000000
22,269,148,10594,32.429106
22,270,0,10594,0.000000
22,271,171,10594,25.735045
22,272,170,10594,38.208679
22,273,0,10594,0.000000
22,274,125,10594,26.875281
22,275,0,10594,0.000000
22,276,0,10594,0.000000
22,277,2782,10594,971.714512
22,278,67,10594,13.305472
22,279,0,10594,0.000000
22,280,0,10594,0.000000
22,281,169,10594,38.884548
22,282,0,10594,0.000000
22,283,94,10594,19.123989
22,284,0,10594,0.000000
22,285,0,10594,0.000000
22,286,89,10594,19.523123
22,287,16,10594,2.991107
22,288,4668,10594,1376.344116
22,289,181,10594,28.175088
22,290,0,10594,0.000000
22,291,0,10594,0.000000
22,292,111,10594,25.525134
22,293,94,10594,19.616688
22,294,164,10594,38.849850
22,295,54,10594,11.667102
22,296,163,10594,20.570867
22,297,108,10594,24.737829
22,298,0,10594,0.000000
22,299,0,10594,0.000000
22,300,123,10594,33.284773
22,301,355,10594,56.637091
22,302,8,10594,1.171395
22,303,0,10594,0.000000
22,304,0,10594,0.000000
22,305,0,10594,0.000000
22,306,0,10594,0.000000
22,307,133,10594,35.667140
22,308,0,10594,0.000000
22,309,0,10594,0.000000
22,310,0,10594,0.000000
22,311,0,10594,0.000000
22,312,0,10594,0.000000
22,313,629,10594,130.729920
22,314,764,10594,214.753784
22,315,0,10594,0.000000
22,316,0,10594,0.000000
22,317,157,10594,36.568546
22,318,277,10594,67.173516
22,319,100,10594,24.987775
22,320,48,10594,9.915650
22,321,503,10594,106.655731
22,322,0,10594,0.000000
22,323,140,10594,35.772669
22,324,0,10594,0.000000
22,325,138,10594,26.180617
22,326,46,10594,9.121360
22,327,0,10594,0.000000
22,328,0,10594,0.000000
22,329,0,10594,0.000000
22,330,1718,10594,383.540293
22,331,146,10594,33.587183
22,332,0,10594,0.000000
22,333,572,10594,142.887833
22,334,0,10594,0.000000
22,335,185,10594,55.924851
22,336,1165,10594,339.709394
22,337,72,10594,11.341884
22,338,286,10594,72.848523
22,339,0,10594,0.000000
22,340,158,10594,32.292676
22,341,0,10594,0.000000
22,342,288,10594,71.909258
22,343,3,10594,0.391146
22,344,164,10594,39.534931
22,345,171,10594,31.026701
22,346,0,10594,0.000000
22,347,0,10594,0.000000
22,348,85,10594,19.329482
22,349,194,10594,34.775564
22,350,131,10594,32.970687
22,351,466,10594,82.592609
22,352,0,10594,0.000000
22,353,0,10594,0.000000
22,354,4,10594,0.795278
22,355,547,10594,129.744340
22,356,111,10594,22.037353
22,357,0,10594,0.000000
22,358,0,10594,0.000000
22,359,0,10594,0.000000
22,360,84,10594,19.439431
22,361,0,10594,0.000000
22,362,402,10594,104.822563
22,363,762,10594,132.884728
22,364,38,10594,8.878840
22,365,159,10594,38.052734
22,366,59,10594,12.178844
22,367,410,10594,118.918709
22,368,0,10594,0.000000
22,369,0,10594,0.000000
22,370,0,10594,0.000000
22,371,96,10594,19.774504
22,372,192,10594,42.273207
22,373,176,10594,33.424456
22,374,337,10594,68.047286
22,375,120,10594,26.321557
22,376,252,10594,58.666350
22,377,7417,10594,2105.722203
22,378,0,10594,0.000000
22,379,0,10594,0.000000
22,380,0,10594,0.000000
22,381,0,10594,0.000000
22,382,0,10594,0.000000
22,383,88,10594,17.526568
23,0,102,10594,29.421347
23,1,0,10594,0.000000
23,2,0,10594,0.000000
23,3,0,10594,0.000000
23,4,0,10594,0.000000
23,5,290,10594,64.564065
23,6,0,10594,0.000000
23,7,75,10594,14.359834
23,8,0,10594,0.000000
23,9,0,10594,0.000000
23,10,180,10594,38.458032
23,11,114,10594,20.505628
23,12,58,10594,12.663547
23,13,57,10594,13.859784
23,14,127,10594,35.649924
23,15,92,10594,19.104530
23,16,293,10594,41.618386
23,17,398,10594,87.145691
23,18,108,10594,27.679523
23,19,157,10594,22.836792
23,20,259,10594,43.386422
23,21,0,10594,0.000000
23,22,0,10594,0.000000
23,23,1060,10594,241.981401
23,24,131,10594,24.661823
23,25,450,10594,89.043264
23,26,0,10594,0.000000
23,27,98,10594,20.300470
23,28,95,10594,13.988425
23,29,135,10594,29.747170
23,30,313,10594,56.210876
23,31,0,10594,0.000000
23,32,134,10594,37.300606
23,33,0,10594,0.000000
23,34,223,10594,38.752748
23,35,125,10594,20.575383
23,36,0,10594,0.000000
23,37,0,10594,0.000000
23,38,0,10594,0.000000
23,39,0,10594,0.000000
23,40,0,10594,0.000000
23,41,134,10594,23.738888
23,42,0,10594,0.000000
23,43,120,10594,22.998018
23,44,0,10594,0.000000
23,45,166,10594,42.373069
23,46,410,10594,83.251098
23,47,45,10594,9.009698
23,48,65,10594,17.862428
23,49,124,10594,32.557203
23,50,336,10594,52.524683
23,51,0,10594,0.000000
23,52,127,10594,34.743200
23,53,0,10594,0.000000
23,54,289,10594,68.762155
23,55,330,10594,80.907176
23,56,352,10594,91.168920
23,57,93,10594,23.810130
23,58,0,10594,0.000000
23,59,0,10594,0.000000
23,60,269,10594,65.784826
23,61,0,10594,0.000000
23,62,0,10594,0.000000
23,63,0,10594,0.000000
23,64,76,10594,17.615516
23,65,546,10594,110.223913
23,66,137,10594,34.987083
23,67,328,10594,85.045229
23,68,203,10594,44.430181
23,69,128,10594,25.063175
23,70,0,10594,0.000000
23,71,0,10594,0.000000
23,72,57,10594,8.659273
23,73,0,10594,0.000000
23,74,0,10594,0.000000
23,75,138,10594,30.387925
23,76,235,10594,61.913089
23,77,241,10594,46.249215
23,78,24,10594,8.635807
23,79,273,10594,73.065164
23,80,78,10594,13.549001
23,81,2078,10594,534.964860
23,82,24,10594,3.654398
23,83,0,10594,0.000000
23,84,0,10594,0.000000
23,85,0,10594,0.000000
23,86,137,10594,38.246969
23,87,121,10594,35.566845
23,88,195,10594,60.662903
23,89,0,10594,0.000000
23,90,262,10594,32.015998
23,91,53,10594,8.730759
23,92,57,10594,11.565294
23,93,353,10594,83.606127
23,94,63,10594,12.878216
23,95,744,10594,194.939743
23,96,0,10594,0.000000
23,97,302,10594,46.395661
23,98,0,10594,0.000000
23,99,0,10594,0.000000
23,100,0,10594,0.000000
23,101,0,10594,0.000000
23,102,0,10594,0.000000
23,103,139,10594,30.404373
23,104,47,10594,10.495183
23,105,0,10594,0.000000
23,106,215,10594,33.190965
23,107,0,10594,0.000000
23,108,0,10594,0.000000
23,109,180,10594,45.255671
23,110,48,10594,15.502064
23,111,325,10594,62.202187
23,112,0,10594,0.000000
23,113,54,10594,14.412089
23,114,0,10594,0.000000
23,115,201,10594,55.120278
23,116,287,10594,61.419071
23,117,0,10594,0.000000
23,118,118,10594,27.479145
23,119,182,10594,45.432861
23,120,205,10594,31.579454
23,121,41,10594,12.037564
23,122,0,10594,0.000000
23,123,224,10594,52.093365
23,124,0,10594,0.000000
23,125,0,10594,0.000000
23,126,105,10594,24.150389
23,127,124,10594,25.128493
23,128,31,10594,4.429691
23,129,85,10594,21.829537
23,130,227,10594,51.147104
23,131,154,10594,38.161367
23,132,174,10594,53.235183
23,133,118,10594,28.134599
23,134,174,10594,41.495289
23,135,103,10594,24.410481
23,136,0,10594,0.000000
23,137,31,10594,4.094746
23,138,0,10594,0.000000
23,139,120,10594,35.444775
23,140,551,10594,221.601406
23,141,0,10594,0.000000
23,142,132,10594,19.769613
23,143,346,10594,88.561716
23,144,61,10594,16.433900
23,145,0,10594,0.000000
23,146,240,10594,64.554841
23,147,463,10594,70.635488
23,148,69,10594,15.383188
23,149,73,10594,21.017987
23,150,272,10594,59.525056
23,151,48,10594,12.996139
23,152,138,10594,22.664183
23,153,38,10594,5.241393
23,154,58,10594,15.220967
23,155,571,10594,157.940660
23,156,126,10594,32.149055
23,157,215,10594,53.271481
23,158,0,10594,0.000000
23,159,327,10594,87.790323
23,160,942,10594,211.057234
23,161,148,10594,28.580412
23,162,450,10594,112.046060
23,163,381,10594,81.858977
23,164,108,10594,23.655978
23,165,656,10594,148.558398
23,166,0,10594,0.000000
23,167,299,10594,72.796102
23,168,0,10594,0.000000
23,169,0,10594,0.000000
23,170,621,10594,155.261211
23,171,7780,10594,2987.371722
23,172,124,10594,34.522139
23,173,244,10594,60.792904
23,174,0,10594,0.000000
23,175,106,10594,26.064370
23,176,0,10594,0.000000
23,177,2645,10594,387.167994
23,178,0,10594,0.000000
23,179,589,10594,121.986799
23,180,123,10594,20.193024
23,181,153,10594,46.105450
23,182,0,10594,0.000000
23,183,0,10594,0.000000
23,184,60,10594,17.015951
23,185,0,10594,0.000000
23,186,0,10594,0.000000
23,187,0,10594,0.000000
23,188,1173,10594,267.221207
23,189,115,10594,17.475535
23,190,889,10594,211.027117
23,191,80,10594,21.295129
23,192,177,10594,41.491858
23,193,0,10594,0.000000
23,194,0,10594,0.000000
23,195,0,10594,0.000000
23,196,341,10594,234.862909
23,197,0,10594,0.000000
23,198,80,10594,17.883297
23,199,53,10594,12.453681
23,200,0,10594,0.000000
23,201,271,10594,49.238678
23,202,0,10594,0.000000
23,203,0,10594,0.000000
23,204,0,10594,0.000000
23,205,308,10594,61.455387
23,206,0,10594,0.000000
23,207,77,10594,17.028108
23,208,0,10594,0.000000
23,209,274,10594,59.349986
23,210,147,10594,22.366188
23,211,0,10594,0.000000
23,212,0,10594,0.000000
23,213,107,10594,27.736310
23,214,11,10594,2.416614
23,215,0,10594,0.000000
23,216,127,10594,29.409725
23,217,0,10594,0.000000
23,218,114,10594,25.937856
23,219,37,10594,6.174191
23,220,85,10594,17.327096
23,221,0,10594,0.000000
23,222,123,10594,30.887843
23,223,0,10594,0.000000
23,224,134,10594,22.013316
23,225,461,10594,125.274855
23,226,0,10594,0.000000
23,227,0,10594,0.000000
23,228,0,10594,0.000000
23,229,0,10594,0.000000
23,230,65,10594,14.883778
23,231,69,10594,16.060145
23,232,0,10594,0.000000
23,233,0,10594,0.000000
23,234,0,10594,0.000000
23,235,248,10594,59.318872
23,236,127,10594,38.006792
23,237,0,10594,0.000000
23,238,0,10594,0.000000
23,239,0,10594,0.000000
23,240,0,10594,0.000000
23,241,0,10594,0.000000
23,242,0,10594,0.000000
23,243,171,10594,37.870159
23,244,0,10594,0.000000
23,245,0,10594,0.000000
23,246,0,10594,0.000000
23,247,210,10594,53.825091
23,248,0,10594,0.000000
23,249,0,10594,0.000000
23,250,128,10594,28.687480
23,251,237,10594,60.112072
23,252,0,10594,0.000000
23,253,0,10594,0.000000
23,254,0,10594,0.000000
23,255,47,10594,6.640396
23,256,0,10594,0.000000
23,257,20,10594,1.647709
23,258,317,10594,71.981814
23,259,0,10594,0.000000
23,260,127,10594,26.555179
23,261,0,10594,0.000000
23,262,0,10594,0.000000
23,263,425,10594,90.292556
23,264,179,10594,36.431689
23,265,0,10594,0.000000
23,266,80,10594,15.196267
23,267,70,10594,14.738493
23,268,343,10594,203.233040
23,269,162,10594,31.681373
23,270,0,10594,0.000000
23,271,60,10594,9.444401
23,272,0,10594,0.000000
23,273,513,10594,67.062647
23,274,287,10594,55.524895
23,275,207,10594,27.509899
23,276,196,10594,40.483417
23,277,338,10594,87.967764
23,278,0,10594,0.000000
23,279,109,10594,38.656433
23,280,0,10594,0.000000
23,281,213,10594,53.363396
23,282,103,10594,23.284007
23,283,440,10594,86.807880
23,284,82,10594,21.758340
23,285,131,10594,25.932887
23,286,206,10594,40.457953
23,287,106,10594,36.001025
23,288,0,10594,0.000000
23,289,0,10594,0.000000
23,290,75,10594,19.712968
23,291,186,10594,57.026748
23,292,7,10594,0.992388
23,293,88,10594,18.811483
23,294,122,10594,25.748299
23,295,0,10594,0.000000
23,296,133,10594,39.224808
23,297,0,10594,0.000000
23,298,84,10594,21.667446
23,299,260,10594,67.086562
23,300,30,10594,6.574003
23,301,87,10594,18.289745
23,302,194,10594,40.915740
23,303,7,10594,0.908293
23,304,121,10594,28.294978
23,305,14,10594,4.109833
23,306,0,10594,0.000000
23,307,0,10594,0.000000
23,308,0,10594,0.000000
23,309,0,10594,0.000000
23,310,0,10594,0.000000
23,311,0,10594,0.000000
23,312,86,10594,17.783547
23,313,0,10594,0.000000
23,314,60,10594,11.732568
23,315,0,10594,0.000000
23,316,100,10594,27.560954
23,317,470,10594,118.282177
23,318,0,10594,0.000000
23,319,255,10594,113.500249
23,320,678,10594,110.649684
23,321,0,10594,0.000000
23,322,68,10594,18.581380
23,323,33,10594,7.409779
23,324,145,10594,37.308109
23,325,0,10594,0.000000
23,326,139,10594,26.101658
23,327,0,10594,0.000000
23,328,0,10594,0.000000
23,329,135,10594,32.628747
23,330,0,10594,0.000000
23,331,149,10594,35.590666
23,332,42,10594,7.499954
23,333,49,10594,7.093265
23,334,102,10594,18.445635
23,335,0,10594,0.000000
23,336,1017,10594,234.950091
23,337,0,10594,0.000000
23,338,143,10594,35.625313
23,339,102,10594,31.488670
23,340,190,10594,38.748449
23,341,0,10594,0.000000
23,342,151,10594,44.118194
23,343,64,10594,14.862969
23,344,166,10594,40.002996
23,345,107,10594,18.890942
23,346,0,10594,0.000000
23,347,0,10594,0.000000
23,348,742,10594,154.050833
23,349,43,10594,8.502528
23,350,0,10594,0.000000
23,351,0,10594,0.000000
23,352,0,10594,0.000000
23,353,0,10594,0.000000
23,354,195,10594,26.706493
23,355,315,10594,70.207364
23,356,405,10594,63.089980
23,357,283,10594,79.054408
23,358,269,10594,42.258402
23,359,0,10594,0.000000
23,360,0,10594,0.000000
23,361,113,10594,27.038412
23,362,9,10594,1.224661
23,363,0,10594,0.000000
23,364,431,10594,117.664930
23,365,83,10594,19.031666
23,366,571,10594,91.241742
23,367,120,10594,18.207365
23,368,365,10594,97.942675
23,369,0,10594,0.000000
23,370,75,10594,22.982969
23,371,0,10594,0.000000
23,372,0,10594,0.000000
23,373,2395,10594,659.338707
23,374,1701,10594,411.001756
23,375,118,10594,31.236546
23,376,119,10594,31.212016
23,377,147,10594,27.907627
23,378,350,10594,86.697403
23,379,0,10594,0.000000
23,380,0,10594,0.000000
23,381,0,10594,0.000000
23,382,0,10594,0.000000
23,383,0,10594,0.000000
24,0,430,10594,108.461514
24,1,0,10594,0.000000
24,2,551,10594,129.962189
24,3,286,10594,67.043287
24,4,239,10594,55.566186
24,5,108,10594,21.142320
24,6,394,10594,110.615297
24,7,0,10594,0.000000
24,8,0,10594,0.000000
24,9,21,10594,3.979943
24,10,1573,10594,335.218709
24,11,169,10594,24.211637
24,12,231,10594,91.676169
24,13,191,10594,42.355172
24,14,70,10594,15.215300
24,15,61,10594,9.309061
24,16,0,10594,0.000000
24,17,0,10594,0.000000
24,18,0,10594,0.000000
24,19,397,10594,76.169166
24,20,95,10594,44.194420
24,21,0,10594,0.000000
24,22,416,10594,83.041157
24,23,231,10594,58.063561
24,24,251,10594,45.526896
24,25,0,10594,0.000000
24,26,0,10594,0.000000
24,27,0,10594,0.000000
24,28,708,10594,170.137905
24,29,0,10594,0.000000
24,30,199,10594,51.420131
24,31,0,10594,0.000000
24,32,117,10594,35.055579
24,33,114,10594,22.182263
24,34,0,10594,0.000000
24,35,0,10594,0.000000
24,36,151,10594,34.033339
24,37,0,10594,0.000000
24,38,2433,10594,596.663913
24,39,123,10594,27.859555
24,40,0,10594,0.000000
24,41,201,10594,44.906496
24,42,242,10594,75.728239
24,43,60,10594,10.724589
24,44,0,10594,0.000000
24,45,294,10594,63.462583
24,46,146,10594,48.770792
24,47,137,10594,31.691710
24,48,145,10594,28.678213
24,49,0,10594,0.000000
24,50,36,10594,6.230990
24,51,0,10594,0.000000
24,52,0,10594,0.000000
24,53,229,10594,62.606273
24,54,0,10594,0.000000
24,55,0,10594,0.000000
24,56,0,10594,0.000000
24,57,516,10594,123.499370
24,58,0,10594,0.000000
24,59,0,10594,0.000000
24,60,864,10594,257.556264
24,61,0,10594,0.000000
24,62,0,10594,0.000000
24,63,363,10594,81.819821
24,64,181,10594,57.743608
24,65,0,10594,0.000000
24,66,70,10594,14.673062
24,67,441,10594,92.704778
24,68,3,10594,0.396185
24,69,0,10594,0.000000
24,70,300,10594,107.310350
24,71,0,10594,0.000000
24,72,441,10594,90.275322
24,73,854,10594,199.824308
24,74,0,10594,0.000000
24,75,0,10594,0.000000
24,76,216,10594,53.795555
24,77,0,10594,0.000000
24,78,0,10594,0.000000
24,79,0,10594,0.000000
24,80,0,10594,0.000000
24,81,0,10594,0.000000
24,82,106,10594,23.288641
24,83,291,10594,88.370443
24,84,700,10594,181.240793
24,85,0,10594,0.000000
24,86,0,10594,0.000000
24,87,30,10594,6.272773
24,88,54,10594,16.526807
24,89,0,10594,0.000000
24,90,212,10594,53.769881
24,91,122,10594,25.029363
24,92,76,10594,18.226868
24,93,0,10594,0.000000
24,94,0,10594,0.000000
24,95,0,10594,0.000000
24,96,178,10594,36.967247
24,97,380,10594,100.599399
24,98,636,10594,160.780547
24,99,0,10594,0.000000
24,100,104,10594,14.699213
24,101,26,10594,8.526218
24,102,0,10594,0.000000
24,103,979,10594,263.549348
24,104,0,10594,0.000000
24,105,51,10594,14.048397
24,106,50,10594,8.027113
24,107,731,10594,121.658940
24,108,173,10594,43.563108
24,109,196,10594,47.160609
24,110,0,10594,0.000000
24,111,0,10594,0.000000
24,112,118,10594,23.191158
24,113,208,10594,43.595086
24,114,110,10594,28.503100
24,115,132,10594,34.009680
24,116,841,10594,271.293286
24,117,113,10594,27.432990
24,118,160,10594,46.409567
24,119,0,10594,0.000000
24,120,0,10594,0.000000
24,121,64,10594,12.055959
24,122,24,10594,7.306006
24,123,113,10594,30.900361
24,124,89,10594,18.358926
24,125,0,10594,0.000000
24,126,0,10594,0.000000
24,127,270,10594,31.732766
24,128,0,10594,0.000000
24,129,0,10594,0.000000
24,130,201,10594,51.402955
24,131,0,10594,0.000000
24,132,143,10594,36.533122
24,133,0,10594,0.000000
24,134,0,10594,0.000000
24,135,22,10594,3.413648
24,136,0,10594,0.000000
24,137,0,10594,0.000000
24,138,78,10594,17.738879
24,139,466,10594,106.548558
24,140,2291,10594,604.109628
24,141,92,10594,26.019672
24,142,0,10594,0.000000
24,143,174,10594,38.472301
24,144,0,10594,0.000000
24,145,166,10594,41.948152
24,146,169,10594,30.405097
24,147,605,10594,164.904553
24,148,0,10594,0.000000
24,149,0,10594,0.000000
24,150,76,10594,18.280624
24,151,0,10594,0.000000
24,152,0,10594,0.000000
24,153,0,10594,0.000000
24,154,132,10594,47.032829
24,155,0,10594,0.000000
24,156,0,10594,0.000000
24,157,80,10594,19.727969
24,158,1244,10594,269.090342
24,159,0,10594,0.000000
24,160,381,10594,122.265085
24,161,132,10594,29.268206
24,162,120,10594,30.009368
24,163,0,10594,0.000000
24,164,244,10594,67.692508
24,165,225,10594,52.009915
24,166,303,10594,83.153151
24,167,213,10594,48.316605
24,168,558,10594,119.203424
24,169,0,10594,0.000000
24,170,0,10594,0.000000
24,171,601,10594,137.388550
24,172,0,10594,0.000000
24,173,2209,10594,539.546227
24,174,0,10594,0.000000
24,175,0,10594,0.000000
24,176,173,10594,43.783833
24,177,136,10594,24.915384
24,178,241,10594,60.055025
24,179,0,10594,0.000000
24,180,0,10594,0.000000
24,181,350,10594,73.032513
24,182,0,10594,0.000000
24,183,248,10594,78.601207
24,184,0,10594,0.000000
24,185,530,10594,169.248888
24,186,0,10594,0.000000
24,187,2454,10594,640.027790
24,188,0,10594,0.000000
24,189,205,10594,45.721826
24,190,552,10594,135.713019
24,191,8,10594,1.822127
24,192,0,10594,0.000000
24,193,0,10594,0.000000
24,194,0,10594,0.000000
24,195,0,10594,0.000000
24,196,312,10594,82.317943
24,197,0,10594,0.000000
24,198,0,10594,0.000000
24,199,73,10594,19.092269
24,200,337,10594,73.849906
24,201,131,10594,35.280364
24,202,271,10594,61.783388
24,203,375,10594,87.821349
24,204,0,10594,0.000000
24,205,0,10594,0.000000
24,206,0,10594,0.000000
24,207,0,10594,0.000000
24,208,0,10594,0.000000
24,209,0,10594,0.000000
24,210,0,10594,0.000000
24,211,0,10594,0.000000
24,212,598,10594,165.838264
24,213,169,10594,42.184172
24,214,0,10594,0.000000
24,215,0,10594,0.000000
24,216,219,10594,51.636668
24,217,0,10594,0.000000
24,218,607,10594,150.730232
24,219,52,10594,7.555462
24,220,0,10594,0.000000
24,221,0,10594,0.000000
24,222,0,10594,0.000000
24,223,285,10594,101.707296
24,224,131,10594,28.984501
24,225,737,10594,141.622259
24,226,0,10594,0.000000
24,227,264,10594,61.287294
24,228,0,10594,0.000000
24,229,0,10594,0.000000
24,230,184,10594,49.711735
24,231,290,10594,64.239386
24,232,58,10594,12.378171
24,233,34,10594,7.861009
24,234,0,10594,0.000000
24,235,0,10594,0.000000
24,236,0,10594,0.000000
24,237,1705,10594,314.074245
24,238,1610,10594,476.406643
24,239,0,10594,0.000000
24,240,0,10594,0.000000
24,241,96,10594,18.997612
24,242,0,10594,0.000000
24,243,0,10594,0.000000
24,244,223,10594,54.701510
24,245,0,10594,0.000000
24,246,0,10594,0.000000
24,247,90,10594,20.698816
24,248,88,10594,22.209641
24,249,20,10594,3.334775
24,250,0,10594,0.000000
24,251,0,10594,0.000000
24,252,331,10594,75.610502
24,253,140,10594,29.571841
24,254,0,10594,0.000000
24,255,0,10594,0.000000
24,256,479,10594,114.502779
24,257,166,10594,26.553349
24,258,506,10594,121.372356
24,259,0,10594,0.000000
24,260,0,10594,0.000000
24,261,0,10594,0.000000
24,262,38,10594,8.044486
24,263,0,10594,0.000000
24,264,151,10594,23.535868
24,265,210,10594,48.562527
24,266,180,10594,42.209606
24,267,0,10594,0.000000
24,268,0,10594,0.000000
24,269,0,10594,0.000000
24,270,0,10594,0.000000
24,271,0,10594,0.000000
24,272,153,10594,44.271002
24,273,293,10594,51.662669
24,274,235,10594,55.772779
24,275,34,10594,7.889321
24,276,0,10594,0.000000
24,277,0,10594,0.000000
24,278,142,10594,37.528699
24,279,0,10594,0.000000
24,280,0,10594,0.000000
24,281,108,10594,22.495305
24,282,362,10594,87.501812
24,283,43,10594,8.288386
24,284,342,10594,96.713743
24,285,27,10594,6.792975
24,286,0,10594,0.000000
24,287,42,10594,8.299668
24,288,0,10594,0.000000
24,289,0,10594,0.000000
24,290,169,10594,82.403543
24,291,0,10594,0.000000
24,292,0,10594,0.000000
24,293,0,10594,0.000000
24,294,0,10594,0.000000
24,295,0,10594,0.000000
24,296,50,10594,7.441470
24,297,0,10594,0.000000
24,298,0,10594,0.000000
24,299,0,10594,0.000000
24,300,0,10594,0.000000
24,301,0,10594,0.000000
24,302,0,10594,0.000000
24,303,0,10594,0.000000
24,304,223,10594,51.999039
24,305,0,10594,0.000000
24,306,0,10594,0.000000
24,307,0,10594,0.000000
24,308,1337,10594,361.495116
24,309,0,10594,0.000000
24,310,0,10594,0.000000
24,311,0,10594,0.000000
24,312,0,10594,0.000000
24,313,70,10594,15.657158
24,314,186,10594,47.523266
24,315,52,10594,10.424105
24,316,0,10594,0.000000
24,317,90,10594,21.565664
24,318,0,10594,0.000000
24,319,0,10594,0.000000
24,320,379,10594,88.419218
24,321,38,10594,12.070385
24,322,0,10594,0.000000
24,323,106,10594,24.497753
24,324,83,10594,20.657537
24,325,247,10594,63.634087
24,326,213,10594,55.141826
24,327,33,10594,6.331363
24,328,0,10594,0.000000
24,329,33,10594,8.332145
24,330,113,10594,19.725955
24,331,162,10594,34.344914
24,332,42,10594,8.447231
24,333,150,10594,27.203581
24,334,0,10594,0.000000
24,335,0,10594,0.000000
24,336,43,10594,11.195942
24,337,1232,10594,309.532721
24,338,147,10594,33.406111
24,339,217,10594,180.513842
24,340,0,10594,0.000000
24,341,115,10594,28.388452
24,342,110,10594,32.618853
24,343,177,10594,47.932304
24,344,0,10594,0.000000
24,345,300,10594,59.872272
24,346,397,10594,103.278085
24,347,0,10594,0.000000
24,348,463,10594,127.827196
24,349,0,10594,0.000000
24,350,0,10594,0.000000
24,351,0,10594,0.000000
24,352,0,10594,0.000000
24,353,165,10594,40.174010
24,354,0,10594,0.000000
24,355,0,10594,0.000000
24,356,0,10594,0.000000
24,357,0,10594,0.000000
24,358,52,10594,12.922981
24,359,60,10594,9.080327
24,360,0,10594,0.000000
24,361,0,10594,0.000000
24,362,269,10594,67.510979
24,363,104,10594,27.359659
24,364,0,10594,0.000000
24,365,354,10594,79.223751
24,366,0,10594,0.000000
24,367,148,10594,52.163991
24,368,0,10594,0.000000
24,369,335,10594,69.434726
24,370,0,10594,0.000000
24,371,0,10594,0.000000
24,372,387,10594,91.711777
24,373,0,10594,0.000000
24,374,0,10594,0.000000
24,375,220,10594,53.652874
24,376,0,10594,0.000000
24,377,270,10594,74.652684
24,378,0,10594,0.000000
24,379,0,10594,0.000000
24,380,2390,10594,711.742945
24,381,0,10594,0.000000
24,382,0,10594,0.000000
24,383,435,10594,130.002905
25,0,148,10594,30.443534
25,1,117,10594,24.018645
25,2,0,10594,0.000000
25,3,51,10594,8.674385
25,4,140,10594,25.322531
25,5,1726,10594,456.936944
25,6,0,10594,0.000000
25,7,276,10594,55.260511
25,8,0,10594,0.000000
25,9,0,10594,0.000000
25,10,0,10594,0.000000
25,11,86,10594,18.498671
25,12,0,10594,0.000000
25,13,0,10594,0.000000
25,14,0,10594,0.000000
25,15,54,10594,12.400165
25,16,130,10594,21.563188
25,17,0,10594,0.000000
25,18,336,10594,70.617095
25,19,0,10594,0.000000
25,20,420,10594,94.658494
25,21,485,10594,134.126533
25,22,0,10594,0.000000
25,23,0,10594,0.000000
25,24,0,10594,0.000000
25,25,0,10594,0.000000
25,26,2,10594,0.309309
25,27,0,10594,0.000000
25,28,433,10594,149.338706
25,29,183,10594,37.321278
25,30,0,10594,0.000000
25,31,0,10594,0.000000
25,32,0,10594,0.000000
25,33,36,10594,9.889561
25,34,0,10594,0.000000
25,35,0,10594,0.000000
25,36,207,10594,38.024377
25,37,309,10594,78.178991
25,38,452,10594,81.034253
25,39,0,10594,0.000000
25,40,0,10594,0.000000
25,41,0,10594,0.000000
25,42,1603,10594,397.690660
25,43,64,10594,9.286389
25,44,0,10594,0.000000
25,45,0,10594,0.000000
25,46,0,10594,0.000000
25,47,0,10594,0.000000
25,48,0,10594,0.000000
25,49,0,10594,0.000000
25,50,207,10594,43.301686
25,51,0,10594,0.000000
25,52,0,10594,0.000000
25,53,0,10594,0.000000
25,54,0,10594,0.000000
25,55,249,10594,72.502363
25,56,0,10594,0.000000
25,57,0,10594,0.000000
25,58,194,10594,36.400220
25,59,32,10594,5.320618
25,60,0,10594,0.000000
25,61,90,10594,14.331689
25,62,207,10594,59.873998
25,63,383,10594,93.523591
25,64,1106,10594,245.392028
25,65,0,10594,0.000000
25,66,0,10594,0.000000
25,67,20,10594,3.753446
25,68,0,10594,0.000000
25,69,0,10594,0.000000
25,70,0,10594,0.000000
25,71,0,10594,0.000000
25,72,0,10594,0.000000
25,73,87,10594,15.371321
25,74,88,10594,21.291615
25,75,618,10594,145.065459
25,76,0,10594,0.000000
25,77,0,10594,0.000000
25,78,0,10594,0.000000
25,79,0,10594,0.000000
25,80,0,10594,0.000000
25,81,0,10594,0.000000
25,82,312,10594,54.512700
25,83,828,10594,210.612534
25,84,0,10594,0.000000
25,85,0,10594,0.000000
25,86,11,10594,1.565694
25,87,0,10594,0.000000
25,88,415,10594,82.706375
25,89,0,10594,0.000000
25,90,62,10594,12.036082
25,91,0,10594,0.000000
25,92,38,10594,4.904995
25,93,256,10594,54.035728
25,94,925,10594,162.107380
25,95,0,10594,0.000000
25,96,0,10594,0.000000
25,97,86,10594,14.231913
25,98,145,10594,30.848018
25,99,67,10594,14.704687
25,100,0,10594,0.000000
25,101,100,10594,23.281951
25,102,0,10594,0.000000
25,103,672,10594,115.957807
25,104,0,10594,0.000000
25,105,246,10594,48.057050
25,106,149,10594,29.579973
25,107,0,10594,0.000000
25,108,0,10594,0.000000
25,109,0,10594,0.000000
25,110,135,10594,32.335739
25,111,504,10594,143.736506
25,112,185,10594,34.184969
25,113,130,10594,24.264050
25,114,0,10594,0.000000
25,115,218,10594,35.754514
25,116,0,10594,0.000000
25,117,0,10594,0.000000
25,118,0,10594,0.000000
25,119,526,10594,137.063601
25,120,513,10594,90.440762
25,121,276,10594,76.801904
25,122,1529,10594,220.376332
25,123,108,10594,24.607062
25,124,123,10594,25.251751
25,125,0,10594,0.000000
25,126,0,10594,0.000000
25,127,0,10594,0.000000
25,128,82,10594,19.624031
25,129,0,10594,0.000000
25,130,401,10594,72.147987
25,131,0,10594,0.000000
25,132,248,10594,68.209415
25,133,0,10594,0.000000
25,134,125,10594,21.141785
25,135,0,10594,0.000000
25,136,0,10594,0.000000
25,137,0,10594,0.000000
25,138,242,10594,37.206104
25,139,0,10594,0.000000
25,140,1,10594,0.172763
25,141,206,10594,49.820716
25,142,98,10594,22.403256
25,143,95,10594,10.790004
25,144,283,10594,70.748452
25,145,0,10594,0.000000
25,146,0,10594,0.000000
25,147,0,10594,0.000000
25,148,55,10594,12.791008
25,149,0,10594,0.000000
25,150,186,10594,53.913869
25,151,284,10594,55.695328
25,152,0,10594,0.000000
25,153,0,10594,0.000000
25,154,0,10594,0.000000
25,155,0,10594,0.000000
25,156,298,10594,65.535321
25,157,174,10594,31.544166
25,158,104,10594,13.906199
25,159,155,10594,34.064769
25,160,0,10594,0.000000
25,161,85,10594,15.364997
25,162,0,10594,0.000000
25,163,63,10594,9.966645
25,164,8,10594,1.177631
25,165,0,10594,0.000000
25,166,0,10594,0.000000
25,167,100,10594,15.474176
25,168,135,10594,26.661349
25,169,239,10594,64.871293
25,170,163,10594,33.038317
25,171,34,10594,10.028770
25,172,0,10594,0.000000
25,173,0,10594,0.000000
25,174,0,10594,0.000000
25,175,0,10594,0.000000
25,176,1654,10594,465.348099
25,177,266,10594,67.438374
25,178,190,10594,46.737620
25,179,0,10594,0.000000
25,180,439,10594,89.249463
25,181,74,10594,12.828810
25,182,30,10594,2.182808
25,183,0,10594,0.000000
25,184,0,10594,0.000000
25,185,0,10594,0.000000
25,186,0,10594,0.000000
25,187,0,10594,0.000000
25,188,52,10594,7.716537
25,189,0,10594,0.000000
25,190,0,10594,0.000000
25,191,0,10594,0.000000
25,192,90,10594,28.603075
25,193,771,10594,199.363823
25,194,0,10594,0.000000
25,195,0,10594,0.000000
25,196,0,10594,0.000000
25,197,43,10594,10.697370
25,198,0,10594,0.000000
25,199,0,10594,0.000000
25,200,0,10594,0.000000
25,201,0,10594,0.000000
25,202,0,10594,0.000000
25,203,0,10594,0.000000
25,204,72,10594,12.962755
25,205,0,10594,0.000000
25,206,546,10594,128.050307
25,207,86,10594,18.450244
25,208,588,10594,178.460956
25,209,186,10594,30.039459
25,210,76,10594,14.437523
25,211,1288,10594,337.560751
25,212,0,10594,0.000000
25,213,2034,10594,505.128063
25,214,0,10594,0.000000
25,215,367,10594,58.918618
25,216,1,10594,0.262244
25,217,0,10594,0.000000
25,218,288,10594,64.319018
25,219,187,10594,53.404680
25,220,33,10594,6.871391
25,221,90,10594,18.909753
25,222,0,10594,0.000000
25,223,266,10594,58.344300
25,224,0,10594,0.000000
25,225,0,10594,0.000000
25,226,0,10594,0.000000
25,227,0,10594,0.000000
25,228,0,10594,0.000000
25,229,0,10594,0.000000
25,230,0,10594,0.000000
25,231,158,10594,35.772516
25,232,469,10594,127.641627
25,233,73,10594,16.886185
25,234,116,10594,19.882395
25,235,448,10594,106.202535
25,236,0,10594,0.000000
25,237,49,10594,11.324234
25,238,2393,10594,594.742504
25,239,1023,10594,235.451234
25,240,0,10594,0.000000
25,241,171,10594,38.977868
25,242,631,10594,81.114810
25,243,0,10594,0.000000
25,244,615,10594,209.369435
25,245,0,10594,0.000000
25,246,0,10594,0.000000
25,247,190,10594,29.964041
25,248,74,10594,19.772430
25,249,0,10594,0.000000
25,250,0,10594,0.000000
25,251,718,10594,112.890962
25,252,0,10594,0.000000
25,253,160,10594,31.777461
25,254,0,10594,0.000000
25,255,1903,10594,427.229062
25,256,0,10594,0.000000
25,257,0,10594,0.000000
25,258,0,10594,0.000000
25,259,0,10594,0.000000
25,260,890,10594,183.004349
25,261,0,10594,0.000000
25,262,0,10594,0.000000
25,263,201,10594,47.687436
25,264,0,10594,0.000000
25,265,0,10594,0.000000
25,266,0,10594,0.000000
25,267,0,10594,0.000000
25,268,0,10594,0.000000
25,269,0,10594,0.000000
25,270,0,10594,0.000000
25,271,0,10594,0.000000
25,272,1360,10594,372.381260
25,273,96,10594,23.186006
25,274,0,10594,0.000000
25,275,0,10594,0.000000
25,276,0,10594,0.000000
25,277,0,10594,0.000000
25,278,0,10594,0.000000
25,279,402,10594,58.963974
25,280,159,10594,41.607912
25,281,0,10594,0.000000
25,282,0,10594,0.000000
25,283,239,10594,91.161468
25,284,0,10594,0.000000
25,285,0,10594,0.000000
25,286,52,10594,8.901864
25,287,0,10594,0.000000
25,288,172,10594,30.161414
25,289,0,10594,0.000000
25,290,266,10594,46.227395
25,291,0,10594,0.000000
25,292,0,10594,0.000000
25,293,656,10594,186.252536
25,294,0,10594,0.000000
25,295,145,10594,27.572479
25,296,0,10594,0.000000
25,297,388,10594,68.969802
25,298,0,10594,0.000000
25,299,90,10594,21.419192
25,300,230,10594,50.681969
25,301,53,10594,5.925300
25,302,0,10594,0.000000
25,303,277,10594,50.580078
25,304,0,10594,0.000000
25,305,0,10594,0.000000
25,306,0,10594,0.000000
25,307,0,10594,0.000000
25,308,0,10594,0.000000
25,309,233,10594,63.454964
25,310,0,10594,0.000000
25,311,1198,10594,293.508214
25,312,91,10594,24.703975
25,313,0,10594,0.000000
25,314,0,10594,0.000000
25,315,115,10594,31.334888
25,316,0,10594,0.000000
25,317,1,10594,0.115208
25,318,198,10594,42.089370
25,319,0,10594,0.000000
25,320,0,10594,0.000000
25,321,384,10594,122.585014
25,322,0,10594,0.000000
25,323,1091,10594,257.654771
25,324,0,10594,0.000000
25,325,0,10594,0.000000
25,326,127,10594,17.021811
25,327,0,10594,0.000000
25,328,117,10594,26.284080
25,329,0,10594,0.000000
25,330,529,10594,107.324879
25,331,157,10594,30.107902
25,332,0,10594,0.000000
25,333,21,10594,6.180875
25,334,0,10594,0.000000
25,335,0,10594,0.000000
25,336,139,10594,31.978465
25,337,124,10594,33.428762
25,338,0,10594,0.000000
25,339,37,10594,6.105313
25,340,140,10594,36.616528
25,341,0,10594,0.000000
25,342,0,10594,0.000000
25,343,0,10594,0.000000
25,344,277,10594,48.183734
25,345,0,10594,0.000000
25,346,0,10594,0.000000
25,347,195,10594,36.872714
25,348,467,10594,102.926631
25,349,249,10594,65.077488
25,350,65,10594,13.136934
25,351,191,10594,30.456126
25,352,0,10594,0.000000
25,353,0,10594,0.000000
25,354,0,10594,0.000000
25,355,927,10594,247.557716
25,356,0,10594,0.000000
25,357,0,10594,0.000000
25,358,207,10594,38.380107
25,359,643,10594,194.265867
25,360,278,10594,88.064546
25,361,200,10594,47.798646
25,362,6455,10594,2737.873928
25,363,0,10594,0.000000
25,364,190,10594,51.861042
25,365,533,10594,106.391778
25,366,0,10594,0.000000
25,367,0,10594,0.000000
25,368,0,10594,0.000000
25,369,0,10594,0.000000
25,370,0,10594,0.000000
25,371,186,10594,36.566731
25,372,0,10594,0.000000
25,373,136,10594,27.729191
25,374,93,10594,23.712879
25,375,0,10594,0.000000
25,376,0,10594,0.000000
25,377,0,10594,0.000000
25,378,0,10594,0.000000
25,379,0,10594,0.000000
25,380,0,10594,0.000000
25,381,24,10594,3.698543
25,382,0,10594,0.000000
25,383,0,10594,0.000000
26,0,127,10594,19.553299
26,1,0,10594,0.000000
26,2,0,10594,0.000000
26,3,0,10594,0.000000
26,4,72,10594,13.124432
26,5,0,10594,0.000000
26,6,0,10594,0.000000
26,7,0,10594,0.000000
26,8,0,10594,0.000000
26,9,1341,10594,381.993812
26,10,0,10594,0.000000
26,11,136,10594,21.055658
26,12,31,10594,5.713194
26,13,0,10594,0.000000
26,14,192,10594,30.381630
26,15,150,10594,32.948038
26,16,29,10594,4.047915
26,17,1767,10594,350.788802
26,18,0,10594,0.000000
26,19,1203,10594,490.383580
26,20,121,10594,18.868476
26,21,0,10594,0.000000
26,22,0,10594,0.000000
26,23,0,10594,0.000000
26,24,0,10594,0.000000
26,25,0,10594,0.000000
26,26,0,10594,0.000000
26,27,609,10594,167.717238
26,28,172,10594,50.782644
26,29,89,10594,21.949695
26,30,206,10594,45.636594
26,31,0,10594,0.000000
26,32,362,10594,112.086680
26,33,0,10594,0.000000
26,34,0,10594,0.000000
26,35,0,10594,0.000000
26,36,1629,10594,355.517603
26,37,600,10594,126.113271
26,38,0,10594,0.000000
26,39,296,10594,66.745854
26,40,181,10594,31.037131
26,41,97,10594,16.489742
26,42,0,10594,0.000000
26,43,0,10594,0.000000
26,44,243,10594,47.152410
26,45,427,10594,62.379579
26,46,0,10594,0.000000
26,47,0,10594,0.000000
26,48,138,10594,24.359795
26,49,0,10594,0.000000
26,50,0,10594,0.000000
26,51,605,10594,203.232097
26,52,0,10594,0.000000
26,53,0,10594,0.000000
26,54,205,10594,43.348427
26,55,0,10594,0.000000
26,56,0,10594,0.000000
26,57,234,10594,57.313962
26,58,0,10594,0.000000
26,59,0,10594,0.000000
26,60,0,10594,0.000000
26,61,0,10594,0.000000
26,62,0,10594,0.000000
26,63,28,10594,5.660134
26,64,472,10594,118.580346
26,65,0,10594,0.000000
26,66,0,10594,0.000000
26,67,0,10594,0.000000
26,68,0,10594,0.000000
26,69,62,10594,10.423078
26,70,53,10594,10.031708
26,71,0,10594,0.000000
26,72,0,10594,0.000000
26,73,0,10594,0.000000
26,74,0,10594,0.000000
26,75,0,10594,0.000000
26,76,107,10594,26.034664
26,77,0,10594,0.000000
26,78,64,10594,12.886513
26,79,124,10594,19.746432
26,80,126,10594,24.849182
26,81,0,10594,0.000000
26,82,388,10594,94.759738
26,83,198,10594,43.250181
26,84,0,10594,0.000000
26,85,371,10594,95.357373
26,86,94,10594,19.186627
26,87,216,10594,38.087702
26,88,0,10594,0.000000
26,89,3,10594,0.340007
26,90,0,10594,0.000000
26,91,0,10594,0.000000
26,92,261,10594,79.488186
26,93,343,10594,49.808123
26,94,0,10594,0.000000
26,95,115,10594,23.700021
26,96,0,10594,0.000000
26,97,43,10594,8.810435
26,98,0,10594,0.000000
26,99,0,10594,0.000000
26,100,0,10594,0.000000
26,101,391,10594,97.939655
26,102,274,10594,85.595606
26,103,0,10594,0.000000
26,104,0,10594,0.000000
26,105,115,10594,27.768623
26,106,78,10594,16.986307
26,107,0,10594,0.000000
26,108,0,10594,0.000000
26,109,0,10594,0.000000
26,110,250,10594,38.522110
26,111,0,10594,0.000000
26,112,0,10594,0.000000
26,113,0,10594,0.000000
26,114,119,10594,19.803976
26,115,0,10594,0.000000
26,116,1527,10594,369.244437
26,117,0,10594,0.000000
26,118,298,10594,45.699143
26,119,0,10594,0.000000
26,120,97,10594,24.205931
26,121,201,10594,43.429561
26,122,0,10594,0.000000
26,123,360,10594,80.713147
26,124,724,10594,172.632453
26,125,204,10594,39.739366
26,126,327,10594,70.964935
26,127,2257,10594,625.515757
26,128,77,10594,13.524508
26,129,0,10594,0.000000
26,130,0,10594,0.000000
26,131,0,10594,0.000000
26,132,2528,10594,771.851878
26,133,78,10594,14.299887
26,134,132,10594,31.477895
26,135,0,10594,0.000000
26,136,82,10594,18.020256
26,137,0,10594,0.000000
26,138,141,10594,34.253040
26,139,257,10594,52.982662
26,140,109,10594,36.560089
26,141,0,10594,0.000000
26,142,116,10594,20.424399
26,143,0,10594,0.000000
26,144,713,10594,228.329839
26,145,0,10594,0.000000
26,146,0,10594,0.000000
26,147,1007,10594,274.182751
26,148,0,10594,0.000000
26,149,0,10594,0.000000
26,150,0,10594,0.000000
26,151,0,10594,0.000000
26,152,136,10594,29.659289
26,153,90,10594,13.841989
26,154,0,10594,0.000000
26,155,0,10594,0.000000
26,156,0,10594,0.000000
26,157,106,10594,14.604327
26,158,0,10594,0.000000
26,159,274,10594,67.539675
26,160,199,10594,38.707956
26,161,0,10594,0.000000
26,162,0,10594,0.000000
26,163,68,10594,14.411682
26,164,0,10594,0.000000
26,165,0,10594,0.000000
26,166,0,10594,0.000000
26,167,271,10594,49.527533
26,168,131,10594,30.844316
26,169,85,10594,26.413345
26,170,399,10594,212.897971
26,171,81,10594,18.890041
26,172,0,10594,0.000000
26,173,131,10594,30.272931
26,174,891,10594,260.168986
26,175,0,10594,0.000000
26,176,84,10594,13.873034
26,177,36,10594,8.724777
26,178,0,10594,0.000000
26,179,173,10594,33.619766
26,180,0,10594,0.000000
26,181,134,10594,17.024181
26,182,0,10594,0.000000
26,183,810,10594,209.906116
26,184,270,10594,71.441892
26,185,33,10594,9.403785
26,186,169,10594,31.572072
26,187,27,10594,4.098935
26,188,339,10594,90.046870
26,189,0,10594,0.000000
26,190,0,10594,0.000000
26,191,231,10594,49.950097
26,192,27,10594,3.592854
26,193,0,10594,0.000000
26,194,47,10594,8.399816
26,195,102,10594,21.661553
26,196,0,10594,0.000000
26,197,0,10594,0.000000
26,198,215,10594,40.843982
26,199,0,10594,0.000000
26,200,147,10594,30.326733
26,201,1030,10594,230.565595
26,202,0,10594,0.000000
26,203,0,10594,0.000000
26,204,0,10594,0.000000
26,205,0,10594,0.000000
26,206,61,10594,15.068478
26,207,245,10594,66.147469
26,208,85,10594,12.822674
26,209,125,10594,26.061047
26,210,0,10594,0.000000
26,211,200,10594,33.814689
26,212,0,10594,0.000000
26,213,106,10594,17.309953
26,214,170,10594,39.075077
26,215,1387,10594,391.867869
26,216,0,10594,0.000000
26,217,985,10594,282.282507
26,218,0,10594,0.000000
26,219,0,10594,0.000000
26,220,0,10594,0.000000
26,221,0,10594,0.000000
26,222,90,10594,17.496051
26,223,0,10594,0.000000
26,224,210,10594,42.971874
26,225,416,10594,126.449977
26,226,0,10594,0.000000
26,227,0,10594,0.000000
26,228,1411,10594,364.202746
26,229,0,10594,0.000000
26,230,0,10594,0.000000
26,231,811,10594,182.253981
26,232,0,10594,0.000000
26,233,1,10594,0.213817
26,234,0,10594,0.000000
26,235,629,10594,153.694739
26,236,0,10594,0.000000
26,237,298,10594,89.519859
26,238,0,10594,0.000000
26,239,356,10594,52.267209
26,240,2,10594,0.426463
26,241,135,10594,26.197845
26,242,123,10594,27.393556
26,243,0,10594,0.000000
26,244,95,10594,22.006175
26,245,375,10594,81.366047
26,246,0,10594,0.000000
26,247,0,10594,0.000000
26,248,5,10594,0.817218
26,249,226,10594,54.561304
26,250,116,10594,27.282887
26,251,4,10594,0.867997
26,252,0,10594,0.000000
26,253,0,10594,0.000000
26,254,0,10594,0.000000
26,255,0,10594,0.000000
26,256,486,10594,130.077464
26,257,18,10594,3.360865
26,258,0,10594,0.000000
26,259,44,10594,10.608153
26,260,0,10594,0.000000
26,261,0,10594,0.000000
26,262,0,10594,0.000000
26,263,338,10594,62.993283
26,264,0,10594,0.000000
26,265,951,10594,225.436631
26,266,40,10594,5.660790
26,267,266,10594,60.881585
26,268,456,10594,100.682173
26,269,28,10594,4.946687
26,270,64,10594,13.756549
26,271,0,10594,0.000000
26,272,145,10594,30.826429
26,273,249,10594,95.274581
26,274,0,10594,0.000000
26,275,0,10594,0.000000
26,276,9,10594,1.158917
26,277,292,10594,39.245220
26,278,0,10594,0.000000
26,279,617,10594,175.285451
26,280,110,10594,22.992886
26,281,0,10594,0.000000
26,282,0,10594,0.000000
26,283,120,10594,23.472716
26,284,0,10594,0.000000
26,285,0,10594,0.000000
26,286,560,10594,138.457103
26,287,42,10594,7.797170
26,288,0,10594,0.000000
26,289,70,10594,15.410370
26,290,59,10594,13.329316
26,291,166,10594,29.535402
26,292,65,10594,8.209322
26,293,109,10594,19.179701
26,294,0,10594,0.000000
26,295,0,10594,0.000000
26,296,173,10594,37.972367
26,297,308,10594,55.093346
26,298,0,10594,0.000000
26,299,0,10594,0.000000
26,300,0,10594,0.000000
26,301,0,10594,0.000000
26,302,121,10594,28.389044
26,303,711,10594,168.292662
26,304,0,10594,0.000000
26,305,133,10594,41.004820
26,306,0,10594,0.000000
26,307,563,10594,178.350145
26,308,283,10594,52.621149
26,309,535,10594,117.073236
26,310,0,10594,0.000000
26,311,1,10594,0.127730
26,312,0,10594,0.000000
26,313,0,10594,0.000000
26,314,0,10594,0.000000
26,315,739,10594,213.232088
26,316,0,10594,0.000000
26,317,84,10594,12.022802
26,318,1,10594,0.209576
26,319,0,10594,0.000000
26,320,0,10594,0.000000
26,321,174,10594,57.627213
26,322,0,10594,0.000000
26,323,0,10594,0.000000
26,324,0,10594,0.000000
26,325,69,10594,13.527881
26,326,0,10594,0.000000
26,327,0,10594,0.000000
26,328,0,10594,0.000000
26,329,0,10594,0.000000
26,330,0,10594,0.000000
26,331,33,10594,5.785973
26,332,0,10594,0.000000
26,333,250,10594,42.010894
26,334,96,10594,26.103510
26,335,0,10594,0.000000
26,336,65,10594,15.190914
26,337,0,10594,0.000000
26,338,2603,10594,734.601275
26,339,0,10594,0.000000
26,340,1952,10594,511.065717
26,341,924,10594,182.808701
26,342,0,10594,0.000000
26,343,805,10594,207.466071
26,344,288,10594,104.394539
26,345,170,10594,36.637126
26,346,0,10594,0.000000
26,347,330,10594,101.679742
26,348,137,10594,51.648020
26,349,0,10594,0.000000
26,350,0,10594,0.000000
26,351,0,10594,0.000000
26,352,167,10594,37.837707
26,353,108,10594,18.372608
26,354,127,10594,27.089421
26,355,422,10594,98.896513
26,356,0,10594,0.000000
26,357,485,10594,119.296384
26,358,229,10594,46.112086
26,359,217,10594,48.132821
26,360,0,10594,0.000000
26,361,158,10594,12.821799
26,362,154,10594,42.715361
26,363,684,10594,191.905300
26,364,0,10594,0.000000
26,365,0,10594,0.000000
26,366,0,10594,0.000000
26,367,87,10594,26.147174
26,368,175,10594,32.275680
26,369,371,10594,116.390587
26,370,93,10594,18.015776
26,371,0,10594,0.000000
26,372,289,10594,74.225464
26,373,0,10594,0.000000
26,374,391,10594,102.792853
26,375,0,10594,0.000000
26,376,0,10594,0.000000
26,377,0,10594,0.000000
26,378,0,10594,0.000000
26,379,0,10594,0.000000
26,380,195,10594,35.111361
26,381,0,10594,0.000000
26,382,112,10594,25.468991
26,383,53,10594,10.215049
27,0,0,10594,0.000000
27,1,0,10594,0.000000
27,2,98,10594,35.824304
27,3,166,10594,56.503812
27,4,0,10594,0.000000
27,5,118,10594,24.977361
27,6,225,10594,60.752669
27,7,0,10594,0.000000
27,8,0,10594,0.000000
27,9,381,10594,113.638523
27,10,124,10594,36.233844
27,11,235,10594,57.229996
27,12,129,10594,24.062623
27,13,0,10594,0.000000
27,14,133,10594,19.817974
27,15,0,10594,0.000000
27,16,119,10594,23.417393
27,17,0,10594,0.000000
27,18,77,10594,17.033551
27,19,126,10594,36.763096
27,20,289,10594,55.046410
27,21,0,10594,0.000000
27,22,260,10594,132.638245
27,23,556,10594,113.068458
27,24,0,10594,0.000000
27,25,939,10594,244.835293
27,26,223,10594,55.150656
27,27,0,10594,0.000000
27,28,53,10594,11.801836
27,29,68,10594,16.668001
27,30,0,10594,0.000000
27,31,0,10594,0.000000
27,32,456,10594,131.126159
27,33,47,10594,8.772870
27,34,0,10594,0.000000
27,35,0,10594,0.000000
27,36,0,10594,0.000000
27,37,0,10594,0.000000
27,38,0,10594,0.000000
27,39,311,10594,68.147099
27,40,360,10594,72.531346
27,41,36,10594,7.185920
27,42,0,10594,0.000000
27,43,0,10594,0.000000
27,44,0,10594,0.000000
27,45,115,10594,23.943943
27,46,296,10594,68.164013
27,47,0,10594,0.000000
27,48,140,10594,35.698539
27,49,389,10594,66.823197
27,50,0,10594,0.000000
27,51,210,10594,43.090547
27,52,0,10594,0.000000
27,53,1696,10594,463.119720
27,54,605,10594,165.591621
27,55,136,10594,26.745853
27,56,0,10594,0.000000
27,57,221,10594,64.456347
27,58,0,10594,0.000000
27,59,0,10594,0.000000
27,60,0,10594,0.000000
27,61,111,10594,23.982723
27,62,0,10594,0.000000
27,63,216,10594,45.187066
27,64,305,10594,69.569482
27,65,115,10594,25.208225
27,66,93,10594,18.273775
27,67,0,10594,0.000000
27,68,114,10594,26.955114
27,69,7,10594,1.323393
27,70,0,10594,0.000000
27,71,2812,10594,852.604887
27,72,227,10594,36.312604
27,73,0,10594,0.000000
27,74,0,10594,0.000000
27,75,335,10594,84.020216
27,76,0,10594,0.000000
27,77,234,10594,50.349685
27,78,0,10594,0.000000
27,79,136,10594,24.549416
27,80,238,10594,64.312535
27,81,0,10594,0.000000
27,82,0,10594,0.000000
27,83,0,10594,0.000000
27,84,391,10594,75.207590
27,85,0,10594,0.000000
27,86,696,10594,226.607091
27,87,444,10594,84.510503
27,88,363,10594,72.111510
27,89,299,10594,88.408814
27,90,51,10594,8.763731
27,91,0,10594,0.000000
27,92,162,10594,34.239108
27,93,94,10594,21.276784
27,94,324,10594,95.845306
27,95,52,10594,7.187791
27,96,3,10594,0.421419
27,97,0,10594,0.000000
27,98,93,10594,17.558332
27,99,0,10594,0.000000
27,100,91,10594,14.746286
27,101,46,10594,8.773397
27,102,174,10594,50.149715
27,103,337,10594,75.073114
27,104,0,10594,0.000000
27,105,1386,10594,344.076115
27,106,0,10594,0.000000
27,107,0,10594,0.000000
27,108,190,10594,49.963786
27,109,105,10594,21.953888
27,110,129,10594,24.293156
27,111,0,10594,0.000000
27,112,0,10594,0.000000
27,113,11,10594,1.392143
27,114,0,10594,0.000000
27,115,201,10594,50.358207
27,116,9,10594,1.033904
27,117,0,10594,0.000000
27,118,0,10594,0.000000
27,119,0,10594,0.000000
27,120,0,10594,0.000000
27,121,565,10594,138.693286
27,122,70,10594,19.203351
27,123,0,10594,0.000000
27,124,130,10594,21.598901
27,125,0,10594,0.000000
27,126,66,10594,16.203102
27,127,0,10594,0.000000
27,128,299,10594,59.224184
27,129,0,10594,0.000000
27,130,0,10594,0.000000
27,131,461,10594,134.380326
27,132,0,10594,0.000000
27,133,0,10594,0.000000
27,134,0,10594,0.000000
27,135,102,10594,23.732833
27,136,382,10594,82.857600
27,137,0,10594,0.000000
27,138,169,10594,35.583055
27,139,0,10594,0.000000
27,140,145,10594,36.083110
27,141,278,10594,62.570961
27,142,0,10594,0.000000
27,143,2910,10594,821.429445
27,144,736,10594,274.558157
27,145,174,10594,68.696601
27,146,24,10594,3.744065
27,147,171,10594,34.461220
27,148,77,10594,11.628513
27,149,408,10594,103.450717
27,150,0,10594,0.000000
27,151,0,10594,0.000000
27,152,161,10594,32.116746
27,153,128,10594,20.109021
27,154,47,10594,9.184132
27,155,432,10594,109.100410
27,156,183,10594,47.333202
27,157,0,10594,0.000000
27,158,85,10594,18.590127
27,159,185,10594,35.432412
27,160,0,10594,0.000000
27,161,534,10594,173.421375
27,162,0,10594,0.000000
27,163,297,10594,98.334529
27,164,288,10594,52.950924
27,165,170,10594,38.477124
27,166,0,10594,0.000000
27,167,417,10594,103.045339
27,168,141,10594,29.136328
27,169,0,10594,0.000000
27,170,77,10594,22.480929
27,171,0,10594,0.000000
27,172,0,10594,0.000000
27,173,0,10594,0.000000
27,174,81,10594,15.614907
27,175,637,10594,185.970205
27,176,107,10594,73.527576
27,177,0,10594,0.000000
27,178,285,10594,58.477764
27,179,78,10594,14.578227
27,180,239,10594,56.080499
27,181,0,10594,0.000000
27,182,131,10594,45.849321
27,183,234,10594,58.766999
27,184,0,10594,0.000000
27,185,1041,10594,257.895579
27,186,364,10594,65.519720
27,187,66,10594,15.323362
27,188,0,10594,0.000000
27,189,42,10594,7.351761
27,190,0,10594,0.000000
27,191,0,10594,0.000000
27,192,0,10594,0.000000
27,193,0,10594,0.000000
27,194,47,10594,6.743021
27,195,3,10594,0.347383
27,196,0,10594,0.000000
27,197,149,10594,39.182116
27,198,100,10594,28.298133
27,199,466,10594,92.885568
27,200,37,10594,6.290133
27,201,0,10594,0.000000
27,202,76,10594,13.065394
27,203,0,10594,0.000000
27,204,0,10594,0.000000
27,205,89,10594,22.803119
27,206,0,10594,0.000000
27,207,0,10594,0.000000
27,208,677,10594,149.740328
27,209,322,10594,67.324966
27,210,0,10594,0.000000
27,211,226,10594,44.016641
27,212,0,10594,0.000000
27,213,0,10594,0.000000
27,214,749,10594,149.635435
27,215,0,10594,0.000000
27,216,0,10594,0.000000
27,217,203,10594,43.248389
27,218,0,10594,0.000000
27,219,0,10594,0.000000
27,220,0,10594,0.000000
27,221,0,10594,0.000000
27,222,0,10594,0.000000
27,223,265,10594,92.944054
27,224,661,10594,138.004630
27,225,3198,10594,836.399320
27,226,0,10594,0.000000
27,227,0,10594,0.000000
27,228,460,10594,114.699385
27,229,0,10594,0.000000
27,230,262,10594,81.712637
27,231,0,10594,0.000000
27,232,0,10594,0.000000
27,233,220,10594,61.318929
27,234,0,10594,0.000000
27,235,0,10594,0.000000
27,236,0,10594,0.000000
27,237,155,10594,48.085697
27,238,149,10594,27.357173
27,239,0,10594,0.000000
27,240,133,10594,31.338676
27,241,0,10594,0.000000
27,242,61,10594,14.633667
27,243,0,10594,0.000000
27,244,0,10594,0.000000
27,245,67,10594,10.664544
27,246,157,10594,37.106984
27,247,270,10594,75.290242
27,248,8,10594,1.357035
27,249,349,10594,84.149842
27,250,1719,10594,365.468782
27,251,33,10594,7.327553
27,252,0,10594,0.000000
27,253,146,10594,31.369893
27,254,215,10594,52.355023
27,255,0,10594,0.000000
27,256,286,10594,70.967578
27,257,259,10594,49.212125
27,258,0,10594,0.000000
27,259,55,10594,11.161754
27,260,0,10594,0.000000
27,261,171,10594,47.843990
27,262,0,10594,0.000000
27,263,30,10594,4.840744
27,264,123,10594,23.457974
27,265,645,10594,138.918665
27,266,0,10594,0.000000
27,267,1105,10594,377.846467
27,268,0,10594,0.000000
27,269,0,10594,0.000000
27,270,465,10594,84.465033
27,271,132,10594,23.222180
27,272,82,10594,19.981251
27,273,0,10594,0.000000
27,274,354,10594,77.085690
27,275,0,10594,0.000000
27,276,0,10594,0.000000
27,277,0,10594,0.000000
27,278,90,10594,17.246114
27,279,463,10594,97.421204
27,280,105,10594,22.921140
27,281,342,10594,71.736594
27,282,134,10594,29.668404
27,283,103,10594,17.267185
27,284,0,10594,0.000000
27,285,384,10594,70.836294
27,286,0,10594,0.000000
27,287,0,10594,0.000000
27,288,0,10594,0.000000
27,289,96,10594,16.343325
27,290,0,10594,0.000000
27,291,208,10594,40.995562
27,292,81,10594,12.591356
27,293,144,10594,27.256891
27,294,38,10594,10.962736
27,295,0,10594,0.000000
27,296,0,10594,0.000000
27,297,204,10594,41.644977
27,298,0,10594,0.000000
27,299,0,10594,0.000000
27,300,0,10594,0.000000
27,301,110,10594,30.317727
27,302,0,10594,0.000000
27,303,77,10594,15.296169
27,304,331,10594,91.463916
27,305,376,10594,91.479550
27,306,65,10594,19.102548
27,307,0,10594,0.000000
27,308,357,10594,58.330666
27,309,0,10594,0.000000
27,310,0,10594,0.000000
27,311,0,10594,0.000000
27,312,28,10594,4.593244
27,313,0,10594,0.000000
27,314,0,10594,0.000000
27,315,213,10594,32.594126
27,316,0,10594,0.000000
27,317,0,10594,0.000000
27,318,0,10594,0.000000
27,319,90,10594,17.208502
27,320,435,10594,111.873769
27,321,689,10594,169.023603
27,322,0,10594,0.000000
27,323,542,10594,113.495332
27,324,314,10594,98.540584
27,325,0,10594,0.000000
27,326,0,10594,0.000000
27,327,164,10594,30.788159
27,328,154,10594,36.176413
27,329,92,10594,21.957932
27,330,0,10594,0.000000
27,331,529,10594,129.230632
27,332,0,10594,0.000000
27,333,0,10594,0.000000
27,334,0,10594,0.000000
27,335,128,10594,26.275259
27,336,395,10594,135.318192
27,337,0,10594,0.000000
27,338,0,10594,0.000000
27,339,0,10594,0.000000
27,340,0,10594,0.000000
27,341,0,10594,0.000000
27,342,0,10594,0.000000
27,343,187,10594,41.508585
27,344,0,10594,0.000000
27,345,0,10594,0.000000
27,346,0,10594,0.000000
27,347,0,10594,0.000000
27,348,0,10594,0.000000
27,349,0,10594,0.000000
27,350,254,10594,43.222226
27,351,123,10594,32.641961
27,352,0,10594,0.000000
27,353,40,10594,9.585801
27,354,817,10594,179.047022
27,355,1508,10594,465.882984
27,356,0,10594,0.000000
27,357,0,10594,0.000000
27,358,288,10594,74.569900
27,359,0,10594,0.000000
27,360,0,10594,0.000000
27,361,0,10594,0.000000
27,362,1317,10594,350.007516
27,363,357,10594,91.258254
27,364,112,10594,24.860510
27,365,335,10594,75.555130
27,366,0,10594,0.000000
27,367,0,10594,0.000000
27,368,742,10594,190.352485
27,369,19,10594,3.609932
27,370,0,10594,0.000000
27,371,440,10594,90.988138
27,372,0,10594,0.000000
27,373,40,10594,10.552692
27,374,169,10594,30.372048
27,375,244,10594,75.525913
27,376,0,10594,0.000000
27,377,0,10594,0.000000
27,378,0,10594,0.000000
27,379,0,10594,0.000000
27,380,45,10594,0.703496
27,381,0,10594,0.000000
27,382,26,10594,3.510706
27,383,93,10594,12.888555
28,0,6,10594,1.078279
28,1,0,10594,0.000000
28,2,0,10594,0.000000
28,3,102,10594,13.235155
28,4,0,10594,0.000000
28,5,0,10594,0.000000
28,6,0,10594,0.000000
28,7,270,10594,280.405821
28,8,103,10594,20.168875
28,9,49,10594,12.928932
28,10,0,10594,0.000000
28,11,1393,10594,302.539651
28,12,262,10594,55.703826
28,13,0,10594,0.000000
28,14,0,10594,0.000000
28,15,109,10594,15.064277
28,16,126,10594,26.643060
28,17,0,10594,0.000000
28,18,161,10594,30.006569
28,19,0,10594,0.000000
28,20,0,10594,0.000000
28,21,0,10594,0.000000
28,22,136,10594,26.837359
28,23,437,10594,91.261641
28,24,0,10594,0.000000
28,25,254,10594,42.092532
28,26,146,10594,28.192002
28,27,191,10594,47.384924
28,28,0,10594,0.000000
28,29,528,10594,152.661747
28,30,0,10594,0.000000
28,31,0,10594,0.000000
28,32,10,10594,1.598207
28,33,0,10594,0.000000
28,34,0,10594,0.000000
28,35,0,10594,0.000000
28,36,199,10594,46.866784
28,37,0,10594,0.000000
28,38,95,10594,23.267857
28,39,0,10594,0.000000
28,40,113,10594,17.079480
28,41,86,10594,15.247908
28,42,1,10594,0.184824
28,43,340,10594,93.476036
28,44,896,10594,226.803967
28,45,417,10594,109.409369
28,46,136,10594,25.487519
28,47,1124,10594,309.248044
28,48,117,10594,19.907278
28,49,0,10594,0.000000
28,50,220,10594,62.210719
28,51,117,10594,32.827771
28,52,33,10594,4.393868
28,53,130,10594,27.963932
28,54,0,10594,0.000000
28,55,0,10594,0.000000
28,56,0,10594,0.000000
28,57,40,10594,4.980023
28,58,243,10594,55.797639
28,59,38,10594,7.290182
28,60,127,10594,43.349482
28,61,148,10594,31.862760
28,62,0,10594,0.000000
28,63,0,10594,0.000000
28,64,1619,10594,414.057433
28,65,355,10594,119.749308
28,66,0,10594,0.000000
28,67,3,10594,0.385487
28,68,0,10594,0.000000
28,69,0,10594,0.000000
28,70,116,10594,27.450549
28,71,223,10594,53.752272
28,72,0,10594,0.000000
28,73,286,10594,60.038046
28,74,0,10594,0.000000
28,75,307,10594,85.989988
28,76,0,10594,0.000000
28,77,0,10594,0.000000
28,78,222,10594,32.805677
28,79,0,10594,0.000000
28,80,103,10594,14.285348
28,81,0,10594,0.000000
28,82,0,10594,0.000000
28,83,0,10594,0.000000
28,84,522,10594,104.897453
28,85,0,10594,0.000000
28,86,72,10594,8.218403
28,87,285,10594,53.490070
28,88,0,10594,0.000000
28,89,266,10594,65.347734
28,90,465,10594,79.095636
28,91,0,10594,0.000000
28,92,183,10594,35.730801
28,93,0,10594,0.000000
28,94,127,10594,29.065773
28,95,0,10594,0.000000
28,96,0,10594,0.000000
28,97,0,10594,0.000000
28,98,406,10594,94.229120
28,99,67,10594,8.997586
28,100,0,10594,0.000000
28,101,881,10594,147.684059
28,102,0,10594,0.000000
28,103,0,10594,0.000000
28,104,0,10594,0.000000
28,105,1756,10594,551.709235
28,106,0,10594,0.000000
28,107,154,10594,29.300129
28,108,108,10594,18.157768
28,109,162,10594,38.928467
28,110,131,10594,21.896193
28,111,478,10594,90.000672
28,112,0,10594,0.000000
28,113,0,10594,0.000000
28,114,0,10594,0.000000
28,115,0,10594,0.000000
28,116,1395,10594,254.536823
28,117,0,10594,0.000000
28,118,157,10594,26.034497
28,119,128,10594,20.755361
28,120,0,10594,0.000000
28,121,0,10594,0.000000
28,122,0,10594,0.000000
28,123,95,10594,16.487897
28,124,375,10594,122.934384
28,125,322,10594,53.190877
28,126,67,10594,16.042749
28,127,58,10594,9.173237
28,128,69,10594,15.281002
28,129,77,10594,17.954479
28,130,31,10594,4.454568
28,131,0,10594,0.000000
28,132,133,10594,26.249396
28,133,0,10594,0.000000
28,134,0,10594,0.000000
28,135,55,10594,10.830287
28,136,0,10594,0.000000
28,137,388,10594,114.730267
28,138,239,10594,61.835980
28,139,0,10594,0.000000
28,140,0,10594,0.000000
28,141,368,10594,83.693917
28,142,0,10594,0.000000
28,143,352,10594,66.705847
28,144,126,10594,27.864433
28,145,0,10594,0.000000
28,146,0,10594,0.000000
28,147,167,10594,34.737721
28,148,0,10594,0.000000
28,149,0,10594,0.000000
28,150,86,10594,13.425561
28,151,0,10594,0.000000
28,152,0,10594,0.000000
28,153,214,10594,46.746121
28,154,0,10594,0.000000
28,155,0,10594,0.000000
28,156,0,10594,0.000000
28,157,2431,10594,549.855628
28,158,180,10594,9.236851
28,159,0,10594,0.000000
28,160,0,10594,0.000000
28,161,0,10594,0.000000
28,162,1036,10594,320.824681
28,163,107,10594,25.719653
28,164,0,10594,0.000000
28,165,264,10594,38.628177
28,166,0,10594,0.000000
28,167,0,10594,0.000000
28,168,0,10594,0.000000
28,169,24,10594,2.596911
28,170,152,10594,3.651961
28,171,0,10594,0.000000
28,172,259,10594,59.507764
28,173,0,10594,0.000000
28,174,0,10594,0.000000
28,175,812,10594,188.946533
28,176,0,10594,0.000000
28,177,158,10594,39.004707
28,178,0,10594,0.000000
28,179,0,10594,0.000000
28,180,265,10594,26.189577
28,181,208,10594,59.399502
28,182,139,10594,33.867957
28,183,1412,10594,415.734874
28,184,86,10594,12.926776
28,185,0,10594,0.000000
28,186,0,10594,0.000000
28,187,0,10594,0.000000
28,188,0,10594,0.000000
28,189,143,10594,32.582281
28,190,0,10594,0.000000
28,191,1816,10594,676.118933
28,192,20,10594,4.728235
28,193,107,10594,14.720989
28,194,0,10594,0.000000
28,195,0,10594,0.000000
28,196,0,10594,0.000000
28,197,0,10594,0.000000
28,198,60,10594,13.198236
28,199,0,10594,0.000000
28,200,98,10594,17.193279
28,201,0,10594,0.000000
28,202,0,10594,0.000000
28,203,101,10594,16.196903
28,204,0,10594,0.000000
28,205,0,10594,0.000000
28,206,0,10594,0.000000
28,207,0,10594,0.000000
28,208,0,10594,0.000000
28,209,0,10594,0.000000
28,210,0,10594,0.000000
28,211,262,10594,46.019152
28,212,67,10594,9.917141
28,213,0,10594,0.000000
28,214,31,10594,3.488066
28,215,0,10594,0.000000
28,216,66,10594,15.093816
28,217,0,10594,0.000000
28,218,147,10594,39.820327
28,219,0,10594,0.000000
28,220,0,10594,0.000000
28,221,222,10594,32.370712
28,222,0,10594,0.000000
28,223,0,10594,0.000000
28,224,71,10594,12.042682
28,225,188,10594,45.887815
28,226,154,10594,45.528332
28,227,0,10594,0.000000
28,228,0,10594,0.000000
28,229,176,10594,41.287399
28,230,72,10594,14.072674
28,231,0,10594,0.000000
28,232,0,10594,0.000000
28,233,134,10594,21.742725
28,234,165,10594,32.419236
28,235,253,10594,62.338494
28,236,0,10594,0.000000
28,237,0,10594,0.000000
28,238,0,10594,0.000000
28,239,0,10594,0.000000
28,240,0,10594,0.000000
28,241,682,10594,218.147210
28,242,0,10594,0.000000
28,243,29,10594,5.254504
28,244,165,10594,40.812752
28,245,230,10594,45.915128
28,246,299,10594,50.632165
28,247,0,10594,0.000000
28,248,151,10594,27.553189
28,249,1030,10594,240.029173
28,250,0,10594,0.000000
28,251,0,10594,0.000000
28,252,294,10594,55.646468
28,253,47,10594,6.083783
28,254,0,10594,0.000000
28,255,127,10594,33.757592
28,256,0,10594,0.000000
28,257,0,10594,0.000000
28,258,39,10594,9.295986
28,259,0,10594,0.000000
28,260,0,10594,0.000000
28,261,0,10594,0.000000
28,262,1085,10594,250.168101
28,263,0,10594,0.000000
28,264,0,10594,0.000000
28,265,986,10594,308.911863
28,266,40,10594,9.644560
28,267,0,10594,0.000000
28,268,0,10594,0.000000
28,269,10,10594,1.337085
28,270,0,10594,0.000000
28,271,112,10594,34.264162
28,272,0,10594,0.000000
28,273,119,10594,27.989106
28,274,67,10594,7.136714
28,275,77,10594,22.551580
28,276,121,10594,27.067099
28,277,0,10594,0.000000
28,278,0,10594,0.000000
28,279,0,10594,0.000000
28,280,0,10594,0.000000
28,281,0,10594,0.000000
28,282,0,10594,0.000000
28,283,102,10594,36.854625
28,284,0,10594,0.000000
28,285,0,10594,0.000000
28,286,520,10594,114.144305
28,287,490,10594,87.321531
28,288,83,10594,16.126920
28,289,0,10594,0.000000
28,290,0,10594,0.000000
28,291,152,10594,39.340453
28,292,0,10594,0.000000
28,293,0,10594,0.000000
28,294,105,10594,16.318161
28,295,100,10594,12.061280
28,296,736,10594,134.493869
28,297,0,10594,0.000000
28,298,0,10594,0.000000
28,299,480,10594,157.978882
28,300,0,10594,0.000000
28,301,0,10594,0.000000
28,302,0,10594,0.000000
28,303,250,10594,39.897381
28,304,0,10594,0.000000
28,305,0,10594,0.000000
28,306,0,10594,0.000000
28,307,0,10594,0.000000
28,308,12,10594,1.839237
28,309,0,10594,0.000000
28,310,0,10594,0.000000
28,311,0,10594,0.000000
28,312,40,10594,7.364988
28,313,291,10594,67.497567
28,314,775,10594,204.915082
28,315,1709,10594,760.769724
28,316,0,10594,0.000000
28,317,4,10594,0.422774
28,318,0,10594,0.000000
28,319,0,10594,0.000000
28,320,9,10594,0.996607
28,321,52,10594,12.372319
28,322,422,10594,112.190457
28,323,0,10594,0.000000
28,324,81,10594,18.076762
28,325,0,10594,0.000000
28,326,0,10594,0.000000
28,327,227,10594,52.496521
28,328,61,10594,8.965950
28,329,0,10594,0.000000
28,330,187,10594,37.028104
28,331,0,10594,0.000000
28,332,2696,10594,672.126616
28,333,0,10594,0.000000
28,334,3185,10594,738.070483
28,335,527,10594,128.824895
28,336,0,10594,0.000000
28,337,125,10594,30.513181
28,338,495,10594,113.548267
28,339,0,10594,0.000000
28,340,0,10594,0.000000
28,341,0,10594,0.000000
28,342,0,10594,0.000000
28,343,0,10594,0.000000
28,344,55,10594,14.904879
28,345,575,10594,129.942880
28,346,70,10594,16.357505
28,347,17,10594,3.281899
28,348,4,10594,0.491712
28,349,95,10594,22.019625
28,350,257,10594,59.342273
28,351,1140,10594,261.505048
28,352,58,10594,4.997823
28,353,408,10594,50.984394
28,354,0,10594,0.000000
28,355,23,10594,5.097831
28,356,2,10594,0.287919
28,357,1385,10594,324.061559
28,358,0,10594,0.000000
28,359,0,10594,0.000000
28,360,0,10594,0.000000
28,361,43,10594,6.641176
28,362,0,10594,0.000000
28,363,0,10594,0.000000
28,364,139,10594,36.316602
28,365,212,10594,51.614511
28,366,77,10594,12.552810
28,367,48,10594,10.604931
28,368,0,10594,0.000000
28,369,104,10594,16.984173
28,370,292,10594,83.343235
28,371,2434,10594,898.020014
28,372,0,10594,0.000000
28,373,0,10594,0.000000
28,374,0,10594,0.000000
28,375,64,10594,9.362945
28,376,0,10594,0.000000
28,377,0,10594,0.000000
28,378,60,10594,9.818907
28,379,0,10594,0.000000
28,380,74,10594,13.476583
28,381,172,10594,40.749659
28,382,961,10594,224.265153
28,383,181,10594,21.973004
29,0,0,10594,0.000000
29,1,0,10594,0.000000
29,2,0,10594,0.000000
29,3,200,10594,33.131034
29,4,0,10594,0.000000
29,5,0,10594,0.000000
29,6,144,10594,32.174372
29,7,41,10594,8.746536
29,8,0,10594,0.000000
29,9,147,10594,32.029760
29,10,54,10594,14.910979
29,11,60,10594,7.726357
29,12,0,10594,0.000000
29,13,140,10594,18.277208
29,14,3,10594,0.387365
29,15,0,10594,0.000000
29,16,0,10594,0.000000
29,17,400,10594,93.506890
29,18,92,10594,19.179642
29,19,0,10594,0.000000
29,20,0,10594,0.000000
29,21,33,10594,5.503687
29,22,4344,10594,1307.649312
29,23,173,10594,32.133349
29,24,3234,10594,1085.148141
29,25,0,10594,0.000000
29,26,1373,10594,408.021493
29,27,244,10594,54.067579
29,28,0,10594,0.000000
29,29,0,10594,0.000000
29,30,25,10594,2.797354
29,31,0,10594,0.000000
29,32,0,10594,0.000000
29,33,100,10594,25.759575
29,34,0,10594,0.000000
29,35,829,10594,196.436562
29,36,0,10594,0.000000
29,37,154,10594,27.941744
29,38,0,10594,0.000000
29,39,74,10594,9.072970
29,40,20,10594,2.618078
29,41,0,10594,0.000000
29,42,0,10594,0.000000
29,43,91,10594,11.027487
29,44,0,10594,0.000000
29,45,407,10594,88.458142
29,46,0,10594,0.000000
29,47,149,10594,47.156893
29,48,73,10594,17.493307
29,49,0,10594,0.000000
29,50,0,10594,0.000000
29,51,0,10594,0.000000
29,52,110,10594,33.650875
29,53,0,10594,0.000000
29,54,0,10594,0.000000
29,55,109,10594,15.097433
29,56,0,10594,0.000000
29,57,0,10594,0.000000
29,58,204,10594,57.800809
29,59,181,10594,42.329987
29,60,0,10594,0.000000
29,61,85,10594,13.282049
29,62,104,10594,15.727371
29,63,23,10594,5.455955
29,64,4,10594,0.381542
29,65,0,10594,0.000000
29,66,0,10594,0.000000
29,67,128,10594,30.934877
29,68,0,10594,0.000000
29,69,0,10594,0.000000
29,70,177,10594,30.368738
29,71,158,10594,37.999378
29,72,987,10594,184.618954
29,73,0,10594,0.000000
29,74,0,10594,0.000000
29,75,190,10594,60.006844
29,76,79,10594,16.361050
29,77,360,10594,86.560357
29,78,426,10594,92.111270
29,79,0,10594,0.000000
29,80,119,10594,33.355482
29,81,0,10594,0.000000
29,82,0,10594,0.000000
29,83,0,10594,0.000000
29,84,113,10594,34.378018
29,85,123,10594,26.999489
29,86,104,10594,22.757574
29,87,39,10594,4.981103
29,88,0,10594,0.000000
29,89,0,10594,0.000000
29,90,0,10594,0.000000
29,91,99,10594,11.593830
29,92,757,10594,155.013659
29,93,0,10594,0.000000
29,94,0,10594,0.000000
29,95,62,10594,12.909422
29,96,0,10594,0.000000
29,97,377,10594,69.839693
29,98,0,10594,0.000000
29,99,0,10594,0.000000
29,100,0,10594,0.000000
29,101,155,10594,35.276001
29,102,0,10594,0.000000
29,103,6235,10594,1761.326312
29,104,229,10594,54.566189
29,105,256,10594,58.601216
29,106,0,10594,0.000000
29,107,67,10594,17.382205
29,108,0,10594,0.000000
29,109,143,10594,24.166208
29,110,0,10594,0.000000
29,111,0,10594,0.000000
29,112,0,10594,0.000000
29,113,0,10594,0.000000
29,114,89,10594,19.955547
29,115,221,10594,48.777613
29,116,205,10594,42.732369
29,117,63,10594,8.000735
29,118,0,10594,0.000000
29,119,80,10594,20.153031
29,120,94,10594,18.560591
29,121,0,10594,0.000000
29,122,477,10594,124.606944
29,123,86,10594,13.466488
29,124,0,10594,0.000000
29,125,384,10594,62.214590
29,126,50,10594,5.543433
29,127,0,10594,0.000000
29,128,224,10594,38.910751
29,129,166,10594,47.294624
29,130,1504,10594,418.286342
29,131,41,10594,12.520353
29,132,0,10594,0.000000
29,133,0,10594,0.000000
29,134,0,10594,0.000000
29,135,0,10594,0.000000
29,136,0,10594,0.000000
29,137,0,10594,0.000000
29,138,0,10594,0.000000
29,139,151,10594,13.852190
29,140,0,10594,0.000000
29,141,279,10594,64.235763
29,142,594,10594,208.699760
29,143,0,10594,0.000000
29,144,0,10594,0.000000
29,145,0,10594,0.000000
29,146,0,10594,0.000000
29,147,0,10594,0.000000
29,148,0,10594,0.000000
29,149,0,10594,0.000000
29,150,80,10594,20.575464
29,151,0,10594,0.000000
29,152,0,10594,0.000000
29,153,340,10594,44.282117
29,154,113,10594,23.433434
29,155,0,10594,0.000000
29,156,158,10594,17.575486
29,157,193,10594,26.070897
29,158,79,10594,11.769540
29,159,206,10594,29.108339
29,160,583,10594,115.068307
29,161,66,10594,14.896217
29,162,0,10594,0.000000
29,163,137,10594,26.093244
29,164,241,10594,83.871992
29,165,132,10594,23.953532
29,166,1161,10594,271.109329
29,167,46,10594,1.101287
29,168,0,10594,0.000000
29,169,0,10594,0.000000
29,170,89,10594,11.000224
29,171,9,10594,3.067707
29,172,152,10594,25.308792
29,173,55,10594,10.290092
29,174,0,10594,0.000000
29,175,491,10594,154.038159
29,176,362,10594,101.808156
29,177,0,10594,0.000000
29,178,799,10594,185.469349
29,179,71,10594,8.074279
29,180,0,10594,0.000000
29,181,24,10594,2.676670
29,182,0,10594,0.000000
29,183,873,10594,195.870333
29,184,120,10594,23.295031
29,185,0,10594,0.000000
29,186,201,10594,42.886250
29,187,322,10594,43.236532
29,188,0,10594,0.000000
29,189,0,10594,0.000000
29,190,147,10594,32.494825
29,191,85,10594,19.638771
29,192,0,10594,0.000000
29,193,0,10594,0.000000
29,194,0,10594,0.000000
29,195,0,10594,0.000000
29,196,0,10594,0.000000
29,197,77,10594,15.585537
29,198,0,10594,0.000000
29,199,58,10594,13.051219
29,200,68,10594,9.603873
29,201,0,10594,0.000000
29,202,246,10594,54.422016
29,203,275,10594,63.688923
29,204,0,10594,0.000000
29,205,142,10594,30.331645
29,206,114,10594,27.013889
29,207,83,10594,13.932347
29,208,0,10594,0.000000
29,209,13,10594,1.760976
29,210,1009,10594,221.661870
29,211,0,10594,0.000000
29,212,190,10594,33.611397
29,213,0,10594,0.000000
29,214,177,10594,51.760097
29,215,68,10594,13.520395
29,216,109,10594,18.889072
29,217,0,10594,0.000000
29,218,128,10594,32.751157
29,219,0,10594,0.000000
29,220,193,10594,40.626505
29,221,403,10594,66.479902
29,222,0,10594,0.000000
29,223,0,10594,0.000000
29,224,0,10594,0.000000
29,225,5635,10594,1620.280182
29,226,0,10594,0.000000
29,227,0,10594,0.000000
29,228,114,10594,29.445718
29,229,0,10594,0.000000
29,230,825,10594,263.460009
29,231,0,10594,0.000000
29,232,0,10594,0.000000
29,233,88,10594,8.500951
29,234,201,10594,54.847136
29,235,0,10594,0.000000
29,236,0,10594,0.000000
29,237,0,10594,0.000000
29,238,0,10594,0.000000
29,239,101,10594,26.428167
29,240,29,10594,4.514142
29,241,0,10594,0.000000
29,242,0,10594,0.000000
29,243,233,10594,196.256218
29,244,0,10594,0.000000
29,245,79,10594,24.787391
29,246,0,10594,0.000000
29,247,0,10594,0.000000
29,248,0,10594,0.000000
29,249,0,10594,0.000000
29,250,3,10594,0.339956
29,251,151,10594,32.073761
29,252,168,10594,56.243579
29,253,0,10594,0.000000
29,254,0,10594,0.000000
29,255,0,10594,0.000000
29,256,42,10594,9.953096
29,257,230,10594,48.153907
29,258,1424,10594,297.108479
29,259,124,10594,25.061226
29,260,111,10594,5.247455
29,261,125,10594,25.768308
29,262,122,10594,20.853876
29,263,47,10594,11.937195
29,264,0,10594,0.000000
29,265,0,10594,0.000000
29,266,52,10594,12.773143
29,267,0,10594,0.000000
29,268,0,10594,0.000000
29,269,162,10594,33.822808
29,270,0,10594,0.000000
29,271,192,10594,45.606083
29,272,79,10594,11.097606
29,273,0,10594,0.000000
29,274,0,10594,0.000000
29,275,0,10594,0.000000
29,276,0,10594,0.000000
29,277,363,10594,90.357495
29,278,178,10594,41.732967
29,279,165,10594,34.516771
29,280,87,10594,12.733519
29,281,0,10594,0.000000
29,282,0,10594,0.000000
29,283,229,10594,38.698978
29,284,150,10594,24.446379
29,285,0,10594,0.000000
29,286,200,10594,40.533163
29,287,0,10594,0.000000
29,288,0,10594,0.000000
29,289,281,10594,75.445075
29,290,0,10594,0.000000
29,291,0,10594,0.000000
29,292,81,10594,12.856164
29,293,0,10594,0.000000
29,294,159,10594,52.355133
29,295,0,10594,0.000000
29,296,63,10594,15.208058
29,297,0,10594,0.000000
29,298,0,10594,0.000000
29,299,0,10594,0.000000
29,300,196,10594,30.986156
29,301,120,10594,23.794033
29,302,0,10594,0.000000
29,303,0,10594,0.000000
29,304,0,10594,0.000000
29,305,397,10594,105.653552
29,306,95,10594,31.122629
29,307,470,10594,82.653453
29,308,935,10594,229.414867
29,309,0,10594,0.000000
29,310,217,10594,30.962445
29,311,1974,10594,488.425725
29,312,0,10594,0.000000
29,313,334,10594,65.537274
29,314,79,10594,18.852962
29,315,116,10594,30.752164
29,316,0,10594,0.000000
29,317,61,10594,7.581105
29,318,99,10594,25.666847
29,319,326,10594,58.407432
29,320,0,10594,0.000000
29,321,231,10594,52.734393
29,322,88,10594,18.943012
29,323,0,10594,0.000000
29,324,0,10594,0.000000
29,325,32,10594,7.359683
29,326,24,10594,3.926429
29,327,0,10594,0.000000
29,328,0,10594,0.000000
29,329,0,10594,0.000000
29,330,495,10594,118.581277
29,331,0,10594,0.000000
29,332,0,10594,0.000000
29,333,0,10594,0.000000
29,334,49,10594,7.469706
29,335,0,10594,0.000000
29,336,7,10594,0.870495
29,337,0,10594,0.000000
29,338,323,10594,98.905728
29,339,0,10594,0.000000
29,340,0,10594,0.000000
29,341,0,10594,0.000000
29,342,209,10594,47.585745
29,343,0,10594,0.000000
29,344,0,10594,0.000000
29,345,112,10594,26.348551
29,346,104,10594,34.506675
29,347,16,10594,3.387610
29,348,208,10594,30.160970
29,349,34,10594,7.102616
29,350,194,10594,32.258170
29,351,1201,10594,265.012197
29,352,90,10594,16.473746
29,353,151,10594,28.264939
29,354,0,10594,0.000000
29,355,0,10594,0.000000
29,356,0,10594,0.000000
29,357,31,10594,3.974833
29,358,83,10594,18.776892
29,359,107,10594,26.445509
29,360,0,10594,0.000000
29,361,0,10594,0.000000
29,362,127,10594,31.127197
29,363,128,10594,39.343615
29,364,0,10594,0.000000
29,365,0,10594,0.000000
29,366,0,10594,0.000000
29,367,339,10594,79.563667
29,368,0,10594,0.000000
29,369,0,10594,0.000000
29,370,0,10594,0.000000
29,371,0,10594,0.000000
29,372,0,10594,0.000000
29,373,0,10594,0.000000
29,374,0,10594,0.000000
29,375,0,10594,0.000000
29,376,77,10594,14.495176
29,377,0,10594,0.000000
29,378,546,10594,133.277410
29,379,221,10594,36.594781
29,380,0,10594,0.000000
29,381,0,10594,0.000000
29,382,182,10594,44.791196
29,383,240,10594,57.707107
30,0,0,10594,0.000000
30,1,0,10594,0.000000
30,2,91,10594,16.120622
30,3,92,10594,22.695630
30,4,0,10594,0.000000
30,5,314,10594,85.407738
30,6,60,10594,14.976685
30,7,0,10594,0.000000
30,8,65,10594,11.174605
30,9,0,10594,0.000000
30,10,0,10594,0.000000
30,11,50,10594,13.796804
30,12,207,10594,34.143864
30,13,310,10594,53.749820
30,14,121,10594,34.547954
30,15,153,10594,33.498511
30,16,171,10594,47.001281
30,17,126,10594,27.343072
30,18,73,10594,18.104871
30,19,163,10594,45.491765
30,20,590,10594,167.691804
30,21,0,10594,0.000000
30,22,63,10594,16.556037
30,23,349,10594,79.224118
30,24,0,10594,0.000000
30,25,133,10594,33.825355
30,26,105,10594,34.466608
30,27,0,10594,0.000000
30,28,84,10594,17.621792
30,29,0,10594,0.000000
30,30,0,10594,0.000000
30,31,0,10594,0.000000
30,32,100,10594,15.756404
30,33,80,10594,25.230998
30,34,0,10594,0.000000
30,35,0,10594,0.000000
30,36,584,10594,165.344226
30,37,0,10594,0.000000
30,38,0,10594,0.000000
30,39,0,10594,0.000000
30,40,0,10594,0.000000
30,41,117,10594,29.186059
30,42,521,10594,104.138112
30,43,322,10594,64.294156
30,44,52,10594,11.833781
30,45,200,10594,46.254150
30,46,0,10594,0.000000
30,47,0,10594,0.000000
30,48,628,10594,147.744822
30,49,52,10594,11.472900
30,50,981,10594,284.425989
30,51,0,10594,0.000000
30,52,0,10594,0.000000
30,53,0,10594,0.000000
30,54,0,10594,0.000000
30,55,154,10594,34.071007
30,56,0,10594,0.000000
30,57,78,10594,24.869443
30,58,0,10594,0.000000
30,59,0,10594,0.000000
30,60,0,10594,0.000000
30,61,476,10594,140.258000
30,62,264,10594,69.570316
30,63,227,10594,54.719935
30,64,0,10594,0.000000
30,65,147,10594,30.321141
30,66,550,10594,142.765134
30,67,17,10594,2.726879
30,68,105,10594,27.211046
30,69,0,10594,0.000000
30,70,111,10594,31.656659
30,71,0,10594,0.000000
30,72,85,10594,11.140434
30,73,0,10594,0.000000
30,74,66,10594,17.553969
30,75,0,10594,0.000000
30,76,0,10594,0.000000
30,77,0,10594,0.000000
30,78,336,10594,79.793954
30,79,0,10594,0.000000
30,80,0,10594,0.000000
30,81,0,10594,0.000000
30,82,231,10594,47.090129
30,83,0,10594,0.000000
30,84,32,10594,4.792412
30,85,0,10594,0.000000
30,86,0,10594,0.000000
30,87,27,10594,6.028856
30,88,320,10594,79.577852
30,89,0,10594,0.000000
30,90,64,10594,12.053842
30,91,131,10594,16.302582
30,92,0,10594,0.000000
30,93,0,10594,0.000000
30,94,37,10594,6.897887
30,95,3482,10594,945.361711
30,96,78,10594,14.480689
30,97,0,10594,0.000000
30,98,0,10594,0.000000
30,99,2328,10594,516.154204
30,100,152,10594,33.881350
30,101,0,10594,0.000000
30,102,0,10594,0.000000
30,103,167,10594,43.530493
30,104,0,10594,0.000000
30,105,0,10594,0.000000
30,106,339,10594,101.628834
30,107,0,10594,0.000000
30,108,88,10594,23.183489
30,109,0,10594,0.000000
30,110,61,10594,12.571343
30,111,0,10594,0.000000
30,112,447,10594,130.285406
30,113,0,10594,0.000000
30,114,306,10594,56.292382
30,115,0,10594,0.000000
30,116,246,10594,48.227049
30,117,0,10594,0.000000
30,118,156,10594,29.978805
30,119,0,10594,0.000000
30,120,0,10594,0.000000
30,121,206,10594,60.772112
30,122,232,10594,54.378694
30,123,0,10594,0.000000
30,124,173,10594,39.918400
30,125,0,10594,0.000000
30,126,52,10594,7.040202
30,127,0,10594,0.000000
30,128,0,10594,0.000000
30,129,0,10594,0.000000
30,130,287,10594,77.520507
30,131,0,10594,0.000000
30,132,582,10594,172.896850
30,133,50,10594,7.356774
30,134,706,10594,178.431909
30,135,486,10594,95.540816
30,136,244,10594,46.328781
30,137,29,10594,4.720976
30,138,58,10594,9.005386
30,139,177,10594,38.834237
30,140,0,10594,0.000000
30,141,0,10594,0.000000
30,142,109,10594,16.832151
30,143,68,10594,10.946706
30,144,0,10594,0.000000
30,145,127,10594,30.482624
30,146,15,10594,1.704256
30,147,0,10594,0.000000
30,148,352,10594,88.769309
30,149,235,10594,42.645984
30,150,0,10594,0.000000
30,151,0,10594,0.000000
30,152,0,10594,0.000000
30,153,39,10594,5.672396
30,154,267,10594,68.658554
30,155,0,10594,0.000000
30,156,0,10594,0.000000
30,157,0,10594,0.000000
30,158,0,10594,0.000000
30,159,129,10594,31.756692
30,160,78,10594,27.120759
30,161,1170,10594,290.770579
30,162,0,10594,0.000000
30,163,352,10594,50.469507
30,164,83,10594,22.083701
30,165,76,10594,17.282086
30,166,0,10594,0.000000
30,167,988,10594,248.295205
30,168,132,10594,29.312908
30,169,0,10594,0.000000
30,170,174,10594,42.610844
30,171,99,10594,22.628785
30,172,713,10594,240.888838
30,173,220,10594,69.721593
30,174,0,10594,0.000000
30,175,111,10594,24.602744
30,176,0,10594,0.000000
30,177,0,10594,0.000000
30,178,0,10594,0.000000
30,179,557,10594,219.037296
30,180,0,10594,0.000000
30,181,223,10594,60.957178
30,182,65,10594,11.535008
30,183,0,10594,0.000000
30,184,1244,10594,238.067021
30,185,128,10594,31.000176
30,186,0,10594,0.000000
30,187,0,10594,0.000000
30,188,73,10594,18.915701
30,189,1389,10594,363.542387
30,190,245,10594,53.805528
30,191,0,10594,0.000000
30,192,46,10594,8.347301
30,193,383,10594,131.933215
30,194,0,10594,0.000000
30,195,75,10594,13.192937
30,196,0,10594,0.000000
30,197,969,10594,202.375654
30,198,0,10594,0.000000
30,199,285,10594,64.824800
30,200,0,10594,0.000000
30,201,0,10594,0.000000
30,202,0,10594,0.000000
30,203,218,10594,45.442278
30,204,0,10594,0.000000
30,205,49,10594,6.106411
30,206,431,10594,84.621995
30,207,117,10594,28.180230
30,208,0,10594,0.000000
30,209,41,10594,5.959463
30,210,55,10594,10.188266
30,211,126,10594,28.651968
30,212,314,10594,58.956806
30,213,102,10594,25.033478
30,214,0,10594,0.000000
30,215,177,10594,34.581537
30,216,656,10594,165.905609
30,217,0,10594,0.000000
30,218,0,10594,0.000000
30,219,215,10594,48.157857
30,220,155,10594,34.047447
30,221,0,10594,0.000000
30,222,83,10594,23.585798
30,223,0,10594,0.000000
30,224,1868,10594,469.113911
30,225,310,10594,52.519893
30,226,209,10594,54.323271
30,227,180,10594,42.873385
30,228,0,10594,0.000000
30,229,511,10594,86.880277
30,230,0,10594,0.000000
30,231,109,10594,28.285912
30,232,0,10594,0.000000
30,233,2402,10594,669.811846
30,234,55,10594,13.158663
30,235,975,10594,267.311323
30,236,485,10594,105.609629
30,237,0,10594,0.000000
30,238,0,10594,0.000000
30,239,0,10594,0.000000
30,240,102,10594,24.492812
30,241,0,10594,0.000000
30,242,38,10594,10.674470
30,243,81,10594,15.310899
30,244,0,10594,0.000000
30,245,300,10594,68.163579
30,246,0,10594,0.000000
30,247,0,10594,0.000000
30,248,118,10594,26.885073
30,249,0,10594,0.000000
30,250,261,10594,45.759981
30,251,425,10594,101.559396
30,252,56,10594,8.128787
30,253,0,10594,0.000000
30,254,0,10594,0.000000
30,255,127,10594,28.996754
30,256,229,10594,58.827955
30,257,0,10594,0.000000
30,258,210,10594,59.372909
30,259,87,10594,24.640331
30,260,0,10594,0.000000
30,261,0,10594,0.000000
30,262,163,10594,38.775580
30,263,206,10594,48.270002
30,264,113,10594,29.126484
30,265,399,10594,109.054206
30,266,0,10594,0.000000
30,267,0,10594,0.000000
30,268,0,10594,0.000000
30,269,104,10594,22.714908
30,270,61,10594,9.609042
30,271,0,10594,0.000000
30,272,0,10594,0.000000
30,273,0,10594,0.000000
30,274,0,10594,0.000000
30,275,0,10594,0.000000
30,276,0,10594,0.000000
30,277,819,10594,289.134814
30,278,8,10594,1.146612
30,279,0,10594,0.000000
30,280,424,10594,93.833869
30,281,253,10594,49.140637
30,282,0,10594,0.000000
30,283,0,10594,0.000000
30,284,0,10594,0.000000
30,285,92,10594,18.027455
30,286,139,10594,30.210057
30,287,356,10594,108.786618
30,288,50,10594,11.468600
30,289,0,10594,0.000000
30,290,0,10594,0.000000
30,291,160,10594,43.425771
30,292,67,10594,22.594012
30,293,0,10594,0.000000
30,294,0,10594,0.000000
30,295,313,10594,57.251058
30,296,0,10594,0.000000
30,297,0,10594,0.000000
30,298,1285,10594,316.602651
30,299,113,10594,36.617168
30,300,287,10594,65.965709
30,301,169,10594,46.334377
30,302,185,10594,35.111977
30,303,48,10594,12.793114
30,304,0,10594,0.000000
30,305,3238,10594,979.047093
30,306,0,10594,0.000000
30,307,116,10594,29.555840
30,308,0,10594,0.000000
30,309,0,10594,0.000000
30,310,105,10594,22.033303
30,311,0,10594,0.000000
30,312,234,10594,74.919530
30,313,213,10594,35.572944
30,314,0,10594,0.000000
30,315,0,10594,0.000000
30,316,0,10594,0.000000
30,317,135,10594,33.611661
30,318,251,10594,61.032594
30,319,0,10594,0.000000
30,320,36,10594,11.080168
30,321,58,10594,10.421794
30,322,211,10594,58.450267
30,323,0,10594,0.000000
30,324,172,10594,26.048181
30,325,0,10594,0.000000
30,326,221,10594,41.565998
30,327,516,10594,123.224233
30,328,384,10594,82.452370
30,329,467,10594,87.624453
30,330,0,10594,0.000000
30,331,138,10594,32.442488
30,332,136,10594,33.208377
30,333,0,10594,0.000000
30,334,113,10594,35.657640
30,335,156,10594,41.052648
30,336,95,10594,17.115976
30,337,135,10594,32.581188
30,338,0,10594,0.000000
30,339,0,10594,0.000000
30,340,39,10594,7.455781
30,341,0,10594,0.000000
30,342,87,10594,20.871668
30,343,0,10594,0.000000
30,344,0,10594,0.000000
30,345,9,10594,1.141332
30,346,503,10594,197.995720
30,347,618,10594,162.429569
30,348,0,10594,0.000000
30,349,0,10594,0.000000
30,350,0,10594,0.000000
30,351,0,10594,0.000000
30,352,346,10594,84.486253
30,353,0,10594,0.000000
30,354,0,10594,0.000000
30,355,331,10594,56.134340
30,356,439,10594,115.687296
30,357,0,10594,0.000000
30,358,148,10594,36.327115
30,359,139,10594,21.017058
30,360,471,10594,124.450919
30,361,89,10594,11.418108
30,362,217,10594,67.847235
30,363,0,10594,0.000000
30,364,0,10594,0.000000
30,365,132,10594,42.715516
30,366,110,10594,17.874197
30,367,0,10594,0.000000
30,368,88,10594,23.631966
30,369,0,10594,0.000000
30,370,0,10594,0.000000
30,371,148,10594,37.411594
30,372,0,10594,0.000000
30,373,2,10594,0.271344
30,374,0,10594,0.000000
30,375,0,10594,0.000000
30,376,248,10594,42.506892
30,377,97,10594,14.620062
30,378,340,10594,78.091933
30,379,882,10594,261.975634
30,380,352,10594,99.170090
30,381,0,10594,0.000000
30,382,0,10594,0.000000
30,383,142,10594,37.020953
31,0,277,10594,61.175504
31,1,0,10594,0.000000
31,2,119,10594,17.293239
31,3,82,10594,17.073029
31,4,127,10594,57.223728
31,5,323,10594,76.156595
31,6,96,10594,21.174265
31,7,64,10594,10.481845
31,8,154,10594,4.507709
31,9,0,10594,0.000000
31,10,0,10594,0.000000
31,11,129,10594,20.941956
31,12,89,10594,21.968821
31,13,0,10594,0.000000
31,14,90,10594,27.078474
31,15,87,10594,27.736316
31,16,0,10594,0.000000
31,17,123,10594,21.337689
31,18,0,10594,0.000000
31,19,511,10594,138.588645
31,20,0,10594,0.000000
31,21,0,10594,0.000000
31,22,64,10594,19.091885
31,23,0,10594,0.000000
31,24,271,10594,79.785833
31,25,181,10594,44.338589
31,26,104,10594,26.446029
31,27,0,10594,0.000000
31,28,841,10594,255.341361
31,29,61,10594,15.271968
31,30,0,10594,0.000000
31,31,103,10594,17.137952
31,32,0,10594,0.000000
31,33,0,10594,0.000000
31,34,0,10594,0.000000
31,35,0,10594,0.000000
31,36,178,10594,44.834220
31,37,236,10594,56.764761
31,38,128,10594,25.228146
31,39,0,10594,0.000000
31,40,3409,10594,941.828719
31,41,72,10594,15.189024
31,42,0,10594,0.000000
31,43,0,10594,0.000000
31,44,0,10594,0.000000
31,45,143,10594,34.880770
31,46,175,10594,47.598520
31,47,0,10594,0.000000
31,48,426,10594,100.669668
31,49,0,10594,0.000000
31,50,140,10594,48.999560
31,51,21,10594,3.498053
31,52,520,10594,120.042183
31,53,171,10594,30.880297
31,54,302,10594,68.891151
31,55,0,10594,0.000000
31,56,114,10594,25.483524
31,57,92,10594,27.622364
31,58,0,10594,0.000000
31,59,0,10594,0.000000
31,60,0,10594,0.000000
31,61,0,10594,0.000000
31,62,0,10594,0.000000
31,63,0,10594,0.000000
31,64,428,10594,85.849196
31,65,0,10594,0.000000
31,66,226,10594,46.220927
31,67,0,10594,0.000000
31,68,631,10594,165.517765
31,69,0,10594,0.000000
31,70,19,10594,3.708728
31,71,30,10594,7.664062
31,72,0,10594,0.000000
31,73,0,10594,0.000000
31,74,0,10594,0.000000
31,75,253,10594,29.690302
31,76,75,10594,16.260598
31,77,1223,10594,373.469544
31,78,0,10594,0.000000
31,79,0,10594,0.000000
31,80,0,10594,0.000000
31,81,0,10594,0.000000
31,82,178,10594,53.272990
31,83,0,10594,0.000000
31,84,206,10594,37.818380
31,85,0,10594,0.000000
31,86,104,10594,17.533163
31,87,207,10594,52.035060
31,88,258,10594,59.936960
31,89,0,10594,0.000000
31,90,32,10594,10.187534
31,91,75,10594,15.005308
31,92,0,10594,0.000000
31,93,0,10594,0.000000
31,94,409,10594,96.018991
31,95,0,10594,0.000000
31,96,24,10594,4.202968
31,97,0,10594,0.000000
31,98,86,10594,21.171113
31,99,224,10594,52.186026
31,100,0,10594,0.000000
31,101,232,10594,42.389814
31,102,2,10594,0.303657
31,103,654,10594,121.648571
31,104,32,10594,6.053659
31,105,28,10594,4.227325
31,106,0,10594,0.000000
31,107,20,10594,3.793844
31,108,562,10594,134.010330
31,109,140,10594,40.018529
31,110,0,10594,0.000000
31,111,161,10594,4.825648
31,112,0,10594,0.000000
31,113,0,10594,0.000000
31,114,361,10594,106.754390
31,115,52,10594,15.918868
31,116,174,10594,30.673941
31,117,1722,10594,400.424130
31,118,147,10594,33.893915
31,119,0,10594,0.000000
31,120,972,10594,299.752216
31,121,0,10594,0.000000
31,122,0,10594,0.000000
31,123,0,10594,0.000000
31,124,0,10594,0.000000
31,125,0,10594,0.000000
31,126,0,10594,0.000000
31,127,0,10594,0.000000
31,128,192,10594,42.101322
31,129,0,10594,0.000000
31,130,0,10594,0.000000
31,131,0,10594,0.000000
31,132,0,10594,0.000000
31,133,158,10594,31.717507
31,134,0,10594,0.000000
31,135,124,10594,20.304321
31,136,0,10594,0.000000
31,137,156,10594,42.138418
31,138,282,10594,96.975839
31,139,183,10594,59.836688
31,140,0,10594,0.000000
31,141,1268,10594,289.664519
31,142,82,10594,17.891894
31,143,128,10594,27.923996
31,144,49,10594,8.540981
31,145,131,10594,28.172968
31,146,0,10594,0.000000
31,147,51,10594,9.768807
31,148,0,10594,0.000000
31,149,0,10594,0.000000
31,150,0,10594,0.000000
31,151,0,10594,0.000000
31,152,95,10594,13.439763
31,153,0,10594,0.000000
31,154,1050,10594,261.507393
31,155,382,10594,72.364743
31,156,212,10594,51.174172
31,157,0,10594,0.000000
31,158,127,10594,29.073995
31,159,0,10594,0.000000
31,160,184,10594,45.280132
31,161,0,10594,0.000000
31,162,0,10594,0.000000
31,163,83,10594,14.831602
31,164,0,10594,0.000000
31,165,0,10594,0.000000
31,166,0,10594,0.000000
31,167,1575,10594,363.328968
31,168,94,10594,27.416777
31,169,0,10594,0.000000
31,170,89,10594,21.494088
31,171,0,10594,0.000000
31,172,0,10594,0.000000
31,173,126,10594,9.701397
31,174,432,10594,104.774469
31,175,63,10594,27.236599
31,176,92,10594,12.829893
31,177,0,10594,0.000000
31,178,0,10594,0.000000
31,179,0,10594,0.000000
31,180,0,10594,0.000000
31,181,43,10594,8.278478
31,182,102,10594,22.857391
31,183,0,10594,0.000000
31,184,301,10594,77.290700
31,185,294,10594,60.226744
31,186,168,10594,36.469924
31,187,0,10594,0.000000
31,188,1353,10594,280.637559
31,189,187,10594,46.671401
31,190,0,10594,0.000000
31,191,543,10594,142.768390
31,192,0,10594,0.000000
31,193,0,10594,0.000000
31,194,0,10594,0.000000
31,195,329,10594,74.876727
31,196,0,10594,0.000000
31,197,15,10594,2.117256
31,198,113,10594,48.075449
31,199,0,10594,0.000000
31,200,0,10594,0.000000
31,201,27,10594,4.230188
31,202,0,10594,0.000000
31,203,547,10594,102.300763
31,204,0,10594,0.000000
31,205,0,10594,0.000000
31,206,161,10594,38.605779
31,207,163,10594,26.835638
31,208,228,10594,91.548237
31,209,0,10594,0.000000
31,210,77,10594,14.862574
31,211,99,10594,17.650349
31,212,134,10594,31.320212
31,213,94,10594,9.700266
31,214,0,10594,0.000000
31,215,0,10594,0.000000
31,216,429,10594,97.149717
31,217,236,10594,55.877378
31,218,0,10594,0.000000
31,219,294,10594,29.265889
31,220,0,10594,0.000000
31,221,60,10594,12.674936
31,222,52,10594,8.934111
31,223,0,10594,0.000000
31,224,0,10594,0.000000
31,225,194,10594,52.128175
31,226,0,10594,0.000000
31,227,235,10594,44.437172
31,228,0,10594,0.000000
31,229,2276,10594,555.108040
31,230,144,10594,32.528546
31,231,0,10594,0.000000
31,232,0,10594,0.000000
31,233,133,10594,37.553965
31,234,0,10594,0.000000
31,235,0,10594,0.000000
31,236,66,10594,12.127411
31,237,42,10594,10.911338
31,238,0,10594,0.000000
31,239,3,10594,0.460403
31,240,0,10594,0.000000
31,241,0,10594,0.000000
31,242,0,10594,0.000000
31,243,0,10594,0.000000
31,244,72,10594,10.886640
31,245,209,10594,45.206412
31,246,0,10594,0.000000
31,247,59,10594,10.698579
31,248,0,10594,0.000000
31,249,234,10594,44.330740
31,250,1392,10594,445.030037
31,251,127,10594,33.065274
31,252,0,10594,0.000000
31,253,490,10594,125.836372
31,254,0,10594,0.000000
31,255,271,10594,45.037369
31,256,0,10594,0.000000
31,257,0,10594,0.000000
31,258,0,10594,0.000000
31,259,0,10594,0.000000
31,260,34,10594,12.698135
31,261,0,10594,0.000000
31,262,0,10594,0.000000
31,263,0,10594,0.000000
31,264,0,10594,0.000000
31,265,0,10594,0.000000
31,266,132,10594,34.964606
31,267,0,10594,0.000000
31,268,0,10594,0.000000
31,269,1802,10594,494.438854
31,270,0,10594,0.000000
31,271,0,10594,0.000000
31,272,192,10594,54.941126
31,273,0,10594,0.000000
31,274,52,10594,11.090475
31,275,0,10594,0.000000
31,276,373,10594,63.589865
31,277,0,10594,0.000000
31,278,0,10594,0.000000
31,279,0,10594,0.000000
31,280,283,10594,58.435781
31,281,52,10594,9.342532
31,282,0,10594,0.000000
31,283,0,10594,0.000000
31,284,0,10594,0.000000
31,285,138,10594,36.761547
31,286,60,10594,15.980657
31,287,5568,10594,1615.325108
31,288,56,10594,8.529572
31,289,531,10594,145.343884
31,290,0,10594,0.000000
31,291,0,10594,0.000000
31,292,0,10594,0.000000
31,293,76,10594,13.668604
31,294,0,10594,0.000000
31,295,0,10594,0.000000
31,296,143,10594,42.072064
31,297,220,10594,45.453546
31,298,26,10594,3.857642
31,299,0,10594,0.000000
31,300,0,10594,0.000000
31,301,0,10594,0.000000
31,302,0,10594,0.000000
31,303,344,10594,100.999683
31,304,82,10594,17.948726
31,305,1679,10594,310.124818
31,306,0,10594,0.000000
31,307,0,10594,0.000000
31,308,90,10594,23.946509
31,309,0,10594,0.000000
31,310,109,10594,27.856521
31,311,70,10594,17.980769
31,312,0,10594,0.000000
31,313,179,10594,31.839742
31,314,0,10594,0.000000
31,315,0,10594,0.000000
31,316,115,10594,29.012667
31,317,83,10594,19.591571
31,318,356,10594,71.824617
31,319,0,10594,0.000000
31,320,0,10594,0.000000
31,321,0,10594,0.000000
31,322,0,10594,0.000000
31,323,0,10594,0.000000
31,324,103,10594,24.203488
31,325,117,10594,24.988672
31,326,315,10594,88.271168
31,327,0,10594,0.000000
31,328,0,10594,0.000000
31,329,0,10594,0.000000
31,330,115,10594,28.959824
31,331,0,10594,0.000000
31,332,243,10594,57.773188
31,333,0,10594,0.000000
31,334,210,10594,44.261043
31,335,0,10594,0.000000
31,336,0,10594,0.000000
31,337,0,10594,0.000000
31,338,172,10594,15.148046
31,339,1,10594,0.111100
31,340,0,10594,0.000000
31,341,0,10594,0.000000
31,342,156,10594,29.165557
31,343,104,10594,26.047662
31,344,126,10594,18.914501
31,345,0,10594,0.000000
31,346,18,10594,2.982402
31,347,113,10594,35.528723
31,348,71,10594,8.537376
31,349,124,10594,25.489201
31,350,230,10594,58.413121
31,351,63,10594,19.771747
31,352,0,10594,0.000000
31,353,0,10594,0.000000
31,354,175,10594,47.719381
31,355,0,10594,0.000000
31,356,86,10594,20.268416
31,357,410,10594,105.654662
31,358,228,10594,38.636107
31,359,84,10594,17.444371
31,360,0,10594,0.000000
31,361,111,10594,28.052290
31,362,398,10594,86.783374
31,363,0,10594,0.000000
31,364,0,10594,0.000000
31,365,0,10594,0.000000
31,366,0,10594,0.000000
31,367,309,10594,61.960436
31,368,72,10594,15.205142
31,369,211,10594,61.667246
31,370,210,10594,263.776757
31,371,0,10594,0.000000
31,372,4091,10594,1053.346583
31,373,0,10594,0.000000
31,374,2228,10594,604.346428
31,375,104,10594,17.797269
31,376,0,10594,0.000000
31,377,235,10594,83.343114
31,378,0,10594,0.000000
31,379,0,10594,0.000000
31,380,0,10594,0.000000
31,381,0,10594,0.000000
31,382,0,10594,0.000000
31,383,112,10594,17.747401
32,0,171,10594,42.757386
32,1,0,10594,0.000000
32,2,0,10594,0.000000
32,3,0,10594,0.000000
32,4,262,10594,77.788329
32,5,97,10594,25.943955
32,6,98,10594,29.835253
32,7,453,10594,111.953860
32,8,70,10594,16.251754
32,9,0,10594,0.000000
32,10,412,10594,89.547391
32,11,0,10594,0.000000
32,12,64,10594,9.458208
32,13,161,10594,42.223771
32,14,203,10594,48.626310
32,15,79,10594,18.312046
32,16,0,10594,0.000000
32,17,0,10594,0.000000
32,18,0,10594,0.000000
32,19,48,10594,5.863588
32,20,0,10594,0.000000
32,21,295,10594,65.617173
32,22,0,10594,0.000000
32,23,170,10594,42.430408
32,24,0,10594,0.000000
32,25,0,10594,0.000000
32,26,0,10594,0.000000
32,27,0,10594,0.000000
32,28,0,10594,0.000000
32,29,146,10594,25.734680
32,30,0,10594,0.000000
32,31,92,10594,19.263087
32,32,78,10594,14.378074
32,33,2319,10594,564.562489
32,34,154,10594,29.187685
32,35,63,10594,7.993868
32,36,64,10594,15.854728
32,37,316,10594,75.940360
32,38,0,10594,0.000000
32,39,29,10594,5.266760
32,40,0,10594,0.000000
32,41,1417,10594,360.755422
32,42,0,10594,0.000000
32,43,50,10594,29.864911
32,44,0,10594,0.000000
32,45,184,10594,43.768862
32,46,331,10594,66.153334
32,47,0,10594,0.000000
32,48,186,10594,39.353238
32,49,354,10594,79.139708
32,50,0,10594,0.000000
32,51,0,10594,0.000000
32,52,334,10594,58.983254
32,53,0,10594,0.000000
32,54,97,10594,20.800663
32,55,0,10594,0.000000
32,56,0,10594,0.000000
32,57,0,10594,0.000000
32,58,0,10594,0.000000
32,59,98,10594,15.844190
32,60,93,10594,16.225241
32,61,155,10594,32.661671
32,62,0,10594,0.000000
32,63,0,10594,0.000000
32,64,281,10594,41.253268
32,65,161,10594,43.152245
32,66,0,10594,0.000000
32,67,38,10594,10.148850
32,68,318,10594,64.748386
32,69,76,10594,15.376643
32,70,0,10594,0.000000
32,71,120,10594,38.331084
32,72,21,10594,3.804023
32,73,0,10594,0.000000
32,74,429,10594,114.436981
32,75,89,10594,24.037542
32,76,0,10594,0.000000
32,77,370,10594,105.597645
32,78,700,10594,137.158326
32,79,93,10594,23.186053
32,80,0,10594,0.000000
32,81,0,10594,0.000000
32,82,1036,10594,190.074792
32,83,159,10594,35.117064
32,84,0,10594,0.000000
32,85,0,10594,0.000000
32,86,0,10594,0.000000
32,87,0,10594,0.000000
32,88,6,10594,0.859548
32,89,779,10594,192.470187
32,90,326,10594,114.934875
32,91,159,10594,36.645081
32,92,121,10594,29.132984
32,93,0,10594,0.000000
32,94,0,10594,0.000000
32,95,0,10594,0.000000
32,96,0,10594,0.000000
32,97,0,10594,0.000000
32,98,1678,10594,502.907055
32,99,1476,10594,438.344015
32,100,150,10594,34.245282
32,101,528,10594,149.595302
32,102,303,10594,66.915169
32,103,111,10594,19.460068
32,104,0,10594,0.000000
32,105,94,10594,20.261214
32,106,0,10594,0.000000
32,107,0,10594,0.000000
32,108,0,10594,0.000000
32,109,80,10594,19.388231
32,110,2,10594,0.213448
32,111,0,10594,0.000000
32,112,0,10594,0.000000
32,113,114,10594,23.928747
32,114,242,10594,57.749882
32,115,566,10594,140.539944
32,116,0,10594,0.000000
32,117,0,10594,0.000000
32,118,0,10594,0.000000
32,119,0,10594,0.000000
32,120,0,10594,0.000000
32,121,0,10594,0.000000
32,122,6437,10594,1970.683318
32,123,0,10594,0.000000
32,124,108,10594,16.236727
32,125,130,10594,22.839362
32,126,0,10594,0.000000
32,127,68,10594,14.001474
32,128,138,10594,31.387946
32,129,0,10594,0.000000
32,130,0,10594,0.000000
32,131,0,10594,0.000000
32,132,208,10594,50.353695
32,133,46,10594,10.547776
32,134,0,10594,0.000000
32,135,28,10594,6.634566
32,136,0,10594,0.000000
32,137,135,10594,54.394420
32,138,2,10594,0.250803
32,139,0,10594,0.000000
32,140,0,10594,0.000000
32,141,0,10594,0.000000
32,142,0,10594,0.000000
32,143,291,10594,70.284563
32,144,127,10594,23.463639
32,145,576,10594,117.249704
32,146,193,10594,38.515634
32,147,0,10594,0.000000
32,148,0,10594,0.000000
32,149,129,10594,25.557816
32,150,0,10594,0.000000
32,151,0,10594,0.000000
32,152,144,10594,37.678862
32,153,0,10594,0.000000
32,154,0,10594,0.000000
32,155,2278,10594,665.582012
32,156,129,10594,27.213393
32,157,185,10594,53.402263
32,158,0,10594,0.000000
32,159,0,10594,0.000000
32,160,0,10594,0.000000
32,161,72,10594,13.832666
32,162,0,10594,0.000000
32,163,0,10594,0.000000
32,164,0,10594,0.000000
32,165,0,10594,0.000000
32,166,7,10594,1.341103
32,167,84,10594,20.062550
32,168,507,10594,126.895329
32,169,0,10594,0.000000
32,170,362,10594,78.608401
32,171,0,10594,0.000000
32,172,0,10594,0.000000
32,173,0,10594,0.000000
32,174,0,10594,0.000000
32,175,0,10594,0.000000
32,176,0,10594,0.000000
32,177,25,10594,3.816440
32,178,118,10594,27.414865
32,179,0,10594,0.000000
32,180,239,10594,54.307233
32,181,169,10594,28.222904
32,182,0,10594,0.000000
32,183,274,10594,66.152529
32,184,618,10594,122.004511
32,185,0,10594,0.000000
32,186,63,10594,11.378414
32,187,58,10594,12.860734
32,188,0,10594,0.000000
32,189,725,10594,224.279455
32,190,0,10594,0.000000
32,191,0,10594,0.000000
32,192,118,10594,20.984916
32,193,130,10594,40.586536
32,194,0,10594,0.000000
32,195,0,10594,0.000000
32,196,0,10594,0.000000
32,197,103,10594,19.851873
32,198,392,10594,77.674178
32,199,0,10594,0.000000
32,200,178,10594,38.419254
32,201,4136,10594,1137.629992
32,202,44,10594,5.275812
32,203,0,10594,0.000000
32,204,95,10594,18.476333
32,205,53,10594,16.381498
32,206,70,10594,17.853743
32,207,134,10594,32.029741
32,208,91,10594,14.133164
32,209,0,10594,0.000000
32,210,76,10594,10.610186
32,211,46,10594,7.530493
32,212,0,10594,0.000000
32,213,105,10594,20.112176
32,214,0,10594,0.000000
32,215,0,10594,0.000000
32,216,0,10594,0.000000
32,217,12,10594,1.605970
32,218,426,10594,153.430462
32,219,0,10594,0.000000
32,220,88,10594,17.476340
32,221,237,10594,48.596634
32,222,0,10594,0.000000
32,223,0,10594,0.000000
32,224,0,10594,0.000000
32,225,0,10594,0.000000
32,226,349,10594,77.879145
32,227,0,10594,0.000000
32,228,280,10594,69.904144
32,229,0,10594,0.000000
32,230,0,10594,0.000000
32,231,0,10594,0.000000
32,232,495,10594,101.855168
32,233,0,10594,0.000000
32,234,432,10594,102.038782
32,235,524,10594,100.152273
32,236,0,10594,0.000000
32,237,153,10594,36.512206
32,238,155,10594,36.637920
32,239,75,10594,11.186374
32,240,129,10594,38.103004
32,241,624,10594,109.784087
32,242,184,10594,36.981025
32,243,54,10594,11.954957
32,244,0,10594,0.000000
32,245,0,10594,0.000000
32,246,270,10594,46.257196
32,247,0,10594,0.000000
32,248,467,10594,94.282314
32,249,135,10594,31.642260
32,250,0,10594,0.000000
32,251,82,10594,23.757141
32,252,200,10594,65.593036
32,253,0,10594,0.000000
32,254,0,10594,0.000000
32,255,0,10594,0.000000
32,256,17,10594,5.176283
32,257,0,10594,0.000000
32,258,222,10594,35.128160
32,259,0,10594,0.000000
32,260,146,10594,39.971106
32,261,195,10594,49.049343
32,262,107,10594,22.643568
32,263,121,10594,30.788552
32,264,159,10594,50.855081
32,265,0,10594,0.000000
32,266,1671,10594,408.564066
32,267,69,10594,16.054660
32,268,0,10594,0.000000
32,269,73,10594,9.545193
32,270,275,10594,67.832843
32,271,0,10594,0.000000
32,272,0,10594,0.000000
32,273,217,10594,58.117306
32,274,0,10594,0.000000
32,275,0,10594,0.000000
32,276,610,10594,165.643855
32,277,190,10594,26.072941
32,278,0,10594,0.000000
32,279,189,10594,32.967911
32,280,0,10594,0.000000
32,281,0,10594,0.000000
32,282,44,10594,6.598878
32,283,18,10594,2.991220
32,284,154,10594,36.008048
32,285,0,10594,0.000000
32,286,1,10594,0.212195
32,287,110,10594,18.618905
32,288,137,10594,21.120327
32,289,35,10594,5.010933
32,290,379,10594,97.546596
32,291,0,10594,0.000000
32,292,0,10594,0.000000
32,293,0,10594,0.000000
32,294,143,10594,30.574604
32,295,127,10594,43.394955
32,296,505,10594,134.882875
32,297,0,10594,0.000000
32,298,0,10594,0.000000
32,299,0,10594,0.000000
32,300,0,10594,0.000000
32,301,88,10594,19.636389
32,302,90,10594,19.654112
32,303,432,10594,79.024508
32,304,0,10594,0.000000
32,305,0,10594,0.000000
32,306,0,10594,0.000000
32,307,112,10594,21.795198
32,308,0,10594,0.000000
32,309,0,10594,0.000000
32,310,0,10594,0.000000
32,311,0,10594,0.000000
32,312,225,10594,48.412377
32,313,0,10594,0.000000
32,314,576,10594,145.811791
32,315,0,10594,0.000000
32,316,0,10594,0.000000
32,317,0,10594,0.000000
32,318,41,10594,11.021683
32,319,83,10594,13.555256
32,320,0,10594,0.000000
32,321,0,10594,0.000000
32,322,0,10594,0.000000
32,323,0,10594,0.000000
32,324,0,10594,0.000000
32,325,910,10594,176.252941
32,326,0,10594,0.000000
32,327,0,10594,0.000000
32,328,129,10594,23.859551
32,329,914,10594,206.751133
32,330,0,10594,0.000000
32,331,2033,10594,510.048254
32,332,101,10594,26.746676
32,333,59,10594,19.050563
32,334,0,10594,0.000000
32,335,0,10594,0.000000
32,336,0,10594,0.000000
32,337,0,10594,0.000000
32,338,74,10594,18.402961
32,339,292,10594,49.771608
32,340,158,10594,31.452315
32,341,204,10594,40.163241
32,342,0,10594,0.000000
32,343,0,10594,0.000000
32,344,174,10594,39.384988
32,345,0,10594,0.000000
32,346,101,10594,19.454446
32,347,150,10594,32.400270
32,348,0,10594,0.000000
32,349,0,10594,0.000000
32,350,52,10594,19.485601
32,351,43,10594,10.609352
32,352,102,10594,27.159674
32,353,256,10594,52.118131
32,354,0,10594,0.000000
32,355,756,10594,182.542176
32,356,0,10594,0.000000
32,357,0,10594,0.000000
32,358,10,10594,1.921305
32,359,0,10594,0.000000
32,360,0,10594,0.000000
32,361,167,10594,43.743065
32,362,92,10594,23.758977
32,363,54,10594,12.385764
32,364,115,10594,29.853751
32,365,0,10594,0.000000
32,366,159,10594,38.343326
32,367,138,10594,23.698190
32,368,144,10594,22.209527
32,369,0,10594,0.000000
32,370,0,10594,0.000000
32,371,0,10594,0.000000
32,372,1614,10594,515.242211
32,373,246,10594,60.967454
32,374,57,10594,15.009113
32,375,0,10594,0.000000
32,376,98,10594,15.618852
32,377,0,10594,0.000000
32,378,494,10594,130.449280
32,379,111,10594,29.741418
32,380,41,10594,7.123748
32,381,0,10594,0.000000
32,382,303,10594,87.089503
32,383,68,10594,10.917951
33,0,0,10594,0.000000
33,1,98,10594,21.515473
33,2,73,10594,19.581703
33,3,1007,10594,301.563920
33,4,50,10594,8.608044
33,5,159,10594,22.700792
33,6,0,10594,0.000000
33,7,130,10594,20.487438
33,8,73,10594,15.798954
33,9,238,10594,76.406109
33,10,59,10594,10.030065
33,11,0,10594,0.000000
33,12,0,10594,0.000000
33,13,0,10594,0.000000
33,14,0,10594,0.000000
33,15,0,10594,0.000000
33,16,7420,10594,1916.151928
33,17,141,10594,18.755104
33,18,0,10594,0.000000
33,19,192,10594,39.197945
33,20,0,10594,0.000000
33,21,74,10594,9.077432
33,22,41,10594,7.112254
33,23,77,10594,11.328533
33,24,133,10594,18.295495
33,25,33,10594,7.568806
33,26,0,10594,0.000000
33,27,206,10594,42.405986
33,28,82,10594,15.842594
33,29,0,10594,0.000000
33,30,128,10594,24.610668
33,31,0,10594,0.000000
33,32,53,10594,8.214565
33,33,0,10594,0.000000
33,34,133,10594,34.967426
33,35,77,10594,21.494778
33,36,62,10594,15.921250
33,37,0,10594,0.000000
33,38,0,10594,0.000000
33,39,0,10594,0.000000
33,40,77,10594,17.717242
33,41,0,10594,0.000000
33,42,0,10594,0.000000
33,43,0,10594,0.000000
33,44,157,10594,22.157132
33,45,0,10594,0.000000
33,46,122,10594,31.351044
33,47,0,10594,0.000000
33,48,65,10594,13.740573
33,49,0,10594,0.000000
33,50,82,10594,12.925910
33,51,0,10594,0.000000
33,52,0,10594,0.000000
33,53,0,10594,0.000000
33,54,73,10594,14.182733
33,55,63,10594,7.016933
33,56,229,10594,60.685750
33,57,0,10594,0.000000
33,58,0,10594,0.000000
33,59,76,10594,16.376717
33,60,206,10594,51.230899
33,61,229,10594,32.798045
33,62,0,10594,0.000000
33,63,0,10594,0.000000
33,64,0,10594,0.000000
33,65,0,10594,0.000000
33,66,175,10594,39.689596
33,67,128,10594,21.380380
33,68,45,10594,14.786619
33,69,164,10594,39.578618
33,70,134,10594,21.390622
33,71,27,10594,3.717799
33,72,0,10594,0.000000
33,73,0,10594,0.000000
33,74,0,10594,0.000000
33,75,189,10594,33.810387
33,76,89,10594,16.583380
33,77,0,10594,0.000000
33,78,0,10594,0.000000
33,79,0,10594,0.000000
33,80,0,10594,0.000000
33,81,138,10594,27.799770
33,82,0,10594,0.000000
33,83,89,10594,20.053617
33,84,78,10594,12.888847
33,85,0,10594,0.000000
33,86,0,10594,0.000000
33,87,0,10594,0.000000
33,88,169,10594,25.174814
33,89,0,10594,0.000000
33,90,0,10594,0.000000
33,91,51,10594,16.283019
33,92,120,10594,29.080242
33,93,161,10594,27.888707
33,94,0,10594,0.000000
33,95,229,10594,69.021778
33,96,188,10594,39.513443
33,97,0,10594,0.000000
33,98,80,10594,21.896718
33,99,0,10594,0.000000
33,100,0,10594,0.000000
33,101,85,10594,15.831524
33,102,0,10594,0.000000
33,103,0,10594,0.000000
33,104,65,10594,9.829908
33,105,205,10594,48.917375
33,106,0,10594,0.000000
33,107,146,10594,30.057869
33,108,0,10594,0.000000
33,109,48,10594,19.430577
33,110,0,10594,0.000000
33,111,153,10594,45.350388
33,112,0,10594,0.000000
33,113,394,10594,97.806356
33,114,0,10594,0.000000
33,115,261,10594,45.061998
33,116,38,10594,4.668623
33,117,62,10594,9.531245
33,118,0,10594,0.000000
33,119,178,10594,33.249199
33,120,131,10594,24.410576
33,121,0,10594,0.000000
33,122,46,10594,8.751051
33,123,0,10594,0.000000
33,124,0,10594,0.000000
33,125,31,10594,6.473089
33,126,270,10594,70.423385
33,127,47,10594,12.068679
33,128,0,10594,0.000000
33,129,0,10594,0.000000
33,130,145,10594,27.243076
33,131,0,10594,0.000000
33,132,0,10594,0.000000
33,133,83,10594,16.864430
33,134,6908,10594,2061.140379
33,135,64,10594,9.234060
33,136,0,10594,0.000000
33,137,0,10594,0.000000
33,138,98,10594,21.161593
33,139,0,10594,0.000000
33,140,0,10594,0.000000
33,141,0,10594,0.000000
33,142,0,10594,0.000000
33,143,929,10594,240.319523
33,144,187,10594,35.443797
33,145,185,10594,51.283629
33,146,0,10594,0.000000
33,147,204,10594,42.201531
33,148,79,10594,14.917560
33,149,0,10594,0.000000
33,150,0,10594,0.000000
33,151,39,10594,7.079427
33,152,26,10594,3.425381
33,153,315,10594,54.054412
33,154,60,10594,11.008394
33,155,38,10594,4.233882
33,156,0,10594,0.000000
33,157,249,10594,48.442962
33,158,0,10594,0.000000
33,159,178,10594,43.300321
33,160,0,10594,0.000000
33,161,0,10594,0.000000
33,162,0,10594,0.000000
33,163,479,10594,87.868409
33,164,114,10594,15.766052
33,165,0,10594,0.000000
33,166,0,10594,0.000000
33,167,0,10594,0.000000
33,168,0,10594,0.000000
33,169,297,10594,71.819911
33,170,0,10594,0.000000
33,171,235,10594,55.463581
33,172,466,10594,86.842432
33,173,83,10594,17.905347
33,174,131,10594,20.092726
33,175,0,10594,0.000000
33,176,0,10594,0.000000
33,177,0,10594,0.000000
33,178,148,10594,23.876616
33,179,0,10594,0.000000
33,180,140,10594,23.751109
33,181,0,10594,0.000000
33,182,67,10594,14.240290
33,183,132,10594,30.836427
33,184,560,10594,124.700531
33,185,0,10594,0.000000
33,186,145,10594,24.621953
33,187,56,10594,12.613477
33,188,199,10594,48.664203
33,189,68,10594,9.620594
33,190,177,10594,28.794946
33,191,53,10594,7.414223
33,192,111,10594,23.501159
33,193,0,10594,0.000000
33,194,124,10594,27.461379
33,195,0,10594,0.000000
33,196,184,10594,80.840934
33,197,0,10594,0.000000
33,198,149,10594,19.441019
33,199,0,10594,0.000000
33,200,135,10594,37.397458
33,201,0,10594,0.000000
33,202,0,10594,0.000000
33,203,0,10594,0.000000
33,204,41,10594,8.902963
33,205,0,10594,0.000000
33,206,92,10594,12.877573
33,207,4492,10594,1154.365866
33,208,150,10594,25.450096
33,209,123,10594,17.514857
33,210,158,10594,29.384256
33,211,0,10594,0.000000
33,212,237,10594,35.309962
33,213,0,10594,0.000000
33,214,0,10594,0.000000
33,215,143,10594,45.185589
33,216,104,10594,20.554932
33,217,0,10594,0.000000
33,218,170,10594,20.841664
33,219,0,10594,0.000000
33,220,121,10594,22.112855
33,221,171,10594,31.519776
33,222,0,10594,0.000000
33,223,78,10594,12.324071
33,224,0,10594,0.000000
33,225,0,10594,0.000000
33,226,0,10594,0.000000
33,227,0,10594,0.000000
33,228,6931,10594,2487.095244
33,229,485,10594,109.906832
33,230,0,10594,0.000000
33,231,3,10594,0.355107
33,232,120,10594,25.577578
33,233,98,10594,16.939568
33,234,60,10594,16.900531
33,235,0,10594,0.000000
33,236,166,10594,19.546039
33,237,0,10594,0.000000
33,238,0,10594,0.000000
33,239,0,10594,0.000000
33,240,250,10594,45.466464
33,241,60,10594,10.881141
33,242,217,10594,49.150796
33,243,0,10594,0.000000
33,244,159,10594,37.140131
33,245,168,10594,38.461367
33,246,94,10594,17.118275
33,247,101,10594,18.450344
33,248,94,10594,25.083151
33,249,0,10594,0.000000
33,250,0,10594,0.000000
33,251,47,10594,5.785965
33,252,21,10594,3.273125
33,253,0,10594,0.000000
33,254,76,10594,14.707998
33,255,0,10594,0.000000
33,256,218,10594,47.958601
33,257,0,10594,0.000000
33,258,0,10594,0.000000
33,259,20,10594,2.819694
33,260,198,10594,37.322187
33,261,140,10594,39.879815
33,262,0,10594,0.000000
33,263,0,10594,0.000000
33,264,59,10594,11.980028
33,265,0,10594,0.000000
33,266,63,10594,9.397058
33,267,0,10594,0.000000
33,268,25,10594,3.821339
33,269,0,10594,0.000000
33,270,84,10594,19.388938
33,271,0,10594,0.000000
33,272,0,10594,0.000000
33,273,0,10594,0.000000
33,274,58,10594,11.041935
33,275,0,10594,0.000000
33,276,172,10594,26.799496
33,277,137,10594,22.791578
33,278,0,10594,0.000000
33,279,0,10594,0.000000
33,280,0,10594,0.000000
33,281,165,10594,31.611607
33,282,180,10594,36.357487
33,283,1611,10594,385.641850
33,284,0,10594,0.000000
33,285,0,10594,0.000000
33,286,65,10594,9.117836
33,287,0,10594,0.000000
33,288,99,10594,30.302869
33,289,0,10594,0.000000
33,290,96,10594,16.635934
33,291,24,10594,4.617377
33,292,48,10594,8.827983
33,293,0,10594,0.000000
33,294,83,10594,15.017251
33,295,34,10594,8.054345
33,296,0,10594,0.000000
33,297,74,10594,11.645549
33,298,128,10594,34.786681
33,299,180,10594,54.036405
33,300,169,10594,33.362295
33,301,265,10594,63.259722
33,302,0,10594,0.000000
33,303,0,10594,0.000000
33,304,0,10594,0.000000
33,305,68,10594,15.880379
33,306,145,10594,25.154800
33,307,208,10594,30.285403
33,308,131,10594,17.819475
33,309,35,10594,12.992680
33,310,0,10594,0.000000
33,311,297,10594,53.573411
33,312,352,10594,63.675735
33,313,81,10594,18.509979
33,314,0,10594,0.000000
33,315,205,10594,51.867991
33,316,0,10594,0.000000
33,317,691,10594,135.099122
33,318,190,10594,40.654840
33,319,170,10594,30.836189
33,320,0,10594,0.000000
33,321,0,10594,0.000000
33,322,87,10594,19.207103
33,323,95,10594,11.800250
33,324,161,10594,32.433549
33,325,104,10594,23.792696
33,326,15,10594,4.027895
33,327,262,10594,40.891616
33,328,0,10594,0.000000
33,329,0,10594,0.000000
33,330,55,10594,7.874252
33,331,829,10594,139.953592
33,332,520,10594,174.227287
33,333,0,10594,0.000000
33,334,0,10594,0.000000
33,335,0,10594,0.000000
33,336,0,10594,0.000000
33,337,56,10594,7.748207
33,338,0,10594,0.000000
33,339,4556,10594,1098.081521
33,340,407,10594,115.909987
33,341,0,10594,0.000000
33,342,0,10594,0.000000
33,343,307,10594,57.488264
33,344,0,10594,0.000000
33,345,0,10594,0.000000
33,346,163,10594,32.396987
33,347,103,10594,15.702062
33,348,0,10594,0.000000
33,349,0,10594,0.000000
33,350,0,10594,0.000000
33,351,102,10594,16.158235
33,352,0,10594,0.000000
33,353,0,10594,0.000000
33,354,0,10594,0.000000
33,355,66,10594,9.813311
33,356,0,10594,0.000000
33,357,0,10594,0.000000
33,358,46,10594,14.259360
33,359,315,10594,67.734597
33,360,0,10594,0.000000
33,361,0,10594,0.000000
33,362,171,10594,25.508172
33,363,0,10594,0.000000
33,364,62,10594,11.475008
33,365,112,10594,23.726990
33,366,505,10594,184.340582
33,367,108,10594,24.716116
33,368,68,10594,11.236583
33,369,1220,10594,276.221554
33,370,0,10594,0.000000
33,371,0,10594,0.000000
33,372,0,10594,0.000000
33,373,120,10594,25.475054
33,374,0,10594,0.000000
33,375,0,10594,0.000000
33,376,0,10594,0.000000
33,377,0,10594,0.000000
33,378,134,10594,45.513930
33,379,0,10594,0.000000
33,380,0,10594,0.000000
33,381,45,10594,7.165745
33,382,0,10594,0.000000
33,383,0,10594,0.000000
34,0,22,10594,3.417920
34,1,117,10594,25.906139
34,2,0,10594,0.000000
34,3,0,10594,0.000000
34,4,168,10594,33.470144
34,5,0,10594,0.000000
34,6,277,10594,68.754133
34,7,418,10594,74.178901
34,8,238,10594,50.727010
34,9,249,10594,52.201287
34,10,0,10594,0.000000
34,11,0,10594,0.000000
34,12,168,10594,32.522780
34,13,0,10594,0.000000
34,14,30,10594,5.248866
34,15,63,10594,7.317909
34,16,166,10594,22.633404
34,17,91,10594,25.440749
34,18,61,10594,12.690310
34,19,53,10594,9.059914
34,20,0,10594,0.000000
34,21,0,10594,0.000000
34,22,0,10594,0.000000
34,23,0,10594,0.000000
34,24,115,10594,27.034475
34,25,18,10594,2.637086
34,26,0,10594,0.000000
34,27,166,10594,38.460681
34,28,0,10594,0.000000
34,29,0,10594,0.000000
34,30,0,10594,0.000000
34,31,362,10594,73.704855
34,32,83,10594,18.956527
34,33,0,10594,0.000000
34,34,0,10594,0.000000
34,35,0,10594,0.000000
34,36,0,10594,0.000000
34,37,0,10594,0.000000
34,38,0,10594,0.000000
34,39,0,10594,0.000000
34,40,0,10594,0.000000
34,41,0,10594,0.000000
34,42,7,10594,1.314036
34,43,102,10594,17.627858
34,44,2884,10594,478.135084
34,45,214,10594,18.923787
34,46,77,10594,14.068317
34,47,0,10594,0.000000
34,48,86,10594,19.884642
34,49,123,10594,31.036934
34,50,141,10594,37.472660
34,51,0,10594,0.000000
34,52,124,10594,35.503061
34,53,0,10594,0.000000
34,54,354,10594,76.334032
34,55,0,10594,0.000000
34,56,0,10594,0.000000
34,57,0,10594,0.000000
34,58,0,10594,0.000000
34,59,0,10594,0.000000
34,60,0,10594,0.000000
34,61,0,10594,0.000000
34,62,0,10594,0.000000
34,63,0,10594,0.000000
34,64,224,10594,71.496710
34,65,325,10594,81.714005
34,66,101,10594,25.610376
34,67,0,10594,0.000000
34,68,123,10594,30.610238
34,69,3487,10594,834.743736
34,70,30,10594,5.441077
34,71,0,10594,0.000000
34,72,31,10594,6.912579
34,73,4368,10594,1091.813902
34,74,264,10594,47.405307
34,75,58,10594,11.049413
34,76,0,10594,0.000000
34,77,0,10594,0.000000
34,78,0,10594,0.000000
34,79,0,10594,0.000000
34,80,111,10594,31.766877
34,81,73,10594,24.128069
34,82,98,10594,21.525824
34,83,0,10594,0.000000
34,84,27,10594,6.447421
34,85,0,10594,0.000000
34,86,0,10594,0.000000
34,87,0,10594,0.000000
34,88,0,10594,0.000000
34,89,0,10594,0.000000
34,90,61,10594,17.812406
34,91,0,10594,0.000000
34,92,71,10594,12.297381
34,93,0,10594,0.000000
34,94,108,10594,28.281553
34,95,161,10594,30.603560
34,96,178,10594,27.489541
34,97,0,10594,0.000000
34,98,0,10594,0.000000
34,99,0,10594,0.000000
34,100,67,10594,16.478042
34,101,329,10594,42.931307
34,102,0,10594,0.000000
34,103,133,10594,31.823715
34,104,0,10594,0.000000
34,105,154,10594,35.289749
34,106,83,10594,18.187667
34,107,19,10594,2.766648
34,108,109,10594,30.887147
34,109,0,10594,0.000000
34,110,395,10594,96.290371
34,111,163,10594,40.601128
34,112,210,10594,41.581358
34,113,0,10594,0.000000
34,114,0,10594,0.000000
34,115,447,10594,95.745311
34,116,32,10594,9.082121
34,117,67,10594,14.353130
34,118,0,10594,0.000000
34,119,117,10594,31.801289
34,120,8,10594,0.712984
34,121,0,10594,0.000000
34,122,183,10594,23.980981
34,123,646,10594,185.143321
34,124,106,10594,16.561594
34,125,199,10594,44.898689
34,126,0,10594,0.000000
34,127,145,10594,43.738051
34,128,32,10594,6.425045
34,129,230,10594,48.803266
34,130,0,10594,0.000000
34,131,73,10594,12.723718
34,132,0,10594,0.000000
34,133,0,10594,0.000000
34,134,406,10594,91.150025
34,135,0,10594,0.000000
34,136,0,10594,0.000000
34,137,48,10594,9.106287
34,138,191,10594,56.312636
34,139,0,10594,0.000000
34,140,65,10594,14.237851
34,141,108,10594,17.747848
34,142,0,10594,0.000000
34,143,0,10594,0.000000
34,144,0,10594,0.000000
34,145,0,10594,0.000000
34,146,213,10594,76.730981
34,147,84,10594,18.506734
34,148,1052,10594,209.153920
34,149,143,10594,34.523795
34,150,0,10594,0.000000
34,151,0,10594,0.000000
34,152,42,10594,12.653917
34,153,0,10594,0.000000
34,154,341,10594,78.744933
34,155,241,10594,48.881552
34,156,0,10594,0.000000
34,157,0,10594,0.000000
34,158,118,10594,32.303281
34,159,60,10594,11.401556
34,160,0,10594,0.000000
34,161,0,10594,0.000000
34,162,2609,10594,588.245423
34,163,0,10594,0.000000
34,164,304,10594,62.065993
34,165,0,10594,0.000000
34,166,62,10594,3.693725
34,167,300,10594,50.449274
34,168,0,10594,0.000000
34,169,0,10594,0.000000
34,170,222,10594,34.764435
34,171,166,10594,28.301969
34,172,36,10594,7.452612
34,173,218,10594,34.278376
34,174,0,10594,0.000000
34,175,0,10594,0.000000
34,176,0,10594,0.000000
34,177,202,10594,45.519201
34,178,23,10594,5.602765
34,179,118,10594,26.878627
34,180,155,10594,12.581471
34,181,0,10594,0.000000
34,182,0,10594,0.000000
34,183,616,10594,113.712618
34,184,0,10594,0.000000
34,185,61,10594,16.920015
34,186,116,10594,24.407641
34,187,89,10594,19.597821
34,188,218,10594,43.608700
34,189,0,10594,0.000000
34,190,0,10594,0.000000
34,191,0,10594,0.000000
34,192,0,10594,0.000000
34,193,59,10594,16.269126
34,194,0,10594,0.000000
34,195,0,10594,0.000000
34,196,0,10594,0.000000
34,197,0,10594,0.000000
34,198,75,10594,18.124792
34,199,0,10594,0.000000
34,200,128,10594,20.785598
34,201,185,10594,67.542979
34,202,0,10594,0.000000
34,203,96,10594,23.516030
34,204,131,10594,31.189802
34,205,0,10594,0.000000
34,206,0,10594,0.000000
34,207,72,10594,11.547905
34,208,0,10594,0.000000
34,209,172,10594,36.078866
34,210,143,10594,28.787567
34,211,34,10594,7.851131
34,212,35,10594,6.243691
34,213,154,10594,29.656746
34,214,0,10594,0.000000
34,215,237,10594,37.642755
34,216,0,10594,0.000000
34,217,0,10594,0.000000
34,218,61,10594,20.239461
34,219,0,10594,0.000000
34,220,0,10594,0.000000
34,221,59,10594,20.535433
34,222,0,10594,0.000000
34,223,90,10594,26.142706
34,224,0,10594,0.000000
34,225,316,10594,56.454535
34,226,0,10594,0.000000
34,227,97,10594,21.875239
34,228,187,10594,55.630554
34,229,186,10594,29.723717
34,230,0,10594,0.000000
34,231,278,10594,46.445321
34,232,0,10594,0.000000
34,233,63,10594,10.004385
34,234,115,10594,21.333802
34,235,8136,10594,3236.554911
34,236,102,10594,20.307919
34,237,0,10594,0.000000
34,238,0,10594,0.000000
34,239,13,10594,4.045958
34,240,0,10594,0.000000
34,241,153,10594,39.685224
34,242,0,10594,0.000000
34,243,0,10594,0.000000
34,244,0,10594,0.000000
34,245,718,10594,199.385047
34,246,94,10594,19.490778
34,247,0,10594,0.000000
34,248,47,10594,12.769802
34,249,105,10594,23.820531
34,250,309,10594,51.393038
34,251,0,10594,0.000000
34,252,88,10594,16.514842
34,253,68,10594,16.188258
34,254,0,10594,0.000000
34,255,0,10594,0.000000
34,256,0,10594,0.000000
34,257,0,10594,0.000000
34,258,4075,10594,1104.385385
34,259,113,10594,14.896911
34,260,0,10594,0.000000
34,261,616,10594,108.970024
34,262,113,10594,20.603284
34,263,24,10594,3.825094
34,264,194,10594,43.334110
34,265,186,10594,43.294354
34,266,0,10594,0.000000
34,267,0,10594,0.000000
34,268,185,10594,125.181602
34,269,325,10594,76.212288
34,270,8,10594,1.093243
34,271,63,10594,12.434041
34,272,0,10594,0.000000
34,273,0,10594,0.000000
34,274,0,10594,0.000000
34,275,530,10594,100.267135
34,276,79,10594,11.680470
34,277,40,10594,8.854922
34,278,129,10594,17.875110
34,279,0,10594,0.000000
34,280,1461,10594,464.258476
34,281,49,10594,12.546457
34,282,0,10594,0.000000
34,283,0,10594,0.000000
34,284,123,10594,34.493977
34,285,0,10594,0.000000
34,286,318,10594,82.326362
34,287,3059,10594,696.683835
34,288,164,10594,29.055429
34,289,0,10594,0.000000
34,290,223,10594,53.857277
34,291,108,10594,18.839768
34,292,0,10594,0.000000
34,293,139,10594,30.751357
34,294,119,10594,24.871215
34,295,0,10594,0.000000
34,296,115,10594,18.003030
34,297,132,10594,31.067825
34,298,78,10594,12.045292
34,299,155,10594,32.817953
34,300,0,10594,0.000000
34,301,0,10594,0.000000
34,302,0,10594,0.000000
34,303,0,10594,0.000000
34,304,0,10594,0.000000
34,305,0,10594,0.000000
34,306,35,10594,10.850711
34,307,492,10594,88.637968
34,308,0,10594,0.000000
34,309,42,10594,12.199798
34,310,0,10594,0.000000
34,311,0,10594,0.000000
34,312,0,10594,0.000000
34,313,0,10594,0.000000
34,314,0,10594,0.000000
34,315,0,10594,0.000000
34,316,256,10594,35.042348
34,317,569,10594,120.516418
34,318,400,10594,85.163315
34,319,987,10594,201.292489
34,320,0,10594,0.000000
34,321,116,10594,21.020445
34,322,0,10594,0.000000
34,323,38,10594,7.809624
34,324,141,10594,38.268852
34,325,199,10594,39.796678
34,326,0,10594,0.000000
34,327,0,10594,0.000000
34,328,93,10594,23.584626
34,329,62,10594,12.343662
34,330,87,10594,19.976499
34,331,0,10594,0.000000
34,332,218,10594,54.298581
34,333,337,10594,79.789076
34,334,0,10594,0.000000
34,335,142,10594,40.635127
34,336,0,10594,0.000000
34,337,0,10594,0.000000
34,338,0,10594,0.000000
34,339,0,10594,0.000000
34,340,0,10594,0.000000
34,341,55,10594,8.652323
34,342,238,10594,53.111437
34,343,26,10594,3.199134
34,344,235,10594,213.831797
34,345,135,10594,20.155831
34,346,0,10594,0.000000
34,347,0,10594,0.000000
34,348,452,10594,85.585601
34,349,0,10594,0.000000
34,350,0,10594,0.000000
34,351,223,10594,31.274794
34,352,0,10594,0.000000
34,353,0,10594,0.000000
34,354,0,10594,0.000000
34,355,212,10594,36.496424
34,356,98,10594,20.835951
34,357,176,10594,32.029074
34,358,68,10594,11.159543
34,359,13,10594,2.681704
34,360,0,10594,0.000000
34,361,0,10594,0.000000
34,362,0,10594,0.000000
34,363,0,10594,0.000000
34,364,0,10594,0.000000
34,365,0,10594,0.000000
34,366,101,10594,21.018766
34,367,0,10594,0.000000
34,368,743,10594,182.609802
34,369,155,10594,35.194408
34,370,300,10594,69.244751
34,371,0,10594,0.000000
34,372,0,10594,0.000000
34,373,243,10594,48.475949
34,374,111,10594,23.772665
34,375,0,10594,0.000000
34,376,193,10594,41.610231
34,377,0,10594,0.000000
34,378,0,10594,0.000000
34,379,277,10594,65.557199
34,380,61,10594,15.301476
34,381,56,10594,17.514168
34,382,0,10594,0.000000
34,383,0,10594,0.000000
35,0,0,10594,0.000000
35,1,0,10594,0.000000
35,2,0,10594,0.000000
35,3,0,10594,0.000000
35,4,1655,10594,467.439763
35,5,0,10594,0.000000
35,6,0,10594,0.000000
35,7,0,10594,0.000000
35,8,0,10594,0.000000
35,9,121,10594,32.350363
35,10,0,10594,0.000000
35,11,145,10594,23.409484
35,12,0,10594,0.000000
35,13,319,10594,64.118803
35,14,0,10594,0.000000
35,15,0,10594,0.000000
35,16,88,10594,15.734840
35,17,270,10594,28.480279
35,18,208,10594,38.248566
35,19,132,10594,53.981743
35,20,86,10594,17.285663
35,21,0,10594,0.000000
35,22,0,10594,0.000000
35,23,0,10594,0.000000
35,24,275,10594,64.248357
35,25,209,10594,42.511109
35,26,20,10594,4.659351
35,27,0,10594,0.000000
35,28,120,10594,17.113302
35,29,0,10594,0.000000
35,30,227,10594,31.490754
35,31,0,10594,0.000000
35,32,0,10594,0.000000
35,33,160,10594,35.321439
35,34,103,10594,21.247799
35,35,0,10594,0.000000
35,36,77,10594,22.190046
35,37,0,10594,0.000000
35,38,186,10594,45.251241
35,39,0,10594,0.000000
35,40,797,10594,145.207771
35,41,46,10594,7.051534
35,42,253,10594,56.943056
35,43,0,10594,0.000000
35,44,151,10594,35.512066
35,45,0,10594,0.000000
35,46,124,10594,27.954740
35,47,21,10594,6.479075
35,48,0,10594,0.000000
35,49,187,10594,41.988039
35,50,0,10594,0.000000
35,51,172,10594,36.571297
35,52,294,10594,61.450396
35,53,0,10594,0.000000
35,54,0,10594,0.000000
35,55,0,10594,0.000000
35,56,0,10594,0.000000
35,57,0,10594,0.000000
35,58,111,10594,32.130935
35,59,302,10594,74.736542
35,60,0,10594,0.000000
35,61,7470,10594,2785.963438
35,62,0,10594,0.000000
35,63,79,10594,18.810938
35,64,177,10594,55.153748
35,65,0,10594,0.000000
35,66,0,10594,0.000000
35,67,0,10594,0.000000
35,68,0,10594,0.000000
35,69,0,10594,0.000000
35,70,3573,10594,786.979968
35,71,0,10594,0.000000
35,72,50,10594,9.948978
35,73,119,10594,29.321664
35,74,22,10594,3.140399
35,75,330,10594,85.251593
35,76,0,10594,0.000000
35,77,0,10594,0.000000
35,78,0,10594,0.000000
35,79,566,10594,141.638307
35,80,297,10594,74.309085
35,81,0,10594,0.000000
35,82,0,10594,0.000000
35,83,0,10594,0.000000
35,84,268,10594,58.045599
35,85,0,10594,0.000000
35,86,18,10594,4.717513
35,87,0,10594,0.000000
35,88,254,10594,58.526487
35,89,4518,10594,907.836647
35,90,0,10594,0.000000
35,91,55,10594,11.797712
35,92,0,10594,0.000000
35,93,335,10594,74.927710
35,94,0,10594,0.000000
35,95,0,10594,0.000000
35,96,0,10594,0.000000
35,97,0,10594,0.000000
35,98,211,10594,44.481842
35,99,0,10594,0.000000
35,100,78,10594,19.178062
35,101,0,10594,0.000000
35,102,70,10594,20.437927
35,103,511,10594,88.619215
35,104,239,10594,63.783565
35,105,0,10594,0.000000
35,106,31,10594,7.782079
35,107,0,10594,0.000000
35,108,0,10594,0.000000
35,109,0,10594,0.000000
35,110,183,10594,38.249591
35,111,0,10594,0.000000
35,112,157,10594,38.710148
35,113,0,10594,0.000000
35,114,120,10594,24.075934
35,115,391,10594,70.972752
35,116,342,10594,85.467694
35,117,132,10594,24.531251
35,118,80,10594,20.760835
35,119,91,10594,21.580889
35,120,67,10594,11.094778
35,121,107,10594,24.712274
35,122,0,10594,0.000000
35,123,0,10594,0.000000
35,124,160,10594,39.895858
35,125,0,10594,0.000000
35,126,0,10594,0.000000
35,127,216,10594,59.741176
35,128,0,10594,0.000000
35,129,0,10594,0.000000
35,130,0,10594,0.000000
35,131,0,10594,0.000000
35,132,0,10594,0.000000
35,133,145,10594,27.902061
35,134,0,10594,0.000000
35,135,0,10594,0.000000
35,136,159,10594,35.878557
35,137,0,10594,0.000000
35,138,0,10594,0.000000
35,139,236,10594,42.801326
35,140,0,10594,0.000000
35,141,91,10594,23.103075
35,142,0,10594,0.000000
35,143,0,10594,0.000000
35,144,146,10594,34.615681
35,145,66,10594,15.483185
35,146,0,10594,0.000000
35,147,0,10594,0.000000
35,148,0,10594,0.000000
35,149,38,10594,8.900177
35,150,0,10594,0.000000
35,151,0,10594,0.000000
35,152,99,10594,27.723675
35,153,265,10594,51.078106
35,154,33,10594,7.084221
35,155,35,10594,7.437375
35,156,0,10594,0.000000
35,157,101,10594,22.820442
35,158,96,10594,17.167405
35,159,200,10594,28.593794
35,160,224,10594,32.510147
35,161,45,10594,9.041566
35,162,365,10594,62.340564
35,163,0,10594,0.000000
35,164,156,10594,32.789264
35,165,193,10594,65.080886
35,166,270,10594,60.943594
35,167,0,10594,0.000000
35,168,0,10594,0.000000
35,169,197,10594,25.659332
35,170,0,10594,0.000000
35,171,102,10594,21.372050
35,172,96,10594,25.065395
35,173,0,10594,0.000000
35,174,73,10594,13.722730
35,175,0,10594,0.000000
35,176,0,10594,0.000000
35,177,48,10594,14.431985
35,178,51,10594,9.843242
35,179,0,10594,0.000000
35,180,120,10594,19.131156
35,181,0,10594,0.000000
35,182,263,10594,71.538519
35,183,0,10594,0.000000
35,184,0,10594,0.000000
35,185,0,10594,0.000000
35,186,87,10594,13.904852
35,187,354,10594,65.671667
35,188,0,10594,0.000000
35,189,0,10594,0.000000
35,190,0,10594,0.000000
35,191,221,10594,43.661227
35,192,0,10594,0.000000
35,193,243,10594,50.548650
35,194,0,10594,0.000000
35,195,269,10594,65.955835
35,196,0,10594,0.000000
35,197,0,10594,0.000000
35,198,32,10594,9.637760
35,199,314,10594,96.031697
35,200,44,10594,11.518543
35,201,14,10594,2.413671
35,202,0,10594,0.000000
35,203,188,10594,40.159841
35,204,0,10594,0.000000
35,205,0,10594,0.000000
35,206,11,10594,2.517193
35,207,263,10594,54.398742
35,208,0,10594,0.000000
35,209,128,10594,26.742957
35,210,0,10594,0.000000
35,211,0,10594,0.000000
35,212,0,10594,0.000000
35,213,0,10594,0.000000
35,214,0,10594,0.000000
35,215,1105,10594,288.497828
35,216,0,10594,0.000000
35,217,0,10594,0.000000
35,218,173,10594,43.730462
35,219,0,10594,0.000000
35,220,0,10594,0.000000
35,221,0,10594,0.000000
35,222,0,10594,0.000000
35,223,0,10594,0.000000
35,224,57,10594,10.889163
35,225,0,10594,0.000000
35,226,0,10594,0.000000
35,227,272,10594,45.356975
35,228,0,10594,0.000000
35,229,94,10594,15.187265
35,230,102,10594,12.863669
35,231,0,10594,0.000000
35,232,175,10594,45.865106
35,233,190,10594,46.839725
35,234,152,10594,48.868249
35,235,822,10594,127.795872
35,236,0,10594,0.000000
35,237,6900,10594,2375.779869
35,238,0,10594,0.000000
35,239,0,10594,0.000000
35,240,152,10594,35.089801
35,241,0,10594,0.000000
35,242,237,10594,50.739875
35,243,81,10594,16.086751
35,244,151,10594,40.186234
35,245,0,10594,0.000000
35,246,111,10594,33.822462
35,247,156,10594,27.050867
35,248,311,10594,83.470364
35,249,0,10594,0.000000
35,250,115,10594,26.863229
35,251,361,10594,88.551925
35,252,400,10594,96.594616
35,253,0,10594,0.000000
35,254,107,10594,24.121666
35,255,48,10594,10.540510
35,256,0,10594,0.000000
35,257,0,10594,0.000000
35,258,120,10594,27.606050
35,259,461,10594,82.210787
35,260,0,10594,0.000000
35,261,0,10594,0.000000
35,262,126,10594,18.925558
35,263,0,10594,0.000000
35,264,0,10594,0.000000
35,265,0,10594,0.000000
35,266,211,10594,50.884937
35,267,54,10594,13.449063
35,268,0,10594,0.000000
35,269,0,10594,0.000000
35,270,135,10594,19.800425
35,271,89,10594,27.792100
35,272,0,10594,0.000000
35,273,0,10594,0.000000
35,274,154,10594,21.681069
35,275,53,10594,8.967741
35,276,0,10594,0.000000
35,277,140,10594,21.629132
35,278,0,10594,0.000000
35,279,40,10594,8.331281
35,280,1,10594,0.157491
35,281,22,10594,6.404989
35,282,0,10594,0.000000
35,283,0,10594,0.000000
35,284,48,10594,7.851448
35,285,445,10594,78.709575
35,286,312,10594,77.756669
35,287,156,10594,32.744201
35,288,0,10594,0.000000
35,289,54,10594,13.482904
35,290,0,10594,0.000000
35,291,0,10594,0.000000
35,292,1418,10594,264.248224
35,293,88,10594,33.940621
35,294,0,10594,0.000000
35,295,98,10594,19.068760
35,296,101,10594,25.347161
35,297,0,10594,0.000000
35,298,0,10594,0.000000
35,299,0,10594,0.000000
35,300,50,10594,17.147249
35,301,0,10594,0.000000
35,302,0,10594,0.000000
35,303,76,10594,17.830775
35,304,129,10594,35.667783
35,305,55,10594,9.038104
35,306,1903,10594,379.234039
35,307,59,10594,10.190144
35,308,0,10594,0.000000
35,309,139,10594,25.251670
35,310,137,10594,29.149463
35,311,201,10594,32.440798
35,312,88,10594,25.607415
35,313,165,10594,41.965811
35,314,0,10594,0.000000
35,315,149,10594,29.316728
35,316,295,10594,173.035627
35,317,142,10594,30.376641
35,318,201,10594,40.580245
35,319,30,10594,5.416477
35,320,0,10594,0.000000
35,321,158,10594,35.838062
35,322,77,10594,18.069728
35,323,0,10594,0.000000
35,324,189,10594,48.512303
35,325,0,10594,0.000000
35,326,258,10594,49.474012
35,327,0,10594,0.000000
35,328,0,10594,0.000000
35,329,0,10594,0.000000
35,330,123,10594,24.603184
35,331,0,10594,0.000000
35,332,254,10594,61.364213
35,333,288,10594,43.021231
35,334,82,10594,14.651817
35,335,1278,10594,266.775273
35,336,142,10594,33.294862
35,337,22,10594,5.110803
35,338,94,10594,23.819824
35,339,169,10594,33.266656
35,340,110,10594,25.383172
35,341,31,10594,9.646265
35,342,0,10594,0.000000
35,343,0,10594,0.000000
35,344,223,10594,46.981501
35,345,0,10594,0.000000
35,346,105,10594,14.598463
35,347,61,10594,10.807216
35,348,36,10594,10.631221
35,349,5,10594,0.727649
35,350,83,10594,25.058630
35,351,0,10594,0.000000
35,352,89,10594,20.658620
35,353,180,10594,43.880951
35,354,46,10594,12.693059
35,355,309,10594,55.456188
35,356,468,10594,82.900146
35,357,0,10594,0.000000
35,358,0,10594,0.000000
35,359,82,10594,15.820014
35,360,37,10594,8.324688
35,361,0,10594,0.000000
35,362,0,10594,0.000000
35,363,0,10594,0.000000
35,364,192,10594,39.671025
35,365,768,10594,138.547293
35,366,0,10594,0.000000
35,367,0,10594,0.000000
35,368,160,10594,51.266559
35,369,229,10594,33.043783
35,370,235,10594,49.290187
35,371,0,10594,0.000000
35,372,0,10594,0.000000
35,373,0,10594,0.000000
35,374,22,10594,3.294539
35,375,0,10594,0.000000
35,376,0,10594,0.000000
35,377,302,10594,59.960707
35,378,1262,10594,316.202703
35,379,103,10594,17.094658
35,380,0,10594,0.000000
35,381,440,10594,91.634978
35,382,178,10594,32.816054
35,383,0,10594,0.000000
36,0,0,10594,0.000000
36,1,2357,10594,492.067637
36,2,0,10594,0.000000
36,3,324,10594,77.798852
36,4,93,10594,28.820874
36,5,0,10594,0.000000
36,6,0,10594,0.000000
36,7,120,10594,46.542994
36,8,161,10594,51.672626
36,9,554,10594,126.303177
36,10,0,10594,0.000000
36,11,0,10594,0.000000
36,12,265,10594,74.635464
36,13,268,10594,73.470560
36,14,0,10594,0.000000
36,15,77,10594,16.119242
36,16,155,10594,37.392949
36,17,188,10594,47.919245
36,18,0,10594,0.000000
36,19,0,10594,0.000000
36,20,0,10594,0.000000
36,21,70,10594,13.518762
36,22,251,10594,47.182301
36,23,0,10594,0.000000
36,24,132,10594,31.153598
36,25,79,10594,25.282672
36,26,37,10594,12.494724
36,27,475,10594,127.629949
36,28,437,10594,100.179723
36,29,221,10594,35.928313
36,30,0,10594,0.000000
36,31,0,10594,0.000000
36,32,0,10594,0.000000
36,33,0,10594,0.000000
36,34,0,10594,0.000000
36,35,0,10594,0.000000
36,36,159,10594,43.201193
36,37,65,10594,14.379510
36,38,0,10594,0.000000
36,39,0,10594,0.000000
36,40,0,10594,0.000000
36,41,136,10594,40.883208
36,42,177,10594,27.017209
36,43,226,10594,63.101532
36,44,0,10594,0.000000
36,45,49,10594,9.793203
36,46,0,10594,0.000000
36,47,157,10594,43.156164
36,48,0,10594,0.000000
36,49,0,10594,0.000000
36,50,211,10594,48.752064
36,51,157,10594,28.121577
36,52,610,10594,148.181028
36,53,0,10594,0.000000
36,54,0,10594,0.000000
36,55,61,10594,12.531524
36,56,70,10594,11.356147
36,57,252,10594,74.333949
36,58,34,10594,5.994908
36,59,91,10594,17.512934
36,60,21,10594,6.773824
36,61,0,10594,0.000000
36,62,0,10594,0.000000
36,63,170,10594,49.440652
36,64,105,10594,16.660140
36,65,186,10594,49.077813
36,66,0,10594,0.000000
36,67,111,10594,30.662427
36,68,0,10594,0.000000
36,69,230,10594,44.966055
36,70,0,10594,0.000000
36,71,766,10594,161.265645
36,72,214,10594,55.831112
36,73,137,10594,31.912036
36,74,0,10594,0.000000
36,75,0,10594,0.000000
36,76,83,10594,12.655030
36,77,5,10594,0.660730
36,78,77,10594,10.961009
36,79,0,10594,0.000000
36,80,663,10594,168.737287
36,81,0,10594,0.000000
36,82,87,10594,15.199753
36,83,0,10594,0.000000
36,84,375,10594,91.998643
36,85,72,10594,30.868579
36,86,0,10594,0.000000
36,87,0,10594,0.000000
36,88,0,10594,0.000000
36,89,0,10594,0.000000
36,90,0,10594,0.000000
36,91,175,10594,27.152444
36,92,0,10594,0.000000
36,93,261,10594,40.182380
36,94,0,10594,0.000000
36,95,875,10594,260.199642
36,96,0,10594,0.000000
36,97,0,10594,0.000000
36,98,213,10594,53.744430
36,99,54,10594,13.704726
36,100,211,10594,49.922155
36,101,123,10594,24.396010
36,102,71,10594,12.357122
36,103,252,10594,57.102690
36,104,0,10594,0.000000
36,105,0,10594,0.000000
36,106,0,10594,0.000000
36,107,0,10594,0.000000
36,108,0,10594,0.000000
36,109,0,10594,0.000000
36,110,0,10594,0.000000
36,111,457,10594,45.435099
36,112,0,10594,0.000000
36,113,0,10594,0.000000
36,114,418,10594,65.978667
36,115,0,10594,0.000000
36,116,0,10594,0.000000
36,117,0,10594,0.000000
36,118,83,10594,14.402587
36,119,0,10594,0.000000
36,120,0,10594,0.000000
36,121,306,10594,51.656768
36,122,0,10594,0.000000
36,123,280,10594,68.939091
36,124,0,10594,0.000000
36,125,0,10594,0.000000
36,126,1217,10594,232.549511
36,127,47,10594,8.780598
36,128,0,10594,0.000000
36,129,0,10594,0.000000
36,130,157,10594,52.607284
36,131,0,10594,0.000000
36,132,0,10594,0.000000
36,133,285,10594,59.743055
36,134,80,10594,16.676021
36,135,109,10594,17.173481
36,136,0,10594,0.000000
36,137,0,10594,0.000000
36,138,195,10594,60.639068
36,139,13,10594,3.075202
36,140,5813,10594,1552.732875
36,141,0,10594,0.000000
36,142,149,10594,37.080312
36,143,0,10594,0.000000
36,144,0,10594,0.000000
36,145,0,10594,0.000000
36,146,58,10594,10.696537
36,147,0,10594,0.000000
36,148,0,10594,0.000000
36,149,0,10594,0.000000
36,150,115,10594,29.181934
36,151,0,10594,0.000000
36,152,54,10594,16.103054
36,153,0,10594,0.000000
36,154,0,10594,0.000000
36,155,0,10594,0.000000
36,156,0,10594,0.000000
36,157,152,10594,30.647962
36,158,8608,10594,3107.163267
36,159,16,10594,5.276245
36,160,253,10594,49.761718
36,161,0,10594,0.000000
36,162,0,10594,0.000000
36,163,201,10594,53.854329
36,164,112,10594,26.558296
36,165,57,10594,15.917051
36,166,63,10594,18.410724
36,167,344,10594,100.615853
36,168,0,10594,0.000000
36,169,106,10594,25.085147
36,170,0,10594,0.000000
36,171,251,10594,41.508556
36,172,156,10594,30.574390
36,173,176,10594,33.713118
36,174,337,10594,66.900338
36,175,0,10594,0.000000
36,176,0,10594,0.000000
36,177,0,10594,0.000000
36,178,0,10594,0.000000
36,179,148,10594,42.970827
36,180,300,10594,67.386634
36,181,0,10594,0.000000
36,182,74,10594,18.151316
36,183,179,10594,30.388094
36,184,0,10594,0.000000
36,185,0,10594,0.000000
36,186,179,10594,2.938463
36,187,54,10594,16.128957
36,188,0,10594,0.000000
36,189,0,10594,0.000000
36,190,140,10594,24.962757
36,191,31,10594,4.501588
36,192,155,10594,32.031120
36,193,0,10594,0.000000
36,194,41,10594,10.691431
36,195,161,10594,43.108245
36,196,193,10594,36.914977
36,197,78,10594,13.792856
36,198,0,10594,0.000000
36,199,118,10594,25.133679
36,200,0,10594,0.000000
36,201,68,10594,7.067574
36,202,122,10594,39.998571
36,203,0,10594,0.000000
36,204,273,10594,55.752714
36,205,0,10594,0.000000
36,206,0,10594,0.000000
36,207,0,10594,0.000000
36,208,37,10594,9.519859
36,209,0,10594,0.000000
36,210,85,10594,24.933110
36,211,0,10594,0.000000
36,212,330,10594,92.670562
36,213,73,10594,21.517704
36,214,1516,10594,210.642541
36,215,219,10594,13.979621
36,216,0,10594,0.000000
36,217,0,10594,0.000000
36,218,0,10594,0.000000
36,219,130,10594,25.769181
36,220,337,10594,91.010552
36,221,225,10594,5.664057
36,222,0,10594,0.000000
36,223,164,10594,47.244809
36,224,0,10594,0.000000
36,225,0,10594,0.000000
36,226,962,10594,175.301201
36,227,103,10594,16.719661
36,228,0,10594,0.000000
36,229,148,10594,38.726129
36,230,0,10594,0.000000
36,231,268,10594,48.046926
36,232,108,10594,26.837080
36,233,355,10594,110.521647
36,234,174,10594,40.577056
36,235,0,10594,0.000000
36,236,91,10594,16.496391
36,237,0,10594,0.000000
36,238,401,10594,101.819215
36,239,43,10594,10.884986
36,240,0,10594,0.000000
36,241,0,10594,0.000000
36,242,109,10594,24.319722
36,243,0,10594,0.000000
36,244,163,10594,52.093542
36,245,0,10594,0.000000
36,246,0,10594,0.000000
36,247,0,10594,0.000000
36,248,105,10594,27.884844
36,249,0,10594,0.000000
36,250,0,10594,0.000000
36,251,0,10594,0.000000
36,252,267,10594,62.635281
36,253,218,10594,34.379906
36,254,0,10594,0.000000
36,255,23,10594,4.880740
36,256,0,10594,0.000000
36,257,1,10594,0.258467
36,258,137,10594,32.168047
36,259,0,10594,0.000000
36,260,20,10594,2.771201
36,261,60,10594,13.332085
36,262,367,10594,109.540276
36,263,0,10594,0.000000
36,264,127,10594,22.599123
36,265,95,10594,24.935478
36,266,46,10594,9.839096
36,267,0,10594,0.000000
36,268,102,10594,23.210610
36,269,0,10594,0.000000
36,270,0,10594,0.000000
36,271,41,10594,9.378741
36,272,136,10594,39.954770
36,273,52,10594,10.101096
36,274,0,10594,0.000000
36,275,0,10594,0.000000
36,276,0,10594,0.000000
36,277,62,10594,16.813869
36,278,0,10594,0.000000
36,279,184,10594,45.637203
36,280,0,10594,0.000000
36,281,158,10594,34.866236
36,282,0,10594,0.000000
36,283,0,10594,0.000000
36,284,278,10594,43.292004
36,285,0,10594,0.000000
36,286,162,10594,27.496442
36,287,30,10594,5.847115
36,288,208,10594,33.346888
36,289,76,10594,18.374632
36,290,0,10594,0.000000
36,291,59,10594,15.232088
36,292,62,10594,13.709380
36,293,106,10594,21.756995
36,294,0,10594,0.000000
36,295,0,10594,0.000000
36,296,176,10594,25.568767
36,297,0,10594,0.000000
36,298,49,10594,7.587645
36,299,164,10594,45.530925
36,300,1332,10594,337.831692
36,301,909,10594,172.596083
36,302,530,10594,102.375111
36,303,0,10594,0.000000
36,304,80,10594,13.720383
36,305,137,10594,23.529533
36,306,79,10594,19.379843
36,307,52,10594,16.825689
36,308,12,10594,3.191792
36,309,0,10594,0.000000
36,310,178,10594,34.653510
36,311,0,10594,0.000000
36,312,0,10594,0.000000
36,313,403,10594,93.424618
36,314,124,10594,27.546946
36,315,408,10594,98.103643
36,316,0,10594,0.000000
36,317,183,10594,42.254627
36,318,89,10594,14.158500
36,319,0,10594,0.000000
36,320,0,10594,0.000000
36,321,0,10594,0.000000
36,322,390,10594,79.225591
36,323,54,10594,9.177684
36,324,74,10594,22.963835
36,325,115,10594,26.744436
36,326,4146,10594,983.864903
36,327,163,10594,29.707112
36,328,0,10594,0.000000
36,329,60,10594,7.848533
36,330,0,10594,0.000000
36,331,0,10594,0.000000
36,332,38,10594,5.269617
36,333,122,10594,29.672683
36,334,158,10594,34.575803
36,335,0,10594,0.000000
36,336,266,10594,25.312217
36,337,40,10594,7.833175
36,338,0,10594,0.000000
36,339,242,10594,54.514933
36,340,0,10594,0.000000
36,341,0,10594,0.000000
36,342,62,10594,9.377444
36,343,116,10594,26.657268
36,344,0,10594,0.000000
36,345,14,10594,2.527264
36,346,96,10594,38.249467
36,347,0,10594,0.000000
36,348,115,10594,27.502501
36,349,60,10594,9.268570
36,350,66,10594,16.776339
36,351,2557,10594,737.444102
36,352,171,10594,22.846275
36,353,847,10594,177.048757
36,354,184,10594,30.507458
36,355,124,10594,30.821471
36,356,44,10594,11.203833
36,357,0,10594,0.000000
36,358,0,10594,0.000000
36,359,314,10594,57.123766
36,360,0,10594,0.000000
36,361,125,10594,25.665325
36,362,241,10594,51.664437
36,363,187,10594,33.873427
36,364,0,10594,0.000000
36,365,0,10594,0.000000
36,366,113,10594,24.046518
36,367,0,10594,0.000000
36,368,0,10594,0.000000
36,369,183,10594,51.088472
36,370,192,10594,287.765611
36,371,31,10594,7.063466
36,372,138,10594,36.410810
36,373,37,10594,6.653410
36,374,33,10594,6.432706
36,375,0,10594,0.000000
36,376,0,10594,0.000000
36,377,0,10594,0.000000
36,378,67,10594,15.368559
36,379,0,10594,0.000000
36,380,26,10594,6.523735
36,381,54,10594,8.366452
36,382,133,10594,35.974518
36,383,0,10594,0.000000
37,0,129,10594,25.586225
37,1,0,10594,0.000000
37,2,7,10594,0.826399
37,3,465,10594,89.114038
37,4,150,10594,19.458073
37,5,80,10594,18.837476
37,6,262,10594,50.254700
37,7,0,10594,0.000000
37,8,82,10594,26.437439
37,9,0,10594,0.000000
37,10,92,10594,22.738081
37,11,0,10594,0.000000
37,12,790,10594,171.191623
37,13,158,10594,30.065881
37,14,94,10594,19.386809
37,15,56,10594,10.812571
37,16,45,10594,14.394447
37,17,0,10594,0.000000
37,18,41,10594,7.604850
37,19,1470,10594,301.454845
37,20,91,10594,22.284375
37,21,0,10594,0.000000
37,22,126,10594,20.680973
37,23,100,10594,32.715133
37,24,0,10594,0.000000
37,25,0,10594,0.000000
37,26,110,10594,28.938972
37,27,0,10594,0.000000
37,28,70,10594,17.096104
37,29,0,10594,0.000000
37,30,75,10594,21.395394
37,31,0,10594,0.000000
37,32,109,10594,28.491815
37,33,197,10594,30.169918
37,34,102,10594,24.938426
37,35,321,10594,54.826319
37,36,83,10594,17.592353
37,37,46,10594,13.024676
37,38,8426,10594,3047.362841
37,39,83,10594,17.648779
37,40,0,10594,0.000000
37,41,0,10594,0.000000
37,42,305,10594,24.062030
37,43,449,10594,109.053388
37,44,285,10594,45.691452
37,45,49,10594,8.051651
37,46,58,10594,21.616065
37,47,140,10594,18.400715
37,48,0,10594,0.000000
37,49,272,10594,37.628812
37,50,70,10594,10.102183
37,51,193,10594,24.732157
37,52,7,10594,1.212571
37,53,52,10594,15.232991
37,54,0,10594,0.000000
37,55,94,10594,22.761728
37,56,140,10594,28.483524
37,57,0,10594,0.000000
37,58,175,10594,44.745655
37,59,0,10594,0.000000
37,60,0,10594,0.000000
37,61,138,10594,23.782451
37,62,0,10594,0.000000
37,63,599,10594,137.336549
37,64,244,10594,35.265355
37,65,0,10594,0.000000
37,66,346,10594,73.284195
37,67,98,10594,17.792823
37,68,207,10594,60.969044
37,69,142,10594,24.820847
37,70,242,10594,38.441464
37,71,160,10594,36.438500
37,72,103,10594,16.678891
37,73,417,10594,74.136470
37,74,0,10594,0.000000
37,75,74,10594,9.103034
37,76,153,10594,18.848491
37,77,277,10594,51.633653
37,78,144,10594,56.992874
37,79,0,10594,0.000000
37,80,0,10594,0.000000
37,81,567,10594,94.344849
37,82,110,10594,22.955586
37,83,344,10594,104.727794
37,84,0,10594,0.000000
37,85,234,10594,43.934254
37,86,0,10594,0.000000
37,87,0,10594,0.000000
37,88,0,10594,0.000000
37,89,462,10594,123.483132
37,90,0,10594,0.000000
37,91,0,10594,0.000000
37,92,0,10594,0.000000
37,93,130,10594,31.614990
37,94,114,10594,23.432601
37,95,108,10594,25.102417
37,96,0,10594,0.000000
37,97,107,10594,21.619796
37,98,91,10594,19.541864
37,99,0,10594,0.000000
37,100,195,10594,47.509563
37,101,0,10594,0.000000
37,102,259,10594,56.751928
37,103,0,10594,0.000000
37,104,85,10594,11.490474
37,105,64,10594,23.804478
37,106,0,10594,0.000000
37,107,0,10594,0.000000
37,108,0,10594,0.000000
37,109,0,10594,0.000000
37,110,36,10594,5.897813
37,111,61,10594,16.153280
37,112,113,10594,27.848078
37,113,0,10594,0.000000
37,114,0,10594,0.000000
37,115,0,10594,0.000000
37,116,0,10594,0.000000
37,117,83,10594,11.065146
37,118,0,10594,0.000000
37,119,415,10594,56.319552
37,120,0,10594,0.000000
37,121,269,10594,69.986310
37,122,64,10594,9.467194
37,123,0,10594,0.000000
37,124,420,10594,139.306435
37,125,196,10594,24.443706
37,126,145,10594,30.891178
37,127,293,10594,308.017934
37,128,84,10594,24.986731
37,129,131,10594,24.205850
37,130,46,10594,6.297616
37,131,166,10594,26.356449
37,132,68,10594,10.285765
37,133,0,10594,0.000000
37,134,150,10594,19.263731
37,135,47,10594,11.016590
37,136,148,10594,36.891357
37,137,0,10594,0.000000
37,138,331,10594,44.115093
37,139,0,10594,0.000000
37,140,0,10594,0.000000
37,141,81,10594,27.963822
37,142,0,10594,0.000000
37,143,109,10594,13.855426
37,144,193,10594,47.488255
37,145,0,10594,0.000000
37,146,0,10594,0.000000
37,147,209,10594,36.525094
37,148,196,10594,37.178398
37,149,0,10594,0.000000
37,150,0,10594,0.000000
37,151,1032,10594,187.522712
37,152,0,10594,0.000000
37,153,0,10594,0.000000
37,154,0,10594,0.000000
37,155,0,10594,0.000000
37,156,54,10594,9.997504
37,157,148,10594,26.076677
37,158,0,10594,0.000000
37,159,0,10594,0.000000
37,160,307,10594,78.594962
37,161,0,10594,0.000000
37,162,72,10594,16.352270
37,163,85,10594,15.675877
37,164,0,10594,0.000000
37,165,0,10594,0.000000
37,166,1297,10594,150.757256
37,167,69,10594,12.632664
37,168,103,10594,16.651137
37,169,691,10594,140.588011
37,170,318,10594,75.645855
37,171,246,10594,86.045280
37,172,158,10594,25.589360
37,173,81,10594,9.112924
37,174,209,10594,50.569793
37,175,0,10594,0.000000
37,176,38,10594,12.125502
37,177,212,10594,34.072659
37,178,0,10594,0.000000
37,179,56,10594,7.370437
37,180,64,10594,11.680250
37,181,330,10594,52.839574
37,182,94,10594,26.613783
37,183,0,10594,0.000000
37,184,0,10594,0.000000
37,185,0,10594,0.000000
37,186,55,10594,9.462640
37,187,288,10594,57.110309
37,188,101,10594,12.690427
37,189,76,10594,14.721417
37,190,0,10594,0.000000
37,191,169,10594,33.277904
37,192,60,10594,10.309119
37,193,0,10594,0.000000
37,194,470,10594,117.858503
37,195,0,10594,0.000000
37,196,175,10594,34.085735
37,197,0,10594,0.000000
37,198,78,10594,17.933789
37,199,0,10594,0.000000
37,200,0,10594,0.000000
37,201,0,10594,0.000000
37,202,0,10594,0.000000
37,203,0,10594,0.000000
37,204,108,10594,16.336945
37,205,0,10594,0.000000
37,206,0,10594,0.000000
37,207,133,10594,20.544449
37,208,0,10594,0.000000
37,209,0,10594,0.000000
37,210,69,10594,9.145425
37,211,0,10594,0.000000
37,212,38,10594,8.080542
37,213,413,10594,78.447412
37,214,477,10594,70.636591
37,215,0,10594,0.000000
37,216,0,10594,0.000000
37,217,347,10594,48.798840
37,218,467,10594,83.209842
37,219,340,10594,63.021641
37,220,0,10594,0.000000
37,221,0,10594,0.000000
37,222,0,10594,0.000000
37,223,73,10594,14.620623
37,224,46,10594,12.971230
37,225,297,10594,43.201469
37,226,0,10594,0.000000
37,227,182,10594,26.771390
37,228,164,10594,34.137436
37,229,0,10594,0.000000
37,230,440,10594,78.161943
37,231,0,10594,0.000000
37,232,91,10594,18.253586
37,233,127,10594,33.694694
37,234,6647,10594,2571.239032
37,235,0,10594,0.000000
37,236,0,10594,0.000000
37,237,0,10594,0.000000
37,238,223,10594,56.723988
37,239,49,10594,11.377900
37,240,344,10594,59.473195
37,241,0,10594,0.000000
37,242,11,10594,1.497878
37,243,215,10594,52.741453
37,244,0,10594,0.000000
37,245,59,10594,23.511976
37,246,410,10594,86.094021
37,247,0,10594,0.000000
37,248,83,10594,19.614499
37,249,0,10594,0.000000
37,250,65,10594,17.898081
37,251,0,10594,0.000000
37,252,0,10594,0.000000
37,253,194,10594,22.504223
37,254,142,10594,26.724759
37,255,0,10594,0.000000
37,256,261,10594,69.050625
37,257,0,10594,0.000000
37,258,24,10594,5.377688
37,259,182,10594,55.783649
37,260,101,10594,25.085589
37,261,0,10594,0.000000
37,262,103,10594,20.862450
37,263,49,10594,8.679878
37,264,0,10594,0.000000
37,265,148,10594,32.473273
37,266,268,10594,60.532742
37,267,128,10594,36.417586
37,268,463,10594,114.545756
37,269,0,10594,0.000000
37,270,0,10594,0.000000
37,271,0,10594,0.000000
37,272,279,10594,66.074384
37,273,148,10594,38.037072
37,274,0,10594,0.000000
37,275,113,10594,25.653634
37,276,67,10594,11.362145
37,277,0,10594,0.000000
37,278,0,10594,0.000000
37,279,310,10594,41.593711
37,280,41,10594,13.801589
37,281,116,10594,13.149911
37,282,409,10594,80.954456
37,283,105,10594,20.443692
37,284,0,10594,0.000000
37,285,165,10594,70.058131
37,286,0,10594,0.000000
37,287,407,10594,91.344911
37,288,0,10594,0.000000
37,289,0,10594,0.000000
37,290,192,10594,3.423850
37,291,69,10594,11.191049
37,292,119,10594,17.947603
37,293,0,10594,0.000000
37,294,0,10594,0.000000
37,295,640,10594,167.227228
37,296,184,10594,37.309568
37,297,152,10594,24.017173
37,298,132,10594,24.002675
37,299,0,10594,0.000000
37,300,0,10594,0.000000
37,301,113,10594,35.444838
37,302,77,10594,19.420498
37,303,87,10594,19.397300
37,304,115,10594,16.451189
37,305,0,10594,0.000000
37,306,0,10594,0.000000
37,307,57,10594,15.422177
37,308,698,10594,130.998161
37,309,0,10594,0.000000
37,310,145,10594,25.021190
37,311,0,10594,0.000000
37,312,0,10594,0.000000
37,313,0,10594,0.000000
37,314,0,10594,0.000000
37,315,60,10594,9.083964
37,316,37,10594,6.193077
37,317,783,10594,234.446094
37,318,0,10594,0.000000
37,319,0,10594,0.000000
37,320,93,10594,11.875093
37,321,162,10594,33.836374
37,322,62,10594,29.141531
37,323,21,10594,2.661090
37,324,0,10594,0.000000
37,325,0,10594,0.000000
37,326,0,10594,0.000000
37,327,2,10594,0.255554
37,328,146,10594,20.336616
37,329,0,10594,0.000000
37,330,158,10594,28.752711
37,331,67,10594,12.001199
37,332,0,10594,0.000000
37,333,86,10594,33.047656
37,334,72,10594,13.811187
37,335,0,10594,0.000000
37,336,0,10594,0.000000
37,337,0,10594,0.000000
37,338,100,10594,35.514528
37,339,131,10594,21.755357
37,340,0,10594,0.000000
37,341,208,10594,46.470735
37,342,0,10594,0.000000
37,343,53,10594,15.670516
37,344,257,10594,15.582039
37,345,252,10594,31.831439
37,346,145,10594,24.590024
37,347,0,10594,0.000000
37,348,0,10594,0.000000
37,349,29,10594,6.896424
37,350,152,10594,22.768455
37,351,36,10594,6.113340
37,352,0,10594,0.000000
37,353,0,10594,0.000000
37,354,90,10594,22.799347
37,355,255,10594,84.614179
37,356,0,10594,0.000000
37,357,0,10594,0.000000
37,358,151,10594,33.129275
37,359,723,10594,194.279078
37,360,847,10594,102.422846
37,361,135,10594,25.887834
37,362,0,10594,0.000000
37,363,0,10594,0.000000
37,364,4000,10594,1039.175199
37,365,50,10594,10.220315
37,366,144,10594,26.589000
37,367,0,10594,0.000000
37,368,0,10594,0.000000
37,369,247,10594,43.160019
37,370,331,10594,36.437187
37,371,0,10594,0.000000
37,372,117,10594,15.295578
37,373,0,10594,0.000000
37,374,82,10594,14.946473
37,375,106,10594,26.962803
37,376,0,10594,0.000000
37,377,213,10594,55.694306
37,378,0,10594,0.000000
37,379,0,10594,0.000000
37,380,432,10594,83.077068
37,381,55,10594,12.948134
37,382,0,10594,0.000000
37,383,0,10594,0.000000
38,0,0,10594,0.000000
38,1,0,10594,0.000000
38,2,0,10594,0.000000
38,3,0,10594,0.000000
38,4,0,10594,0.000000
38,5,0,10594,0.000000
38,6,186,10594,50.661877
38,7,194,10594,29.898727
38,8,197,10594,20.601583
38,9,0,10594,0.000000
38,10,4711,10594,1700.760166
38,11,29,10594,5.300044
38,12,37,10594,6.292886
38,13,154,10594,31.732803
38,14,0,10594,0.000000
38,15,36,10594,7.731098
38,16,2656,10594,567.581784
38,17,130,10594,27.701050
38,18,0,10594,0.000000
38,19,247,10594,75.216661
38,20,212,10594,50.173102
38,21,663,10594,99.788737
38,22,0,10594,0.000000
38,23,201,10594,47.256499
38,24,180,10594,47.922008
38,25,119,10594,21.109819
38,26,80,10594,16.316283
38,27,0,10594,0.000000
38,28,78,10594,9.472611
38,29,48,10594,7.624676
38,30,122,10594,31.785326
38,31,79,10594,22.119038
38,32,0,10594,0.000000
38,33,154,10594,74.427038
38,34,0,10594,0.000000
38,35,287,10594,49.475103
38,36,0,10594,0.000000
38,37,17,10594,4.454846
38,38,0,10594,0.000000
38,39,0,10594,0.000000
38,40,114,10594,22.130720
38,41,118,10594,13.546503
38,42,0,10594,0.000000
38,43,233,10594,103.608699
38,44,0,10594,0.000000
38,45,0,10594,0.000000
38,46,0,10594,0.000000
38,47,0,10594,0.000000
38,48,99,10594,15.431561
38,49,0,10594,0.000000
38,50,155,10594,41.892191
38,51,84,10594,17.056659
38,52,0,10594,0.000000
38,53,0,10594,0.000000
38,54,59,10594,17.275049
38,55,289,10594,40.582291
38,56,0,10594,0.000000
38,57,137,10594,14.469091
38,58,144,10594,43.702597
38,59,146,10594,23.889310
38,60,0,10594,0.000000
38,61,0,10594,0.000000
38,62,0,10594,0.000000
38,63,154,10594,17.438746
38,64,109,10594,41.041668
38,65,0,10594,0.000000
38,66,0,10594,0.000000
38,67,357,10594,320.697412
38,68,65,10594,11.455451
38,69,83,10594,17.649366
38,70,94,10594,23.442221
38,71,152,10594,25.127511
38,72,0,10594,0.000000
38,73,458,10594,112.069893
38,74,0,10594,0.000000
38,75,187,10594,43.436608
38,76,0,10594,0.000000
38,77,0,10594,0.000000
38,78,0,10594,0.000000
38,79,294,10594,48.695253
38,80,79,10594,27.477454
38,81,0,10594,0.000000
38,82,0,10594,0.000000
38,83,99,10594,19.476721
38,84,0,10594,0.000000
38,85,1218,10594,281.797066
38,86,121,10594,27.045781
38,87,109,10594,22.224674
38,88,33,10594,6.179090
38,89,0,10594,0.000000
38,90,139,10594,33.290449
38,91,210,10594,66.881165
38,92,0,10594,0.000000
38,93,207,10594,28.656331
38,94,152,10594,40.428644
38,95,108,10594,23.795527
38,96,173,10594,49.701209
38,97,321,10594,46.608135
38,98,47,10594,5.647336
38,99,0,10594,0.000000
38,100,210,10594,0.504167
38,101,126,10594,23.090245
38,102,0,10594,0.000000
38,103,174,10594,43.624574
38,104,755,10594,193.434979
38,105,0,10594,0.000000
38,106,0,10594,0.000000
38,107,117,10594,24.050999
38,108,177,10594,32.047958
38,109,0,10594,0.000000
38,110,0,10594,0.000000
38,111,0,10594,0.000000
38,112,163,10594,21.406743
38,113,0,10594,0.000000
38,114,0,10594,0.000000
38,115,137,10594,15.967232
38,116,193,10594,23.573951
38,117,303,10594,58.499563
38,118,8361,10594,3589.621124
38,119,0,10594,0.000000
38,120,0,10594,0.000000
38,121,0,10594,0.000000
38,122,304,10594,58.048211
38,123,0,10594,0.000000
38,124,0,10594,0.000000
38,125,421,10594,78.937225
38,126,91,10594,12.832810
38,127,0,10594,0.000000
38,128,0,10594,0.000000
38,129,0,10594,0.000000
38,130,0,10594,0.000000
38,131,61,10594,9.502435
38,132,0,10594,0.000000
38,133,164,10594,21.949649
38,134,522,10594,122.242862
38,135,0,10594,0.000000
38,136,0,10594,0.000000
38,137,0,10594,0.000000
38,138,227,10594,24.599750
38,139,325,10594,60.749574
38,140,222,10594,31.940652
38,141,1348,10594,235.538505
38,142,0,10594,0.000000
38,143,0,10594,0.000000
38,144,276,10594,52.801243
38,145,0,10594,0.000000
38,146,0,10594,0.000000
38,147,94,10594,11.670879
38,148,2207,10594,603.761555
38,149,0,10594,0.000000
38,150,195,10594,45.045179
38,151,117,10594,15.298494
38,152,206,10594,48.389311
38,153,121,10594,17.493378
38,154,0,10594,0.000000
38,155,85,10594,17.804643
38,156,0,10594,0.000000
38,157,146,10594,27.308656
38,158,72,10594,18.237612
38,159,51,10594,7.110986
38,160,129,10594,28.875021
38,161,0,10594,0.000000
38,162,110,10594,23.056850
38,163,0,10594,0.000000
38,164,0,10594,0.000000
38,165,0,10594,0.000000
38,166,0,10594,0.000000
38,167,82,10594,11.433466
38,168,0,10594,0.000000
38,169,242,10594,44.107006
38,170,543,10594,81.564966
38,171,256,10594,35.743812
38,172,0,10594,0.000000
38,173,270,10594,7.031196
38,174,0,10594,0.000000
38,175,0,10594,0.000000
38,176,220,10594,54.459052
38,177,117,10594,23.263855
38,178,0,10594,0.000000
38,179,38,10594,4.988488
38,180,0,10594,0.000000
38,181,238,10594,35.312153
38,182,313,10594,41.612460
38,183,110,10594,35.221989
38,184,0,10594,0.000000
38,185,0,10594,0.000000
38,186,106,10594,18.708450
38,187,53,10594,11.771801
38,188,369,10594,63.489619
38,189,565,10594,60.932318
38,190,41,10594,6.720987
38,191,0,10594,0.000000
38,192,114,10594,24.605079
38,193,57,10594,19.450643
38,194,0,10594,0.000000
38,195,383,10594,64.602237
38,196,80,10594,19.437600
38,197,156,10594,36.577310
38,198,0,10594,0.000000
38,199,79,10594,18.698771
38,200,0,10594,0.000000
38,201,406,10594,98.882230
38,202,97,10594,25.322877
38,203,36,10594,11.072639
38,204,0,10594,0.000000
38,205,0,10594,0.000000
38,206,70,10594,8.778396
38,207,98,10594,26.474306
38,208,270,10594,63.250882
38,209,167,10594,26.252650
38,210,119,10594,19.173485
38,211,590,10594,150.820552
38,212,117,10594,19.039309
38,213,255,10594,36.688427
38,214,560,10594,111.933142
38,215,0,10594,0.000000
38,216,63,10594,6.581297
38,217,418,10594,91.316557
38,218,0,10594,0.000000
38,219,156,10594,34.538424
38,220,58,10594,7.495861
38,221,0,10594,0.000000
38,222,0,10594,0.000000
38,223,0,10594,0.000000
38,224,183,10594,21.610717
38,225,44,10594,14.780354
38,226,450,10594,91.310294
38,227,410,10594,84.402604
38,228,144,10594,15.771873
38,229,0,10594,0.000000
38,230,446,10594,113.681522
38,231,339,10594,81.829401
38,232,51,10594,10.466110
38,233,0,10594,0.000000
38,234,162,10594,59.990743
38,235,0,10594,0.000000
38,236,103,10594,32.177248
38,237,182,10594,66.400630
38,238,0,10594,0.000000
38,239,294,10594,14.467743
38,240,0,10594,0.000000
38,241,0,10594,0.000000
38,242,194,10594,48.787280
38,243,0,10594,0.000000
38,244,371,10594,61.674614
38,245,44,10594,11.634989
38,246,121,10594,42.398926
38,247,121,10594,18.874241
38,248,0,10594,0.000000
38,249,957,10594,116.528799
38,250,55,10594,57.027993
38,251,0,10594,0.000000
38,252,170,10594,27.070011
38,253,97,10594,11.566051
38,254,164,10594,34.060140
38,255,29,10594,3.699676
38,256,0,10594,0.000000
38,257,303,10594,70.410179
38,258,111,10594,31.936298
38,259,0,10594,0.000000
38,260,179,10594,41.706866
38,261,227,10594,38.037969
38,262,0,10594,0.000000
38,263,131,10594,56.954854
38,264,43,10594,9.479934
38,265,274,10594,77.162568
38,266,0,10594,0.000000
38,267,0,10594,0.000000
38,268,232,10594,45.432465
38,269,0,10594,0.000000
38,270,0,10594,0.000000
38,271,127,10594,32.390768
38,272,0,10594,0.000000
38,273,69,10594,21.110024
38,274,0,10594,0.000000
38,275,0,10594,0.000000
38,276,70,10594,20.989868
38,277,135,10594,27.935283
38,278,138,10594,28.691557
38,279,0,10594,0.000000
38,280,1692,10594,269.970870
38,281,0,10594,0.000000
38,282,177,10594,59.340036
38,283,137,10594,22.416278
38,284,127,10594,30.119877
38,285,238,10594,48.877744
38,286,26,10594,8.758688
38,287,88,10594,16.154156
38,288,228,10594,42.737915
38,289,15,10594,2.529595
38,290,0,10594,0.000000
38,291,0,10594,0.000000
38,292,0,10594,0.000000
38,293,0,10594,0.000000
38,294,0,10594,0.000000
38,295,310,10594,26.761484
38,296,460,10594,72.606514
38,297,0,10594,0.000000
38,298,267,10594,48.560966
38,299,0,10594,0.000000
38,300,78,10594,10.701409
38,301,48,10594,10.684055
38,302,100,10594,16.149349
38,303,52,10594,10.092997
38,304,0,10594,0.000000
38,305,124,10594,34.402971
38,306,0,10594,0.000000
38,307,169,10594,41.270316
38,308,0,10594,0.000000
38,309,395,10594,105.053047
38,310,0,10594,0.000000
38,311,187,10594,22.570838
38,312,344,10594,88.924635
38,313,0,10594,0.000000
38,314,138,10594,52.807104
38,315,236,10594,38.707939
38,316,160,10594,19.749793
38,317,96,10594,9.141064
38,318,257,10594,40.680409
38,319,161,10594,19.570853
38,320,171,10594,32.278794
38,321,26,10594,6.922626
38,322,149,10594,36.049020
38,323,173,10594,64.810094
38,324,62,10594,8.456173
38,325,81,10594,25.191479
38,326,225,10594,52.943535
38,327,0,10594,0.000000
38,328,252,10594,65.857662
38,329,278,10594,47.641849
38,330,0,10594,0.000000
38,331,0,10594,0.000000
38,332,159,10594,38.440383
38,333,350,10594,55.030865
38,334,80,10594,16.470844
38,335,158,10594,37.580936
38,336,0,10594,0.000000
38,337,0,10594,0.000000
38,338,50,10594,5.303640
38,339,61,10594,22.343997
38,340,197,10594,38.751059
38,341,0,10594,0.000000
38,342,40,10594,5.637667
38,343,0,10594,0.000000
38,344,230,10594,27.617088
38,345,53,10594,19.264072
38,346,0,10594,0.000000
38,347,128,10594,27.997727
38,348,249,10594,42.751838
38,349,0,10594,0.000000
38,350,0,10594,0.000000
38,351,162,10594,25.034782
38,352,171,10594,38.500217
38,353,62,10594,15.391690
38,354,31,10594,5.182856
38,355,164,10594,23.315125
38,356,0,10594,0.000000
38,357,103,10594,19.172335
38,358,0,10594,0.000000
38,359,0,10594,0.000000
38,360,0,10594,0.000000
38,361,139,10594,30.399046
38,362,0,10594,0.000000
38,363,111,10594,18.332369
38,364,813,10594,218.578385
38,365,224,10594,55.490871
38,366,0,10594,0.000000
38,367,0,10594,0.000000
38,368,207,10594,44.563047
38,369,122,10594,19.961016
38,370,67,10594,9.673184
38,371,0,10594,0.000000
38,372,0,10594,0.000000
38,373,77,10594,12.412037
38,374,0,10594,0.000000
38,375,111,10594,29.981513
38,376,275,10594,46.386581
38,377,0,10594,0.000000
38,378,84,10594,22.779786
38,379,40,10594,20.570684
38,380,256,10594,85.853581
38,381,0,10594,0.000000
38,382,0,10594,0.000000
38,383,207,10594,4.664636
39,0,455,10594,107.795740
39,1,76,10594,15.345356
39,2,0,10594,0.000000
39,3,0,10594,0.000000
39,4,171,10594,37.906963
39,5,809,10594,162.195366
39,6,271,10594,44.656087
39,7,105,10594,48.745598
39,8,698,10594,114.944989
39,9,0,10594,0.000000
39,10,457,10594,120.541717
39,11,0,10594,0.000000
39,12,0,10594,0.000000
39,13,0,10594,0.000000
39,14,430,10594,386.726155
39,15,95,10594,33.074649
39,16,0,10594,0.000000
39,17,0,10594,0.000000
39,18,1449,10594,285.194477
39,19,0,10594,0.000000
39,20,303,10594,66.258383
39,21,97,10594,14.421012
39,22,0,10594,0.000000
39,23,24,10594,3.661398
39,24,216,10594,53.857810
39,25,54,10594,23.380012
39,26,265,10594,71.151939
39,27,385,10594,46.440289
39,28,81,10594,12.993698
39,29,0,10594,0.000000
39,30,157,10594,43.431003
39,31,0,10594,0.000000
39,32,1912,10594,408.956153
39,33,63,10594,9.489573
39,34,0,10594,0.000000
39,35,68,10594,12.234324
39,36,296,10594,52.003379
39,37,0,10594,0.000000
39,38,513,10594,117.406229
39,39,0,10594,0.000000
39,40,0,10594,0.000000
39,41,109,10594,17.733005
39,42,128,10594,24.085575
39,43,0,10594,0.000000
39,44,0,10594,0.000000
39,45,142,10594,48.487991
39,46,0,10594,0.000000
39,47,95,10594,17.379623
39,48,0,10594,0.000000
39,49,0,10594,0.000000
39,50,179,10594,36.734752
39,51,71,10594,11.469258
39,52,0,10594,0.000000
39,53,75,10594,14.275698
39,54,257,10594,70.025011
39,55,457,10594,149.742945
39,56,388,10594,102.406835
39,57,0,10594,0.000000
39,58,340,10594,72.324080
39,59,26,10594,7.301266
39,60,0,10594,0.000000
39,61,278,10594,62.676659
39,62,0,10594,0.000000
39,63,0,10594,0.000000
39,64,60,10594,10.963391
39,65,147,10594,35.622872
39,66,244,10594,57.831887
39,67,0,10594,0.000000
39,68,0,10594,0.000000
39,69,296,10594,53.785817
39,70,277,10594,32.207150
39,71,167,10594,30.345259
39,72,72,10594,16.701495
39,73,0,10594,0.000000
39,74,0,10594,0.000000
39,75,13,10594,3.272222
39,76,1536,10594,522.002628
39,77,0,10594,0.000000
39,78,102,10594,40.253402
39,79,0,10594,0.000000
39,80,400,10594,95.078227
39,81,0,10594,0.000000
39,82,0,10594,0.000000
39,83,633,10594,175.288024
39,84,329,10594,100.889570
39,85,173,10594,40.845191
39,86,133,10594,27.842973
39,87,205,10594,135.722808
39,88,0,10594,0.000000
39,89,0,10594,0.000000
39,90,0,10594,0.000000
39,91,105,10594,21.456083
39,92,185,10594,54.450522
39,93,0,10594,0.000000
39,94,212,10594,4.949901
39,95,0,10594,0.000000
39,96,88,10594,16.578477
39,97,478,10594,145.980316
39,98,97,10594,17.978723
39,99,439,10594,119.426263
39,100,0,10594,0.000000
39,101,102,10594,22.211316
39,102,94,10594,22.312966
39,103,76,10594,13.809744
39,104,0,10594,0.000000
39,105,0,10594,0.000000
39,106,1850,10594,342.454160
39,107,0,10594,0.000000
39,108,0,10594,0.000000
39,109,117,10594,29.039923
39,110,100,10594,30.978207
39,111,0,10594,0.000000
39,112,706,10594,187.538379
39,113,0,10594,0.000000
39,114,0,10594,0.000000
39,115,127,10594,37.443385
39,116,188,10594,73.076731
39,117,0,10594,0.000000
39,118,254,10594,67.265748
39,119,166,10594,29.870707
39,120,63,10594,12.364770
39,121,112,10594,23.665274
39,122,168,10594,30.039397
39,123,241,10594,33.527283
39,124,101,10594,21.386936
39,125,165,10594,48.550956
39,126,76,10594,22.470824
39,127,99,10594,19.263036
39,128,0,10594,0.000000
39,129,0,10594,0.000000
39,130,218,10594,36.434883
39,131,801,10594,213.836567
39,132,0,10594,0.000000
39,133,296,10594,72.430014
39,134,0,10594,0.000000
39,135,249,10594,38.522094
39,136,449,10594,90.128218
39,137,0,10594,0.000000
39,138,0,10594,0.000000
39,139,55,10594,15.062243
39,140,0,10594,0.000000
39,141,298,10594,84.917195
39,142,126,10594,23.175994
39,143,0,10594,0.000000
39,144,239,10594,53.117988
39,145,193,10594,43.592671
39,146,149,10594,27.045765
39,147,27,10594,9.407580
39,148,354,10594,91.314683
39,149,471,10594,106.501974
39,150,102,10594,25.022225
39,151,61,10594,21.090211
39,152,163,10594,23.372456
39,153,0,10594,0.000000
39,154,0,10594,0.000000
39,155,507,10594,103.639701
39,156,168,10594,33.086942
39,157,86,10594,15.463700
39,158,0,10594,0.000000
39,159,120,10594,19.613893
39,160,187,10594,28.631442
39,161,0,10594,0.000000
39,162,0,10594,0.000000
39,163,0,10594,0.000000
39,164,87,10594,18.381570
39,165,218,10594,47.502935
39,166,218,10594,34.713956
39,167,0,10594,0.000000
39,168,286,10594,85.105483
39,169,0,10594,0.000000
39,170,469,10594,89.052539
39,171,0,10594,0.000000
39,172,93,10594,17.687954
39,173,219,10594,14.935338
39,174,0,10594,0.000000
39,175,0,10594,0.000000
39,176,174,10594,21.574032
39,177,0,10594,0.000000
39,178,52,10594,42.198066
39,179,30,10594,6.378777
39,180,4364,10594,1494.415904
39,181,73,10594,13.762874
39,182,150,10594,49.694796
39,183,127,10594,13.843417
39,184,127,10594,35.117896
39,185,163,10594,56.824286
39,186,0,10594,0.000000
39,187,74,10594,19.552568
39,188,45,10594,64.251625
39,189,142,10594,32.986710
39,190,83,10594,31.438289
39,191,63,10594,8.314199
39,192,0,10594,0.000000
39,193,0,10594,0.000000
39,194,148,10594,20.566233
39,195,321,10594,72.380566
39,196,78,10594,12.835299
39,197,421,10594,52.119014
39,198,137,10594,24.521776
39,199,0,10594,0.000000
39,200,230,10594,67.053270
39,201,0,10594,0.000000
39,202,167,10594,30.926616
39,203,170,10594,47.565069
39,204,84,10594,20.841423
39,205,66,10594,11.818870
39,206,0,10594,0.000000
39,207,70,10594,11.864698
39,208,150,10594,27.657321
39,209,0,10594,0.000000
39,210,247,10594,33.908817
39,211,0,10594,0.000000
39,212,3,10594,0.649301
39,213,124,10594,29.387303
39,214,0,10594,0.000000
39,215,633,10594,167.636791
39,216,1418,10594,447.984412
39,217,0,10594,0.000000
39,218,0,10594,0.000000
39,219,0,10594,0.000000
39,220,234,10594,69.682674
39,221,511,10594,106.687465
39,222,0,10594,0.000000
39,223,0,10594,0.000000
39,224,62,10594,14.896956
39,225,0,10594,0.000000
39,226,0,10594,0.000000
39,227,0,10594,0.000000
39,228,63,10594,11.627264
39,229,0,10594,0.000000
39,230,0,10594,0.000000
39,231,119,10594,38.126166
39,232,0,10594,0.000000
39,233,0,10594,0.000000
39,234,0,10594,0.000000
39,235,102,10594,22.941701
39,236,0,10594,0.000000
39,237,55,10594,20.278189
39,238,0,10594,0.000000
39,239,0,10594,0.000000
39,240,0,10594,0.000000
39,241,0,10594,0.000000
39,242,145,10594,25.943816
39,243,86,10594,13.570283
39,244,57,10594,11.800676
39,245,0,10594,0.000000
39,246,530,10594,120.776328
39,247,165,10594,26.286511
39,248,0,10594,0.000000
39,249,0,10594,0.000000
39,250,168,10594,35.831204
39,251,0,10594,0.000000
39,252,63,10594,9.170568
39,253,0,10594,0.000000
39,254,53,10594,12.647035
39,255,213,10594,40.292174
39,256,241,10594,51.080850
39,257,120,10594,24.330808
39,258,4373,10594,1413.864058
39,259,0,10594,0.000000
39,260,0,10594,0.000000
39,261,80,10594,15.680408
39,262,0,10594,0.000000
39,263,0,10594,0.000000
39,264,193,10594,14.657938
39,265,0,10594,0.000000
39,266,71,10594,11.714913
39,267,0,10594,0.000000
39,268,230,10594,67.747914
39,269,68,10594,11.501817
39,270,0,10594,0.000000
39,271,0,10594,0.000000
39,272,51,10594,16.512680
39,273,0,10594,0.000000
39,274,0,10594,0.000000
39,275,83,10594,14.380941
39,276,105,10594,17.951033
39,277,160,10594,40.956924
39,278,0,10594,0.000000
39,279,60,10594,9.700297
39,280,0,10594,0.000000
39,281,350,10594,102.700105
39,282,73,10594,8.730857
39,283,231,10594,46.482999
39,284,113,10594,31.337908
39,285,116,10594,23.589945
39,286,79,10594,10.816326
39,287,0,10594,0.000000
39,288,1924,10594,418.458724
39,289,36,10594,10.253019
39,290,0,10594,0.000000
39,291,91,10594,11.289195
39,292,0,10594,0.000000
39,293,427,10594,102.850822
39,294,115,10594,11.770984
39,295,151,10594,30.279097
39,296,273,10594,75.449149
39,297,0,10594,0.000000
39,298,162,10594,44.537984
39,299,0,10594,0.000000
39,300,0,10594,0.000000
39,301,0,10594,0.000000
39,302,209,10594,48.733288
39,303,205,10594,49.129269
39,304,350,10594,107.970588
39,305,0,10594,0.000000
39,306,65,10594,13.833484
39,307,140,10594,24.585638
39,308,217,10594,46.588683
39,309,0,10594,0.000000
39,310,0,10594,0.000000
39,311,38,10594,6.794210
39,312,298,10594,95.786558
39,313,251,10594,80.300495
39,314,111,10594,27.961888
39,315,0,10594,0.000000
39,316,0,10594,0.000000
39,317,90,10594,19.670787
39,318,61,10594,26.703911
39,319,148,10594,35.655706
39,320,0,10594,0.000000
39,321,0,10594,0.000000
39,322,159,10594,34.053942
39,323,0,10594,0.000000
39,324,123,10594,26.222940
39,325,0,10594,0.000000
39,326,252,10594,68.275197
39,327,0,10594,0.000000
39,328,145,10594,25.645071
39,329,0,10594,0.000000
39,330,239,10594,61.686030
39,331,0,10594,0.000000
39,332,1826,10594,288.311431
39,333,0,10594,0.000000
39,334,163,10594,43.732815
39,335,0,10594,0.000000
39,336,118,10594,25.536377
39,337,229,10594,40.710660
39,338,0,10594,0.000000
39,339,236,10594,53.961982
39,340,0,10594,0.000000
39,341,106,10594,24.163191
39,342,0,10594,0.000000
39,343,0,10594,0.000000
39,344,0,10594,0.000000
39,345,0,10594,0.000000
39,346,150,10594,50.294463
39,347,253,10594,60.789878
39,348,179,10594,32.518076
39,349,185,10594,37.368080
39,350,147,10594,33.275263
39,351,0,10594,0.000000
39,352,460,10594,152.819393
39,353,0,10594,0.000000
39,354,70,10594,19.295888
39,355,113,10594,38.591967
39,356,189,10594,11.486003
39,357,137,10594,44.506299
39,358,0,10594,0.000000
39,359,90,10594,23.984786
39,360,192,10594,39.126692
39,361,326,10594,111.294625
39,362,180,10594,46.508134
39,363,335,10594,74.462983
39,364,0,10594,0.000000
39,365,217,10594,36.561061
39,366,0,10594,0.000000
39,367,306,10594,68.595295
39,368,140,10594,45.969832
39,369,140,10594,21.532565
39,370,167,10594,18.739251
39,371,52,10594,7.992396
39,372,0,10594,0.000000
39,373,0,10594,0.000000
39,374,119,10594,13.931410
39,375,131,10594,38.096096
39,376,0,10594,0.000000
39,377,0,10594,0.000000
39,378,0,10594,0.000000
39,379,141,10594,25.739908
39,380,313,10594,57.439510
39,381,152,10594,25.653407
39,382,65,10594,45.482508
39,383,0,10594,0.000000
