layer,expert,hits,layer_rows,weight
0,0,658.828,47531,153.827535
0,1,424.093,47531,66.556863
0,2,6349.487,47531,1501.321118
0,3,33.993,47531,6.729325
0,4,939.140,47531,473.145733
0,5,330.176,47531,75.045193
0,6,20.119,47531,3.958888
0,7,76.635,47531,14.755421
0,8,355.063,47531,106.745752
0,9,672.638,47531,157.882299
0,10,1112.219,47531,277.014586
0,11,423.777,47531,79.369919
0,12,1004.725,47531,271.420517
0,13,0.600,47531,0.116675
0,14,553.599,47531,106.519240
0,15,600.267,47531,104.006479
0,16,318.800,47531,54.782652
0,17,562.112,47531,138.831448
0,18,296.174,47531,63.386779
0,19,22.800,47531,4.758157
0,20,123.239,47531,22.176212
0,21,97.412,47531,19.318746
0,22,164.831,47531,29.679013
0,23,132.341,47531,36.479659
0,24,864.614,47531,172.924417
0,25,303.422,47531,53.532085
0,26,391.345,47531,79.050884
0,27,146.342,47531,27.114352
0,28,1385.123,47531,321.778914
0,29,1150.877,47531,217.796434
0,30,3251.428,47531,682.272707
0,31,306.251,47531,61.709884
0,32,797.902,47531,258.307455
0,33,296.821,47531,50.570742
0,34,260.809,47531,48.901909
0,35,6206.279,47531,1693.139503
0,36,673.316,47531,124.635747
0,37,785.725,47531,162.427130
0,38,603.507,47531,131.602639
0,39,1468.497,47531,293.740183
0,40,1012.614,47531,336.720333
0,41,2195.850,47531,620.146868
0,42,228.904,47531,53.500155
0,43,742.174,47531,133.279920
0,44,694.637,47531,121.312677
0,45,688.880,47531,137.055392
0,46,153.154,47531,24.684313
0,47,116.012,47531,23.038842
0,48,1070.713,47531,306.448802
0,49,1043.969,47531,201.948646
0,50,13.800,47531,3.674954
0,51,104.639,47531,15.666690
0,52,22.800,47531,5.307304
0,53,195.945,47531,30.576007
0,54,164.777,47531,29.736056
0,55,1438.791,47531,394.911955
0,56,389.029,47531,63.704860
0,57,160.460,47531,41.176512
0,58,85.635,47531,16.987697
0,59,1160.649,47531,264.738786
0,60,231.855,47531,34.100098
0,61,535.812,47531,178.948255
0,62,192.112,47531,38.477491
0,63,135.802,47531,21.058615
0,64,1358.016,47531,365.146010
0,65,140.369,47531,25.154362
0,66,168.367,47531,31.833602
0,67,785.038,47531,259.285935
0,68,876.863,47531,206.336739
0,69,2052.713,47531,473.624977
0,70,319.057,47531,49.821253
0,71,1454.267,47531,479.937631
0,72,1524.587,47531,315.312451
0,73,627.984,47531,154.955186
0,74,183.001,47531,33.166624
0,75,373.968,47531,106.250062
0,76,187.800,47531,42.148789
0,77,271.482,47531,103.691520
0,78,751.221,47531,135.820154
0,79,202.251,47531,27.351327
0,80,94.200,47531,31.185831
0,81,453.614,47531,78.813451
0,82,210.150,47531,36.476262
0,83,271.099,47531,61.046668
0,84,1342.532,47531,387.388688
0,85,1026.863,47531,290.722682
0,86,1294.751,47531,345.587862
0,87,357.214,47531,54.278256
0,88,3202.382,47531,653.431628
0,89,133.577,47531,23.457110
0,90,851.834,47531,146.331886
0,91,3066.210,47531,603.892989
0,92,220.901,47531,41.225153
0,93,20.400,47531,4.446579
0,94,972.086,47531,304.045673
0,95,128.448,47531,28.621844
0,96,288.580,47531,87.899204
0,97,397.988,47531,80.885711
0,98,471.256,47531,178.977105
0,99,77.076,47531,15.718326
0,100,41.835,47531,8.271137
0,101,498.092,47531,143.276567
0,102,317.464,47531,55.363580
0,103,16.035,47531,4.628225
0,104,811.030,47531,183.027886
0,105,1185.018,47531,252.115525
0,106,472.045,47531,77.358923
0,107,2204.755,47531,753.581303
0,108,835.244,47531,147.029827
0,109,391.367,47531,86.791930
0,110,2041.706,47531,753.622276
0,111,402.755,47531,109.774663
0,112,2052.755,47531,810.495249
0,113,239.422,47531,54.597270
0,114,130.137,47531,21.425185
0,115,1224.292,47531,344.020765
0,116,1162.922,47531,227.885273
0,117,311.470,47531,56.590644
0,118,920.711,47531,203.515732
0,119,426.906,47531,70.054654
0,120,1251.471,47531,208.322455
0,121,266.003,47531,38.663406
0,122,0.600,47531,0.114868
0,123,94.567,47531,14.908040
0,124,988.436,47531,217.174993
0,125,180.675,47531,31.264673
0,126,540.060,47531,97.957904
0,127,1099.775,47531,362.196219
0,128,792.248,47531,324.051340
0,129,269.066,47531,39.202801
0,130,1050.006,47531,304.640763
0,131,1725.494,47531,361.320851
0,132,674.552,47531,104.054979
0,133,1190.307,47531,255.139839
0,134,474.459,47531,162.956583
0,135,945.087,47531,183.715575
0,136,524.058,47531,115.802902
0,137,53.835,47531,13.077936
0,138,4073.847,47531,1536.740501
0,139,84.000,47531,20.730438
0,140,388.754,47531,91.169316
0,141,670.027,47531,144.867114
0,142,1634.584,47531,431.432762
0,143,555.718,47531,107.127872
0,144,272.062,47531,55.425922
0,145,866.100,47531,177.546894
0,146,189.568,47531,36.240439
0,147,786.432,47531,164.003230
0,148,303.108,47531,59.918005
0,149,1078.086,47531,363.344630
0,150,369.272,47531,58.484759
0,151,221.262,47531,41.111224
0,152,863.317,47531,192.332166
0,153,294.044,47531,51.349805
0,154,371.931,47531,102.242387
0,155,917.007,47531,272.513670
0,156,471.202,47531,104.720463
0,157,360.839,47531,83.740795
0,158,925.397,47531,233.522209
0,159,787.690,47531,155.152954
0,160,81.706,47531,12.521707
0,161,507.649,47531,90.571373
0,162,2482.095,47531,615.594395
0,163,93.319,47531,17.239804
0,164,188.305,47531,36.496072
0,165,437.300,47531,126.365556
0,166,502.049,47531,115.411198
0,167,602.545,47531,128.141579
0,168,384.877,47531,75.212741
0,169,1030.258,47531,302.387022
0,170,895.751,47531,235.298812
0,171,210.229,47531,40.266024
0,172,755.858,47531,290.230076
0,173,377.313,47531,117.010174
0,174,389.061,47531,140.288687
0,175,493.265,47531,98.264613
0,176,1221.893,47531,338.947748
0,177,61.200,47531,11.101220
0,178,294.385,47531,94.400065
0,179,43.498,47531,5.969474
0,180,1805.021,47531,330.344759
0,181,212.342,47531,43.506903
0,182,45.648,47531,9.305392
0,183,963.033,47531,362.729810
0,184,405.315,47531,73.243662
0,185,897.879,47531,177.192484
0,186,330.442,47531,73.451433
0,187,174.749,47531,35.504745
0,188,1659.792,47531,462.253112
0,189,1034.342,47531,193.765387
0,190,265.817,47531,40.391412
0,191,1642.997,47531,343.356562
0,192,356.115,47531,63.306986
0,193,656.682,47531,150.468050
0,194,380.620,47531,83.377659
0,195,477.859,47531,87.736119
0,196,567.863,47531,129.856916
0,197,1044.129,47531,254.643634
0,198,1447.921,47531,376.196515
0,199,70.981,47531,9.794026
0,200,323.428,47531,55.693207
0,201,697.437,47531,258.166646
0,202,11.400,47531,1.766428
0,203,1234.625,47531,412.571195
0,204,99.000,47531,22.555475
0,205,759.389,47531,260.915348
0,206,1767.324,47531,494.058169
0,207,363.718,47531,63.536946
0,208,913.393,47531,179.442455
0,209,725.120,47531,175.291735
0,210,18.860,47531,3.903874
0,211,692.474,47531,137.023349
0,212,2343.479,47531,580.660827
0,213,525.048,47531,181.321583
0,214,361.939,47531,63.294395
0,215,880.920,47531,187.370796
0,216,416.635,47531,106.152353
0,217,176.931,47531,26.364211
0,218,12.600,47531,1.637482
0,219,320.741,47531,66.567698
0,220,476.050,47531,92.199636
0,221,34.906,47531,7.953063
0,222,533.208,47531,107.435315
0,223,808.710,47531,157.526245
0,224,236.072,47531,32.755964
0,225,1083.281,47531,217.279819
0,226,55.200,47531,11.965288
0,227,620.328,47531,111.025922
0,228,575.130,47531,132.090482
0,229,3482.815,47531,854.622077
0,230,340.185,47531,86.084711
0,231,440.237,47531,82.342790
0,232,546.526,47531,151.373632
0,233,13.035,47531,3.268709
0,234,953.871,47531,228.843853
0,235,78.483,47531,12.139659
0,236,720.341,47531,164.345484
0,237,3143.470,47531,854.865917
0,238,1407.694,47531,419.884224
0,239,337.366,47531,51.408206
0,240,1486.179,47531,252.892271
0,241,1104.249,47531,241.809368
0,242,2643.459,47531,643.359907
0,243,285.338,47531,51.544796
0,244,21.271,47531,4.114014
0,245,824.078,47531,172.568949
0,246,545.247,47531,93.033624
0,247,96.319,47531,16.613208
0,248,637.206,47531,165.938088
0,249,37.800,47531,8.969844
0,250,1835.781,47531,424.088088
0,251,504.533,47531,132.933590
0,252,191.820,47531,32.640770
0,253,1436.780,47531,358.610671
0,254,1192.849,47531,310.276346
0,255,141.118,47531,21.784263
0,256,477.453,47531,94.658993
0,257,356.247,47531,100.169367
0,258,390.664,47531,109.297239
0,259,327.324,47531,49.908087
0,260,694.786,47531,200.056220
0,261,945.722,47531,310.152787
0,262,1928.934,47531,431.243398
0,263,989.210,47531,230.033299
0,264,496.462,47531,92.252468
0,265,278.466,47531,49.684947
0,266,324.739,47531,116.165422
0,267,552.528,47531,140.010614
0,268,1176.840,47531,467.687315
0,269,1678.505,47531,397.761027
0,270,851.919,47531,305.086470
0,271,269.172,47531,53.467531
0,272,86.847,47531,13.570036
0,273,455.829,47531,98.905476
0,274,776.096,47531,227.578755
0,275,388.174,47531,81.476949
0,276,315.473,47531,68.376143
0,277,712.962,47531,243.344606
0,278,1737.177,47531,373.001891
0,279,926.618,47531,167.308306
0,280,996.233,47531,232.565215
0,281,190.737,47531,45.417266
0,282,1884.816,47531,382.199235
0,283,707.831,47531,194.230544
0,284,158.835,47531,30.511191
0,285,1529.102,47531,428.347645
0,286,876.714,47531,224.934867
0,287,297.341,47531,57.928549
0,288,273.824,47531,51.412639
0,289,577.386,47531,148.173890
0,290,969.272,47531,273.322226
0,291,773.582,47531,137.196883
0,292,789.241,47531,197.888397
0,293,2327.129,47531,616.538204
0,294,527.967,47531,109.624763
0,295,153.860,47531,50.862953
0,296,585.405,47531,134.713529
0,297,647.723,47531,143.971514
0,298,412.107,47531,85.565374
0,299,1389.435,47531,296.845092
0,300,890.109,47531,216.249279
0,301,452.949,47531,95.998548
0,302,901.088,47531,337.390371
0,303,202.285,47531,33.166862
0,304,710.068,47531,132.168317
0,305,375.130,47531,80.192760
0,306,261.160,47531,64.954687
0,307,655.697,47531,230.570597
0,308,1520.369,47531,279.186918
0,309,63.435,47531,13.062306
0,310,1250.304,47531,236.524529
0,311,355.854,47531,94.564984
0,312,177.791,47531,30.131789
0,313,90.595,47531,13.843373
0,314,1163.992,47531,202.206454
0,315,106.837,47531,20.222348
0,316,237.478,47531,52.838688
0,317,998.125,47531,240.358721
0,318,884.208,47531,337.660208
0,319,577.899,47531,129.374759
0,320,325.870,47531,53.921131
0,321,1381.305,47531,278.633998
0,322,1278.493,47531,320.152053
0,323,1136.205,47531,336.865317
0,324,12241.056,47531,4820.689445
0,325,859.445,47531,179.192018
0,326,438.863,47531,83.315311
0,327,527.964,47531,95.584443
0,328,530.473,47531,93.107699
0,329,177.341,47531,61.624843
0,330,295.976,47531,61.863468
0,331,166.014,47531,31.205970
0,332,575.598,47531,110.001863
0,333,431.980,47531,93.493645
0,334,228.186,47531,40.069628
0,335,208.306,47531,56.231916
0,336,142.450,47531,26.083729
0,337,1190.058,47531,250.643569
0,338,977.038,47531,215.894606
0,339,173.105,47531,31.758984
0,340,746.711,47531,172.973086
0,341,996.828,47531,263.147732
0,342,945.891,47531,173.177751
0,343,988.690,47531,183.330739
0,344,517.732,47531,135.957540
0,345,1154.725,47531,229.597051
0,346,171.037,47531,28.367560
0,347,1193.130,47531,607.013291
0,348,282.999,47531,65.530100
0,349,521.435,47531,109.505036
0,350,464.125,47531,74.935785
0,351,539.821,47531,112.152761
0,352,2484.815,47531,615.619429
0,353,984.904,47531,176.149423
0,354,356.736,47531,60.714749
0,355,1310.806,47531,246.995520
0,356,419.481,47531,96.070562
0,357,482.592,47531,114.443778
0,358,399.379,47531,82.064854
0,359,244.678,47531,38.894524
0,360,62.693,47531,10.539591
0,361,758.372,47531,162.369363
0,362,755.327,47531,155.657899
0,363,640.295,47531,129.155892
0,364,754.813,47531,148.630000
0,365,188.448,47531,54.141316
0,366,617.703,47531,120.513184
0,367,2653.258,47531,600.408829
0,368,1448.437,47531,332.058769
0,369,931.433,47531,186.569226
0,370,917.033,47531,186.450782
0,371,687.133,47531,128.668905
0,372,465.777,47531,70.585645
0,373,40.742,47531,9.361293
0,374,117.499,47531,23.928355
0,375,427.713,47531,141.292540
0,376,42.154,47531,7.617365
0,377,1238.824,47531,215.720133
0,378,1592.636,47531,642.113877
0,379,725.308,47531,222.756123
0,380,130.392,47531,23.826082
0,381,1311.119,47531,298.586359
0,382,279.409,47531,49.098918
0,383,424.283,47531,73.819941
1,0,1696.780,47531,449.587447
1,1,365.961,47531,78.966664
1,2,1987.803,47531,461.409051
1,3,276.924,47531,55.819757
1,4,1066.831,47531,356.809856
1,5,2128.591,47531,523.778649
1,6,857.353,47531,189.632127
1,7,1855.184,47531,471.626672
1,8,281.910,47531,72.407167
1,9,2.400,47531,0.738514
1,10,458.592,47531,88.445029
1,11,815.966,47531,252.071238
1,12,721.451,47531,237.118203
1,13,549.847,47531,110.413422
1,14,836.482,47531,263.013707
1,15,554.934,47531,125.687184
1,16,481.332,47531,167.664460
1,17,30.860,47531,6.283451
1,18,78.308,47531,15.012904
1,19,990.677,47531,275.975385
1,20,379.196,47531,134.435727
1,21,253.823,47531,52.514934
1,22,1008.111,47531,293.835213
1,23,369.316,47531,80.320043
1,24,658.479,47531,180.932989
1,25,249.061,47531,52.173051
1,26,199.519,47531,44.012798
1,27,112.600,47531,24.976079
1,28,385.077,47531,88.467565
1,29,8.235,47531,1.876488
1,30,766.802,47531,156.284034
1,31,254.831,47531,46.896637
1,32,334.567,47531,72.733856
1,33,362.550,47531,79.302227
1,34,327.591,47531,67.727315
1,35,779.214,47531,200.291033
1,36,172.206,47531,33.826203
1,37,223.165,47531,45.651209
1,38,169.673,47531,34.517629
1,39,1205.783,47531,277.821910
1,40,16.800,47531,3.496149
1,41,474.361,47531,107.695251
1,42,1352.053,47531,311.083344
1,43,1643.662,47531,311.195654
1,44,563.073,47531,114.654538
1,45,722.475,47531,221.305146
1,46,401.755,47531,88.553848
1,47,760.053,47531,162.529611
1,48,523.679,47531,119.302383
1,49,405.028,47531,115.302824
1,50,555.713,47531,124.142943
1,51,251.714,47531,52.778277
1,52,504.760,47531,94.051331
1,53,377.827,47531,61.924178
1,54,1739.954,47531,405.820954
1,55,1094.018,47531,239.509132
1,56,556.690,47531,227.229337
1,57,1694.312,47531,416.297616
1,58,10.800,47531,2.733568
1,59,688.141,47531,208.675605
1,60,137.714,47531,30.101792
1,61,377.514,47531,80.121503
1,62,687.230,47531,282.127288
1,63,756.153,47531,170.903724
1,64,451.488,47531,119.397453
1,65,1248.315,47531,296.587663
1,66,799.185,47531,189.827333
1,67,1818.664,47531,468.401294
1,68,252.840,47531,83.376875
1,69,1352.218,47531,319.355709
1,70,398.270,47531,89.379441
1,71,511.990,47531,144.677830
1,72,855.319,47531,231.723152
1,73,261.850,47531,65.778863
1,74,0.000,47531,0.000000
1,75,372.802,47531,163.103740
1,76,0.600,47531,0.125757
1,77,1155.086,47531,231.758221
1,78,860.710,47531,197.872174
1,79,21.435,47531,4.322050
1,80,147.590,47531,30.017948
1,81,209.949,47531,44.334570
1,82,676.467,47531,158.192409
1,83,156.377,47531,28.733532
1,84,303.225,47531,63.642039
1,85,11979.632,47531,2544.205176
1,86,308.769,47531,75.686528
1,87,1458.777,47531,581.401376
1,88,843.280,47531,186.892929
1,89,1133.521,47531,314.267069
1,90,358.933,47531,81.573972
1,91,401.492,47531,101.090969
1,92,815.278,47531,214.397759
1,93,1012.283,47531,232.287421
1,94,1305.760,47531,274.715726
1,95,582.139,47531,121.195932
1,96,271.442,47531,59.111067
1,97,612.415,47531,146.693910
1,98,868.403,47531,222.711638
1,99,575.131,47531,127.548967
1,100,940.956,47531,197.291527
1,101,1213.077,47531,331.024981
1,102,269.400,47531,56.259887
1,103,732.358,47531,140.576905
1,104,836.068,47531,215.950359
1,105,595.332,47531,112.323537
1,106,1274.155,47531,302.588196
1,107,185.104,47531,39.895584
1,108,1258.555,47531,369.927803
1,109,243.260,47531,55.728586
1,110,707.338,47531,192.381299
1,111,355.618,47531,75.614704
1,112,1689.302,47531,402.344575
1,113,1127.887,47531,418.215703
1,114,1478.715,47531,458.181686
1,115,192.473,47531,43.344504
1,116,66.000,47531,14.221995
1,117,716.572,47531,183.035359
1,118,145.052,47531,30.630890
1,119,710.418,47531,313.473929
1,120,3098.899,47531,695.939151
1,121,461.782,47531,103.839711
1,122,467.660,47531,113.249382
1,123,59.506,47531,13.700310
1,124,638.926,47531,205.369790
1,125,141.791,47531,29.138500
1,126,524.308,47531,107.899588
1,127,1129.847,47531,322.688684
1,128,572.438,47531,143.562243
1,129,875.892,47531,245.498347
1,130,588.320,47531,156.770364
1,131,522.282,47531,146.372760
1,132,15.319,47531,3.480894
1,133,2056.526,47531,560.370899
1,134,3175.192,47531,895.865944
1,135,333.054,47531,78.622899
1,136,6277.503,47531,1369.410128
1,137,539.683,47531,185.575793
1,138,491.469,47531,99.290766
1,139,3.000,47531,0.711759
1,140,82.035,47531,20.382523
1,141,266.428,47531,56.986210
1,142,113.544,47531,23.594945
1,143,379.117,47531,90.530132
1,144,304.073,47531,84.214118
1,145,99.935,47531,18.927069
1,146,259.827,47531,55.658895
1,147,1807.876,47531,476.273183
1,148,759.131,47531,204.277410
1,149,826.446,47531,233.844834
1,150,3297.535,47531,1250.144496
1,151,591.893,47531,221.753153
1,152,838.570,47531,210.052533
1,153,440.841,47531,102.297792
1,154,166.223,47531,33.575949
1,155,796.205,47531,195.935719
1,156,398.531,47531,87.852015
1,157,712.377,47531,222.691947
1,158,797.375,47531,245.857900
1,159,772.051,47531,183.944253
1,160,187.635,47531,40.365003
1,161,690.725,47531,215.406502
1,162,803.611,47531,168.032978
1,163,2281.687,47531,486.830341
1,164,808.351,47531,299.101003
1,165,113.506,47531,20.987420
1,166,793.175,47531,181.396607
1,167,207.739,47531,37.941696
1,168,513.357,47531,119.313222
1,169,149.166,47531,27.542991
1,170,347.642,47531,71.201842
1,171,262.064,47531,54.122896
1,172,367.439,47531,84.111913
1,173,298.960,47531,75.057050
1,174,266.881,47531,52.661642
1,175,1381.435,47531,348.025391
1,176,824.767,47531,237.039727
1,177,1078.963,47531,315.054284
1,178,942.747,47531,177.711398
1,179,360.614,47531,77.063315
1,180,341.666,47531,82.354132
1,181,102.006,47531,20.527781
1,182,195.591,47531,40.633933
1,183,420.237,47531,118.843810
1,184,718.049,47531,163.117473
1,185,747.926,47531,138.230717
1,186,316.301,47531,72.794858
1,187,360.766,47531,89.226884
1,188,462.799,47531,119.055843
1,189,481.642,47531,102.178485
1,190,634.288,47531,121.716034
1,191,813.160,47531,252.313798
1,192,983.722,47531,328.536702
1,193,754.163,47531,209.964363
1,194,621.061,47531,157.605487
1,195,188.098,47531,36.291000
1,196,7.800,47531,1.730914
1,197,143.979,47531,25.564295
1,198,2919.865,47531,702.730912
1,199,155.225,47531,29.639467
1,200,962.975,47531,227.771933
1,201,2208.027,47531,648.855069
1,202,238.775,47531,48.729401
1,203,585.233,47531,119.132284
1,204,21.812,47531,5.020288
1,205,2.400,47531,0.624817
1,206,629.958,47531,132.020747
1,207,241.928,47531,68.592878
1,208,258.696,47531,54.110463
1,209,271.132,47531,52.043277
1,210,170.466,47531,36.882867
1,211,159.218,47531,33.266440
1,212,487.600,47531,99.989326
1,213,6135.932,47531,1513.900335
1,214,577.733,47531,155.623384
1,215,297.680,47531,66.030227
1,216,312.786,47531,62.035681
1,217,3917.035,47531,1125.011289
1,218,766.313,47531,198.994311
1,219,442.020,47531,144.290944
1,220,1266.973,47531,308.593101
1,221,270.229,47531,52.182996
1,222,580.198,47531,119.914578
1,223,507.469,47531,95.786977
1,224,776.615,47531,169.612797
1,225,271.828,47531,61.636844
1,226,327.216,47531,67.027959
1,227,910.590,47531,207.895861
1,228,606.435,47531,130.048784
1,229,76.306,47531,16.665540
1,230,190.716,47531,38.762311
1,231,262.062,47531,60.301982
1,232,508.525,47531,113.111780
1,233,243.332,47531,51.083596
1,234,592.265,47531,133.314782
1,235,151.763,47531,29.697398
1,236,1065.052,47531,230.940739
1,237,112.206,47531,26.006632
1,238,216.602,47531,46.522265
1,239,223.116,47531,39.530576
1,240,1106.552,47531,306.837328
1,241,348.040,47531,75.004525
1,242,174.829,47531,37.743197
1,243,153.501,47531,34.349350
1,244,878.965,47531,333.697661
1,245,2388.518,47531,558.382286
1,246,166.944,47531,35.329003
1,247,931.093,47531,209.427099
1,248,186.409,47531,40.692404
1,249,514.690,47531,182.583454
1,250,439.648,47531,136.780194
1,251,983.565,47531,280.720393
1,252,455.118,47531,111.378190
1,253,918.092,47531,242.686821
1,254,725.736,47531,159.696962
1,255,315.825,47531,67.049314
1,256,184.391,47531,35.594034
1,257,238.254,47531,49.493705
1,258,861.869,47531,192.572143
1,259,548.214,47531,141.507167
1,260,903.572,47531,209.783111
1,261,13.800,47531,3.523150
1,262,167.676,47531,32.743552
1,263,295.498,47531,57.771100
1,264,481.660,47531,115.357276
1,265,1218.991,47531,348.146986
1,266,868.481,47531,197.782247
1,267,232.286,47531,46.392279
1,268,122.379,47531,26.956809
1,269,281.717,47531,61.222839
1,270,611.551,47531,133.339500
1,271,564.387,47531,124.396705
1,272,768.011,47531,150.096415
1,273,321.550,47531,65.512450
1,274,2162.537,47531,602.647096
1,275,479.570,47531,110.762060
1,276,194.958,47531,61.992285
1,277,372.760,47531,87.194769
1,278,39.425,47531,7.484821
1,279,1567.255,47531,359.942296
1,280,2402.550,47531,563.947628
1,281,608.088,47531,136.448483
1,282,22.625,47531,4.772572
1,283,987.251,47531,241.409602
1,284,886.054,47531,179.131634
1,285,229.562,47531,46.311543
1,286,2901.033,47531,707.019574
1,287,60.733,47531,11.779492
1,288,336.625,47531,55.233118
1,289,513.945,47531,136.631562
1,290,261.643,47531,52.065026
1,291,211.939,47531,38.621387
1,292,276.363,47531,65.950485
1,293,1530.315,47531,380.190276
1,294,442.372,47531,85.356207
1,295,277.033,47531,55.632744
1,296,331.435,47531,67.194219
1,297,689.013,47531,140.536802
1,298,290.577,47531,58.223054
1,299,2191.561,47531,590.944738
1,300,6796.601,47531,1558.502593
1,301,331.256,47531,87.531578
1,302,37.635,47531,8.414253
1,303,226.925,47531,43.048622
1,304,271.612,47531,54.997333
1,305,763.548,47531,162.565877
1,306,251.640,47531,62.765989
1,307,1118.924,47531,421.565078
1,308,2294.370,47531,677.840525
1,309,19.200,47531,4.865647
1,310,399.383,47531,98.281902
1,311,155.703,47531,30.372540
1,312,333.711,47531,79.370997
1,313,814.005,47531,162.158821
1,314,181.774,47531,35.414889
1,315,72.882,47531,17.853301
1,316,671.752,47531,172.382437
1,317,3189.118,47531,981.842846
1,318,2991.345,47531,772.804114
1,319,719.859,47531,146.860747
1,320,431.654,47531,92.454767
1,321,397.659,47531,79.046845
1,322,653.932,47531,141.866637
1,323,1927.324,47531,439.128762
1,324,3394.127,47531,812.313909
1,325,140.906,47531,30.834150
1,326,643.405,47531,155.208844
1,327,1336.218,47531,311.271638
1,328,564.506,47531,125.317829
1,329,556.835,47531,152.557458
1,330,174.516,47531,36.149212
1,331,47.283,47531,9.876245
1,332,1047.470,47531,218.962492
1,333,527.995,47531,126.997031
1,334,184.827,47531,36.947869
1,335,510.914,47531,118.300707
1,336,1504.630,47531,464.191888
1,337,1356.334,47531,307.172868
1,338,491.805,47531,113.318807
1,339,482.104,47531,118.145520
1,340,2653.231,47531,601.190648
1,341,263.289,47531,95.652554
1,342,587.534,47531,144.263289
1,343,461.061,47531,103.079805
1,344,225.915,47531,44.192711
1,345,405.718,47531,84.046613
1,346,369.349,47531,90.260743
1,347,273.437,47531,60.430688
1,348,402.948,47531,94.362733
1,349,1129.525,47531,297.446495
1,350,210.812,47531,50.289226
1,351,0.000,47531,0.000000
1,352,0.000,47531,0.000000
1,353,257.708,47531,47.266222
1,354,149.683,47531,32.654615
1,355,1992.757,47531,454.460283
1,356,203.703,47531,40.875338
1,357,313.918,47531,52.193012
1,358,344.170,47531,76.850750
1,359,324.081,47531,54.553803
1,360,191.916,47531,38.450681
1,361,1326.582,47531,336.520448
1,362,162.510,47531,34.684046
1,363,453.175,47531,97.324623
1,364,519.883,47531,120.324871
1,365,480.779,47531,145.423467
1,366,414.280,47531,90.967242
1,367,452.241,47531,114.582683
1,368,616.201,47531,130.342083
1,369,1072.329,47531,261.491854
1,370,2072.513,47531,478.684702
1,371,1919.567,47531,418.653286
1,372,218.931,47531,53.996971
1,373,324.086,47531,73.887635
1,374,788.248,47531,217.945565
1,375,803.582,47531,298.195330
1,376,254.482,47531,59.048573
1,377,982.248,47531,274.105344
1,378,1392.947,47531,303.383643
1,379,1190.039,47531,416.287088
1,380,177.144,47531,36.455044
1,381,1282.491,47531,281.188546
1,382,2532.051,47531,970.911723
1,383,82.035,47531,18.363669
2,0,156.293,47531,36.025285
2,1,633.446,47531,149.721731
2,2,312.522,47531,64.733063
2,3,223.641,47531,60.317915
2,4,181.970,47531,31.660203
2,5,66.733,47531,14.518695
2,6,362.194,47531,84.257395
2,7,719.231,47531,157.506907
2,8,1855.096,47531,417.904450
2,9,216.239,47531,47.785170
2,10,618.160,47531,178.233512
2,11,811.557,47531,211.538495
2,12,996.305,47531,226.767881
2,13,321.023,47531,62.514965
2,14,1178.819,47531,262.186181
2,15,650.809,47531,177.471687
2,16,151.408,47531,31.130946
2,17,8.400,47531,1.561207
2,18,254.037,47531,56.367619
2,19,1692.057,47531,418.240450
2,20,1528.714,47531,289.359325
2,21,66.441,47531,13.796532
2,22,177.871,47531,55.922359
2,23,213.910,47531,47.181759
2,24,340.930,47531,64.366599
2,25,1830.061,47531,419.505186
2,26,988.908,47531,263.741221
2,27,4336.730,47531,1053.384197
2,28,29.400,47531,6.681479
2,29,87.956,47531,15.166548
2,30,1307.141,47531,299.948365
2,31,1523.779,47531,341.345812
2,32,823.763,47531,175.629293
2,33,276.660,47531,54.470799
2,34,20.989,47531,4.182366
2,35,1453.733,47531,383.646084
2,36,433.391,47531,95.882888
2,37,4169.125,47531,1075.016449
2,38,10.800,47531,3.060194
2,39,692.027,47531,154.706331
2,40,520.188,47531,107.742472
2,41,1086.661,47531,235.788278
2,42,1264.301,47531,301.652607
2,43,27.871,47531,5.205648
2,44,269.693,47531,60.166105
2,45,308.889,47531,92.628247
2,46,80.119,47531,16.012660
2,47,274.918,47531,64.248798
2,48,910.079,47531,206.830981
2,49,947.354,47531,328.343435
2,50,446.455,47531,127.631407
2,51,79.737,47531,15.097603
2,52,378.514,47531,79.129443
2,53,4873.285,47531,1401.844950
2,54,373.000,47531,70.235777
2,55,98.475,47531,19.987832
2,56,679.304,47531,232.708529
2,57,32.835,47531,6.133580
2,58,1892.074,47531,464.423375
2,59,498.627,47531,107.224589
2,60,94.429,47531,17.142276
2,61,201.967,47531,32.763609
2,62,8.671,47531,1.696519
2,63,3.000,47531,0.615529
2,64,20.400,47531,4.440294
2,65,188.916,47531,38.403888
2,66,341.388,47531,73.367847
2,67,633.215,47531,140.244343
2,68,1286.025,47531,288.757839
2,69,972.160,47531,208.683819
2,70,120.377,47531,30.352343
2,71,583.552,47531,119.906537
2,72,265.248,47531,54.522514
2,73,59.235,47531,11.161472
2,74,337.041,47531,69.464504
2,75,45.000,47531,8.490781
2,76,266.906,47531,51.619639
2,77,473.397,47531,102.887387
2,78,205.657,47531,41.575412
2,79,1254.175,47531,284.306278
2,80,85.084,47531,16.388522
2,81,386.107,47531,83.530749
2,82,1737.209,47531,375.888952
2,83,1166.822,47531,283.621186
2,84,783.148,47531,152.524589
2,85,542.476,47531,107.085531
2,86,25.789,47531,4.938026
2,87,1086.024,47531,316.118320
2,88,136.673,47531,27.653823
2,89,280.615,47531,82.951404
2,90,860.074,47531,191.201282
2,91,5481.260,47531,1048.980623
2,92,272.464,47531,61.761792
2,93,4955.427,47531,1192.273393
2,94,63.600,47531,14.217269
2,95,6244.422,47531,1552.482759
2,96,807.871,47531,190.204986
2,97,555.396,47531,133.999466
2,98,1412.407,47531,301.110371
2,99,969.187,47531,195.161550
2,100,139.068,47531,24.369246
2,101,246.118,47531,54.190773
2,102,252.835,47531,64.292128
2,103,276.654,47531,50.505073
2,104,363.666,47531,81.855218
2,105,1639.935,47531,419.290491
2,106,110.124,47531,21.758121
2,107,715.630,47531,170.340201
2,108,246.628,47531,62.777624
2,109,262.620,47531,84.189206
2,110,447.643,47531,96.027152
2,111,300.850,47531,65.203266
2,112,752.849,47531,149.777615
2,113,38.406,47531,8.403703
2,114,892.218,47531,314.869291
2,115,1005.622,47531,228.935120
2,116,396.710,47531,79.389307
2,117,444.828,47531,89.525414
2,118,287.359,47531,61.917788
2,119,129.600,47531,28.545305
2,120,4390.549,47531,1035.552723
2,121,980.755,47531,282.653887
2,122,114.664,47531,25.080350
2,123,206.615,47531,47.013442
2,124,977.228,47531,280.114898
2,125,132.574,47531,30.309321
2,126,145.238,47531,27.806146
2,127,137.560,47531,33.457406
2,128,157.848,47531,30.611387
2,129,390.790,47531,73.602411
2,130,1371.923,47531,562.199061
2,131,2083.443,47531,439.979746
2,132,847.928,47531,256.427014
2,133,381.407,47531,76.054441
2,134,431.968,47531,139.478861
2,135,1717.487,47531,431.048547
2,136,567.890,47531,162.234778
2,137,160.110,47531,35.689340
2,138,627.602,47531,162.290197
2,139,2454.689,47531,602.879143
2,140,284.889,47531,55.152961
2,141,2167.698,47531,607.257956
2,142,1124.371,47531,331.458199
2,143,55.200,47531,9.298190
2,144,1166.136,47531,269.298792
2,145,381.231,47531,92.916349
2,146,232.189,47531,46.644456
2,147,485.777,47531,113.619516
2,148,145.083,47531,31.852612
2,149,594.006,47531,147.080812
2,150,46.625,47531,8.800651
2,151,2338.416,47531,537.547580
2,152,954.011,47531,322.702940
2,153,45.531,47531,10.806932
2,154,12421.153,47531,3963.996992
2,155,967.341,47531,232.685580
2,156,115.211,47531,20.219068
2,157,1141.300,47531,241.617452
2,158,2671.611,47531,701.445246
2,159,4.200,47531,0.702964
2,160,575.991,47531,104.250666
2,161,1063.427,47531,267.154348
2,162,287.784,47531,62.193312
2,163,237.212,47531,51.958237
2,164,1.200,47531,0.319156
2,165,246.512,47531,48.723449
2,166,2201.036,47531,540.833223
2,167,115.482,47531,21.544954
2,168,91.153,47531,15.449997
2,169,198.665,47531,41.851758
2,170,818.632,47531,284.755542
2,171,52.174,47531,9.972867
2,172,1124.003,47531,319.323813
2,173,400.417,47531,91.871374
2,174,1078.533,47531,361.496238
2,175,4052.255,47531,977.971550
2,176,899.314,47531,256.172679
2,177,438.751,47531,104.008040
2,178,544.600,47531,163.983270
2,179,283.695,47531,55.338399
2,180,492.701,47531,131.914856
2,181,837.232,47531,209.409682
2,182,72.000,47531,23.645337
2,183,511.647,47531,107.824001
2,184,1750.461,47531,423.504914
2,185,852.085,47531,199.074816
2,186,195.628,47531,39.838107
2,187,159.977,47531,32.662815
2,188,3.600,47531,0.723513
2,189,342.984,47531,72.057652
2,190,718.086,47531,196.847149
2,191,72.414,47531,14.481351
2,192,241.589,47531,42.973251
2,193,191.162,47531,42.029255
2,194,1469.599,47531,387.071456
2,195,827.680,47531,222.771417
2,196,318.696,47531,73.496963
2,197,19.683,47531,4.424006
2,198,41.581,47531,7.862906
2,199,665.329,47531,158.208750
2,200,735.037,47531,224.242697
2,201,88.344,47531,17.705748
2,202,1387.983,47531,307.695799
2,203,996.949,47531,251.565248
2,204,1357.899,47531,315.025194
2,205,180.606,47531,45.099827
2,206,2426.738,47531,505.439296
2,207,526.259,47531,96.108041
2,208,177.000,47531,34.767521
2,209,348.575,47531,81.860755
2,210,474.167,47531,123.562890
2,211,684.897,47531,154.937373
2,212,1884.922,47531,424.832103
2,213,527.989,47531,121.302489
2,214,609.966,47531,141.357396
2,215,364.898,47531,74.432835
2,216,2926.781,47531,860.944739
2,217,967.712,47531,224.674414
2,218,374.166,47531,74.093222
2,219,48.229,47531,10.390561
2,220,1325.845,47531,230.850663
2,221,91.498,47531,22.788869
2,222,4325.709,47531,1401.725714
2,223,391.283,47531,108.923359
2,224,1085.886,47531,308.010170
2,225,54.106,47531,12.446754
2,226,1444.781,47531,342.994008
2,227,79.354,47531,16.876644
2,228,2569.208,47531,741.046863
2,229,522.143,47531,105.824057
2,230,1432.721,47531,331.200027
2,231,78.415,47531,16.658718
2,232,226.780,47531,50.197289
2,233,1056.929,47531,405.457463
2,234,867.160,47531,218.207422
2,235,156.420,47531,28.044041
2,236,881.597,47531,231.916875
2,237,20.766,47531,3.440232
2,238,221.715,47531,42.014590
2,239,1155.489,47531,255.526335
2,240,144.968,47531,31.971448
2,241,884.883,47531,222.507244
2,242,303.053,47531,80.532341
2,243,129.229,47531,38.864424
2,244,508.797,47531,122.570030
2,245,102.478,47531,20.513564
2,246,684.768,47531,184.892344
2,247,852.093,47531,212.709596
2,248,250.264,47531,46.004829
2,249,1668.959,47531,331.042463
2,250,1078.981,47531,197.015561
2,251,198.750,47531,32.243641
2,252,850.017,47531,166.998232
2,253,61.189,47531,11.493245
2,254,709.898,47531,173.407183
2,255,755.933,47531,182.566014
2,256,935.941,47531,235.928200
2,257,301.851,47531,59.763206
2,258,224.285,47531,42.890152
2,259,25.179,47531,5.846294
2,260,473.204,47531,131.117752
2,261,448.591,47531,102.134161
2,262,403.729,47531,84.882240
2,263,1.800,47531,0.399076
2,264,23.071,47531,3.914781
2,265,604.420,47531,124.502231
2,266,111.271,47531,23.983717
2,267,305.948,47531,81.999377
2,268,1662.063,47531,357.147025
2,269,628.682,47531,180.286257
2,270,436.197,47531,95.806319
2,271,1361.847,47531,394.290696
2,272,908.878,47531,175.333955
2,273,515.636,47531,121.242419
2,274,80.214,47531,16.453282
2,275,38.400,47531,11.067128
2,276,147.251,47531,28.798170
2,277,41.942,47531,8.201473
2,278,443.307,47531,133.124430
2,279,716.216,47531,264.011437
2,280,354.829,47531,77.138418
2,281,207.600,47531,43.350436
2,282,366.542,47531,78.025444
2,283,420.936,47531,116.017664
2,284,324.718,47531,69.418989
2,285,424.494,47531,76.031241
2,286,371.534,47531,80.241864
2,287,11.235,47531,2.600287
2,288,110.926,47531,20.925231
2,289,3126.799,47531,699.288980
2,290,510.659,47531,111.781896
2,291,1362.281,47531,292.149993
2,292,145.535,47531,26.394035
2,293,880.252,47531,243.871179
2,294,162.230,47531,36.915417
2,295,253.738,47531,55.656798
2,296,1369.941,47531,317.073626
2,297,1247.139,47531,319.609339
2,298,462.706,47531,118.565291
2,299,656.762,47531,158.394522
2,300,100.005,47531,20.101320
2,301,1173.127,47531,270.651379
2,302,748.311,47531,160.388981
2,303,1851.990,47531,490.467377
2,304,623.325,47531,125.875538
2,305,5444.323,47531,2074.099346
2,306,324.395,47531,63.768517
2,307,933.015,47531,303.223972
2,308,233.252,47531,43.490127
2,309,14.777,47531,2.930113
2,310,0.600,47531,0.102481
2,311,2164.900,47531,487.508519
2,312,125.071,47531,48.761797
2,313,119.883,47531,28.532511
2,314,578.029,47531,137.235234
2,315,2199.970,47531,382.944569
2,316,1196.036,47531,312.293029
2,317,19.519,47531,3.895067
2,318,169.265,47531,32.138434
2,319,605.282,47531,110.169711
2,320,459.825,47531,90.213347
2,321,661.293,47531,202.621996
2,322,146.130,47531,27.267698
2,323,3511.563,47531,824.069864
2,324,1935.599,47531,553.667457
2,325,8.400,47531,1.920699
2,326,477.225,47531,107.563526
2,327,1259.864,47531,298.577904
2,328,457.594,47531,99.484701
2,329,99.744,47531,16.518644
2,330,403.206,47531,82.578656
2,331,98.401,47531,21.028899
2,332,1178.025,47531,265.101295
2,333,1518.517,47531,316.503917
2,334,196.993,47531,40.361087
2,335,402.026,47531,87.318064
2,336,548.298,47531,100.246284
2,337,825.353,47531,324.908412
2,338,394.047,47531,104.292192
2,339,64.848,47531,11.139216
2,340,318.024,47531,69.504482
2,341,130.292,47531,27.201565
2,342,162.255,47531,35.652903
2,343,29.942,47531,6.227078
2,344,948.281,47531,209.375155
2,345,38.400,47531,8.826186
2,346,0.000,47531,0.000000
2,347,940.650,47531,230.989988
2,348,433.328,47531,114.816334
2,349,135.379,47531,30.057069
2,350,0.000,47531,0.000000
2,351,701.534,47531,181.014243
2,352,2055.883,47531,448.633875
2,353,879.224,47531,239.721663
2,354,994.992,47531,226.551888
2,355,270.224,47531,69.183775
2,356,30.600,47531,6.566321
2,357,578.274,47531,166.917301
2,358,450.181,47531,133.300214
2,359,192.611,47531,37.095866
2,360,77.745,47531,16.247087
2,361,136.164,47531,26.266443
2,362,1662.315,47531,561.964387
2,363,365.993,47531,79.443117
2,364,421.689,47531,84.277857
2,365,2025.172,47531,515.919166
2,366,71.496,47531,14.346194
2,367,118.800,47531,27.929863
2,368,340.426,47531,71.071746
2,369,854.343,47531,205.764458
2,370,268.306,47531,63.481555
2,371,2.400,47531,0.732967
2,372,29.235,47531,5.748310
2,373,219.473,47531,49.266288
2,374,27.600,47531,5.478549
2,375,1661.702,47531,485.898557
2,376,168.372,47531,28.229544
2,377,274.159,47531,58.176648
2,378,754.231,47531,170.433304
2,379,29.235,47531,6.028126
2,380,1108.228,47531,281.639617
2,381,66.542,47531,12.268454
2,382,1793.097,47531,543.220399
2,383,1233.174,47531,252.258407
3,0,12.000,47531,2.306975
3,1,69.977,47531,12.977485
3,2,141.850,47531,26.872337
3,3,12.000,47531,2.010143
3,4,422.306,47531,93.572631
3,5,660.475,47531,165.572402
3,6,463.095,47531,84.992643
3,7,246.431,47531,42.365026
3,8,326.056,47531,56.990926
3,9,83.347,47531,13.161071
3,10,436.551,47531,76.726291
3,11,1248.558,47531,504.295211
3,12,1191.772,47531,195.825284
3,13,1789.410,47531,433.597098
3,14,912.995,47531,185.971384
3,15,1397.930,47531,452.720009
3,16,215.974,47531,35.333302
3,17,1945.935,47531,390.935611
3,18,299.236,47531,67.063411
3,19,31.237,47531,6.182292
3,20,50.835,47531,13.576301
3,21,1806.389,47531,324.280317
3,22,812.754,47531,209.712621
3,23,40.742,47531,6.561441
3,24,301.354,47531,72.435480
3,25,14.400,47531,2.322396
3,26,1987.670,47531,534.803580
3,27,33.000,47531,7.023538
3,28,367.809,47531,81.922021
3,29,89.873,47531,15.938514
3,30,114.000,47531,28.168460
3,31,540.914,47531,124.708801
3,32,186.191,47531,44.413261
3,33,1118.716,47531,198.676300
3,34,576.066,47531,153.974997
3,35,332.042,47531,66.019523
3,36,24.966,47531,5.151300
3,37,1575.831,47531,380.768533
3,38,2282.528,47531,702.078731
3,39,1949.905,47531,444.506997
3,40,408.063,47531,88.262740
3,41,3.600,47531,1.485829
3,42,87.144,47531,15.950611
3,43,374.955,47531,81.278712
3,44,111.526,47531,20.071077
3,45,209.400,47531,55.176571
3,46,146.145,47531,31.162824
3,47,24.935,47531,4.342593
3,48,611.608,47531,123.862829
3,49,445.607,47531,106.549170
3,50,972.002,47531,197.859580
3,51,258.372,47531,60.362597
3,52,108.521,47531,18.303495
3,53,37.566,47531,6.990844
3,54,3034.073,47531,595.444048
3,55,666.980,47531,158.574279
3,56,1037.768,47531,287.614729
3,57,144.600,47531,40.024498
3,58,42.271,47531,8.478312
3,59,175.742,47531,36.796702
3,60,31.460,47531,5.947504
3,61,2498.979,47531,572.775654
3,62,645.361,47531,124.419239
3,63,768.452,47531,154.626542
3,64,499.956,47531,118.457273
3,65,410.262,47531,75.618649
3,66,237.589,47531,54.478937
3,67,1120.835,47531,336.374965
3,68,32.135,47531,5.134868
3,69,384.863,47531,94.456356
3,70,598.163,47531,207.115631
3,71,96.946,47531,16.574571
3,72,24.871,47531,3.495261
3,73,160.445,47531,26.922989
3,74,99.966,47531,21.271338
3,75,235.096,47531,38.230252
3,76,148.981,47531,42.360433
3,77,20.119,47531,4.070767
3,78,59.050,47531,12.030715
3,79,115.605,47531,23.335840
3,80,442.009,47531,170.529081
3,81,280.870,47531,61.984194
3,82,105.393,47531,26.791190
3,83,293.359,47531,102.231784
3,84,37.052,47531,6.661669
3,85,120.271,47531,31.611404
3,86,169.350,47531,30.344897
3,87,831.353,47531,248.174112
3,88,183.600,47531,42.153897
3,89,5217.256,47531,1161.759524
3,90,919.276,47531,216.763459
3,91,1306.799,47531,293.200107
3,92,1043.940,47531,295.763158
3,93,168.871,47531,38.010514
3,94,137.671,47531,31.201161
3,95,263.911,47531,54.245394
3,96,1318.712,47531,298.181838
3,97,249.048,47531,62.433823
3,98,114.542,47531,18.365755
3,99,138.239,47531,35.649928
3,100,133.987,47531,22.943437
3,101,242.400,47531,56.639995
3,102,644.592,47531,198.644117
3,103,299.672,47531,106.952319
3,104,279.330,47531,58.480623
3,105,149.437,47531,30.200451
3,106,567.593,47531,114.428769
3,107,1350.892,47531,350.546859
3,108,179.645,47531,31.460804
3,109,201.600,47531,42.768102
3,110,1007.663,47531,269.454670
3,111,146.263,47531,29.127013
3,112,698.661,47531,168.207887
3,113,81.706,47531,16.613826
3,114,1681.394,47531,384.071194
3,115,32.496,47531,5.446174
3,116,354.136,47531,64.340530
3,117,226.572,47531,51.902455
3,118,1200.466,47531,240.305441
3,119,570.449,47531,154.011468
3,120,35.835,47531,7.074999
3,121,45.000,47531,7.114703
3,122,1171.028,47531,386.772013
3,123,727.378,47531,152.589082
3,124,7.306,47531,1.153566
3,125,93.435,47531,16.933349
3,126,402.139,47531,84.684430
3,127,3.000,47531,0.618374
3,128,164.608,47531,31.870015
3,129,648.241,47531,144.972355
3,130,158.400,47531,28.105576
3,131,1687.649,47531,311.486770
3,132,326.248,47531,66.310492
3,133,24.531,47531,4.104259
3,134,37.906,47531,5.373358
3,135,64.800,47531,13.786306
3,136,1011.183,47531,280.922843
3,137,710.252,47531,151.179511
3,138,504.898,47531,119.803507
3,139,11.400,47531,2.293706
3,140,170.299,47531,42.581090
3,141,511.090,47531,79.725444
3,142,540.919,47531,128.209399
3,143,509.376,47531,91.239614
3,144,439.982,47531,142.764940
3,145,596.380,47531,189.567353
3,146,429.393,47531,103.233835
3,147,1554.536,47531,339.135234
3,148,1414.096,47531,317.747248
3,149,1445.394,47531,422.799861
3,150,889.656,47531,382.087903
3,151,912.946,47531,165.513215
3,152,43.683,47531,6.644333
3,153,9979.547,47531,2782.241222
3,154,873.518,47531,389.827574
3,155,626.965,47531,246.906937
3,156,157.424,47531,29.232822
3,157,68.899,47531,14.347910
3,158,65.416,47531,8.791156
3,159,660.359,47531,173.499205
3,160,233.873,47531,74.517262
3,161,1354.749,47531,306.159557
3,162,7.800,47531,1.438978
3,163,466.471,47531,87.757857
3,164,143.869,47531,26.768941
3,165,798.904,47531,150.441192
3,166,329.592,47531,95.947035
3,167,1918.200,47531,475.654082
3,168,1346.397,47531,290.647366
3,169,1547.931,47531,371.572697
3,170,472.854,47531,126.548332
3,171,121.837,47531,25.754198
3,172,960.778,47531,328.704840
3,173,2673.186,47531,650.837353
3,174,22.906,47531,4.018056
3,175,60.648,47531,11.622748
3,176,141.293,47531,28.183293
3,177,1614.070,47531,425.588225
3,178,222.872,47531,36.879922
3,179,203.443,47531,33.370232
3,180,513.159,47531,130.677808
3,181,20.400,47531,5.018064
3,182,340.515,47531,57.439807
3,183,696.790,47531,164.606285
3,184,325.090,47531,95.706632
3,185,1144.992,47531,246.433040
3,186,777.502,47531,170.294283
3,187,117.186,47531,35.817384
3,188,114.246,47531,20.420303
3,189,925.613,47531,213.449573
3,190,2168.585,47531,467.836718
3,191,725.419,47531,164.292131
3,192,352.731,47531,148.046395
3,193,892.724,47531,301.161493
3,194,618.221,47531,153.134445
3,195,210.845,47531,41.179122
3,196,31.683,47531,5.593593
3,197,598.702,47531,185.345006
3,198,107.156,47531,18.952119
3,199,2386.909,47531,505.358858
3,200,1592.264,47531,335.018691
3,201,260.454,47531,56.852106
3,202,701.487,47531,230.625466
3,203,11.400,47531,1.801078
3,204,113.512,47531,21.540228
3,205,1239.562,47531,472.753966
3,206,693.597,47531,205.758636
3,207,974.689,47531,442.981093
3,208,5.235,47531,0.794046
3,209,61.683,47531,16.860560
3,210,53.002,47531,9.966841
3,211,191.560,47531,36.654769
3,212,17.835,47531,3.097689
3,213,129.075,47531,20.342301
3,214,850.107,47531,252.932291
3,215,88.689,47531,14.642918
3,216,130.503,47531,25.166066
3,217,65.400,47531,15.404614
3,218,1240.135,47531,375.984836
3,219,66.457,47531,11.515384
3,220,776.130,47531,162.435496
3,221,75.000,47531,15.243552
3,222,1487.924,47531,394.615721
3,223,3.000,47531,0.512888
3,224,8872.579,47531,1852.357685
3,225,79.493,47531,24.576425
3,226,712.849,47531,148.179195
3,227,1.200,47531,0.250597
3,228,685.653,47531,264.461126
3,229,122.235,47531,23.062992
3,230,412.687,47531,77.231398
3,231,74.432,47531,12.498637
3,232,379.606,47531,114.004342
3,233,672.977,47531,207.952899
3,234,271.155,47531,51.877607
3,235,68.235,47531,21.628659
3,236,1663.523,47531,323.289866
3,237,822.669,47531,230.294357
3,238,15.000,47531,3.294050
3,239,723.625,47531,222.434644
3,240,596.042,47531,138.391758
3,241,68.506,47531,12.788947
3,242,9.435,47531,1.987108
3,243,789.937,47531,145.542673
3,244,114.484,47531,23.764504
3,245,218.220,47531,46.067710
3,246,1244.782,47531,307.205234
3,247,269.889,47531,80.163491
3,248,7.200,47531,1.215205
3,249,343.666,47531,71.570951
3,250,2448.289,47531,563.763788
3,251,106.508,47531,30.614209
3,252,352.371,47531,67.793869
3,253,58.402,47531,9.605056
3,254,781.101,47531,285.924642
3,255,48.425,47531,7.840392
3,256,58.200,47531,13.605376
3,257,8347.797,47531,1968.019320
3,258,618.676,47531,202.956979
3,259,479.783,47531,98.228286
3,260,621.587,47531,251.572931
3,261,67.683,47531,13.361363
3,262,4079.173,47531,961.187663
3,263,4.200,47531,0.722677
3,264,88.626,47531,17.520334
3,265,624.152,47531,191.276551
3,266,1619.054,47531,478.302079
3,267,929.350,47531,264.263986
3,268,835.836,47531,280.181246
3,269,523.710,47531,106.457099
3,270,506.396,47531,121.253310
3,271,1111.003,47531,257.820373
3,272,205.616,47531,32.692172
3,273,306.202,47531,51.525009
3,274,561.333,47531,163.470595
3,275,1655.706,47531,371.803692
3,276,27.600,47531,5.003419
3,277,371.629,47531,86.663621
3,278,44.708,47531,7.118831
3,279,256.577,47531,66.805607
3,280,29.883,47531,5.841621
3,281,72.435,47531,14.114579
3,282,979.212,47531,211.612023
3,283,1027.563,47531,393.115409
3,284,26.496,47531,5.079602
3,285,360.811,47531,71.063902
3,286,121.306,47531,30.013595
3,287,40.408,47531,7.701908
3,288,2086.513,47531,665.822247
3,289,346.039,47531,60.745078
3,290,66.499,47531,12.276435
3,291,2487.542,47531,722.835935
3,292,3.000,47531,0.578645
3,293,1892.501,47531,503.577243
3,294,572.257,47531,119.725692
3,295,401.301,47531,147.992075
3,296,87.500,47531,16.880355
3,297,418.700,47531,83.717395
3,298,1785.761,47531,406.982540
3,299,324.191,47531,48.727235
3,300,626.962,47531,111.059695
3,301,126.685,47531,29.663220
3,302,201.966,47531,57.061486
3,303,1164.378,47531,274.547418
3,304,1785.821,47531,659.659221
3,305,985.517,47531,369.362572
3,306,86.193,47531,13.364478
3,307,269.363,47531,61.326840
3,308,1916.868,47531,446.095840
3,309,13296.884,47531,3910.220246
3,310,21.212,47531,4.420696
3,311,67.583,47531,13.021104
3,312,974.389,47531,293.063934
3,313,81.377,47531,14.160137
3,314,194.024,47531,29.990997
3,315,23.342,47531,3.959051
3,316,145.758,47531,41.886933
3,317,9461.678,47531,2139.395124
3,318,881.263,47531,179.643833
3,319,44.777,47531,7.444454
3,320,368.876,47531,69.191995
3,321,860.494,47531,130.759856
3,322,138.601,47531,26.820647
3,323,427.828,47531,70.256063
3,324,2272.342,47531,493.042307
3,325,1081.126,47531,181.906204
3,326,4242.519,47531,972.850818
3,327,394.455,47531,113.279585
3,328,90.876,47531,15.790632
3,329,3106.100,47531,650.890725
3,330,7630.191,47531,2205.936354
3,331,544.009,47531,82.584366
3,332,506.797,47531,144.482581
3,333,194.989,47531,43.347533
3,334,314.921,47531,52.242656
3,335,328.179,47531,69.174783
3,336,1160.324,47531,274.567941
3,337,704.777,47531,197.753620
3,338,644.497,47531,132.813291
3,339,1402.192,47531,291.772984
3,340,34.200,47531,6.782794
3,341,189.542,47531,51.400788
3,342,117.405,47531,24.204152
3,343,1404.265,47531,305.964761
3,344,198.995,47531,33.433800
3,345,37.789,47531,5.961680
3,346,173.555,47531,31.537200
3,347,22.200,47531,3.934263
3,348,84.441,47531,15.239270
3,349,4943.345,47531,1173.954954
3,350,157.954,47531,34.958482
3,351,210.425,47531,40.476213
3,352,320.700,47531,57.469519
3,353,503.058,47531,175.444526
3,354,60.908,47531,10.177674
3,355,4863.729,47531,1214.703169
3,356,193.855,47531,29.091548
3,357,2465.305,47531,606.723807
3,358,197.560,47531,44.869272
3,359,866.849,47531,427.518477
3,360,831.555,47531,451.109892
3,361,158.177,47531,58.582231
3,362,155.400,47531,36.186641
3,363,638.084,47531,130.717940
3,364,413.293,47531,110.822539
3,365,1598.789,47531,524.530423
3,366,309.614,47531,97.665518
3,367,176.783,47531,37.762039
3,368,3576.197,47531,900.651802
3,369,599.130,47531,117.335058
3,370,249.112,47531,46.065025
3,371,39.600,47531,7.703249
3,372,37.471,47531,7.158014
3,373,424.867,47531,91.492246
3,374,198.529,47531,39.579354
3,375,7.200,47531,1.681828
3,376,1335.199,47531,251.018011
3,377,754.652,47531,162.157883
3,378,565.636,47531,149.462267
3,379,809.078,47531,183.942104
3,380,196.202,47531,39.197658
3,381,509.046,47531,158.807551
3,382,722.188,47531,144.826534
3,383,96.728,47531,18.206431
4,0,474.144,47531,119.087289
4,1,102.559,47531,19.727419
4,2,133.886,47531,25.789913
4,3,1758.027,47531,411.867387
4,4,25.200,47531,4.678261
4,5,703.601,47531,158.648862
4,6,102.399,47531,19.599529
4,7,371.726,47531,82.169675
4,8,399.930,47531,146.496885
4,9,612.203,47531,144.698025
4,10,1184.300,47531,326.049236
4,11,137.099,47531,30.113446
4,12,3931.164,47531,890.547632
4,13,224.427,47531,47.750088
4,14,312.672,47531,64.684490
4,15,85.041,47531,17.234075
4,16,172.354,47531,37.276266
4,17,1087.919,47531,329.431320
4,18,1005.798,47531,317.244011
4,19,8978.831,47531,2501.958752
4,20,244.800,47531,69.006818
4,21,667.686,47531,231.284759
4,22,144.903,47531,24.159566
4,23,2162.716,47531,535.377189
4,24,48.871,47531,9.788571
4,25,3731.458,47531,855.890321
4,26,793.800,47531,275.697840
4,27,7.800,47531,1.365744
4,28,1838.061,47531,438.770879
4,29,512.363,47531,96.285847
4,30,164.613,47531,36.569740
4,31,491.071,47531,116.382150
4,32,138.791,47531,31.718870
4,33,137.071,47531,29.019518
4,34,159.420,47531,29.811293
4,35,821.261,47531,293.956560
4,36,50.002,47531,12.619868
4,37,1113.086,47531,276.268930
4,38,724.741,47531,169.252507
4,39,252.866,47531,59.069698
4,40,322.270,47531,65.141075
4,41,66.425,47531,12.056561
4,42,275.975,47531,55.711836
4,43,146.093,47531,29.179076
4,44,1260.765,47531,281.259385
4,45,1049.614,47531,230.991205
4,46,671.522,47531,181.232583
4,47,305.705,47531,55.129386
4,48,241.073,47531,51.850896
4,49,444.085,47531,101.076602
4,50,179.745,47531,34.679169
4,51,1291.223,47531,292.079374
4,52,221.987,47531,48.895870
4,53,833.453,47531,167.222191
4,54,1102.541,47531,302.208148
4,55,267.087,47531,57.572052
4,56,380.541,47531,124.071082
4,57,71.389,47531,12.644794
4,58,1071.669,47531,263.527237
4,59,3257.858,47531,730.316773
4,60,36.860,47531,8.527491
4,61,655.387,47531,154.364211
4,62,1184.392,47531,380.252777
4,63,305.992,47531,67.163488
4,64,106.052,47531,17.118681
4,65,338.356,47531,70.490039
4,66,10307.719,47531,2920.206583
4,67,15.919,47531,3.087623
4,68,719.433,47531,147.866186
4,69,190.131,47531,47.044800
4,70,559.425,47531,156.310769
4,71,38.772,47531,8.436384
4,72,1457.451,47531,367.629180
4,73,954.560,47531,335.316316
4,74,42.000,47531,8.527033
4,75,950.600,47531,294.384821
4,76,96.812,47531,25.695739
4,77,1682.908,47531,438.711856
4,78,181.635,47531,44.262676
4,79,151.004,47531,30.119331
4,80,304.876,47531,54.095526
4,81,65.156,47531,11.209027
4,82,602.619,47531,178.867138
4,83,574.966,47531,175.958361
4,84,68.071,47531,14.732190
4,85,805.434,47531,166.355044
4,86,777.901,47531,168.083898
4,87,102.435,47531,21.201109
4,88,884.687,47531,202.035712
4,89,1854.001,47531,522.719863
4,90,302.359,47531,58.296448
4,91,137.312,47531,31.173759
4,92,230.588,47531,46.757902
4,93,255.675,47531,57.143932
4,94,3723.636,47531,951.729136
4,95,400.893,47531,87.169531
4,96,134.369,47531,41.340863
4,97,153.887,47531,27.244506
4,98,27.393,47531,4.551447
4,99,164.115,47531,32.200262
4,100,260.634,47531,43.795218
4,101,78.271,47531,16.276501
4,102,1280.648,47531,337.564913
4,103,251.847,47531,44.289013
4,104,124.583,47531,28.614517
4,105,196.382,47531,42.324345
4,106,272.942,47531,50.834545
4,107,779.151,47531,191.653728
4,108,134.518,47531,29.550279
4,109,62.629,47531,11.276823
4,110,1302.433,47531,356.158010
4,111,317.013,47531,59.413602
4,112,2178.668,47531,615.706467
4,113,193.412,47531,41.537213
4,114,104.777,47531,19.728083
4,115,134.597,47531,25.169021
4,116,169.206,47531,31.027961
4,117,29.506,47531,6.126002
4,118,8.506,47531,1.737099
4,119,770.603,47531,188.248160
4,120,273.308,47531,75.359263
4,121,144.616,47531,25.880075
4,122,6550.558,47531,1474.372023
4,123,781.579,47531,217.036028
4,124,3038.382,47531,749.649049
4,125,406.809,47531,94.717619
4,126,958.231,47531,232.040886
4,127,2251.199,47531,490.849681
4,128,2680.589,47531,849.722199
4,129,8.671,47531,1.698253
4,130,34.635,47531,7.536163
4,131,1469.368,47531,336.591087
4,132,1446.940,47531,382.691221
4,133,32.506,47531,5.641830
4,134,1843.327,47531,414.037339
4,135,1697.179,47531,410.705754
4,136,435.550,47531,87.430837
4,137,1467.361,47531,377.056839
4,138,80.847,47531,17.751577
4,139,778.073,47531,187.772075
4,140,1607.755,47531,433.977734
4,141,2575.735,47531,696.784065
4,142,188.937,47531,43.136780
4,143,238.339,47531,46.999123
4,144,1254.346,47531,331.600232
4,145,536.200,47531,137.602983
4,146,560.852,47531,145.086719
4,147,1812.063,47531,483.249766
4,148,851.172,47531,186.802903
4,149,53.231,47531,11.137505
4,150,210.627,47531,48.352763
4,151,552.207,47531,111.587652
4,152,601.000,47531,126.070442
4,153,123.107,47531,25.106087
4,154,750.267,47531,209.026459
4,155,105.781,47531,19.838753
4,156,2033.060,47531,378.606062
4,157,1026.099,47531,290.755539
4,158,94.354,47531,19.081387
4,159,89.968,47531,18.581100
4,160,77.342,47531,13.219067
4,161,750.379,47531,175.271651
4,162,23.400,47531,3.859330
4,163,87.160,47531,16.284313
4,164,619.308,47531,127.572403
4,165,57.510,47531,13.244033
4,166,357.973,47531,86.251504
4,167,201.957,47531,40.630916
4,168,204.600,47531,50.539804
4,169,676.416,47531,148.615519
4,170,350.883,47531,89.321195
4,171,207.637,47531,44.581431
4,172,107.715,47531,22.186744
4,173,523.828,47531,123.675791
4,174,481.389,47531,104.392940
4,175,71.804,47531,13.596559
4,176,828.272,47531,224.657624
4,177,639.468,47531,197.873993
4,178,667.971,47531,137.768634
4,179,1194.987,47531,309.774711
4,180,259.004,47531,57.443361
4,181,1004.995,47531,337.152497
4,182,99.483,47531,20.304235
4,183,53.506,47531,9.463102
4,184,1099.822,47531,230.548563
4,185,62.166,47531,12.526685
4,186,1.800,47531,0.345804
4,187,393.422,47531,83.959759
4,188,714.030,47531,154.930990
4,189,391.721,47531,125.319466
4,190,107.989,47531,34.117496
4,191,4774.489,47531,1271.523701
4,192,2353.879,47531,501.030180
4,193,138.692,47531,22.729911
4,194,1745.751,47531,412.139103
4,195,3599.009,47531,958.597672
4,196,928.627,47531,232.526124
4,197,197.762,47531,36.559792
4,198,726.760,47531,198.187409
4,199,2497.013,47531,541.316269
4,200,274.896,47531,47.465927
4,201,806.989,47531,237.093728
4,202,811.577,47531,167.627372
4,203,2633.576,47531,572.443782
4,204,651.277,47531,131.179103
4,205,54.154,47531,10.087652
4,206,681.750,47531,172.254981
4,207,204.993,47531,40.390889
4,208,538.880,47531,149.244637
4,209,252.555,47531,51.903356
4,210,2174.693,47531,452.850980
4,211,1235.902,47531,334.211069
4,212,188.985,47531,35.089387
4,213,370.665,47531,70.230438
4,214,707.751,47531,150.978929
4,215,696.981,47531,155.193509
4,216,366.049,47531,68.561322
4,217,425.196,47531,84.473705
4,218,298.978,47531,55.391026
4,219,1310.981,47531,382.792866
4,220,580.204,47531,147.537533
4,221,4471.114,47531,1049.111229
4,222,50.735,47531,9.212012
4,223,199.933,47531,41.260302
4,224,806.635,47531,179.775807
4,225,734.115,47531,178.973869
4,226,90.600,47531,18.782336
4,227,780.345,47531,181.560736
4,228,47.039,47531,8.301624
4,229,392.675,47531,85.818847
4,230,312.756,47531,72.883477
4,231,479.112,47531,108.432071
4,232,62.639,47531,9.353938
4,233,56.883,47531,12.047800
4,234,162.156,47531,33.537416
4,235,158.177,47531,34.656984
4,236,463.439,47531,113.505390
4,237,387.623,47531,94.216009
4,238,53.002,47531,9.789281
4,239,466.472,47531,98.410365
4,240,57.006,47531,10.497286
4,241,55.583,47531,10.118425
4,242,63.653,47531,9.747682
4,243,575.525,47531,131.391201
4,244,188.390,47531,34.913580
4,245,46.296,47531,9.115124
4,246,153.712,47531,28.705288
4,247,198.600,47531,47.353727
4,248,558.280,47531,131.241920
4,249,133.131,47531,38.194132
4,250,149.235,47531,37.005258
4,251,257.868,47531,46.823404
4,252,399.860,47531,86.269944
4,253,361.978,47531,90.636996
4,254,1297.279,47531,359.182105
4,255,395.037,47531,68.096425
4,256,15.600,47531,2.972189
4,257,1012.633,47531,286.881545
4,258,957.652,47531,352.902805
4,259,136.795,47531,24.616112
4,260,1782.659,47531,572.867024
4,261,427.190,47531,83.867753
4,262,923.683,47531,270.729653
4,263,18.271,47531,3.295534
4,264,378.096,47531,127.695690
4,265,928.079,47531,252.584845
4,266,390.618,47531,80.840776
4,267,373.277,47531,99.704005
4,268,1635.399,47531,360.704269
4,269,90.319,47531,17.373285
4,270,502.217,47531,109.079136
4,271,1548.297,47531,377.579374
4,272,174.713,47531,40.355437
4,273,255.377,47531,67.312384
4,274,22.035,47531,4.243478
4,275,108.755,47531,21.690691
4,276,551.985,47531,155.173294
4,277,86.050,47531,14.826395
4,278,4623.410,47531,1359.439073
4,279,816.097,47531,224.360127
4,280,1011.479,47531,294.479047
4,281,259.408,47531,53.722523
4,282,501.836,47531,90.435536
4,283,2.835,47531,0.622420
4,284,133.960,47531,26.651429
4,285,423.877,47531,152.370755
4,286,2221.045,47531,401.191172
4,287,67.306,47531,12.873153
4,288,1249.634,47531,383.459166
4,289,999.270,47531,231.920663
4,290,101.612,47531,31.906298
4,291,4268.155,47531,1178.045669
4,292,1550.606,47531,351.587803
4,293,1124.576,47531,296.495485
4,294,2290.020,47531,712.760146
4,295,40.296,47531,7.307996
4,296,472.451,47531,133.101361
4,297,2165.754,47531,424.937741
4,298,506.051,47531,186.630203
4,299,94.381,47531,20.720197
4,300,265.763,47531,64.090359
4,301,696.157,47531,167.646741
4,302,195.096,47531,47.634201
4,303,57.435,47531,11.402517
4,304,210.080,47531,46.388288
4,305,2.400,47531,0.421389
4,306,576.451,47531,123.906594
4,307,554.328,47531,124.661690
4,308,118.950,47531,23.556765
4,309,112.641,47531,22.414160
4,310,668.387,47531,206.620951
4,311,572.704,47531,185.530035
4,312,576.276,47531,114.713778
4,313,545.430,47531,122.616289
4,314,265.031,47531,61.378819
4,315,1476.408,47531,320.868999
4,316,468.189,47531,90.613285
4,317,119.793,47531,15.966798
4,318,5608.269,47531,1326.293454
4,319,1090.878,47531,402.466647
4,320,55.944,47531,10.378612
4,321,112.610,47531,22.977545
4,322,830.838,47531,222.931266
4,323,519.580,47531,95.147844
4,324,35.389,47531,7.993242
4,325,89.145,47531,15.205250
4,326,4226.615,47531,955.484098
4,327,93.930,47531,20.744219
4,328,75.893,47531,14.341379
4,329,2319.288,47531,666.347837
4,330,335.268,47531,65.977995
4,331,28.800,47531,4.977481
4,332,60.404,47531,11.393979
4,333,699.786,47531,145.835385
4,334,30.000,47531,5.952293
4,335,3240.090,47531,848.678842
4,336,386.805,47531,91.599063
4,337,1800.751,47531,469.111749
4,338,707.187,47531,140.431665
4,339,235.180,47531,53.096339
4,340,891.561,47531,271.294207
4,341,6.542,47531,1.220875
4,342,1415.179,47531,448.466878
4,343,940.695,47531,202.534233
4,344,155.263,47531,28.801944
4,345,9.600,47531,1.895396
4,346,1436.187,47531,343.628646
4,347,1148.989,47531,259.845755
4,348,227.567,47531,42.786213
4,349,10.200,47531,1.990420
4,350,1235.196,47531,416.276821
4,351,182.799,47531,38.582876
4,352,65.422,47531,11.947373
4,353,788.247,47531,230.509659
4,354,3268.556,47531,782.572933
4,355,151.742,47531,34.994017
4,356,30.754,47531,4.997850
4,357,1147.248,47531,231.200556
4,358,749.120,47531,146.788365
4,359,525.012,47531,153.319948
4,360,368.593,47531,80.407671
4,361,411.161,47531,71.746628
4,362,77.591,47531,15.114348
4,363,63.037,47531,10.290026
4,364,241.339,47531,65.807820
4,365,98.549,47531,22.693398
4,366,47.560,47531,9.203967
4,367,3305.883,47531,724.281630
4,368,88.312,47531,17.602625
4,369,269.883,47531,51.419518
4,370,813.172,47531,180.974690
4,371,386.106,47531,98.108470
4,372,862.652,47531,204.802776
4,373,327.951,47531,77.344322
4,374,85.083,47531,17.339803
4,375,281.799,47531,70.934288
4,376,457.427,47531,98.456966
4,377,107.979,47531,19.498959
4,378,1132.843,47531,400.713976
4,379,746.444,47531,234.502335
4,380,524.368,47531,111.952546
4,381,102.212,47531,20.216153
4,382,1035.604,47531,325.716775
4,383,732.195,47531,178.108203
5,0,74.639,47531,13.161007
5,1,550.839,47531,156.399020
5,2,297.597,47531,68.451229
5,3,64.035,47531,11.187579
5,4,219.065,47531,53.756000
5,5,933.909,47531,213.786949
5,6,353.055,47531,78.320276
5,7,952.973,47531,260.248966
5,8,2145.107,47531,509.323344
5,9,458.093,47531,110.022627
5,10,202.816,47531,45.403884
5,11,151.386,47531,31.669902
5,12,51.542,47531,10.456707
5,13,1007.189,47531,193.391213
5,14,21.435,47531,4.609765
5,15,471.223,47531,91.816235
5,16,338.311,47531,66.294658
5,17,21.435,47531,3.803855
5,18,571.721,47531,139.865101
5,19,1409.452,47531,357.645555
5,20,43.662,47531,9.918063
5,21,2928.660,47531,809.746485
5,22,76.471,47531,19.398030
5,23,97.052,47531,17.322338
5,24,481.800,47531,106.473689
5,25,178.259,47531,38.090045
5,26,981.726,47531,246.052063
5,27,7.200,47531,1.383111
5,28,157.381,47531,33.424411
5,29,677.097,47531,162.448403
5,30,44.485,47531,8.134533
5,31,1125.704,47531,254.832062
5,32,400.818,47531,102.213036
5,33,1044.362,47531,255.043017
5,34,1999.840,47531,482.871485
5,35,806.896,47531,179.531889
5,36,1592.237,47531,390.036942
5,37,7494.321,47531,1778.601071
5,38,114.288,47531,20.400774
5,39,556.810,47531,133.501245
5,40,9002.765,47531,2510.358529
5,41,324.903,47531,80.659059
5,42,2157.381,47531,504.851919
5,43,68.475,47531,14.205738
5,44,589.569,47531,135.290482
5,45,392.885,47531,91.346701
5,46,705.884,47531,251.465986
5,47,187.706,47531,36.619047
5,48,1232.682,47531,307.365115
5,49,135.372,47531,26.859558
5,50,139.897,47531,31.906329
5,51,464.458,47531,93.436976
5,52,239.466,47531,51.139460
5,53,2011.870,47531,529.970003
5,54,860.929,47531,225.980806
5,55,517.653,47531,103.387971
5,56,70.296,47531,11.794513
5,57,1922.433,47531,471.578191
5,58,701.426,47531,167.654997
5,59,14.400,47531,2.949489
5,60,2997.835,47531,707.250541
5,61,336.102,47531,96.163553
5,62,93.754,47531,23.050716
5,63,586.468,47531,127.567649
5,64,1.800,47531,0.347242
5,65,379.041,47531,86.514965
5,66,644.733,47531,147.710583
5,67,130.950,47531,25.958914
5,68,705.416,47531,218.339369
5,69,2253.056,47531,667.896670
5,70,50.719,47531,9.586620
5,71,31.158,47531,7.020094
5,72,265.195,47531,62.567941
5,73,147.106,47531,36.851217
5,74,290.802,47531,63.092576
5,75,2.400,47531,0.518254
5,76,147.112,47531,28.898881
5,77,87.542,47531,21.568748
5,78,222.877,47531,43.028438
5,79,2819.190,47531,861.451426
5,80,500.285,47531,109.201662
5,81,4002.941,47531,1071.046222
5,82,653.856,47531,174.070933
5,83,262.572,47531,64.723714
5,84,790.464,47531,180.723914
5,85,177.478,47531,49.209057
5,86,283.577,47531,76.192467
5,87,1459.763,47531,428.581825
5,88,75.839,47531,20.714164
5,89,330.377,47531,76.817391
5,90,899.925,47531,208.101227
5,91,8.400,47531,2.415039
5,92,50.437,47531,10.832473
5,93,2836.423,47531,747.010017
5,94,619.935,47531,148.761774
5,95,245.640,47531,87.435842
5,96,189.018,47531,34.185465
5,97,278.387,47531,57.102790
5,98,551.431,47531,106.785314
5,99,363.693,47531,89.040140
5,100,408.867,47531,131.082083
5,101,66.589,47531,16.347223
5,102,84.755,47531,16.730849
5,103,30.298,47531,5.760396
5,104,884.544,47531,184.079880
5,105,340.297,47531,76.473675
5,106,223.445,47531,43.680378
5,107,451.575,47531,110.753582
5,108,19.577,47531,3.573484
5,109,3652.294,47531,942.376588
5,110,48.452,47531,9.215816
5,111,62.480,47531,11.911076
5,112,5126.395,47531,1349.408169
5,113,1240.581,47531,229.466777
5,114,21.648,47531,3.667640
5,115,468.749,47531,109.363803
5,116,246.032,47531,53.986529
5,117,1335.082,47531,338.513666
5,118,88.848,47531,17.330168
5,119,1061.576,47531,243.885648
5,120,68.199,47531,14.774722
5,121,745.774,47531,180.823745
5,122,1049.750,47531,251.713342
5,123,83.071,47531,16.929915
5,124,460.452,47531,109.996433
5,125,482.528,47531,135.659210
5,126,6.600,47531,1.714787
5,127,536.869,47531,145.929071
5,128,926.386,47531,190.962480
5,129,662.671,47531,157.199701
5,130,221.883,47531,55.785864
5,131,182.529,47531,40.236802
5,132,649.649,47531,134.271023
5,133,412.911,47531,88.961053
5,134,851.174,47531,187.761357
5,135,268.699,47531,53.910086
5,136,4672.744,47531,1092.944730
5,137,2343.546,47531,618.941868
5,138,325.620,47531,75.677004
5,139,325.179,47531,92.903578
5,140,87.706,47531,19.836692
5,141,1036.110,47531,293.341533
5,142,322.906,47531,69.126677
5,143,322.746,47531,79.530245
5,144,601.524,47531,144.719801
5,145,129.612,47531,26.342638
5,146,564.345,47531,121.641827
5,147,667.303,47531,134.981870
5,148,114.435,47531,34.927493
5,149,1528.863,47531,401.825212
5,150,153.276,47531,20.799036
5,151,210.898,47531,42.356800
5,152,900.714,47531,260.024149
5,153,838.934,47531,170.245931
5,154,650.704,47531,222.899635
5,155,191.391,47531,43.027171
5,156,702.607,47531,194.126984
5,157,296.719,47531,99.200775
5,158,476.188,47531,98.342679
5,159,576.606,47531,136.943643
5,160,1922.999,47531,495.730725
5,161,149.289,47531,31.122852
5,162,114.818,47531,22.648282
5,163,1281.940,47531,291.512068
5,164,1388.052,47531,348.500833
5,165,381.012,47531,82.262090
5,166,28.800,47531,5.094152
5,167,1689.427,47531,546.146477
5,168,223.972,47531,48.440237
5,169,1291.207,47531,270.742765
5,170,494.509,47531,98.916997
5,171,96.139,47531,19.075220
5,172,213.308,47531,42.928013
5,173,64.519,47531,11.590067
5,174,260.912,47531,58.168333
5,175,776.077,47531,172.305020
5,176,354.666,47531,68.996711
5,177,425.836,47531,120.988025
5,178,124.800,47531,30.066807
5,179,3297.802,47531,826.225077
5,180,96.505,47531,17.444236
5,181,478.407,47531,109.898346
5,182,550.779,47531,132.693203
5,183,479.883,47531,148.664262
5,184,156.558,47531,27.688807
5,185,586.664,47531,168.352886
5,186,455.110,47531,93.205096
5,187,3187.891,47531,1086.724232
5,188,347.385,47531,84.478454
5,189,79.800,47531,20.307426
5,190,225.634,47531,48.030676
5,191,215.853,47531,41.151005
5,192,384.500,47531,73.597517
5,193,786.261,47531,277.539511
5,194,2124.026,47531,546.603191
5,195,253.722,47531,53.129001
5,196,300.144,47531,68.914086
5,197,216.507,47531,46.293152
5,198,1601.665,47531,433.740828
5,199,76.035,47531,18.844236
5,200,528.389,47531,102.687785
5,201,136.684,47531,23.314395
5,202,338.539,47531,74.019211
5,203,1649.036,47531,393.203258
5,204,517.763,47531,124.339752
5,205,308.368,47531,67.912066
5,206,327.718,47531,82.067988
5,207,154.683,47531,34.341141
5,208,1497.231,47531,405.768745
5,209,185.359,47531,38.979954
5,210,512.087,47531,102.299392
5,211,438.562,47531,98.056167
5,212,312.245,47531,71.706605
5,213,62.873,47531,13.824897
5,214,1581.406,47531,347.336731
5,215,535.112,47531,174.527302
5,216,1219.036,47531,317.535254
5,217,129.585,47531,24.830054
5,218,350.919,47531,78.322247
5,219,1589.858,47531,464.285067
5,220,176.454,47531,39.737435
5,221,958.286,47531,273.360911
5,222,286.951,47531,62.839938
5,223,237.373,47531,50.804484
5,224,620.165,47531,183.973251
5,225,1351.812,47531,403.354344
5,226,871.686,47531,238.966303
5,227,82.933,47531,17.403070
5,228,1501.716,47531,503.779395
5,229,1759.200,47531,423.621344
5,230,451.796,47531,111.619485
5,231,873.465,47531,213.093272
5,232,2876.936,47531,718.943679
5,233,40.402,47531,6.999142
5,234,691.366,47531,157.406365
5,235,3720.962,47531,884.811264
5,236,125.416,47531,21.264872
5,237,1292.618,47531,298.178113
5,238,230.163,47531,39.654918
5,239,265.455,47531,60.110665
5,240,246.152,47531,50.884556
5,241,188.608,47531,36.875129
5,242,519.706,47531,163.004458
5,243,302.170,47531,59.629867
5,244,42.993,47531,8.553973
5,245,163.605,47531,32.013995
5,246,112.977,47531,25.431685
5,247,820.533,47531,193.691357
5,248,1070.147,47531,237.780205
5,249,51.542,47531,9.655131
5,250,1371.441,47531,321.794610
5,251,900.541,47531,265.680489
5,252,153.262,47531,30.859094
5,253,97.625,47531,28.002959
5,254,1388.644,47531,307.565395
5,255,287.748,47531,59.067660
5,256,829.947,47531,187.877052
5,257,205.605,47531,37.140168
5,258,620.724,47531,157.801111
5,259,932.552,47531,181.437324
5,260,592.988,47531,145.919003
5,261,151.302,47531,29.737541
5,262,231.075,47531,53.536886
5,263,2110.532,47531,502.186379
5,264,948.085,47531,247.500834
5,265,116.448,47531,33.558422
5,266,8.400,47531,1.580830
5,267,133.121,47531,26.756255
5,268,197.235,47531,49.139985
5,269,202.790,47531,34.554287
5,270,52.832,47531,9.952541
5,271,45.314,47531,9.434603
5,272,217.026,47531,43.909021
5,273,6091.679,47531,1570.169136
5,274,30.871,47531,5.767388
5,275,543.782,47531,122.098983
5,276,673.905,47531,155.501020
5,277,51.919,47531,9.628933
5,278,287.051,47531,47.650995
5,279,22.625,47531,3.896374
5,280,495.951,47531,105.068295
5,281,166.944,47531,28.126695
5,282,1190.801,47531,252.862520
5,283,311.252,47531,78.922345
5,284,499.882,47531,116.283382
5,285,1037.868,47531,312.413903
5,286,591.414,47531,140.469503
5,287,12.600,47531,2.437091
5,288,477.531,47531,132.753145
5,289,159.648,47531,35.251714
5,290,147.356,47531,31.749351
5,291,725.654,47531,181.414241
5,292,259.153,47531,62.990066
5,293,3553.167,47531,929.077228
5,294,388.689,47531,83.985406
5,295,398.367,47531,79.141954
5,296,125.835,47531,29.536781
5,297,35.835,47531,7.834402
5,298,261.691,47531,62.296477
5,299,209.990,47531,46.521188
5,300,49.991,47531,9.604398
5,301,265.065,47531,56.470188
5,302,1481.611,47531,378.681295
5,303,1163.381,47531,291.442220
5,304,10012.282,47531,2652.579128
5,305,3902.529,47531,1040.349334
5,306,1031.666,47531,296.172706
5,307,111.585,47531,22.718840
5,308,60.414,47531,12.324625
5,309,439.955,47531,105.852748
5,310,572.093,47531,203.257618
5,311,451.949,47531,92.107579
5,312,1169.157,47531,236.645256
5,313,1298.806,47531,292.109947
5,314,1992.812,47531,460.801010
5,315,2118.973,47531,491.013022
5,316,345.182,47531,79.622138
5,317,1198.368,47531,330.724838
5,318,51.616,47531,10.292032
5,319,362.597,47531,95.727783
5,320,81.144,47531,18.287475
5,321,296.389,47531,71.364324
5,322,1317.684,47531,365.995376
5,323,336.000,47531,76.254936
5,324,1136.927,47531,272.645627
5,325,204.696,47531,39.381816
5,326,1255.271,47531,282.662273
5,327,233.874,47531,48.409760
5,328,430.705,47531,109.301833
5,329,796.480,47531,244.491546
5,330,22.800,47531,5.783432
5,331,293.656,47531,71.715269
5,332,62.560,47531,11.675009
5,333,852.603,47531,194.712877
5,334,636.048,47531,140.312083
5,335,581.736,47531,152.570817
5,336,43.200,47531,10.009166
5,337,3570.667,47531,943.946281
5,338,1445.333,47531,447.199493
5,339,1210.997,47531,271.679586
5,340,58.556,47531,11.244522
5,341,640.228,47531,132.257059
5,342,560.415,47531,134.572690
5,343,101.235,47531,25.003150
5,344,249.564,47531,59.474725
5,345,92.241,47531,19.720264
5,346,129.558,47531,26.633521
5,347,112.716,47531,22.892669
5,348,32.835,47531,5.219429
5,349,868.628,47531,187.990710
5,350,903.849,47531,218.132387
5,351,589.354,47531,141.967568
5,352,2190.762,47531,551.557311
5,353,389.028,47531,79.005899
5,354,534.068,47531,115.582885
5,355,1010.016,47531,225.020923
5,356,89.342,47531,17.075141
5,357,222.692,47531,41.565195
5,358,364.504,47531,100.410697
5,359,183.324,47531,40.048843
5,360,492.516,47531,128.647311
5,361,4156.432,47531,1109.412227
5,362,66.760,47531,12.897800
5,363,318.220,47531,76.819678
5,364,34.577,47531,6.829083
5,365,903.146,47531,225.769885
5,366,198.819,47531,41.095431
5,367,100.057,47531,18.976986
5,368,596.326,47531,148.451223
5,369,652.951,47531,147.165074
5,370,43.800,47531,10.437200
5,371,478.354,47531,92.258528
5,372,258.237,47531,55.519564
5,373,122.321,47531,24.695377
5,374,991.381,47531,290.830976
5,375,135.271,47531,35.957306
5,376,1385.450,47531,296.265007
5,377,129.834,47531,23.828822
5,378,198.156,47531,37.084788
5,379,5923.485,47531,1480.795949
5,380,901.595,47531,197.629768
5,381,582.483,47531,167.268401
5,382,61.020,47531,10.894240
5,383,1073.006,47531,255.157599
6,0,148.377,47531,29.886541
6,1,863.081,47531,196.502388
6,2,231.553,47531,40.309943
6,3,245.108,47531,58.506938
6,4,34.848,47531,4.862343
6,5,3477.565,47531,889.287520
6,6,21.600,47531,4.402952
6,7,353.321,47531,87.568865
6,8,230.444,47531,48.070761
6,9,7.635,47531,1.572662
6,10,746.751,47531,204.179924
6,11,37.402,47531,8.265041
6,12,310.095,47531,88.769814
6,13,148.578,47531,33.954098
6,14,91.742,47531,19.918715
6,15,1366.786,47531,324.383907
6,16,9.271,47531,1.826052
6,17,4241.030,47531,1088.706310
6,18,795.287,47531,199.090652
6,19,33.499,47531,5.168267
6,20,2410.974,47531,455.271026
6,21,159.374,47531,30.514589
6,22,572.301,47531,163.380619
6,23,444.567,47531,91.386808
6,24,846.081,47531,194.895183
6,25,238.469,47531,43.712317
6,26,458.727,47531,97.992845
6,27,652.690,47531,139.758813
6,28,839.968,47531,206.464509
6,29,152.523,47531,34.440745
6,30,24.600,47531,5.299316
6,31,1587.790,47531,331.275740
6,32,261.824,47531,51.122998
6,33,699.120,47531,198.355974
6,34,164.513,47531,31.535624
6,35,615.768,47531,125.679012
6,36,1137.026,47531,236.914213
6,37,472.005,47531,94.353006
6,38,207.385,47531,47.514550
6,39,917.147,47531,174.609966
6,40,565.953,47531,104.447720
6,41,2.777,47531,0.524454
6,42,46.179,47531,8.319031
6,43,24.600,47531,4.066090
6,44,237.400,47531,59.975705
6,45,74.284,47531,14.005551
6,46,287.629,47531,76.304628
6,47,207.983,47531,36.391975
6,48,695.456,47531,137.472624
6,49,66.579,47531,9.692843
6,50,475.868,47531,92.336162
6,51,2773.714,47531,865.926428
6,52,121.185,47531,24.302522
6,53,346.519,47531,99.479700
6,54,53.766,47531,10.395423
6,55,195.862,47531,38.033285
6,56,1648.185,47531,377.496852
6,57,8.931,47531,1.682390
6,58,287.571,47531,62.877879
6,59,1530.544,47531,384.799646
6,60,55.944,47531,14.136552
6,61,198.261,47531,36.579409
6,62,75.404,47531,13.239242
6,63,721.100,47531,149.289405
6,64,48.202,47531,11.289215
6,65,199.429,47531,33.519205
6,66,686.253,47531,163.261104
6,67,418.062,47531,101.813049
6,68,10.142,47531,2.249061
6,69,69.260,47531,13.643711
6,70,58.189,47531,9.722934
6,71,118.460,47531,30.936324
6,72,545.591,47531,146.508675
6,73,601.091,47531,123.877440
6,74,35.235,47531,6.276387
6,75,157.854,47531,29.581769
6,76,123.706,47531,32.325754
6,77,71.071,47531,13.777522
6,78,85.264,47531,13.060501
6,79,503.639,47531,122.651558
6,80,14.942,47531,2.531516
6,81,830.457,47531,234.742858
6,82,316.142,47531,63.672021
6,83,204.416,47531,38.511721
6,84,143.071,47531,38.467907
6,85,203.922,47531,35.500950
6,86,171.617,47531,35.403027
6,87,3.435,47531,0.593875
6,88,112.800,47531,28.248119
6,89,245.838,47531,52.746301
6,90,372.739,47531,101.133436
6,91,536.374,47531,106.063396
6,92,341.905,47531,89.681530
6,93,439.717,47531,96.394887
6,94,146.046,47531,26.842322
6,95,7.800,47531,1.468854
6,96,105.616,47531,20.533043
6,97,47.400,47531,12.820820
6,98,937.456,47531,236.666887
6,99,604.021,47531,167.350789
6,100,704.993,47531,137.405140
6,101,867.324,47531,170.793971
6,102,646.119,47531,127.913805
6,103,536.362,47531,110.779357
6,104,4138.347,47531,1211.860930
6,105,140.013,47531,26.355390
6,106,64.535,47531,10.554353
6,107,316.286,47531,80.691415
6,108,178.880,47531,33.106596
6,109,99.096,47531,18.537819
6,110,711.874,47531,211.976271
6,111,198.903,47531,41.445288
6,112,992.407,47531,274.957471
6,113,68.835,47531,15.148262
6,114,176.135,47531,31.678937
6,115,143.278,47531,24.478130
6,116,376.330,47531,92.595258
6,117,2941.756,47531,718.460112
6,118,254.629,47531,63.810887
6,119,43.768,47531,7.047309
6,120,7768.369,47531,2516.585970
6,121,53.055,47531,9.082673
6,122,7094.401,47531,1661.078856
6,123,7.035,47531,1.477537
6,124,510.749,47531,133.914151
6,125,985.552,47531,200.966387
6,126,74.873,47531,13.133983
6,127,77.612,47531,11.632002
6,128,1008.240,47531,212.381292
6,129,1474.391,47531,364.124296
6,130,4.800,47531,0.831673
6,131,53.082,47531,10.946497
6,132,208.797,47531,53.434641
6,133,242.873,47531,52.077585
6,134,698.470,47531,194.996597
6,135,807.542,47531,192.520244
6,136,48.600,47531,9.195819
6,137,307.577,47531,93.396964
6,138,30.706,47531,4.583325
6,139,172.909,47531,30.292433
6,140,6786.707,47531,1769.382885
6,141,419.689,47531,90.179978
6,142,19.848,47531,4.791602
6,143,48.754,47531,10.950285
6,144,471.812,47531,108.922982
6,145,78.096,47531,15.625508
6,146,946.076,47531,230.625581
6,147,279.019,47531,62.776926
6,148,762.458,47531,173.203575
6,149,368.772,47531,72.796348
6,150,156.903,47531,34.582192
6,151,693.884,47531,140.573627
6,152,505.090,47531,111.875703
6,153,1533.897,47531,353.876344
6,154,1845.418,47531,459.621366
6,155,96.458,47531,20.816310
6,156,5.235,47531,0.776333
6,157,265.200,47531,57.044921
6,158,2212.676,47531,510.776140
6,159,603.000,47531,140.832862
6,160,602.374,47531,127.263742
6,161,78.106,47531,20.050238
6,162,233.560,47531,48.397946
6,163,23.554,47531,5.988810
6,164,160.083,47531,36.933285
6,165,68.549,47531,11.856326
6,166,662.834,47531,170.760735
6,167,693.625,47531,185.828793
6,168,100.800,47531,24.050884
6,169,37.004,47531,7.255137
6,170,30.000,47531,5.408814
6,171,370.681,47531,72.837031
6,172,172.695,47531,43.674356
6,173,157.084,47531,27.267915
6,174,1720.401,47531,372.818113
6,175,444.735,47531,103.506364
6,176,303.384,47531,60.738350
6,177,320.693,47531,71.614960
6,178,180.845,47531,39.462533
6,179,4.800,47531,1.071971
6,180,576.878,47531,117.316513
6,181,917.278,47531,216.162681
6,182,43.519,47531,7.640413
6,183,535.147,47531,136.837031
6,184,854.418,47531,193.206058
6,185,4273.902,47531,877.278527
6,186,12.271,47531,2.068187
6,187,157.200,47531,32.160284
6,188,17.921,47531,4.033318
6,189,762.580,47531,187.664907
6,190,1153.674,47531,256.031429
6,191,193.083,47531,49.080896
6,192,1121.254,47531,320.035497
6,193,98.390,47531,17.607628
6,194,405.850,47531,95.743454
6,195,567.150,47531,126.713506
6,196,912.859,47531,203.977200
6,197,60.250,47531,12.966441
6,198,15.000,47531,3.751788
6,199,300.308,47531,70.513011
6,200,5472.002,47531,1736.974787
6,201,452.424,47531,120.816992
6,202,1272.364,47531,284.040118
6,203,534.389,47531,112.598634
6,204,718.785,47531,137.315483
6,205,847.360,47531,163.120396
6,206,1785.256,47531,467.938434
6,207,689.472,47531,121.441168
6,208,383.018,47531,101.308532
6,209,1324.082,47531,296.342525
6,210,1167.599,47531,307.047694
6,211,183.692,47531,39.028162
6,212,1082.001,47531,231.873611
6,213,61.402,47531,11.102912
6,214,326.826,47531,68.611127
6,215,363.309,47531,78.238143
6,216,1103.541,47531,235.587127
6,217,1708.087,47531,318.686162
6,218,32.177,47531,5.989216
6,219,555.732,47531,113.905272
6,220,193.983,47531,38.404124
6,221,124.726,47531,20.323900
6,222,28.471,47531,6.318920
6,223,138.048,47531,25.858850
6,224,1270.814,47531,299.824936
6,225,2146.013,47531,449.560030
6,226,112.296,47531,24.526021
6,227,1983.721,47531,527.453683
6,228,304.673,47531,56.220524
6,229,750.111,47531,144.128539
6,230,1578.032,47531,398.920823
6,231,666.754,47531,179.799385
6,232,36.600,47531,10.214463
6,233,135.876,47531,37.190111
6,234,168.701,47531,26.655508
6,235,223.043,47531,45.049836
6,236,160.200,47531,38.121217
6,237,136.402,47531,29.722820
6,238,24.600,47531,4.652875
6,239,25.800,47531,4.809858
6,240,215.012,47531,52.528090
6,241,73.195,47531,13.596080
6,242,122.756,47531,31.117234
6,243,6359.528,47531,1820.421351
6,244,3320.167,47531,895.367050
6,245,633.768,47531,140.662361
6,246,460.823,47531,112.789112
6,247,97.168,47531,18.134550
6,248,82.800,47531,16.914176
6,249,1492.133,47531,350.429229
6,250,45.276,47531,9.168236
6,251,5340.502,47531,1374.598345
6,252,174.499,47531,35.822742
6,253,135.860,47531,23.287811
6,254,888.540,47531,225.855125
6,255,1683.761,47531,372.646138
6,256,211.898,47531,39.666343
6,257,4131.927,47531,1079.142859
6,258,282.240,47531,72.390006
6,259,197.809,47531,38.308340
6,260,207.559,47531,42.981807
6,261,366.770,47531,101.200075
6,262,1673.991,47531,346.284132
6,263,326.777,47531,92.438425
6,264,331.902,47531,78.002807
6,265,36.829,47531,7.141878
6,266,23.496,47531,5.164131
6,267,103.015,47531,21.911570
6,268,93.366,47531,17.078382
6,269,28.800,47531,6.094261
6,270,53.602,47531,9.814640
6,271,18.706,47531,3.553626
6,272,5724.066,47531,1305.110388
6,273,440.365,47531,137.550223
6,274,230.586,47531,47.101969
6,275,4905.762,47531,1214.349030
6,276,100.541,47531,22.597749
6,277,308.671,47531,80.584813
6,278,220.680,47531,41.183910
6,279,126.648,47531,27.976846
6,280,1663.700,47531,454.667156
6,281,297.800,47531,54.354823
6,282,1825.525,47531,464.429352
6,283,1363.288,47531,360.747528
6,284,453.309,47531,110.783669
6,285,9.435,47531,2.037393
6,286,134.199,47531,22.669702
6,287,570.055,47531,104.086897
6,288,299.321,47531,68.275549
6,289,66.860,47531,9.455185
6,290,637.360,47531,120.399805
6,291,148.800,47531,29.195992
6,292,1103.360,47531,229.331522
6,293,697.800,47531,162.398887
6,294,214.641,47531,34.996729
6,295,95.385,47531,17.657238
6,296,126.000,47531,28.475039
6,297,140.639,47531,43.522397
6,298,678.338,47531,131.498414
6,299,92.942,47531,26.569972
6,300,844.790,47531,177.703779
6,301,319.266,47531,68.796770
6,302,679.918,47531,207.265098
6,303,322.568,47531,75.063080
6,304,100.965,47531,18.824166
6,305,622.216,47531,137.867298
6,306,475.992,47531,111.973212
6,307,729.006,47531,150.252709
6,308,252.637,47531,45.789460
6,309,12386.251,47531,4381.936471
6,310,223.313,47531,47.417413
6,311,1224.673,47531,298.695922
6,312,747.134,47531,195.477469
6,313,31.800,47531,5.247731
6,314,127.753,47531,24.660080
6,315,321.882,47531,64.983567
6,316,71.283,47531,12.020147
6,317,1350.460,47531,349.996345
6,318,221.901,47531,45.083651
6,319,800.868,47531,169.198357
6,320,73.460,47531,14.560611
6,321,63.037,47531,12.187855
6,322,331.296,47531,62.263923
6,323,451.320,47531,94.310224
6,324,56.512,47531,11.117416
6,325,48.106,47531,7.447538
6,326,331.788,47531,68.375622
6,327,326.552,47531,56.472362
6,328,689.250,47531,186.580166
6,329,63.600,47531,14.957829
6,330,238.912,47531,49.694147
6,331,524.402,47531,107.309903
6,332,727.054,47531,208.759498
6,333,1846.941,47531,573.542533
6,334,21.000,47531,3.938166
6,335,31.864,47531,5.542377
6,336,12.600,47531,2.530759
6,337,1399.918,47531,362.720400
6,338,45.871,47531,8.902117
6,339,2200.752,47531,470.909681
6,340,252.431,47531,61.446000
6,341,213.255,47531,48.066496
6,342,872.957,47531,202.835204
6,343,917.445,47531,262.947154
6,344,11.400,47531,2.025349
6,345,946.553,47531,177.657544
6,346,134.055,47531,27.014789
6,347,79.153,47531,13.939212
6,348,501.246,47531,103.580393
6,349,1680.409,47531,419.391840
6,350,310.477,47531,56.016104
6,351,2165.499,47531,510.289107
6,352,25.885,47531,4.230451
6,353,613.381,47531,120.407691
6,354,687.222,47531,127.465996
6,355,4.800,47531,0.974318
6,356,490.833,47531,103.356049
6,357,369.834,47531,82.697636
6,358,857.281,47531,255.688872
6,359,174.229,47531,43.069755
6,360,15975.451,47531,4200.166374
6,361,2032.862,47531,644.935118
6,362,7.200,47531,1.563376
6,363,285.083,47531,56.894927
6,364,458.120,47531,103.097153
6,365,50.783,47531,9.864533
6,366,30.600,47531,5.543985
6,367,2738.003,47531,658.120988
6,368,5535.517,47531,1832.436067
6,369,585.208,47531,120.315587
6,370,949.867,47531,244.100274
6,371,5747.701,47531,1318.048808
6,372,1234.030,47531,339.263048
6,373,887.906,47531,203.132374
6,374,186.579,47531,47.480017
6,375,37.306,47531,9.605818
6,376,626.252,47531,116.342596
6,377,218.576,47531,62.333944
6,378,1061.969,47531,258.551361
6,379,109.446,47531,21.956910
6,380,247.631,47531,45.536574
6,381,65.974,47531,12.700880
6,382,320.438,47531,66.786475
6,383,1834.387,47531,388.793586
7,0,846.546,47531,202.369434
7,1,11.071,47531,2.836183
7,2,202.541,47531,48.786816
7,3,250.037,47531,46.263367
7,4,401.252,47531,84.069424
7,5,154.333,47531,27.842694
7,6,399.861,47531,85.498668
7,7,2289.620,47531,454.470285
7,8,220.848,47531,58.044492
7,9,122.475,47531,30.724938
7,10,703.464,47531,155.950400
7,11,171.160,47531,53.930422
7,12,729.689,47531,246.108230
7,13,1934.180,47531,432.376891
7,14,121.057,47531,21.653547
7,15,31.200,47531,6.861745
7,16,698.962,47531,137.779006
7,17,70.530,47531,11.691023
7,18,75.802,47531,11.326219
7,19,1458.846,47531,462.980967
7,20,1063.048,47531,252.367600
7,21,751.407,47531,218.429964
7,22,83.506,47531,15.212619
7,23,1208.677,47531,211.767759
7,24,65.554,47531,18.369350
7,25,67.014,47531,18.025782
7,26,266.985,47531,58.878320
7,27,211.515,47531,39.082581
7,28,55.142,47531,11.392381
7,29,1329.768,47531,337.557439
7,30,1628.959,47531,449.541421
7,31,226.886,47531,45.967789
7,32,2372.328,47531,685.739078
7,33,334.343,47531,62.819817
7,34,248.270,47531,48.034817
7,35,632.556,47531,132.239964
7,36,187.705,47531,43.876337
7,37,59.183,47531,9.508634
7,38,109.041,47531,20.447407
7,39,755.526,47531,198.334477
7,40,1185.442,47531,207.872391
7,41,851.094,47531,169.821887
7,42,102.966,47531,25.677783
7,43,219.065,47531,36.059837
7,44,2957.973,47531,633.846407
7,45,38.225,47531,7.155370
7,46,162.229,47531,24.634181
7,47,78.435,47531,14.593488
7,48,688.475,47531,148.057214
7,49,423.866,47531,83.141568
7,50,194.443,47531,40.249960
7,51,4018.285,47531,864.491042
7,52,37.577,47531,7.028537
7,53,1712.032,47531,373.906847
7,54,134.975,47531,23.011230
7,55,309.075,47531,64.194835
7,56,211.848,47531,43.398276
7,57,39.202,47531,7.100572
7,58,1665.843,47531,519.145439
7,59,37.025,47531,7.276287
7,60,98.533,47531,19.729057
7,61,72.706,47531,18.058646
7,62,1414.796,47531,340.090446
7,63,894.275,47531,283.189389
7,64,19.200,47531,4.394297
7,65,631.781,47531,157.880294
7,66,202.208,47531,36.171777
7,67,248.766,47531,46.517095
7,68,145.168,47531,25.014384
7,69,580.257,47531,171.412927
7,70,39.600,47531,8.389964
7,71,96.075,47531,15.635482
7,72,323.698,47531,81.875431
7,73,2188.868,47531,553.430114
7,74,61.800,47531,21.856561
7,75,946.422,47531,247.439436
7,76,80.465,47531,17.322746
7,77,318.236,47531,60.881127
7,78,191.231,47531,51.472400
7,79,91.721,47531,19.498499
7,80,144.208,47531,30.883067
7,81,548.148,47531,142.381269
7,82,74.235,47531,17.993142
7,83,78.027,47531,19.009308
7,84,4768.322,47531,1024.218471
7,85,482.006,47531,81.474321
7,86,899.239,47531,166.601446
7,87,2.835,47531,0.554631
7,88,373.622,47531,60.667893
7,89,548.046,47531,109.326050
7,90,5903.521,47531,1800.409167
7,91,10.200,47531,2.193124
7,92,231.027,47531,32.812618
7,93,730.160,47531,157.445910
7,94,1835.861,47531,459.754032
7,95,49.482,47531,8.024137
7,96,181.620,47531,33.587366
7,97,150.706,47531,36.436703
7,98,3876.688,47531,1126.254002
7,99,46.604,47531,9.616957
7,100,200.852,47531,43.199777
7,101,271.596,47531,50.336679
7,102,3050.003,47531,700.905783
7,103,115.313,47531,18.773513
7,104,208.200,47531,38.848119
7,105,77.506,47531,16.915822
7,106,418.885,47531,98.093887
7,107,585.936,47531,155.215257
7,108,437.071,47531,112.423285
7,109,171.685,47531,31.715644
7,110,295.246,47531,56.436754
7,111,449.856,47531,129.683619
7,112,271.956,47531,74.781122
7,113,130.306,47531,24.782615
7,114,1882.191,47531,520.555955
7,115,1137.468,47531,284.960399
7,116,173.252,47531,28.491744
7,117,280.382,47531,51.236054
7,118,2325.456,47531,553.319552
7,119,225.449,47531,37.643487
7,120,113.931,47531,20.084717
7,121,51.377,47531,9.929820
7,122,1531.926,47531,383.994242
7,123,1453.205,47531,458.682735
7,124,565.164,47531,164.710969
7,125,1543.022,47531,338.928058
7,126,85.631,47531,17.284882
7,127,382.295,47531,69.694528
7,128,89.709,47531,21.160930
7,129,210.479,47531,38.848216
7,130,240.946,47531,47.266524
7,131,1639.285,47531,373.000680
7,132,372.324,47531,92.570929
7,133,22.200,47531,4.673326
7,134,280.635,47531,57.411271
7,135,53.506,47531,8.294765
7,136,673.234,47531,155.934836
7,137,1730.382,47531,393.920641
7,138,166.934,47531,31.384572
7,139,476.093,47531,119.405870
7,140,483.002,47531,128.283535
7,141,334.828,47531,56.109912
7,142,172.934,47531,32.751061
7,143,403.086,47531,112.881521
7,144,2217.941,47531,543.129658
7,145,132.473,47531,23.753654
7,146,250.415,47531,45.597530
7,147,340.440,47531,69.976230
7,148,3696.966,47531,1121.601349
7,149,67.822,47531,12.529457
7,150,885.640,47531,231.572558
7,151,189.070,47531,44.127773
7,152,646.044,47531,131.540643
7,153,384.559,47531,73.957634
7,154,3948.783,47531,1065.953622
7,155,225.484,47531,45.653340
7,156,589.467,47531,109.395779
7,157,5612.188,47531,1417.627435
7,158,2123.789,47531,475.898325
7,159,15.377,47531,1.926446
7,160,505.228,47531,108.874185
7,161,193.216,47531,34.644043
7,162,1767.972,47531,287.062021
7,163,304.376,47531,56.160033
7,164,1092.593,47531,357.100031
7,165,1749.675,47531,427.713072
7,166,39.106,47531,8.607102
7,167,1533.371,47531,365.492247
7,168,256.103,47531,50.995202
7,169,436.270,47531,111.077130
7,170,577.083,47531,106.208453
7,171,1915.012,47531,487.276804
7,172,244.062,47531,56.024359
7,173,579.226,47531,120.906083
7,174,13.635,47531,2.192621
7,175,1084.753,47531,210.578495
7,176,386.003,47531,109.432438
7,177,138.197,47531,31.630327
7,178,91.200,47531,19.222358
7,179,283.037,47531,62.140211
7,180,720.917,47531,148.371582
7,181,467.333,47531,117.034907
7,182,349.901,47531,75.769929
7,183,58.339,47531,11.764113
7,184,138.016,47531,32.094020
7,185,65.215,47531,12.924038
7,186,8.942,47531,1.501191
7,187,847.881,47531,230.261974
7,188,159.154,47531,40.827917
7,189,1686.970,47531,296.602570
7,190,101.252,47531,18.931951
7,191,162.054,47531,29.245814
7,192,95.942,47531,18.633346
7,193,883.124,47531,176.656346
7,194,101.109,47531,16.771760
7,195,166.742,47531,32.953252
7,196,1330.228,47531,330.178698
7,197,65.029,47531,12.411244
7,198,2494.893,47531,441.219791
7,199,54.951,47531,11.808310
7,200,1312.014,47531,371.855195
7,201,4505.377,47531,1153.422874
7,202,473.800,47531,97.109097
7,203,182.321,47531,42.731043
7,204,677.461,47531,156.651845
7,205,617.400,47531,148.178107
7,206,656.842,47531,152.471843
7,207,22824.094,47531,8143.782074
7,208,2502.790,47531,598.912326
7,209,16.604,47531,2.768160
7,210,149.859,47531,24.413186
7,211,160.195,47531,19.944297
7,212,1105.627,47531,219.454495
7,213,223.535,47531,50.460699
7,214,25.412,47531,3.759274
7,215,2026.855,47531,505.404901
7,216,98.883,47531,17.932671
7,217,963.153,47531,187.405920
7,218,286.753,47531,54.251271
7,219,55.800,47531,10.164907
7,220,339.512,47531,76.472010
7,221,201.681,47531,38.745604
7,222,139.216,47531,45.220242
7,223,40.412,47531,7.735276
7,224,121.200,47531,37.656784
7,225,821.096,47531,185.109121
7,226,163.244,47531,27.467466
7,227,119.400,47531,39.541955
7,228,819.060,47531,186.671956
7,229,471.633,47531,142.911353
7,230,16.200,47531,3.609610
7,231,532.200,47531,146.146816
7,232,153.383,47531,20.817780
7,233,738.057,47531,133.666918
7,234,426.199,47531,90.460993
7,235,881.704,47531,221.015891
7,236,369.267,47531,81.159299
7,237,7.800,47531,1.615658
7,238,161.980,47531,28.170792
7,239,149.804,47531,26.873998
7,240,1152.856,47531,254.870605
7,241,498.172,47531,121.721370
7,242,407.852,47531,95.252282
7,243,646.574,47531,131.272853
7,244,107.241,47531,20.911929
7,245,15491.140,47531,3844.545183
7,246,298.326,47531,52.249963
7,247,397.175,47531,79.496534
7,248,2870.329,47531,663.160110
7,249,272.388,47531,58.016102
7,250,2170.149,47531,472.452867
7,251,81.319,47531,14.343115
7,252,206.608,47531,39.288221
7,253,289.739,47531,53.117261
7,254,142.738,47531,27.545900
7,255,1002.841,47531,233.582221
7,256,67.036,47531,11.477141
7,257,204.983,47531,35.189351
7,258,213.459,47531,39.741275
7,259,61.577,47531,9.833944
7,260,120.589,47531,27.717094
7,261,40.800,47531,8.153717
7,262,130.763,47531,24.234647
7,263,2589.533,47531,636.103892
7,264,34.577,47531,6.710560
7,265,479.608,47531,108.966345
7,266,355.755,47531,87.809379
7,267,189.983,47531,35.952008
7,268,770.340,47531,151.540966
7,269,44.995,47531,6.878214
7,270,497.942,47531,136.793853
7,271,230.793,47531,44.200965
7,272,488.964,47531,144.201459
7,273,110.921,47531,21.334586
7,274,59.660,47531,11.077441
7,275,984.309,47531,221.932807
7,276,26.612,47531,3.885126
7,277,17.835,47531,3.441486
7,278,2492.218,47531,567.478393
7,279,251.586,47531,41.838883
7,280,100.195,47531,19.067495
7,281,101.416,47531,15.742790
7,282,261.860,47531,49.607215
7,283,2148.351,47531,705.191493
7,284,186.781,47531,36.201140
7,285,56.093,47531,14.056307
7,286,41.835,47531,7.896399
7,287,3993.646,47531,1182.676492
7,288,157.035,47531,33.399382
7,289,172.200,47531,35.900879
7,290,83.857,47531,15.961986
7,291,1959.293,47531,552.615184
7,292,236.342,47531,49.669499
7,293,145.673,47531,25.832181
7,294,133.593,47531,39.016180
7,295,695.448,47531,185.682642
7,296,870.337,47531,235.227226
7,297,325.354,47531,77.198462
7,298,365.526,47531,81.268133
7,299,409.514,47531,85.628316
7,300,206.400,47531,42.188353
7,301,2.400,47531,0.467191
7,302,1527.315,47531,314.739506
7,303,118.259,47531,18.315193
7,304,3.000,47531,0.474170
7,305,472.425,47531,100.310829
7,306,753.105,47531,171.757060
7,307,49.471,47531,10.026125
7,308,61.068,47531,10.968620
7,309,3156.284,47531,627.193914
7,310,631.955,47531,149.629150
7,311,730.456,47531,157.564199
7,312,210.065,47531,43.684626
7,313,988.256,47531,198.727012
7,314,264.463,47531,34.396644
7,315,27.966,47531,4.010584
7,316,497.342,47531,119.477267
7,317,944.060,47531,245.308679
7,318,10.635,47531,1.865684
7,319,505.160,47531,87.817118
7,320,650.706,47531,158.641478
7,321,42.966,47531,9.345848
7,322,376.690,47531,78.849106
7,323,841.572,47531,223.306913
7,324,1827.685,47531,426.904393
7,325,900.733,47531,220.342304
7,326,217.339,47531,53.421647
7,327,27.600,47531,4.825097
7,328,500.148,47531,122.410462
7,329,403.525,47531,88.806492
7,330,33.600,47531,6.541512
7,331,751.343,47531,143.841455
7,332,1090.805,47531,173.444339
7,333,65.724,47531,10.580279
7,334,0.600,47531,0.095496
7,335,1911.086,47531,527.914955
7,336,404.980,47531,91.073490
7,337,3501.106,47531,1183.680203
7,338,75.691,47531,12.799888
7,339,121.519,47531,26.518586
7,340,773.714,47531,154.344110
7,341,286.936,47531,50.379543
7,342,95.581,47531,17.192962
7,343,1306.726,47531,379.673988
7,344,186.675,47531,28.570512
7,345,68.804,47531,11.760254
7,346,32.835,47531,4.739349
7,347,113.560,47531,20.611763
7,348,1475.845,47531,358.539724
7,349,38.406,47531,7.404664
7,350,2023.706,47531,489.099959
7,351,200.890,47531,40.063519
7,352,256.585,47531,43.217241
7,353,1498.315,47531,410.149115
7,354,1235.008,47531,311.210878
7,355,63.059,47531,10.733067
7,356,121.306,47531,23.828910
7,357,10549.964,47531,2781.410115
7,358,748.721,47531,193.770612
7,359,107.060,47531,23.914293
7,360,260.039,47531,70.627755
7,361,131.204,47531,24.970865
7,362,14.389,47531,3.076597
7,363,52.635,47531,9.218095
7,364,186.431,47531,63.176480
7,365,112.779,47531,24.096513
7,366,2548.546,47531,598.322944
7,367,20.071,47531,3.369042
7,368,145.800,47531,33.478666
7,369,22.800,47531,4.187038
7,370,534.994,47531,122.987137
7,371,14.235,47531,2.492667
7,372,122.459,47531,20.101202
7,373,49.800,47531,8.917841
7,374,144.277,47531,25.565443
7,375,30.760,47531,5.643608
7,376,29.671,47531,5.998305
7,377,601.951,47531,127.968134
7,378,33.160,47531,5.508718
7,379,1414.597,47531,335.890897
7,380,118.259,47531,22.173753
7,381,67.312,47531,9.929589
7,382,190.547,47531,31.519283
7,383,309.000,47531,67.301893
8,0,1265.799,47531,316.990375
8,1,1511.142,47531,364.394286
8,2,426.326,47531,83.227111
8,3,454.635,47531,98.263378
8,4,446.449,47531,104.441187
8,5,575.726,47531,110.266600
8,6,416.376,47531,81.650200
8,7,202.360,47531,39.676896
8,8,4332.515,47531,944.527655
8,9,352.827,47531,78.916005
8,10,164.503,47531,33.900696
8,11,330.861,47531,67.804095
8,12,318.647,47531,64.379053
8,13,123.388,47531,21.912818
8,14,1189.311,47531,273.992806
8,15,1439.645,47531,317.093583
8,16,4103.643,47531,902.724991
8,17,208.147,47531,62.920958
8,18,2959.854,47531,632.464533
8,19,136.838,47531,22.941282
8,20,170.793,47531,33.358215
8,21,454.280,47531,78.299986
8,22,2250.822,47531,534.892260
8,23,87.366,47531,14.868120
8,24,659.794,47531,191.018501
8,25,120.144,47531,32.365377
8,26,194.980,47531,43.817966
8,27,76.635,47531,15.725422
8,28,143.437,47531,31.326781
8,29,11275.555,47531,3288.374758
8,30,183.092,47531,49.867872
8,31,241.113,47531,52.189406
8,32,11.612,47531,1.604330
8,33,106.381,47531,18.451776
8,34,790.127,47531,257.981763
8,35,28.614,47531,5.220813
8,36,212.899,47531,48.586737
8,37,105.473,47531,20.314258
8,38,165.435,47531,32.546701
8,39,339.267,47531,66.901128
8,40,40.535,47531,6.827020
8,41,308.591,47531,89.985166
8,42,2945.506,47531,781.340652
8,43,441.483,47531,81.904526
8,44,199.223,47531,33.317476
8,45,919.169,47531,225.344263
8,46,104.544,47531,17.166976
8,47,260.873,47531,58.325798
8,48,256.866,47531,51.432874
8,49,364.467,47531,76.641506
8,50,420.000,47531,112.099621
8,51,292.817,47531,45.997757
8,52,180.608,47531,37.297984
8,53,420.600,47531,93.904079
8,54,766.557,47531,171.319675
8,55,288.664,47531,68.989101
8,56,599.489,47531,116.685556
8,57,1281.629,47531,313.781138
8,58,1155.549,47531,338.870828
8,59,47.777,47531,9.650592
8,60,200.835,47531,55.699609
8,61,507.321,47531,108.991882
8,62,238.200,47531,52.785343
8,63,203.119,47531,44.390008
8,64,386.390,47531,83.974787
8,65,123.887,47531,29.494740
8,66,975.914,47531,205.143443
8,67,2736.301,47531,677.880938
8,68,31.800,47531,6.217344
8,69,58.200,47531,13.439324
8,70,199.328,47531,38.168963
8,71,1163.789,47531,265.412240
8,72,92.767,47531,18.284223
8,73,737.778,47531,257.004526
8,74,216.267,47531,37.283573
8,75,292.126,47531,65.837634
8,76,173.784,47531,29.834762
8,77,308.796,47531,68.018050
8,78,406.132,47531,98.393026
8,79,35.475,47531,7.974634
8,80,41.989,47531,10.950634
8,81,710.534,47531,158.408652
8,82,3.000,47531,0.623289
8,83,170.039,47531,33.163147
8,84,563.325,47531,107.924121
8,85,304.039,47531,65.881072
8,86,21.600,47531,3.065501
8,87,611.305,47531,120.497728
8,88,170.248,47531,32.076030
8,89,634.724,47531,178.816976
8,90,1932.081,47531,495.910535
8,91,276.435,47531,81.604400
8,92,879.241,47531,186.139276
8,93,26.400,47531,5.977189
8,94,2048.602,47531,475.378745
8,95,243.037,47531,64.950066
8,96,70.035,47531,11.281288
8,97,1840.125,47531,429.165895
8,98,85.200,47531,20.672570
8,99,173.878,47531,44.588117
8,100,604.715,47531,129.398643
8,101,1307.833,47531,379.550773
8,102,759.391,47531,227.660177
8,103,778.417,47531,136.446787
8,104,1468.636,47531,449.120165
8,105,303.706,47531,63.951807
8,106,5.400,47531,0.821687
8,107,111.123,47531,22.412930
8,108,18.600,47531,2.864077
8,109,823.054,47531,173.958024
8,110,457.511,47531,113.337657
8,111,1573.140,47531,428.418170
8,112,1349.046,47531,371.089744
8,113,607.999,47531,97.724702
8,114,236.963,47531,58.702881
8,115,764.097,47531,176.320919
8,116,82.747,47531,13.904064
8,117,1576.189,47531,369.367835
8,118,542.595,47531,111.998975
8,119,550.597,47531,130.991738
8,120,19.200,47531,4.136240
8,121,945.197,47531,261.357530
8,122,362.938,47531,90.071361
8,123,378.345,47531,105.408402
8,124,157.939,47531,31.378568
8,125,64.238,47531,8.806943
8,126,191.002,47531,50.785488
8,127,959.093,47531,262.860170
8,128,1503.725,47531,294.069680
8,129,742.467,47531,120.890857
8,130,122.359,47531,19.548616
8,131,124.200,47531,31.849252
8,132,12.435,47531,1.979678
8,133,153.606,47531,30.196372
8,134,487.196,47531,121.084252
8,135,706.583,47531,128.020273
8,136,234.003,47531,44.469528
8,137,1121.011,47531,265.065365
8,138,136.370,47531,21.816885
8,139,648.875,47531,138.164941
8,140,27.435,47531,6.756034
8,141,441.435,47531,80.563470
8,142,1222.380,47531,273.532925
8,143,218.013,47531,51.508822
8,144,909.473,47531,171.307349
8,145,78.271,47531,20.316358
8,146,184.635,47531,45.713504
8,147,83.348,47531,19.643069
8,148,808.796,47531,174.066636
8,149,415.961,47531,87.971747
8,150,74.220,47531,13.085184
8,151,117.431,47531,24.393607
8,152,478.632,47531,107.881173
8,153,118.035,47531,31.097696
8,154,520.081,47531,94.806822
8,155,358.042,47531,73.358397
8,156,717.153,47531,190.508357
8,157,352.107,47531,73.310729
8,158,1449.381,47531,398.406657
8,159,40.099,47531,7.933714
8,160,161.533,47531,44.935198
8,161,775.245,47531,169.237415
8,162,14.400,47531,2.050550
8,163,809.770,47531,237.071369
8,164,3453.286,47531,735.885984
8,165,692.723,47531,157.135003
8,166,19.593,47531,4.241534
8,167,31.524,47531,6.293688
8,168,549.293,47531,151.980855
8,169,734.976,47531,188.359428
8,170,77.018,47531,13.806841
8,171,2163.470,47531,492.883745
8,172,1129.679,47531,253.116176
8,173,2000.388,47531,479.740046
8,174,514.454,47531,119.174323
8,175,1281.666,47531,241.121671
8,176,8.400,47531,1.183619
8,177,782.374,47531,181.698434
8,178,2566.192,47531,685.833948
8,179,2330.316,47531,574.729834
8,180,52.439,47531,8.245448
8,181,564.051,47531,132.645740
8,182,740.687,47531,237.395498
8,183,129.393,47531,30.097074
8,184,187.699,47531,21.195854
8,185,2081.218,47531,535.227745
8,186,2979.203,47531,1028.099339
8,187,140.544,47531,25.353181
8,188,29.400,47531,6.411023
8,189,609.679,47531,148.911560
8,190,257.392,47531,55.209916
8,191,748.068,47531,157.406705
8,192,7159.058,47531,1556.308669
8,193,693.035,47531,187.903523
8,194,223.382,47531,49.082726
8,195,449.270,47531,97.916673
8,196,78.393,47531,18.312322
8,197,515.019,47531,126.948530
8,198,70.412,47531,16.518144
8,199,48.818,47531,9.040010
8,200,416.539,47531,108.006928
8,201,39.000,47531,5.520327
8,202,187.800,47531,41.370774
8,203,127.577,47531,31.958160
8,204,301.391,47531,84.900022
8,205,860.488,47531,210.756060
8,206,29.400,47531,7.653326
8,207,234.182,47531,44.127701
8,208,609.910,47531,141.449957
8,209,954.482,47531,206.563715
8,210,3817.214,47531,1026.299346
8,211,1070.412,47531,296.382806
8,212,2148.606,47531,506.059045
8,213,587.718,47531,89.535305
8,214,818.490,47531,184.091024
8,215,137.358,47531,35.886978
8,216,2028.675,47531,588.244051
8,217,473.178,47531,120.852865
8,218,501.857,47531,113.062186
8,219,367.887,47531,74.176462
8,220,452.518,47531,111.736936
8,221,273.665,47531,65.672423
8,222,6180.984,47531,1543.295590
8,223,1208.329,47531,404.507814
8,224,462.755,47531,116.308937
8,225,480.683,47531,122.470210
8,226,3499.408,47531,1058.056472
8,227,704.264,47531,183.973581
8,228,1141.906,47531,355.983176
8,229,3494.699,47531,915.033303
8,230,19.083,47531,2.903360
8,231,185.735,47531,49.321196
8,232,297.483,47531,79.510445
8,233,1360.099,47531,417.953478
8,234,923.213,47531,238.049702
8,235,126.812,47531,20.650425
8,236,110.634,47531,24.274712
8,237,509.257,47531,222.527994
8,238,21.000,47531,3.108394
8,239,57.064,47531,8.564379
8,240,121.800,47531,23.057122
8,241,293.651,47531,43.442697
8,242,305.543,47531,53.740440
8,243,21.271,47531,4.308403
8,244,28.306,47531,4.474540
8,245,573.070,47531,173.160623
8,246,5061.986,47531,1252.171022
8,247,41.745,47531,6.643217
8,248,2410.475,47531,731.499031
8,249,14.002,47531,3.576893
8,250,449.649,47531,100.619521
8,251,180.224,47531,46.964081
8,252,193.531,47531,50.208986
8,253,29.942,47531,4.712279
8,254,481.458,47531,151.326127
8,255,264.435,47531,64.530969
8,256,1068.203,47531,278.483496
8,257,53.671,47531,11.276265
8,258,1736.848,47531,395.563449
8,259,93.053,47531,17.104786
8,260,576.733,47531,167.392261
8,261,372.325,47531,105.875621
8,262,235.683,47531,62.964152
8,263,139.657,47531,27.027209
8,264,16.604,47531,3.736248
8,265,1176.860,47531,240.443890
8,266,41.660,47531,7.867241
8,267,85.635,47531,23.967453
8,268,1957.356,47531,633.245385
8,269,677.657,47531,155.089723
8,270,1586.379,47531,339.442853
8,271,2627.369,47531,653.778281
8,272,45.600,47531,10.316018
8,273,172.673,47531,33.822478
8,274,74.878,47531,13.176427
8,275,78.941,47531,14.413958
8,276,253.312,47531,63.244328
8,277,2064.742,47531,560.228014
8,278,230.757,47531,58.786826
8,279,842.822,47531,225.342316
8,280,844.343,47531,195.619205
8,281,8.400,47531,2.054033
8,282,2410.278,47531,712.785096
8,283,705.669,47531,150.073515
8,284,95.815,47531,23.517524
8,285,305.463,47531,70.489695
8,286,1322.727,47531,204.347333
8,287,155.120,47531,29.529183
8,288,11057.400,47531,3096.146615
8,289,3572.851,47531,953.094419
8,290,9.812,47531,1.706453
8,291,443.549,47531,128.053524
8,292,113.368,47531,28.306707
8,293,459.820,47531,110.940321
8,294,699.106,47531,169.240432
8,295,748.587,47531,183.745806
8,296,988.569,47531,224.529455
8,297,637.853,47531,140.697746
8,298,206.427,47531,47.677852
8,299,380.751,47531,67.761527
8,300,487.768,47531,111.809868
8,301,182.020,47531,39.671814
8,302,111.871,47531,22.210104
8,303,36.239,47531,6.912560
8,304,4980.811,47531,1289.586229
8,305,2245.782,47531,537.973397
8,306,382.696,47531,74.602318
8,307,205.361,47531,45.149222
8,308,625.200,47531,169.428844
8,309,33.372,47531,5.836633
8,310,1149.659,47531,254.934727
8,311,163.301,47531,28.598900
8,312,9.706,47531,1.415680
8,313,157.434,47531,22.434911
8,314,326.167,47531,63.193386
8,315,48.096,47531,10.631228
8,316,832.395,47531,249.250159
8,317,155.762,47531,28.932633
8,318,75.133,47531,17.021362
8,319,725.104,47531,193.001822
8,320,419.645,47531,101.164923
8,321,120.133,47531,30.631629
8,322,18.600,47531,3.192059
8,323,1076.183,47531,238.078016
8,324,1198.284,47531,323.861331
8,325,677.504,47531,170.279674
8,326,180.568,47531,32.078429
8,327,10.800,47531,1.631472
8,328,67.593,47531,18.203514
8,329,178.218,47531,35.086871
8,330,53.942,47531,9.818838
8,331,624.327,47531,140.413625
8,332,729.267,47531,184.630180
8,333,911.296,47531,225.459041
8,334,498.383,47531,104.149013
8,335,12.154,47531,3.140293
8,336,1209.889,47531,266.114616
8,337,522.768,47531,113.639925
8,338,229.078,47531,52.864165
8,339,11.400,47531,2.134098
8,340,215.437,47531,39.236050
8,341,330.298,47531,86.100130
8,342,302.687,47531,60.011980
8,343,48.600,47531,12.929324
8,344,1.800,47531,0.365207
8,345,12.977,47531,2.229028
8,346,153.914,47531,33.272805
8,347,513.876,47531,132.799332
8,348,338.119,47531,67.908230
8,349,541.089,47531,139.262467
8,350,923.877,47531,217.495363
8,351,130.142,47531,30.832069
8,352,3881.877,47531,1016.806336
8,353,471.027,47531,120.813242
8,354,65.071,47531,9.490059
8,355,42.600,47531,10.969460
8,356,392.413,47531,95.641276
8,357,761.540,47531,176.280022
8,358,44.698,47531,11.653933
8,359,165.324,47531,28.267370
8,360,744.303,47531,175.043748
8,361,11264.402,47531,3606.563123
8,362,515.557,47531,111.631969
8,363,15.600,47531,2.184229
8,364,19.200,47531,3.885834
8,365,739.896,47531,161.920607
8,366,254.814,47531,68.139811
8,367,695.080,47531,150.013611
8,368,74.805,47531,15.995385
8,369,305.160,47531,53.548392
8,370,1149.056,47531,233.953497
8,371,2522.730,47531,758.506306
8,372,262.498,47531,73.735725
8,373,411.893,47531,75.497391
8,374,881.927,47531,234.384946
8,375,376.444,47531,73.594305
8,376,909.972,47531,218.493902
8,377,103.635,47531,24.360258
8,378,1108.980,47531,288.209072
8,379,166.137,47531,31.128726
8,380,1335.584,47531,259.889031
8,381,268.084,47531,64.743625
8,382,1666.647,47531,367.848691
8,383,77.400,47531,16.294910
9,0,2.400,47531,0.417889
9,1,127.658,47531,24.797192
9,2,301.293,47531,63.752168
9,3,1807.140,47531,433.786829
9,4,183.462,47531,30.064749
9,5,419.040,47531,117.107607
9,6,184.325,47531,44.007878
9,7,92.400,47531,17.675675
9,8,162.600,47531,39.132560
9,9,1422.091,47531,353.300850
9,10,4390.345,47531,1163.448114
9,11,245.400,47531,58.982183
9,12,128.671,47531,29.470759
9,13,1024.327,47531,254.170694
9,14,81.760,47531,13.764082
9,15,84.600,47531,19.016911
9,16,1382.438,47531,334.491973
9,17,357.899,47531,70.019951
9,18,285.001,47531,68.937839
9,19,22.200,47531,5.349278
9,20,807.072,47531,191.597149
9,21,55.710,47531,9.592944
9,22,3959.496,47531,963.552764
9,23,26.544,47531,4.891531
9,24,121.200,47531,32.264440
9,25,134.639,47531,25.832898
9,26,1388.740,47531,387.787750
9,27,273.858,47531,59.438597
9,28,371.661,47531,102.185658
9,29,74.661,47531,12.793390
9,30,399.759,47531,66.236201
9,31,685.583,47531,144.931609
9,32,1366.267,47531,268.972185
9,33,1113.333,47531,285.833142
9,34,187.159,47531,34.766025
9,35,1347.490,47531,285.673758
9,36,144.914,47531,25.269913
9,37,693.453,47531,187.697398
9,38,9.435,47531,1.760828
9,39,154.243,47531,28.026104
9,40,358.949,47531,92.693037
9,41,1538.737,47531,346.563299
9,42,736.543,47531,182.064388
9,43,16.460,47531,3.004348
9,44,34.604,47531,6.121956
9,45,39.435,47531,8.361205
9,46,7825.790,47531,1588.010238
9,47,1359.989,47531,311.570294
9,48,86.235,47531,15.205541
9,49,941.671,47531,232.725712
9,50,542.944,47531,104.361027
9,51,1003.753,47531,241.765767
9,52,466.625,47531,112.397179
9,53,2609.771,47531,557.932757
9,54,302.530,47531,61.328606
9,55,67.083,47531,15.056958
9,56,452.693,47531,95.161535
9,57,49.200,47531,9.124333
9,58,534.749,47531,144.412957
9,59,52.800,47531,12.860199
9,60,24.589,47531,3.960277
9,61,183.600,47531,37.799386
9,62,218.650,47531,53.922616
9,63,493.096,47531,98.111609
9,64,109.392,47531,19.820689
9,65,8.342,47531,1.472635
9,66,1937.824,47531,397.686690
9,67,49.200,47531,14.391189
9,68,241.800,47531,55.955536
9,69,508.174,47531,107.364000
9,70,1587.791,47531,284.300319
9,71,915.293,47531,287.368236
9,72,3.600,47531,1.052819
9,73,525.882,47531,143.136820
9,74,63.106,47531,16.938807
9,75,588.664,47531,166.890257
9,76,582.600,47531,149.412733
9,77,2066.107,47531,540.902868
9,78,46.800,47531,10.628165
9,79,1857.087,47531,451.949193
9,80,122.193,47531,32.969318
9,81,491.229,47531,99.912320
9,82,3432.096,47531,1054.249377
9,83,24.600,47531,4.804394
9,84,43.635,47531,10.935319
9,85,45.000,47531,15.014854
9,86,2697.720,47531,687.740089
9,87,1126.774,47531,274.694680
9,88,85.099,47531,16.353462
9,89,42.000,47531,7.683326
9,90,472.296,47531,97.673332
9,91,387.150,47531,94.540473
9,92,112.392,47531,22.589780
9,93,1132.102,47531,263.800980
9,94,90.212,47531,20.286603
9,95,2.835,47531,0.493846
9,96,144.293,47531,33.310570
9,97,2200.911,47531,414.460513
9,98,608.768,47531,137.785546
9,99,288.404,47531,75.283346
9,100,232.212,47531,45.765062
9,101,148.099,47531,42.126901
9,102,1733.889,47531,447.491973
9,103,31.296,47531,6.912449
9,104,89.013,47531,16.683009
9,105,128.003,47531,24.718739
9,106,208.498,47531,53.418294
9,107,2034.120,47531,507.205997
9,108,878.214,47531,187.648864
9,109,57.271,47531,13.151126
9,110,1518.034,47531,377.961922
9,111,340.370,47531,81.151834
9,112,104.756,47531,17.832408
9,113,21.600,47531,4.728812
9,114,1314.014,47531,236.279167
9,115,1228.103,47531,369.627636
9,116,594.542,47531,147.370529
9,117,342.988,47531,82.540668
9,118,790.782,47531,181.292896
9,119,689.727,47531,198.050163
9,120,959.512,47531,227.238226
9,121,305.980,47531,69.515925
9,122,17.835,47531,2.932022
9,123,8.400,47531,1.600772
9,124,766.471,47531,205.463079
9,125,1018.469,47531,269.749448
9,126,19.848,47531,4.042889
9,127,485.492,47531,124.549010
9,128,202.222,47531,52.332538
9,129,433.282,47531,97.934363
9,130,142.292,47531,25.989906
9,131,1399.434,47531,418.672402
9,132,3669.655,47531,1036.021764
9,133,62.437,47531,11.116322
9,134,4120.390,47531,1039.390932
9,135,312.945,47531,93.040852
9,136,959.376,47531,229.602668
9,137,4533.256,47531,899.941935
9,138,949.710,47531,225.674802
9,139,372.205,47531,77.730455
9,140,523.376,47531,115.900147
9,141,315.085,47531,86.206415
9,142,463.899,47531,104.854971
9,143,123.600,47531,24.270775
9,144,167.332,47531,34.200779
9,145,91.201,47531,14.100568
9,146,597.412,47531,137.123899
9,147,811.575,47531,189.121101
9,148,345.903,47531,77.572444
9,149,1144.458,47531,320.581056
9,150,610.083,47531,145.524791
9,151,84.000,47531,21.455110
9,152,123.000,47531,28.222811
9,153,183.866,47531,44.882241
9,154,137.427,47531,26.597316
9,155,1260.984,47531,302.910803
9,156,4005.099,47531,1302.508436
9,157,15.600,47531,3.362168
9,158,453.614,47531,120.544138
9,159,24.435,47531,4.247179
9,160,488.985,47531,118.220150
9,161,262.918,47531,55.558403
9,162,38.793,47531,5.903078
9,163,130.391,47531,31.484845
9,164,116.400,47531,28.139762
9,165,101.528,47531,14.743215
9,166,211.291,47531,43.149978
9,167,302.390,47531,55.440239
9,168,603.367,47531,162.454820
9,169,351.113,47531,62.698022
9,170,798.232,47531,197.664257
9,171,21.919,47531,4.146598
9,172,31.662,47531,5.482750
9,173,636.644,47531,121.984787
9,174,339.046,47531,67.276874
9,175,118.811,47531,21.017635
9,176,177.425,47531,43.014486
9,177,506.321,47531,130.186844
9,178,81.319,47531,11.467911
9,179,55.471,47531,12.039544
9,180,1491.778,47531,346.244467
9,181,12.000,47531,2.669336
9,182,132.154,47531,29.530842
9,183,945.254,47531,192.663812
9,184,405.919,47531,114.296847
9,185,33.871,47531,5.413380
9,186,103.635,47531,22.412342
9,187,638.958,47531,135.154967
9,188,1377.806,47531,347.432795
9,189,445.906,47531,116.970187
9,190,336.518,47531,70.518250
9,191,344.257,47531,79.419593
9,192,17.506,47531,3.174675
9,193,67.296,47531,16.120694
9,194,0.000,47531,0.000000
9,195,2242.720,47531,549.195265
9,196,179.464,47531,44.406335
9,197,6829.774,47531,1518.676211
9,198,54.653,47531,11.538513
9,199,1248.560,47531,278.178597
9,200,544.568,47531,137.601746
9,201,605.041,47531,142.998009
9,202,1074.531,47531,263.959260
9,203,131.289,47531,29.437172
9,204,21.435,47531,4.267395
9,205,1459.174,47531,353.300819
9,206,112.800,47531,30.633949
9,207,94.800,47531,23.543467
9,208,954.575,47531,244.626586
9,209,156.903,47531,36.937736
9,210,4.200,47531,0.922474
9,211,158.401,47531,29.174916
9,212,884.987,47531,194.658666
9,213,95.926,47531,19.004306
9,214,157.112,47531,29.968032
9,215,98.581,47531,14.931295
9,216,282.781,47531,70.596765
9,217,1115.602,47531,240.584992
9,218,105.212,47531,18.413648
9,219,112.906,47531,18.296795
9,220,439.896,47531,96.703191
9,221,324.704,47531,62.925588
9,222,605.068,47531,166.506105
9,223,650.385,47531,153.001287
9,224,7493.049,47531,1580.511816
9,225,69.435,47531,12.349534
9,226,57.808,47531,8.769613
9,227,2026.814,47531,419.541436
9,228,157.716,47531,26.601017
9,229,70.248,47531,15.912207
9,230,25.200,47531,5.472960
9,231,1958.833,47531,379.161188
9,232,1186.470,47531,278.428587
9,233,722.385,47531,178.954284
9,234,311.103,47531,65.944856
9,235,386.902,47531,86.129410
9,236,212.629,47531,42.518765
9,237,663.550,47531,154.470543
9,238,1604.650,47531,373.465788
9,239,81.000,47531,14.973820
9,240,70.322,47531,9.889355
9,241,144.441,47531,32.363005
9,242,2258.260,47531,585.875545
9,243,448.807,47531,101.381596
9,244,965.769,47531,197.248100
9,245,567.895,47531,149.565485
9,246,754.078,47531,190.180842
9,247,158.470,47531,33.220421
9,248,1679.398,47531,438.681624
9,249,1451.228,47531,339.252237
9,250,250.413,47531,79.732922
9,251,352.466,47531,99.756597
9,252,173.762,47531,35.007701
9,253,7.800,47531,1.608880
9,254,304.662,47531,86.779377
9,255,277.663,47531,45.162789
9,256,1182.053,47531,299.687584
9,257,1216.297,47531,328.153579
9,258,623.667,47531,150.744830
9,259,35.400,47531,7.359595
9,260,102.871,47531,28.536704
9,261,15.096,47531,2.809114
9,262,228.425,47531,51.316501
9,263,26481.437,47531,9861.446187
9,264,752.477,47531,164.578778
9,265,597.284,47531,158.987737
9,266,1968.417,47531,430.711058
9,267,89.459,47531,16.935625
9,268,11.400,47531,2.162826
9,269,422.879,47531,93.943239
9,270,3147.915,47531,563.235841
9,271,108.600,47531,22.248896
9,272,741.184,47531,141.073495
9,273,291.239,47531,61.334154
9,274,425.173,47531,102.147090
9,275,34.354,47531,5.485264
9,276,0.000,47531,0.000000
9,277,47.937,47531,8.603184
9,278,537.789,47531,107.621948
9,279,124.848,47531,30.315296
9,280,82.349,47531,17.585296
9,281,57.510,47531,10.895891
9,282,742.546,47531,193.869971
9,283,180.229,47531,33.027937
9,284,120.421,47531,18.931528
9,285,971.715,47531,245.717821
9,286,815.537,47531,205.766345
9,287,240.463,47531,45.552690
9,288,956.248,47531,242.632794
9,289,588.580,47531,173.437739
9,290,30.271,47531,4.242728
9,291,237.478,47531,43.153362
9,292,407.469,47531,67.092225
9,293,20.400,47531,4.413920
9,294,1587.431,47531,444.625760
9,295,174.600,47531,41.489057
9,296,239.933,47531,49.373519
9,297,1782.556,47531,460.856278
9,298,65.522,47531,12.474772
9,299,93.043,47531,17.383047
9,300,41.098,47531,9.495124
9,301,90.000,47531,24.588233
9,302,1678.591,47531,433.183099
9,303,7404.308,47531,1930.439834
9,304,5.400,47531,1.041609
9,305,1544.708,47531,420.107152
9,306,1082.471,47531,208.280639
9,307,7.800,47531,1.606304
9,308,1879.807,47531,475.341108
9,309,137.650,47531,26.966999
9,310,532.821,47531,103.456031
9,311,1547.444,47531,237.846838
9,312,5066.020,47531,1235.984221
9,313,22.991,47531,4.803797
9,314,550.425,47531,125.522228
9,315,807.849,47531,213.548505
9,316,41.400,47531,13.382912
9,317,194.465,47531,40.112515
9,318,684.000,47531,180.032873
9,319,617.146,47531,191.278173
9,320,927.336,47531,241.566442
9,321,311.358,47531,72.548462
9,322,284.119,47531,64.357309
9,323,168.977,47531,43.516126
9,324,581.809,47531,158.695738
9,325,85.200,47531,18.121553
9,326,256.004,47531,59.458031
9,327,1786.054,47531,392.386347
9,328,296.310,47531,64.960866
9,329,538.901,47531,122.758986
9,330,191.235,47531,70.459023
9,331,718.766,47531,162.074598
9,332,79.270,47531,13.418939
9,333,2189.876,47531,621.199989
9,334,84.600,47531,16.234124
9,335,1888.928,47531,488.496519
9,336,68.506,47531,20.856828
9,337,457.511,47531,101.956983
9,338,315.435,47531,122.029504
9,339,761.076,47531,198.964340
9,340,30.983,47531,5.340059
9,341,970.896,47531,262.522940
9,342,477.993,47531,125.718814
9,343,1928.570,47531,603.865709
9,344,301.111,47531,81.878809
9,345,1224.110,47531,313.633714
9,346,313.124,47531,58.604756
9,347,269.217,47531,42.870634
9,348,182.119,47531,38.864027
9,349,61.789,47531,12.862038
9,350,938.340,47531,246.190173
9,351,576.303,47531,105.331794
9,352,133.137,47531,25.071759
9,353,82.800,47531,17.172380
9,354,503.236,47531,127.645267
9,355,96.000,47531,25.394908
9,356,88.035,47531,20.623477
9,357,105.696,47531,20.058320
9,358,18.600,47531,4.238150
9,359,44.724,47531,7.346563
9,360,51.812,47531,10.898706
9,361,25.768,47531,5.009326
9,362,802.988,47531,206.342339
9,363,537.146,47531,95.477417
9,364,603.569,47531,150.644642
9,365,42.202,47531,7.205864
9,366,974.913,47531,216.932606
9,367,516.393,47531,150.331206
9,368,391.753,47531,92.102108
9,369,411.000,47531,97.872883
9,370,88.800,47531,18.758218
9,371,4170.935,47531,751.613020
9,372,26.989,47531,4.780263
9,373,490.806,47531,113.274722
9,374,591.047,47531,105.160366
9,375,32.389,47531,5.543582
9,376,588.872,47531,90.023596
9,377,2052.361,47531,473.980684
9,378,2874.943,47531,763.756246
9,379,403.075,47531,108.462209
9,380,18.600,47531,3.812211
9,381,1542.852,47531,280.699481
9,382,161.400,47531,47.667272
9,383,255.448,47531,52.025440
10,0,28.577,47531,5.219623
10,1,939.545,47531,201.027401
10,2,681.656,47531,160.421472
10,3,1513.785,47531,304.655539
10,4,91.381,47531,14.665897
10,5,316.635,47531,82.180402
10,6,50.506,47531,12.187605
10,7,858.803,47531,214.053580
10,8,1242.297,47531,297.141184
10,9,363.985,47531,77.870799
10,10,44.612,47531,8.096743
10,11,373.412,47531,93.382914
10,12,57.744,47531,10.680151
10,13,2001.398,47531,630.496930
10,14,476.855,47531,85.097414
10,15,381.173,47531,71.113224
10,16,156.745,47531,28.101223
10,17,795.835,47531,194.095111
10,18,33.000,47531,6.850344
10,19,388.933,47531,88.872962
10,20,148.403,47531,23.701997
10,21,57.706,47531,14.201958
10,22,186.293,47531,48.108097
10,23,160.789,47531,31.948472
10,24,946.683,47531,258.597101
10,25,409.801,47531,109.470021
10,26,1990.383,47531,429.421480
10,27,476.739,47531,131.908678
10,28,22.800,47531,5.263206
10,29,65.400,47531,19.080857
10,30,147.505,47531,35.850673
10,31,84.234,47531,15.323493
10,32,3302.107,47531,716.231023
10,33,181.880,47531,45.312330
10,34,366.579,47531,75.120762
10,35,497.029,47531,119.566037
10,36,58.906,47531,11.236837
10,37,150.893,47531,32.118882
10,38,136.887,47531,26.813962
10,39,742.947,47531,194.170596
10,40,118.593,47531,17.873251
10,41,899.927,47531,222.629007
10,42,188.916,47531,36.670313
10,43,369.972,47531,99.671584
10,44,703.282,47531,170.485506
10,45,472.960,47531,111.183115
10,46,20.177,47531,4.364907
10,47,669.744,47531,165.567634
10,48,234.383,47531,48.358938
10,49,486.653,47531,103.009185
10,50,293.825,47531,78.605239
10,51,246.802,47531,64.986529
10,52,278.437,47531,72.227720
10,53,204.600,47531,57.760180
10,54,653.451,47531,149.395700
10,55,7.683,47531,1.342831
10,56,1503.531,47531,342.300727
10,57,1540.994,47531,409.108427
10,58,306.962,47531,62.712819
10,59,1290.055,47531,311.211258
10,60,173.756,47531,34.903153
10,61,1540.682,47531,261.315229
10,62,966.677,47531,242.043658
10,63,1942.800,47531,433.940900
10,64,18.000,47531,4.415747
10,65,29.177,47531,4.819779
10,66,858.475,47531,153.704744
10,67,521.178,47531,127.096912
10,68,40.906,47531,7.638628
10,69,589.025,47531,149.472126
10,70,514.577,47531,141.252833
10,71,220.068,47531,42.691491
10,72,275.283,47531,61.167103
10,73,43.237,47531,6.564191
10,74,4009.075,47531,882.706124
10,75,633.017,47531,157.497031
10,76,2095.613,47531,381.837303
10,77,283.977,47531,54.080979
10,78,241.742,47531,51.323387
10,79,246.966,47531,40.487411
10,80,1685.751,47531,398.806292
10,81,13.200,47531,2.256724
10,82,2123.160,47531,340.311538
10,83,64.822,47531,10.211380
10,84,404.688,47531,116.568402
10,85,211.306,47531,46.695907
10,86,218.835,47531,38.626847
10,87,1371.304,47531,376.544660
10,88,14.777,47531,3.703409
10,89,104.400,47531,29.391798
10,90,196.472,47531,36.974575
10,91,641.534,47531,166.777369
10,92,3217.224,47531,839.649998
10,93,864.203,47531,203.557211
10,94,240.495,47531,62.304868
10,95,1569.075,47531,400.402602
10,96,651.048,47531,171.679884
10,97,561.760,47531,129.889807
10,98,259.913,47531,51.461463
10,99,119.283,47531,24.076258
10,100,150.271,47531,30.812639
10,101,345.966,47531,76.810457
10,102,162.701,47531,152.219554
10,103,247.972,47531,31.610367
10,104,296.486,47531,62.306111
10,105,89.835,47531,17.856230
10,106,176.710,47531,30.136746
10,107,216.966,47531,39.332169
10,108,38.671,47531,6.737329
10,109,611.953,47531,154.213220
10,110,1090.394,47531,226.401972
10,111,388.992,47531,93.543353
10,112,4.200,47531,0.710786
10,113,348.962,47531,88.009543
10,114,1216.766,47531,259.810309
10,115,136.614,47531,35.309445
10,116,75.600,47531,17.354148
10,117,70.200,47531,18.340717
10,118,39.850,47531,6.532777
10,119,54.850,47531,10.983848
10,120,218.283,47531,59.537470
10,121,209.015,47531,36.678031
10,122,86.400,47531,19.578629
10,123,183.037,47531,42.551862
10,124,650.859,47531,143.071935
10,125,335.899,47531,78.825095
10,126,321.043,47531,57.279644
10,127,9026.919,47531,2178.241110
10,128,857.508,47531,197.558130
10,129,292.090,47531,50.739560
10,130,83.554,47531,15.156470
10,131,9.106,47531,1.766061
10,132,388.318,47531,102.260180
10,133,61.508,47531,16.055994
10,134,871.035,47531,272.203236
10,135,48.106,47531,11.178497
10,136,351.161,47531,42.271495
10,137,87.229,47531,19.904590
10,138,472.052,47531,83.560037
10,139,36.000,47531,8.233222
10,140,1262.945,47531,318.391768
10,141,748.424,47531,146.071187
10,142,650.010,47531,169.495958
10,143,574.379,47531,115.988726
10,144,115.508,47531,23.180312
10,145,351.176,47531,78.292914
10,146,649.365,47531,178.442423
10,147,531.398,47531,108.382145
10,148,4010.163,47531,945.375494
10,149,238.035,47531,57.670608
10,150,27.600,47531,7.445595
10,151,1940.898,47531,689.152253
10,152,2137.676,47531,496.399013
10,153,111.511,47531,22.923822
10,154,723.683,47531,182.332175
10,155,473.848,47531,112.117885
10,156,148.137,47531,37.445887
10,157,2007.645,47531,387.463987
10,158,582.345,47531,137.406369
10,159,230.676,47531,40.755029
10,160,90.876,47531,17.257997
10,161,438.277,47531,90.621744
10,162,2029.816,47531,489.435360
10,163,310.280,47531,71.891850
10,164,4.035,47531,0.768519
10,165,3209.715,47531,903.699507
10,166,531.384,47531,141.614393
10,167,687.564,47531,174.797078
10,168,327.271,47531,83.815590
10,169,303.144,47531,80.081982
10,170,358.960,47531,79.397679
10,171,288.867,47531,65.568045
10,172,45.945,47531,7.332995
10,173,4622.244,47531,939.441709
10,174,150.972,47531,22.291684
10,175,9.600,47531,1.786082
10,176,1.800,47531,0.258255
10,177,14.071,47531,3.429820
10,178,578.587,47531,108.859457
10,179,3565.277,47531,1090.377748
10,180,173.400,47531,46.413995
10,181,1759.501,47531,501.051883
10,182,1984.121,47531,581.647338
10,183,6.542,47531,1.234858
10,184,180.234,47531,29.309445
10,185,115.742,47531,30.344440
10,186,72.000,47531,16.722166
10,187,92.400,47531,24.019119
10,188,290.591,47531,68.868626
10,189,14.400,47531,3.114177
10,190,176.974,47531,36.617591
10,191,262.620,47531,44.986246
10,192,117.589,47531,26.922102
10,193,516.000,47531,129.961372
10,194,95.475,47531,16.391056
10,195,739.556,47531,179.715794
10,196,257.486,47531,46.848654
10,197,1510.654,47531,434.941701
10,198,5.400,47531,0.938684
10,199,184.562,47531,30.082297
10,200,167.141,47531,30.796731
10,201,2556.871,47531,607.562855
10,202,16207.068,47531,3583.864258
10,203,216.872,47531,48.031729
10,204,31.800,47531,6.141793
10,205,317.835,47531,79.145351
10,206,53.400,47531,10.284084
10,207,122.629,47531,25.436072
10,208,259.195,47531,65.176212
10,209,223.662,47531,54.997522
10,210,946.583,47531,260.834923
10,211,4106.524,47531,1028.030896
10,212,155.012,47531,25.162410
10,213,42.377,47531,8.214844
10,214,210.229,47531,34.990962
10,215,42.866,47531,9.019562
10,216,598.202,47531,141.676912
10,217,6.000,47531,1.326364
10,218,155.835,47531,36.544004
10,219,160.875,47531,49.088477
10,220,150.829,47531,24.057889
10,221,51.435,47531,12.371902
10,222,1095.492,47531,183.398925
10,223,695.326,47531,167.133307
10,224,520.302,47531,82.957389
10,225,72.000,47531,18.685879
10,226,18.271,47531,4.027696
10,227,648.728,47531,171.631718
10,228,70.742,47531,13.238753
10,229,662.811,47531,150.645240
10,230,283.593,47531,63.183345
10,231,17.671,47531,2.715946
10,232,371.235,47531,98.360243
10,233,364.306,47531,104.509793
10,234,567.147,47531,157.417608
10,235,331.090,47531,76.380217
10,236,242.810,47531,48.060773
10,237,3823.992,47531,987.854371
10,238,836.267,47531,195.931933
10,239,42.149,47531,9.938798
10,240,55.200,47531,11.406549
10,241,10.635,47531,1.747818
10,242,431.197,47531,73.862074
10,243,318.050,47531,59.797485
10,244,378.278,47531,89.434873
10,245,621.658,47531,141.018565
10,246,325.952,47531,61.926990
10,247,752.924,47531,150.951408
10,248,275.939,47531,63.633228
10,249,77.235,47531,16.104326
10,250,247.005,47531,38.084121
10,251,2760.387,47531,611.323509
10,252,404.400,47531,99.565212
10,253,666.729,47531,150.953059
10,254,955.095,47531,222.170770
10,255,1520.146,47531,369.497906
10,256,576.022,47531,166.895276
10,257,455.178,47531,111.416927
10,258,997.350,47531,253.036904
10,259,11.883,47531,1.695719
10,260,109.264,47531,24.122051
10,261,95.008,47531,17.535217
10,262,123.037,47531,31.159873
10,263,2536.391,47531,657.054268
10,264,351.706,47531,89.578953
10,265,140.241,47531,22.021283
10,266,16858.747,47531,6222.939165
10,267,763.749,47531,205.607058
10,268,118.800,47531,23.620219
10,269,305.554,47531,64.400253
10,270,60.600,47531,14.523984
10,271,759.811,47531,169.897355
10,272,51.972,47531,9.969142
10,273,476.072,47531,110.934641
10,274,1133.955,47531,289.827189
10,275,82.695,47531,14.782425
10,276,951.000,47531,178.905341
10,277,454.218,47531,103.941026
10,278,283.020,47531,66.910968
10,279,633.773,47531,158.409369
10,280,253.800,47531,58.486709
10,281,587.411,47531,118.586202
10,282,29.671,47531,4.566049
10,283,71.411,47531,12.900385
10,284,2036.396,47531,586.580650
10,285,39.600,47531,9.172348
10,286,653.179,47531,150.400979
10,287,2532.972,47531,736.138037
10,288,208.508,47531,48.493213
10,289,300.083,47531,52.699457
10,290,12.706,47531,2.055675
10,291,934.474,47531,173.419141
10,292,10483.810,47531,3104.830140
10,293,168.170,47531,26.234478
10,294,40.848,47531,7.471157
10,295,495.383,47531,99.692388
10,296,1495.592,47531,343.597267
10,297,1426.904,47531,348.342746
10,298,556.954,47531,119.895256
10,299,372.542,47531,97.719183
10,300,30.600,47531,5.771279
10,301,71.826,47531,12.972228
10,302,557.035,47531,120.954132
10,303,241.222,47531,47.469427
10,304,222.542,47531,50.221238
10,305,1037.486,47531,249.349281
10,306,339.006,47531,111.696221
10,307,465.023,47531,96.659279
10,308,516.576,47531,116.485361
10,309,872.583,47531,170.600897
10,310,281.534,47531,50.410306
10,311,237.829,47531,42.585230
10,312,1405.149,47531,365.107087
10,313,407.883,47531,104.755007
10,314,556.005,47531,105.685792
10,315,107.905,47531,18.627359
10,316,711.151,47531,139.493136
10,317,718.800,47531,184.002869
10,318,455.380,47531,110.553275
10,319,23.204,47531,3.840671
10,320,2100.387,47531,493.245153
10,321,468.253,47531,90.756168
10,322,3352.705,47531,1083.656964
10,323,3699.519,47531,805.109716
10,324,982.237,47531,258.621673
10,325,95.199,47531,16.654296
10,326,824.960,47531,194.080298
10,327,260.989,47531,66.102270
10,328,86.400,47531,19.071801
10,329,48.648,47531,11.262676
10,330,188.676,47531,40.483277
10,331,227.480,47531,46.479654
10,332,1114.263,47531,309.526985
10,333,366.229,47531,84.971819
10,334,235.487,47531,56.484535
10,335,1697.207,47531,443.769429
10,336,520.148,47531,131.333130
10,337,478.545,47531,96.692642
10,338,370.264,47531,92.947118
10,339,2567.009,47531,674.978168
10,340,640.503,47531,146.784296
10,341,2425.238,47531,620.009043
10,342,4342.544,47531,1452.242960
10,343,644.302,47531,142.431643
10,344,109.301,47531,28.396660
10,345,85.918,47531,14.450103
10,346,562.642,47531,133.838251
10,347,37.577,47531,9.976092
10,348,135.883,47531,26.387984
10,349,2595.987,47531,621.042328
10,350,273.498,47531,83.335174
10,351,5.448,47531,1.218277
10,352,1167.476,47531,261.949021
10,353,274.589,47531,62.234790
10,354,16.460,47531,2.900725
10,355,755.755,47531,153.644649
10,356,125.071,47531,32.808645
10,357,145.800,47531,39.564813
10,358,802.994,47531,175.696235
10,359,6.271,47531,1.168260
10,360,261.898,47531,66.972261
10,361,70.944,47531,14.650629
10,362,968.946,47531,260.640009
10,363,660.778,47531,116.455986
10,364,78.872,47531,16.614690
10,365,491.693,47531,106.718400
10,366,10.200,47531,2.475815
10,367,159.589,47531,57.422037
10,368,298.016,47531,48.535162
10,369,117.483,47531,21.920584
10,370,428.293,47531,85.468629
10,371,1915.099,47531,406.111976
10,372,116.777,47531,28.810962
10,373,596.986,47531,152.761471
10,374,571.287,47531,156.261994
10,375,539.354,47531,126.258333
10,376,626.528,47531,169.047023
10,377,706.535,47531,176.819508
10,378,407.667,47531,102.671184
10,379,90.919,47531,22.119924
10,380,605.777,47531,134.967981
10,381,7490.861,47531,2029.964648
10,382,278.655,47531,65.909937
10,383,126.070,47531,21.354483
11,0,1690.631,47531,397.560729
11,1,103.189,47531,22.731149
11,2,304.579,47531,64.886663
11,3,7.800,47531,1.302993
11,4,1303.644,47531,354.602572
11,5,577.090,47531,129.307358
11,6,227.093,47531,44.675390
11,7,253.859,47531,68.818029
11,8,96.600,47531,26.837221
11,9,238.460,47531,52.087500
11,10,616.670,47531,127.136202
11,11,7493.717,47531,1982.743389
11,12,124.635,47531,26.934500
11,13,9016.797,47531,2244.198965
11,14,3308.927,47531,685.127828
11,15,386.810,47531,90.204474
11,16,1145.785,47531,286.185489
11,17,385.063,47531,87.452815
11,18,231.266,47531,42.481548
11,19,627.464,47531,158.500103
11,20,2921.219,47531,897.236483
11,21,719.651,47531,185.051333
11,22,856.789,47531,248.300545
11,23,71.777,47531,14.011034
11,24,4523.679,47531,1518.579261
11,25,402.829,47531,120.610879
11,26,438.140,47531,96.560836
11,27,372.687,47531,86.660567
11,28,582.018,47531,141.781350
11,29,1695.938,47531,369.503582
11,30,873.507,47531,183.482747
11,31,957.465,47531,245.773626
11,32,343.999,47531,85.366786
11,33,148.625,47531,38.931308
11,34,527.326,47531,122.483671
11,35,3848.128,47531,809.499148
11,36,316.296,47531,78.263700
11,37,461.273,47531,119.322880
11,38,6.000,47531,1.275074
11,39,175.035,47531,35.566674
11,40,182.498,47531,36.860158
11,41,525.000,47531,127.002100
11,42,342.000,47531,79.377411
11,43,688.154,47531,162.844663
11,44,334.512,47531,65.627479
11,45,179.928,47531,33.979974
11,46,322.286,47531,78.216859
11,47,925.381,47531,280.295477
11,48,465.862,47531,107.391824
11,49,287.954,47531,64.309927
11,50,1631.909,47531,410.034749
11,51,16.577,47531,2.785941
11,52,621.846,47531,150.009462
11,53,42.435,47531,9.836857
11,54,910.351,47531,176.052918
11,55,396.603,47531,78.273289
11,56,11033.736,47531,2902.597996
11,57,208.635,47531,57.085795
11,58,54.250,47531,11.923778
11,59,97.738,47531,18.505834
11,60,4726.039,47531,1491.372309
11,61,23.804,47531,4.180506
11,62,36.600,47531,7.086200
11,63,247.527,47531,51.147431
11,64,409.519,47531,93.061708
11,65,681.760,47531,170.858944
11,66,482.358,47531,110.209809
11,67,59.660,47531,10.628830
11,68,403.506,47531,110.083080
11,69,16.625,47531,2.891486
11,70,651.397,47531,141.621689
11,71,235.208,47531,47.044792
11,72,122.172,47531,25.905705
11,73,623.243,47531,152.216537
11,74,451.085,47531,96.239596
11,75,209.671,47531,52.719342
11,76,174.262,47531,38.086699
11,77,774.089,47531,171.939935
11,78,384.773,47531,97.969749
11,79,255.989,47531,53.145062
11,80,43.742,47531,7.237719
11,81,681.345,47531,164.819446
11,82,1867.453,47531,474.137276
11,83,549.012,47531,153.759841
11,84,498.829,47531,92.078073
11,85,229.583,47531,43.002858
11,86,189.464,47531,34.760906
11,87,1278.958,47531,241.037221
11,88,539.965,47531,117.810430
11,89,67.110,47531,11.366095
11,90,866.181,47531,227.584575
11,91,167.071,47531,41.171502
11,92,330.919,47531,72.617853
11,93,110.061,47531,20.576579
11,94,2878.110,47531,898.780091
11,95,154.185,47531,40.551140
11,96,1445.453,47531,384.172910
11,97,461.164,47531,90.499200
11,98,1976.032,47531,587.665684
11,99,2698.977,47531,700.830405
11,100,400.083,47531,78.984324
11,101,67.566,47531,15.255051
11,102,3280.500,47531,976.185860
11,103,597.363,47531,136.884244
11,104,353.862,47531,80.759968
11,105,757.762,47531,191.678459
11,106,94.291,47531,18.557465
11,107,37.200,47531,9.593777
11,108,7218.589,47531,1518.933914
11,109,284.676,47531,78.559171
11,110,379.617,47531,65.922711
11,111,1525.935,47531,425.776466
11,112,706.179,47531,155.676415
11,113,21.781,47531,4.723384
11,114,895.250,47531,234.608567
11,115,68.428,47531,12.837285
11,116,292.126,47531,75.387539
11,117,144.457,47531,27.506958
11,118,144.926,47531,29.404039
11,119,215.071,47531,49.864548
11,120,1912.621,47531,401.594366
11,121,454.012,47531,94.330026
11,122,800.034,47531,178.618871
11,123,397.752,47531,83.133979
11,124,982.462,47531,226.769904
11,125,3404.956,47531,897.382213
11,126,121.710,47531,26.383454
11,127,27.000,47531,4.568727
11,128,534.411,47531,125.573993
11,129,274.471,47531,56.455133
11,130,1288.406,47531,309.900333
11,131,2984.957,47531,842.882225
11,132,339.271,47531,84.265817
11,133,79.306,47531,20.482471
11,134,9.600,47531,1.690625
11,135,139.498,47531,30.222137
11,136,120.574,47531,23.971104
11,137,142.281,47531,34.155625
11,138,2313.624,47531,432.803522
11,139,119.046,47531,25.222796
11,140,256.614,47531,71.219603
11,141,1975.745,47531,457.521211
11,142,340.391,47531,87.410487
11,143,439.700,47531,97.365196
11,144,116.406,47531,27.582822
11,145,90.589,47531,18.127005
11,146,89.400,47531,24.802939
11,147,1322.788,47531,349.999785
11,148,1194.700,47531,303.977990
11,149,405.000,47531,100.853753
11,150,2521.189,47531,590.509648
11,151,74.401,47531,13.549208
11,152,3771.217,47531,1034.103403
11,153,280.016,47531,51.332494
11,154,157.237,47531,32.529816
11,155,75.850,47531,14.158920
11,156,34.142,47531,5.441294
11,157,34.200,47531,9.668235
11,158,291.638,47531,48.482320
11,159,13.200,47531,3.245387
11,160,208.238,47531,39.046609
11,161,136.998,47531,24.858293
11,162,455.119,47531,119.785888
11,163,262.800,47531,60.900648
11,164,658.696,47531,164.427579
11,165,493.519,47531,103.591918
11,166,1516.047,47531,384.968940
11,167,637.218,47531,139.663121
11,168,728.629,47531,195.108227
11,169,129.924,47531,31.741125
11,170,384.559,47531,81.512613
11,171,584.796,47531,130.243888
11,172,376.006,47531,85.012255
11,173,428.777,47531,103.999364
11,174,1102.946,47531,249.497453
11,175,2450.674,47531,557.395228
11,176,667.943,47531,177.369114
11,177,397.635,47531,100.889148
11,178,3046.837,47531,647.537324
11,179,44.554,47531,7.008138
11,180,615.272,47531,153.271367
11,181,623.852,47531,192.216954
11,182,380.485,47531,81.854580
11,183,801.793,47531,159.879577
11,184,265.742,47531,52.396987
11,185,13.731,47531,2.576579
11,186,157.737,47531,39.339562
11,187,2040.411,47531,600.096547
11,188,57.600,47531,13.259822
11,189,705.389,47531,170.745570
11,190,74.145,47531,13.018401
11,191,1049.807,47531,271.965444
11,192,262.143,47531,52.503792
11,193,0.600,47531,0.108319
11,194,284.025,47531,55.289722
11,195,413.400,47531,107.583059
11,196,5248.352,47531,1347.502359
11,197,168.018,47531,30.372133
11,198,197.506,47531,43.596475
11,199,15.000,47531,3.856547
11,200,238.545,47531,60.424336
11,201,919.668,47531,230.554440
11,202,97.412,47531,21.751004
11,203,1818.010,47531,473.672358
11,204,12.271,47531,1.982340
11,205,541.238,47531,106.670608
11,206,24.404,47531,3.047905
11,207,215.671,47531,56.609762
11,208,1010.690,47531,265.999909
11,209,866.736,47531,197.770629
11,210,94.536,47531,21.313470
11,211,1117.388,47531,278.079247
11,212,346.216,47531,91.087852
11,213,415.505,47531,120.733934
11,214,1237.317,47531,217.556213
11,215,567.425,47531,128.239341
11,216,705.168,47531,158.307938
11,217,33.000,47531,6.803698
11,218,472.620,47531,108.146605
11,219,56.512,47531,10.861276
11,220,183.441,47531,39.583110
11,221,1247.030,47531,290.560096
11,222,643.387,47531,136.687968
11,223,31.200,47531,6.161041
11,224,1340.473,47531,385.000449
11,225,1433.074,47531,336.919101
11,226,2470.423,47531,546.948652
11,227,2671.937,47531,658.480679
11,228,145.635,47531,48.337036
11,229,145.391,47531,33.574122
11,230,1117.933,47531,254.771227
11,231,923.741,47531,279.451805
11,232,439.200,47531,136.642242
11,233,1408.662,47531,412.216037
11,234,357.503,47531,68.055897
11,235,370.800,47531,91.767917
11,236,576.636,47531,123.580799
11,237,460.737,47531,103.605321
11,238,59.400,47531,15.710163
11,239,64.200,47531,16.554389
11,240,230.066,47531,50.374184
11,241,1202.384,47531,343.708249
11,242,570.804,47531,160.158570
11,243,318.930,47531,87.238849
11,244,179.666,47531,47.193012
11,245,1160.276,47531,272.935258
11,246,110.449,47531,20.652194
11,247,645.251,47531,145.785229
11,248,168.000,47531,41.084732
11,249,64.635,47531,15.213800
11,250,4329.575,47531,941.930579
11,251,877.479,47531,261.204776
11,252,358.424,47531,114.269778
11,253,350.177,47531,86.603137
11,254,1955.625,47531,527.720871
11,255,542.337,47531,116.430711
11,256,275.177,47531,55.038512
11,257,69.691,47531,11.141547
11,258,386.389,47531,81.270839
11,259,1749.316,47531,437.641936
11,260,264.871,47531,59.026409
11,261,410.183,47531,114.660358
11,262,1066.641,47531,289.983412
11,263,1056.107,47531,298.632397
11,264,241.673,47531,45.957715
11,265,3965.117,47531,1222.536992
11,266,836.691,47531,192.679849
11,267,179.841,47531,38.882309
11,268,151.635,47531,31.276202
11,269,39.435,47531,6.671243
11,270,205.063,47531,45.530577
11,271,2239.799,47531,506.710905
11,272,95.671,47531,23.842118
11,273,591.633,47531,172.128867
11,274,43.673,47531,9.852358
11,275,535.768,47531,153.030294
11,276,43.800,47531,9.709831
11,277,89.634,47531,15.970057
11,278,112.259,47531,26.432496
11,279,436.116,47531,107.711136
11,280,1365.444,47531,343.373878
11,281,112.683,47531,23.739298
11,282,143.051,47531,28.510066
11,283,168.489,47531,42.001104
11,284,436.796,47531,101.940179
11,285,1607.784,47531,422.885966
11,286,470.183,47531,95.193493
11,287,739.696,47531,176.895199
11,288,242.183,47531,58.311039
11,289,170.602,47531,43.400754
11,290,2857.723,47531,847.155284
11,291,503.151,47531,125.897782
11,292,307.695,47531,57.595921
11,293,24.600,47531,4.698995
11,294,4056.219,47531,1009.416191
11,295,888.979,47531,286.432969
11,296,3.600,47531,0.576139
11,297,561.144,47531,146.927706
11,298,154.083,47531,36.285294
11,299,50.235,47531,12.425035
11,300,30.600,47531,6.946567
11,301,143.719,47531,26.921982
11,302,495.122,47531,124.687947
11,303,51.106,47531,9.194325
11,304,1605.703,47531,401.442086
11,305,414.513,47531,78.763630
11,306,176.835,47531,36.030614
11,307,633.314,47531,162.022348
11,308,555.883,47531,138.155538
11,309,405.303,47531,96.026969
11,310,285.903,47531,74.788142
11,311,152.518,47531,27.926648
11,312,4.800,47531,0.987315
11,313,487.275,47531,118.340353
11,314,662.814,47531,140.672622
11,315,303.812,47531,79.857701
11,316,185.344,47531,34.419279
11,317,282.092,47531,47.379091
11,318,14.400,47531,2.843816
11,319,200.814,47531,42.050610
11,320,1105.313,47531,286.964714
11,321,642.791,47531,157.566799
11,322,1050.855,47531,216.789248
11,323,67.535,47531,11.936108
11,324,36.600,47531,6.593224
11,325,339.547,47531,88.542354
11,326,1200.767,47531,269.024622
11,327,498.229,47531,113.696615
11,328,1832.569,47531,447.505558
11,329,1610.817,47531,388.785879
11,330,54.600,47531,11.212961
11,331,838.298,47531,169.207446
11,332,1324.427,47531,368.448356
11,333,784.731,47531,200.521672
11,334,196.800,47531,43.825726
11,335,89.842,47531,19.412626
11,336,95.453,47531,19.403607
11,337,745.815,47531,218.195594
11,338,1461.731,47531,381.768737
11,339,342.189,47531,88.375784
11,340,165.000,47531,34.737026
11,341,31.641,47531,5.566119
11,342,0.000,47531,0.000000
11,343,2968.361,47531,758.860935
11,344,251.299,47531,61.859128
11,345,2722.954,47531,803.409541
11,346,1408.112,47531,338.760426
11,347,55.906,47531,9.481751
11,348,190.223,47531,49.651968
11,349,991.283,47531,233.982015
11,350,22.200,47531,3.797409
11,351,313.460,47531,68.961802
11,352,309.075,47531,84.978614
11,353,1667.714,47531,472.852642
11,354,34.168,47531,8.138990
11,355,641.370,47531,160.597641
11,356,753.087,47531,197.946621
11,357,785.977,47531,178.603097
11,358,100.020,47531,18.822487
11,359,346.992,47531,86.059291
11,360,122.093,47531,20.345927
11,361,220.907,47531,53.054464
11,362,282.718,47531,77.316920
11,363,734.989,47531,194.189406
11,364,82.800,47531,19.962309
11,365,405.097,47531,94.548359
11,366,92.667,47531,16.261576
11,367,191.947,47531,52.790710
11,368,106.954,47531,24.118754
11,369,731.980,47531,180.823049
11,370,107.177,47531,26.037226
11,371,2603.818,47531,689.188619
11,372,7.800,47531,1.767394
11,373,21.600,47531,3.697775
11,374,945.462,47531,228.283263
11,375,332.832,47531,75.010728
11,376,179.777,47531,43.967051
11,377,51.144,47531,9.333275
11,378,66.701,47531,13.115952
11,379,1152.918,47531,319.556759
11,380,78.706,47531,15.862551
11,381,126.489,47531,22.806542
11,382,298.848,47531,75.947935
11,383,19.200,47531,4.207771
12,0,606.763,47531,165.892400
12,1,188.671,47531,43.646487
12,2,42.600,47531,9.316798
12,3,71.756,47531,13.140801
12,4,322.902,47531,73.140094
12,5,616.816,47531,144.499297
12,6,832.817,47531,249.597895
12,7,133.237,47531,36.227440
12,8,108.027,47531,24.947065
12,9,267.606,47531,45.154167
12,10,349.635,47531,90.994937
12,11,1432.637,47531,389.438642
12,12,1292.745,47531,323.838072
12,13,41.400,47531,9.008601
12,14,403.727,47531,92.782639
12,15,46.800,47531,10.240811
12,16,433.986,47531,98.834133
12,17,129.664,47531,25.497026
12,18,494.448,47531,132.966006
12,19,3330.064,47531,621.408059
12,20,607.095,47531,156.675219
12,21,2616.410,47531,653.419034
12,22,223.238,47531,39.724226
12,23,941.922,47531,208.380446
12,24,290.834,47531,51.635027
12,25,1034.773,47531,246.574364
12,26,39.966,47531,6.727355
12,27,738.548,47531,193.743636
12,28,108.435,47531,28.567646
12,29,380.284,47531,92.583699
12,30,86.071,47531,21.264578
12,31,1829.769,47531,453.445153
12,32,1637.759,47531,448.099226
12,33,454.456,47531,111.720442
12,34,407.634,47531,85.597967
12,35,371.381,47531,75.672806
12,36,596.262,47531,167.084100
12,37,144.600,47531,33.067295
12,38,1100.983,47531,248.537035
12,39,268.726,47531,58.798080
12,40,858.919,47531,212.436474
12,41,457.909,47531,114.604793
12,42,1744.452,47531,417.974960
12,43,273.000,47531,55.524068
12,44,690.016,47531,179.395386
12,45,87.149,47531,15.924028
12,46,508.158,47531,112.556299
12,47,268.124,47531,42.608097
12,48,11118.856,47531,2666.649925
12,49,1417.275,47531,369.851949
12,50,1008.591,47531,271.033831
12,51,206.400,47531,49.083192
12,52,21.425,47531,4.176647
12,53,787.365,47531,209.266257
12,54,142.950,47531,25.160909
12,55,982.274,47531,245.814649
12,56,37.635,47531,7.591816
12,57,155.989,47531,41.558538
12,58,1056.782,47531,274.988355
12,59,1082.181,47531,207.064562
12,60,207.571,47531,30.628127
12,61,109.062,47531,29.904875
12,62,759.934,47531,177.505182
12,63,181.768,47531,36.795702
12,64,987.636,47531,295.148707
12,65,78.000,47531,19.651142
12,66,629.630,47531,159.999926
12,67,866.937,47531,220.939166
12,68,7.248,47531,1.220457
12,69,267.219,47531,65.882424
12,70,27.627,47531,4.728984
12,71,1363.364,47531,372.024851
12,72,452.576,47531,111.916408
12,73,2365.863,47531,602.052834
12,74,373.319,47531,91.946687
12,75,371.331,47531,96.971711
12,76,129.000,47531,25.213370
12,77,972.823,47531,252.726012
12,78,130.742,47531,31.138182
12,79,91.800,47531,21.855157
12,80,407.618,47531,80.067799
12,81,218.461,47531,50.305566
12,82,32.368,47531,5.568289
12,83,431.843,47531,97.761777
12,84,25.604,47531,4.529146
12,85,369.782,47531,92.860918
12,86,522.817,47531,127.361237
12,87,1257.544,47531,323.816796
12,88,1004.066,47531,291.803491
12,89,184.355,47531,31.886898
12,90,2649.981,47531,651.234425
12,91,308.406,47531,71.768543
12,92,191.581,47531,47.846559
12,93,962.636,47531,221.407672
12,94,546.680,47531,140.994124
12,95,1208.611,47531,276.858664
12,96,662.666,47531,170.719578
12,97,1210.891,47531,318.088546
12,98,828.000,47531,261.524209
12,99,254.950,47531,37.710437
12,100,793.245,47531,228.017071
12,101,689.922,47531,190.266006
12,102,657.918,47531,154.316814
12,103,1184.666,47531,272.896463
12,104,182.448,47531,41.893689
12,105,440.385,47531,107.812474
12,106,468.241,47531,102.040984
12,107,291.740,47531,43.382747
12,108,161.235,47531,35.458939
12,109,1052.890,47531,314.080096
12,110,669.952,47531,141.135475
12,111,786.991,47531,217.908483
12,112,1.800,47531,0.404913
12,113,256.079,47531,58.778187
12,114,104.400,47531,28.108971
12,115,55.068,47531,13.043392
12,116,245.380,47531,61.633867
12,117,204.906,47531,34.612800
12,118,630.693,47531,155.688860
12,119,72.542,47531,14.786339
12,120,64.635,47531,12.015117
12,121,116.703,47531,33.100677
12,122,17332.399,47531,6429.892809
12,123,1373.961,47531,358.730125
12,124,715.105,47531,163.569267
12,125,2743.836,47531,566.001209
12,126,619.223,47531,139.139198
12,127,244.758,47531,56.749009
12,128,316.790,47531,64.747774
12,129,305.639,47531,76.625098
12,130,163.245,47531,30.543252
12,131,885.935,47531,193.477339
12,132,164.995,47531,33.225186
12,133,574.724,47531,137.992618
12,134,788.040,47531,208.093390
12,135,1552.445,47531,395.481439
12,136,967.765,47531,191.423674
12,137,245.029,47531,55.847358
12,138,940.008,47531,214.684967
12,139,1414.547,47531,349.626489
12,140,150.521,47531,27.633978
12,141,643.270,47531,167.847145
12,142,241.280,47531,42.589759
12,143,958.754,47531,224.097323
12,144,960.073,47531,182.853594
12,145,498.781,47531,91.839396
12,146,129.250,47531,25.960579
12,147,145.307,47531,28.131153
12,148,5.342,47531,1.005821
12,149,7.800,47531,1.399283
12,150,133.200,47531,30.376088
12,151,8854.990,47531,2296.414418
12,152,269.658,47531,54.661610
12,153,250.111,47531,38.423960
12,154,2703.425,47531,728.539947
12,155,376.083,47531,88.432171
12,156,419.990,47531,93.209804
12,157,417.908,47531,78.154692
12,158,462.528,47531,108.712308
12,159,1002.154,47531,272.093023
12,160,73.635,47531,16.803088
12,161,532.906,47531,127.070967
12,162,2142.792,47531,506.448610
12,163,877.128,47531,220.033281
12,164,15.000,47531,2.025878
12,165,482.883,47531,119.360204
12,166,73.731,47531,9.012493
12,167,154.408,47531,40.500605
12,168,312.754,47531,82.518989
12,169,386.369,47531,87.260781
12,170,89.799,47531,13.431546
12,171,837.925,47531,173.445636
12,172,10.471,47531,1.801025
12,173,252.952,47531,59.720453
12,174,594.480,47531,122.245603
12,175,91.121,47531,20.719748
12,176,697.653,47531,196.345471
12,177,22.906,47531,5.917220
12,178,41.177,47531,8.232840
12,179,919.921,47531,196.177151
12,180,967.762,47531,212.337823
12,181,350.108,47531,92.198415
12,182,251.400,47531,68.825210
12,183,470.907,47531,102.493761
12,184,23.400,47531,4.740233
12,185,79.035,47531,20.366618
12,186,396.953,47531,125.579764
12,187,202.200,47531,54.770004
12,188,37.200,47531,8.455241
12,189,545.814,47531,138.106134
12,190,67.635,47531,17.906998
12,191,650.887,47531,98.644022
12,192,533.151,47531,143.432068
12,193,13.577,47531,2.933497
12,194,1516.891,47531,387.860634
12,195,152.719,47531,32.093082
12,196,304.960,47531,72.307415
12,197,40.068,47531,6.652542
12,198,316.110,47531,72.700124
12,199,134.273,47531,23.856030
12,200,272.650,47531,74.357873
12,201,1706.123,47531,328.017385
12,202,1013.863,47531,212.349434
12,203,1.200,47531,0.220325
12,204,18.977,47531,3.122538
12,205,85.800,47531,19.418477
12,206,1092.813,47531,285.522896
12,207,2449.454,47531,654.632953
12,208,652.616,47531,165.712249
12,209,939.077,47531,261.870356
12,210,422.860,47531,97.073288
12,211,121.142,47531,25.756328
12,212,318.393,47531,99.305137
12,213,569.397,47531,151.783609
12,214,534.696,47531,129.584982
12,215,430.976,47531,100.257438
12,216,183.966,47531,37.477719
12,217,816.497,47531,203.378831
12,218,187.306,47531,48.811486
12,219,518.258,47531,113.519468
12,220,59.835,47531,16.530573
12,221,674.889,47531,199.947433
12,222,301.742,47531,84.522118
12,223,903.158,47531,196.289578
12,224,1320.609,47531,371.491027
12,225,1243.133,47531,293.889764
12,226,44.342,47531,7.862491
12,227,71.283,47531,13.613425
12,228,129.866,47531,29.733020
12,229,1377.299,47531,349.511505
12,230,972.715,47531,258.700296
12,231,61.035,47531,11.463474
12,232,336.959,47531,78.887871
12,233,268.864,47531,71.207262
12,234,95.183,47531,16.713448
12,235,442.680,47531,124.736165
12,236,212.507,47531,46.513676
12,237,46.662,47531,8.555357
12,238,907.901,47531,206.222198
12,239,262.127,47531,60.648420
12,240,576.533,47531,150.112812
12,241,183.330,47531,70.541159
12,242,342.032,47531,69.400987
12,243,447.574,47531,95.402624
12,244,55.800,47531,13.241114
12,245,14.671,47531,2.604066
12,246,260.002,47531,63.732394
12,247,795.676,47531,181.328124
12,248,785.374,47531,214.092549
12,249,606.635,47531,149.313535
12,250,155.910,47531,29.494364
12,251,390.319,47531,92.750844
12,252,706.635,47531,171.633486
12,253,958.309,47531,240.585993
12,254,1474.928,47531,392.140311
12,255,902.440,47531,230.401713
12,256,138.559,47531,25.145457
12,257,122.103,47531,17.829481
12,258,372.971,47531,67.458642
12,259,234.279,47531,44.562223
12,260,345.651,47531,43.631876
12,261,6125.608,47531,1422.328257
12,262,382.771,47531,77.608495
12,263,457.504,47531,109.288989
12,264,191.835,47531,42.549852
12,265,284.841,47531,66.176979
12,266,212.321,47531,44.446420
12,267,1445.922,47531,392.781861
12,268,61.222,47531,14.523636
12,269,293.777,47531,68.025837
12,270,1048.693,47531,183.547509
12,271,244.403,47531,55.587269
12,272,820.788,47531,199.576664
12,273,102.106,47531,24.695084
12,274,72.022,47531,11.910297
12,275,735.224,47531,230.511284
12,276,164.050,47531,39.804119
12,277,7914.021,47531,1675.773016
12,278,501.149,47531,128.045166
12,279,1162.812,47531,317.743172
12,280,903.384,47531,214.835016
12,281,87.600,47531,21.990559
12,282,173.671,47531,47.729173
12,283,1102.956,47531,273.515351
12,284,136.142,47531,34.950268
12,285,472.626,47531,81.397324
12,286,154.200,47531,34.395160
12,287,1168.421,47531,294.082713
12,288,131.002,47531,31.510716
12,289,47.400,47531,12.024129
12,290,139.200,47531,34.015739
12,291,3636.604,47531,926.044527
12,292,386.206,47531,95.068477
12,293,630.936,47531,153.120205
12,294,173.587,47531,37.955240
12,295,549.149,47531,151.272807
12,296,2170.260,47531,693.196789
12,297,9.977,47531,2.280227
12,298,237.637,47531,60.538889
12,299,978.126,47531,180.783450
12,300,423.022,47531,96.941481
12,301,298.392,47531,56.096940
12,302,545.109,47531,152.904432
12,303,321.919,47531,71.921355
12,304,26.071,47531,4.454734
12,305,138.053,47531,31.301683
12,306,767.704,47531,198.504798
12,307,233.985,47531,55.783737
12,308,868.583,47531,220.436270
12,309,28.471,47531,6.777460
12,310,3413.649,47531,705.879532
12,311,297.483,47531,74.715023
12,312,290.783,47531,67.585795
12,313,422.904,47531,72.138382
12,314,677.137,47531,170.437694
12,315,56.400,47531,15.244210
12,316,1054.986,47531,263.951943
12,317,543.070,47531,127.595339
12,318,730.673,47531,151.457396
12,319,509.485,47531,123.153208
12,320,445.467,47531,111.932029
12,321,1044.185,47531,292.595090
12,322,228.597,47531,52.058849
12,323,97.142,47531,23.454322
12,324,1025.426,47531,201.495250
12,325,22.577,47531,4.273269
12,326,3303.866,47531,896.291858
12,327,505.482,47531,135.983964
12,328,1852.738,47531,452.289642
12,329,802.420,47531,184.467537
12,330,189.558,47531,39.933240
12,331,423.436,47531,110.558786
12,332,130.062,47531,31.022565
12,333,116.947,47531,27.075807
12,334,1107.911,47531,193.164819
12,335,393.048,47531,106.334249
12,336,1035.019,47531,273.050354
12,337,489.600,47531,135.600474
12,338,268.864,47531,56.214164
12,339,373.439,47531,96.102191
12,340,2819.929,47531,711.134064
12,341,340.689,47531,72.607027
12,342,55.450,47531,9.751554
12,343,251.395,47531,33.492049
12,344,64.200,47531,17.441875
12,345,1060.733,47531,288.264418
12,346,29.453,47531,3.402483
12,347,153.377,47531,35.722635
12,348,1817.463,47531,368.565519
12,349,379.047,47531,90.507885
12,350,182.868,47531,33.544972
12,351,28.450,47531,5.201713
12,352,185.205,47531,53.000062
12,353,93.818,47531,20.141969
12,354,188.124,47531,54.283151
12,355,18.027,47531,3.925168
12,356,56.862,47531,13.238218
12,357,21.483,47531,4.105651
12,358,136.471,47531,29.570460
12,359,1117.810,47531,171.780040
12,360,472.870,47531,111.536036
12,361,989.216,47531,211.398987
12,362,2187.561,47531,649.778013
12,363,828.950,47531,147.819355
12,364,365.912,47531,63.625709
12,365,62.612,47531,8.856746
12,366,2383.990,47531,668.918308
12,367,121.759,47531,23.688895
12,368,458.147,47531,91.155485
12,369,1520.820,47531,366.457718
12,370,107.316,47531,22.563443
12,371,16.896,47531,3.121270
12,372,121.408,47531,17.705034
12,373,1355.406,47531,362.820120
12,374,3994.381,47531,880.219717
12,375,66.600,47531,17.033628
12,376,2729.995,47531,582.038779
12,377,397.440,47531,129.322302
12,378,39.250,47531,7.692040
12,379,979.465,47531,215.272933
12,380,1107.130,47531,319.341035
12,381,1066.503,47531,296.238462
12,382,675.447,47531,173.168570
12,383,14824.699,47531,3843.162719
13,0,707.190,47531,172.790759
13,1,522.144,47531,159.783185
13,2,336.819,47531,66.811759
13,3,2322.037,47531,480.426462
13,4,274.848,47531,59.900134
13,5,271.232,47531,77.778683
13,6,449.942,47531,119.140324
13,7,526.149,47531,136.642002
13,8,703.648,47531,163.246001
13,9,49.933,47531,11.310148
13,10,2715.415,47531,586.358841
13,11,715.510,47531,203.906684
13,12,111.202,47531,21.429409
13,13,165.414,47531,39.944182
13,14,751.770,47531,189.317404
13,15,481.206,47531,112.753071
13,16,250.059,47531,42.797624
13,17,42.808,47531,8.163637
13,18,1030.037,47531,274.332349
13,19,2536.216,47531,681.093134
13,20,483.144,47531,124.165635
13,21,288.399,47531,77.577486
13,22,855.755,47531,169.514573
13,23,469.159,47531,135.655032
13,24,392.901,47531,117.291394
13,25,179.971,47531,37.874400
13,26,790.185,47531,209.427152
13,27,456.250,47531,100.535541
13,28,1091.908,47531,255.001820
13,29,128.060,47531,28.274851
13,30,82.907,47531,15.191594
13,31,241.866,47531,42.090939
13,32,89.756,47531,16.142176
13,33,533.015,47531,160.005166
13,34,749.857,47531,200.283255
13,35,336.638,47531,84.580617
13,36,499.800,47531,137.346690
13,37,239.895,47531,43.689695
13,38,1427.568,47531,389.500342
13,39,264.425,47531,59.319354
13,40,665.241,47531,215.636063
13,41,312.767,47531,81.316087
13,42,1082.834,47531,282.864696
13,43,150.106,47531,30.059016
13,44,575.536,47531,141.836524
13,45,426.958,47531,94.202245
13,46,390.086,47531,89.672601
13,47,442.201,47531,111.866264
13,48,253.989,47531,63.604916
13,49,192.326,47531,33.303783
13,50,2059.257,47531,488.364131
13,51,528.390,47531,162.563394
13,52,65.220,47531,12.187215
13,53,228.707,47531,59.157892
13,54,1656.599,47531,486.570754
13,55,64.768,47531,11.715753
13,56,167.660,47531,42.765751
13,57,656.153,47531,155.407110
13,58,996.923,47531,267.342155
13,59,595.206,47531,142.751952
13,60,456.733,47531,107.409321
13,61,415.320,47531,100.755905
13,62,257.186,47531,47.581700
13,63,765.709,47531,180.472423
13,64,363.560,47531,105.694618
13,65,198.531,47531,46.714364
13,66,941.429,47531,303.141973
13,67,367.993,47531,84.770343
13,68,47.868,47531,8.011662
13,69,355.078,47531,89.950965
13,70,586.906,47531,136.528353
13,71,857.889,47531,181.591743
13,72,56.783,47531,9.934574
13,73,755.464,47531,166.492514
13,74,203.061,47531,50.203370
13,75,445.297,47531,76.952142
13,76,822.517,47531,186.484772
13,77,716.016,47531,195.829088
13,78,1246.920,47531,336.128968
13,79,353.666,47531,70.160696
13,80,19.800,47531,3.697982
13,81,3553.532,47531,863.407495
13,82,346.853,47531,121.166863
13,83,8036.638,47531,1646.600917
13,84,265.026,47531,77.849648
13,85,56.039,47531,9.741198
13,86,621.917,47531,210.817933
13,87,817.870,47531,233.630885
13,88,457.142,47531,118.845062
13,89,500.323,47531,117.140924
13,90,299.055,47531,68.145904
13,91,140.591,47531,34.411292
13,92,488.496,47531,122.564336
13,93,349.628,47531,75.018998
13,94,874.041,47531,225.716737
13,95,580.588,47531,133.183840
13,96,1133.249,47531,250.521649
13,97,63.170,47531,12.195771
13,98,188.145,47531,50.159229
13,99,1761.078,47531,533.565228
13,100,16.014,47531,2.743675
13,101,68.591,47531,14.548897
13,102,149.688,47531,24.673661
13,103,1084.079,47531,204.309636
13,104,578.860,47531,141.996191
13,105,176.835,47531,43.452458
13,106,1191.931,47531,349.233444
13,107,94.859,47531,14.658205
13,108,121.196,47531,22.507866
13,109,1134.020,47531,307.554003
13,110,61.110,47531,9.903017
13,111,253.901,47531,65.160726
13,112,311.757,47531,77.223369
13,113,766.537,47531,192.505513
13,114,640.800,47531,176.409309
13,115,546.583,47531,124.354437
13,116,194.905,47531,35.955148
13,117,43.635,47531,11.129864
13,118,458.089,47531,74.300558
13,119,3.000,47531,0.785351
13,120,218.183,47531,51.389233
13,121,2071.156,47531,575.563060
13,122,118.710,47531,30.124960
13,123,1387.809,47531,485.087584
13,124,1918.238,47531,424.375662
13,125,3651.174,47531,931.463879
13,126,72.319,47531,19.038221
13,127,383.889,47531,90.008424
13,128,226.073,47531,50.469681
13,129,1214.753,47531,260.245962
13,130,45.260,47531,6.998211
13,131,598.800,47531,130.423592
13,132,499.306,47531,134.753102
13,133,558.773,47531,94.192496
13,134,329.615,47531,58.666074
13,135,17.835,47531,3.548693
13,136,474.803,47531,95.450117
13,137,940.048,47531,241.858708
13,138,9.600,47531,1.794296
13,139,1900.786,47531,513.847753
13,140,550.477,47531,114.667925
13,141,115.557,47531,21.074212
13,142,437.626,47531,96.360824
13,143,1334.971,47531,557.010643
13,144,73.376,47531,13.005488
13,145,426.001,47531,82.096304
13,146,25.545,47531,5.134577
13,147,231.202,47531,56.648521
13,148,3793.409,47531,965.228995
13,149,74.177,47531,16.789503
13,150,696.582,47531,185.402424
13,151,898.933,47531,221.768316
13,152,521.731,47531,114.462535
13,153,1026.461,47531,262.559156
13,154,423.049,47531,104.149717
13,155,14.071,47531,2.901545
13,156,203.036,47531,40.028275
13,157,2118.650,47531,512.836789
13,158,139.147,47531,12.218986
13,159,756.852,47531,195.052413
13,160,260.141,47531,73.854252
13,161,196.025,47531,45.343991
13,162,49.625,47531,8.703496
13,163,55.896,47531,9.001832
13,164,143.766,47531,37.775447
13,165,195.654,47531,42.665034
13,166,972.151,47531,277.906889
13,167,1221.483,47531,362.555621
13,168,266.481,47531,69.856357
13,169,326.331,47531,99.889132
13,170,91.403,47531,15.668291
13,171,46.344,47531,8.390676
13,172,405.374,47531,88.986901
13,173,194.805,47531,38.078770
13,174,1656.980,47531,380.754781
13,175,1267.619,47531,342.806100
13,176,329.005,47531,61.262579
13,177,558.556,47531,114.549845
13,178,168.383,47531,35.362839
13,179,30.812,47531,5.623886
13,180,1186.174,47531,277.000615
13,181,248.572,47531,47.693041
13,182,4660.573,47531,1654.378059
13,183,20.400,47531,3.696216
13,184,1228.395,47531,272.794727
13,185,51.366,47531,8.745777
13,186,11.235,47531,2.268088
13,187,119.464,47531,25.054941
13,188,1944.687,47531,443.097268
13,189,111.617,47531,17.914916
13,190,215.708,47531,59.111648
13,191,534.602,47531,125.136197
13,192,393.452,47531,92.241640
13,193,521.496,47531,176.733879
13,194,223.036,47531,61.767436
13,195,737.036,47531,171.172897
13,196,1447.130,47531,308.429995
13,197,793.010,47531,166.883808
13,198,119.937,47531,28.834522
13,199,344.933,47531,74.256785
13,200,110.088,47531,22.704854
13,201,1098.066,47531,270.179603
13,202,178.121,47531,36.046554
13,203,3377.246,47531,890.575266
13,204,780.694,47531,174.474202
13,205,557.775,47531,136.172201
13,206,622.572,47531,162.076638
13,207,975.702,47531,237.498324
13,208,140.093,47531,27.542882
13,209,286.460,47531,67.654916
13,210,1788.208,47531,445.424358
13,211,500.516,47531,119.841374
13,212,685.382,47531,205.387958
13,213,303.958,47531,57.163187
13,214,458.410,47531,101.224007
13,215,351.000,47531,79.791555
13,216,131.316,47531,26.421680
13,217,159.893,47531,49.706047
13,218,1182.168,47531,244.773488
13,219,281.651,47531,56.248159
13,220,1035.129,47531,274.609222
13,221,5603.837,47531,1375.918580
13,222,697.026,47531,208.378542
13,223,710.213,47531,182.435330
13,224,1576.136,47531,379.078457
13,225,389.976,47531,83.978877
13,226,798.278,47531,192.862191
13,227,624.928,47531,138.167021
13,228,2909.965,47531,662.284124
13,229,2408.093,47531,496.396474
13,230,74.719,47531,24.290924
13,231,428.101,47531,71.898308
13,232,367.270,47531,90.919692
13,233,15.435,47531,2.763869
13,234,8190.667,47531,2134.189974
13,235,1896.075,47531,520.418447
13,236,605.773,47531,136.205248
13,237,1008.207,47531,213.305344
13,238,264.513,47531,53.454825
13,239,198.771,47531,43.769525
13,240,194.572,47531,37.291146
13,241,537.946,47531,117.219207
13,242,571.243,47531,125.621828
13,243,512.104,47531,118.726861
13,244,93.532,47531,18.879921
13,245,715.599,47531,147.669275
13,246,1201.975,47531,249.149927
13,247,542.986,47531,113.886145
13,248,1839.022,47531,457.371769
13,249,641.064,47531,178.669646
13,250,43.731,47531,10.093123
13,251,511.754,47531,128.744192
13,252,753.500,47531,182.733504
13,253,655.096,47531,174.372488
13,254,335.873,47531,80.389613
13,255,591.097,47531,139.807518
13,256,80.034,47531,15.230456
13,257,175.297,47531,28.107874
13,258,2211.532,47531,474.998630
13,259,479.256,47531,92.242154
13,260,848.115,47531,219.169740
13,261,583.977,47531,134.309234
13,262,1457.977,47531,388.714882
13,263,930.358,47531,209.213728
13,264,259.632,47531,53.170250
13,265,707.693,47531,124.379720
13,266,2003.459,47531,755.081844
13,267,316.228,47531,83.357725
13,268,51.435,47531,9.323085
13,269,357.585,47531,73.732006
13,270,13.635,47531,2.323597
13,271,942.077,47531,266.700534
13,272,1106.589,47531,268.486184
13,273,660.547,47531,173.736036
13,274,901.472,47531,259.237904
13,275,147.435,47531,33.809250
13,276,221.098,47531,45.745561
13,277,1092.669,47531,253.071694
13,278,994.962,47531,229.595605
13,279,447.777,47531,111.049626
13,280,962.473,47531,284.102172
13,281,1213.684,47531,355.142036
13,282,5477.163,47531,1533.277125
13,283,458.899,47531,106.903738
13,284,44.756,47531,9.116603
13,285,1616.813,47531,417.789300
13,286,201.154,47531,53.317925
13,287,526.333,47531,141.124886
13,288,80.671,47531,22.006339
13,289,111.812,47531,24.231191
13,290,348.626,47531,75.150089
13,291,754.869,47531,140.412542
13,292,721.308,47531,212.352532
13,293,3734.913,47531,846.793370
13,294,312.355,47531,60.266007
13,295,624.177,47531,172.865166
13,296,3158.902,47531,801.594543
13,297,1370.384,47531,336.739366
13,298,643.854,47531,160.669452
13,299,405.319,47531,73.967716
13,300,737.460,47531,149.013077
13,301,43.412,47531,7.908720
13,302,26.671,47531,6.194667
13,303,297.055,47531,75.665350
13,304,82.248,47531,15.301368
13,305,588.531,47531,154.290570
13,306,300.377,47531,72.152697
13,307,353.757,47531,73.589374
13,308,392.834,47531,79.888143
13,309,609.797,47531,166.604544
13,310,336.834,47531,82.554316
13,311,86.793,47531,19.408041
13,312,270.002,47531,56.651677
13,313,980.056,47531,239.519685
13,314,394.309,47531,97.506897
13,315,371.506,47531,84.625918
13,316,791.758,47531,181.858017
13,317,6.871,47531,1.166686
13,318,686.423,47531,165.738834
13,319,142.397,47531,33.611171
13,320,25.035,47531,6.342661
13,321,151.635,47531,32.362692
13,322,219.977,47531,42.960018
13,323,496.844,47531,123.719874
13,324,551.248,47531,131.327033
13,325,237.257,47531,39.765199
13,326,839.231,47531,217.851332
13,327,416.868,47531,103.235453
13,328,202.594,47531,39.537349
13,329,1681.950,47531,404.396317
13,330,57.871,47531,11.796209
13,331,3809.892,47531,1111.859481
13,332,342.454,47531,74.512030
13,333,205.716,47531,42.426254
13,334,193.307,47531,31.421333
13,335,540.765,47531,129.561831
13,336,868.695,47531,272.514816
13,337,350.460,47531,90.314586
13,338,1041.290,47531,290.417306
13,339,192.082,47531,38.664775
13,340,518.674,47531,109.505503
13,341,436.705,47531,86.363720
13,342,559.155,47531,113.330107
13,343,22.721,47531,3.965849
13,344,959.430,47531,256.615948
13,345,803.549,47531,196.042049
13,346,652.880,47531,164.880436
13,347,59.480,47531,12.738524
13,348,426.882,47531,104.038153
13,349,23.719,47531,4.278190
13,350,43.445,47531,6.525613
13,351,175.196,47531,31.489657
13,352,635.975,47531,142.445884
13,353,3349.390,47531,1000.058053
13,354,2308.254,47531,419.423177
13,355,393.487,47531,81.503914
13,356,889.451,47531,205.227402
13,357,173.852,47531,36.778157
13,358,865.729,47531,201.880796
13,359,281.650,47531,59.348080
13,360,307.391,47531,73.954473
13,361,495.581,47531,111.546451
13,362,67.434,47531,10.694525
13,363,305.491,47531,86.209270
13,364,151.014,47531,35.727040
13,365,49.986,47531,7.577008
13,366,235.806,47531,51.116562
13,367,747.698,47531,183.450360
13,368,991.618,47531,216.525598
13,369,341.157,47531,88.974705
13,370,3787.568,47531,954.944270
13,371,400.853,47531,113.367829
13,372,664.642,47531,206.571771
13,373,3552.889,47531,1028.059885
13,374,2700.371,47531,701.592954
13,375,239.870,47531,44.525917
13,376,5363.590,47531,1472.006050
13,377,7731.109,47531,2014.573559
13,378,76.922,47531,17.410027
13,379,37.800,47531,10.255651
13,380,300.048,47531,86.398756
13,381,209.916,47531,56.212744
13,382,551.230,47531,107.036582
13,383,512.194,47531,87.500375
14,0,189.319,47531,53.118462
14,1,4211.124,47531,1395.279261
14,2,261.876,47531,60.939535
14,3,563.976,47531,138.096151
14,4,82.439,47531,16.436400
14,5,1075.284,47531,261.833761
14,6,315.664,47531,83.580819
14,7,171.898,47531,36.385622
14,8,100.450,47531,15.397360
14,9,20.342,47531,3.604932
14,10,440.166,47531,100.496511
14,11,392.491,47531,103.904030
14,12,302.188,47531,43.959389
14,13,139.599,47531,26.376953
14,14,274.577,47531,57.136975
14,15,30.983,47531,5.239071
14,16,909.554,47531,240.292625
14,17,437.423,47531,124.378153
14,18,982.032,47531,250.127635
14,19,1866.222,47531,354.130880
14,20,820.416,47531,201.666011
14,21,95.071,47531,26.232629
14,22,978.383,47531,326.074809
14,23,198.288,47531,43.474008
14,24,153.000,47531,33.379511
14,25,191.012,47531,51.009510
14,26,405.336,47531,93.749821
14,27,683.619,47531,152.135669
14,28,396.085,47531,95.591293
14,29,868.785,47531,210.561352
14,30,1063.206,47531,256.811216
14,31,427.800,47531,113.677513
14,32,792.002,47531,216.934803
14,33,289.041,47531,68.269077
14,34,524.864,47531,97.303342
14,35,1827.983,47531,330.258343
14,36,412.780,47531,95.769779
14,37,789.234,47531,208.703131
14,38,192.915,47531,38.581726
14,39,147.898,47531,33.701666
14,40,561.829,47531,135.921337
14,41,190.800,47531,51.954534
14,42,179.476,47531,34.443835
14,43,308.549,47531,86.214628
14,44,62.310,47531,12.420064
14,45,715.472,47531,173.259118
14,46,396.388,47531,99.978007
14,47,270.016,47531,56.909616
14,48,673.738,47531,174.006422
14,49,308.908,47531,59.800642
14,50,608.635,47531,141.841488
14,51,767.608,47531,195.677715
14,52,86.501,47531,20.183422
14,53,540.061,47531,97.396782
14,54,100.471,47531,20.635029
14,55,33.600,47531,6.341515
14,56,395.719,47531,105.037135
14,57,595.186,47531,130.686714
14,58,377.024,47531,88.729850
14,59,402.016,47531,121.395771
14,60,524.889,47531,105.611570
14,61,271.462,47531,85.013789
14,62,2834.721,47531,583.219971
14,63,383.262,47531,96.114149
14,64,16056.447,47531,3675.613085
14,65,188.612,47531,41.314818
14,66,10.800,47531,3.291903
14,67,351.860,47531,93.755910
14,68,56.400,47531,13.398791
14,69,94.370,47531,22.951205
14,70,2578.384,47531,755.112131
14,71,366.192,47531,89.034272
14,72,991.131,47531,245.189008
14,73,97.200,47531,21.504964
14,74,800.942,47531,173.697297
14,75,1044.005,47531,222.828329
14,76,1329.702,47531,332.614143
14,77,138.696,47531,31.777160
14,78,475.133,47531,115.710241
14,79,104.012,47531,18.967314
14,80,1161.462,47531,280.782003
14,81,11.400,47531,2.007590
14,82,151.800,47531,37.174617
14,83,275.071,47531,72.815650
14,84,1908.912,47531,481.467510
14,85,622.450,47531,185.221381
14,86,465.442,47531,76.609922
14,87,55.906,47531,9.708879
14,88,4716.449,47531,1213.133032
14,89,114.542,47531,28.791383
14,90,383.141,47531,104.818153
14,91,257.434,47531,49.322723
14,92,209.448,47531,53.259603
14,93,1003.455,47531,320.281191
14,94,64.906,47531,15.551248
14,95,74.719,47531,18.114317
14,96,484.711,47531,101.051883
14,97,521.660,47531,111.672633
14,98,210.866,47531,46.321568
14,99,241.025,47531,52.301233
14,100,264.666,47531,62.637263
14,101,157.035,47531,41.901178
14,102,179.263,47531,41.902228
14,103,287.747,47531,70.303256
14,104,193.556,47531,39.503671
14,105,24.345,47531,4.682942
14,106,855.556,47531,168.212385
14,107,710.068,47531,159.895603
14,108,109.907,47531,22.985207
14,109,487.073,47531,120.447010
14,110,263.199,47531,61.575397
14,111,6.000,47531,1.094317
14,112,264.532,47531,51.837595
14,113,235.885,47531,55.140793
14,114,226.083,47531,95.621773
14,115,391.344,47531,72.882411
14,116,1555.299,47531,476.684286
14,117,1156.187,47531,246.265369
14,118,445.229,47531,104.241798
14,119,66.542,47531,11.773581
14,120,4.906,47531,1.021938
14,121,301.811,47531,62.240346
14,122,419.730,47531,100.253486
14,123,114.356,47531,22.876413
14,124,173.018,47531,39.693380
14,125,69.271,47531,9.423166
14,126,367.673,47531,95.266783
14,127,591.054,47531,147.754480
14,128,1171.839,47531,262.682741
14,129,499.302,47531,120.263427
14,130,334.471,47531,71.273410
14,131,201.000,47531,43.135398
14,132,313.939,47531,72.254189
14,133,25.035,47531,4.330977
14,134,381.569,47531,101.267570
14,135,2653.566,47531,684.351720
14,136,1180.245,47531,236.071368
14,137,14132.600,47531,4018.122583
14,138,191.629,47531,48.646129
14,139,804.168,47531,190.176647
14,140,683.205,47531,121.572886
14,141,564.570,47531,120.433191
14,142,46.800,47531,11.365289
14,143,66.600,47531,14.500931
14,144,149.205,47531,27.613081
14,145,518.886,47531,125.372091
14,146,6854.112,47531,1460.529580
14,147,359.055,47531,85.587738
14,148,109.578,47531,25.747411
14,149,689.593,47531,167.578727
14,150,61.519,47531,15.619611
14,151,674.096,47531,175.806112
14,152,764.067,47531,192.496190
14,153,387.000,47531,101.909794
14,154,14.071,47531,2.417630
14,155,75.866,47531,16.967749
14,156,190.800,47531,48.333031
14,157,1199.221,47531,252.600476
14,158,362.875,47531,90.583606
14,159,372.404,47531,72.885896
14,160,547.333,47531,128.779368
14,161,320.868,47531,65.881416
14,162,731.842,47531,164.279695
14,163,98.299,47531,25.516603
14,164,458.515,47531,91.988210
14,165,1231.367,47531,306.208985
14,166,128.560,47531,23.042903
14,167,397.253,47531,90.149902
14,168,374.809,47531,79.530302
14,169,6439.364,47531,2400.682377
14,170,358.285,47531,91.834364
14,171,257.491,47531,81.989101
14,172,591.263,47531,136.287863
14,173,153.463,47531,32.596851
14,174,47.400,47531,10.297944
14,175,446.118,47531,82.329805
14,176,585.022,47531,161.442894
14,177,88.662,47531,21.857193
14,178,1279.942,47531,281.010529
14,179,224.226,47531,50.869883
14,180,274.635,47531,60.715959
14,181,572.650,47531,130.481983
14,182,1641.601,47531,440.104829
14,183,138.000,47531,33.165350
14,184,681.604,47531,131.706044
14,185,899.084,47531,205.651907
14,186,85.408,47531,12.219296
14,187,676.975,47531,131.119106
14,188,48.706,47531,13.747375
14,189,404.132,47531,87.144551
14,190,125.883,47531,30.149886
14,191,142.663,47531,25.448591
14,192,147.622,47531,33.918076
14,193,540.383,47531,132.552288
14,194,435.167,47531,98.188916
14,195,1451.783,47531,394.127428
14,196,76.460,47531,12.740898
14,197,608.597,47531,152.356177
14,198,322.781,47531,78.841772
14,199,1190.047,47531,329.032604
14,200,217.711,47531,38.793686
14,201,701.618,47531,184.367771
14,202,962.392,47531,289.603568
14,203,163.535,47531,36.493441
14,204,1803.325,47531,443.367247
14,205,3.600,47531,0.606798
14,206,71.491,47531,15.251074
14,207,435.331,47531,81.602424
14,208,119.570,47531,21.905828
14,209,58.806,47531,13.107493
14,210,1573.536,47531,354.580404
14,211,16.412,47531,3.105303
14,212,728.868,47531,234.041463
14,213,438.000,47531,112.517792
14,214,715.541,47531,215.954562
14,215,141.383,47531,30.863493
14,216,2748.286,47531,692.112938
14,217,1975.186,47531,466.659781
14,218,260.135,47531,74.454249
14,219,101.660,47531,18.055086
14,220,45.000,47531,11.356467
14,221,1319.731,47531,321.418306
14,222,253.941,47531,50.286818
14,223,715.604,47531,173.410663
14,224,339.430,47531,64.213533
14,225,336.979,47531,67.721170
14,226,1360.504,47531,297.078071
14,227,134.835,47531,28.637981
14,228,555.611,47531,165.805465
14,229,45.542,47531,10.208196
14,230,159.012,47531,35.161777
14,231,3563.137,47531,884.637873
14,232,558.505,47531,143.897008
14,233,1192.775,47531,304.744827
14,234,416.045,47531,95.050979
14,235,2518.974,47531,563.139279
14,236,2101.114,47531,393.048020
14,237,74.687,47531,17.041362
14,238,459.623,47531,96.434216
14,239,3779.591,47531,1135.944274
14,240,207.212,47531,54.838507
14,241,571.034,47531,162.182119
14,242,359.763,47531,95.652385
14,243,415.035,47531,104.558110
14,244,685.227,47531,194.075543
14,245,1359.203,47531,347.812387
14,246,39.712,47531,7.013225
14,247,94.471,47531,22.586169
14,248,465.357,47531,116.412799
14,249,3448.922,47531,929.830445
14,250,653.837,47531,185.618591
14,251,1535.662,47531,305.282005
14,252,612.569,47531,145.128436
14,253,165.580,47531,13.223840
14,254,874.304,47531,192.511439
14,255,826.163,47531,219.934650
14,256,1139.332,47531,266.534977
14,257,120.176,47531,23.139292
14,258,301.354,47531,96.894317
14,259,969.670,47531,258.656315
14,260,58.200,47531,11.014978
14,261,639.973,47531,126.045763
14,262,847.313,47531,215.429615
14,263,331.881,47531,80.070280
14,264,34.126,47531,6.070631
14,265,431.608,47531,109.328195
14,266,4.800,47531,1.050855
14,267,741.018,47531,159.776406
14,268,101.671,47531,24.019057
14,269,43.200,47531,8.734607
14,270,339.229,47531,91.800545
14,271,23.400,47531,3.539952
14,272,5.400,47531,1.188497
14,273,1687.437,47531,420.397904
14,274,324.900,47531,38.496364
14,275,142.110,47531,32.197463
14,276,255.435,47531,58.905200
14,277,223.025,47531,59.118566
14,278,1466.899,47531,283.588316
14,279,224.347,47531,62.923783
14,280,360.458,47531,90.569232
14,281,258.439,47531,48.957622
14,282,175.035,47531,41.215071
14,283,851.519,47531,239.795688
14,284,127.429,47531,30.726587
14,285,4.577,47531,0.748904
14,286,151.228,47531,29.453427
14,287,291.288,47531,81.094598
14,288,420.538,47531,83.354023
14,289,2168.007,47531,581.489302
14,290,68.985,47531,13.389764
14,291,3214.925,47531,796.802731
14,292,729.115,47531,183.820199
14,293,151.200,47531,39.406972
14,294,260.854,47531,65.506028
14,295,1384.122,47531,371.061938
14,296,34.158,47531,5.368659
14,297,112.678,47531,22.263289
14,298,11.283,47531,2.143128
14,299,963.426,47531,234.566374
14,300,201.443,47531,38.506295
14,301,203.959,47531,44.531373
14,302,240.106,47531,48.412255
14,303,459.414,47531,119.343356
14,304,684.400,47531,140.951991
14,305,451.545,47531,106.492848
14,306,404.342,47531,105.757938
14,307,486.435,47531,113.223499
14,308,1433.575,47531,309.466265
14,309,14.235,47531,3.294504
14,310,779.115,47531,198.005852
14,311,70.981,47531,25.469961
14,312,25.306,47531,4.450485
14,313,401.400,47531,105.022942
14,314,131.400,47531,33.447757
14,315,590.954,47531,162.690601
14,316,62.942,47531,20.602949
14,317,894.495,47531,247.633637
14,318,392.676,47531,113.664117
14,319,71.804,47531,14.755999
14,320,819.414,47531,177.106179
14,321,544.370,47531,146.243876
14,322,209.400,47531,52.042753
14,323,901.914,47531,234.264495
14,324,166.004,47531,37.891038
14,325,1139.298,47531,374.530708
14,326,4.800,47531,0.887186
14,327,209.385,47531,51.671806
14,328,322.471,47531,68.425213
14,329,278.029,47531,61.406937
14,330,740.825,47531,177.757241
14,331,1004.363,47531,282.538756
14,332,515.226,47531,114.669405
14,333,408.048,47531,74.929919
14,334,561.419,47531,121.107809
14,335,2106.961,47531,472.052339
14,336,29.225,47531,5.451354
14,337,2738.427,47531,711.044704
14,338,13.450,47531,3.353607
14,339,148.079,47531,27.505345
14,340,341.141,47531,73.171762
14,341,574.983,47531,123.187861
14,342,90.027,47531,18.262590
14,343,595.243,47531,149.585200
14,344,10.683,47531,2.143850
14,345,428.342,47531,109.348459
14,346,1703.588,47531,438.610355
14,347,99.935,47531,31.795003
14,348,48.181,47531,10.032181
14,349,1277.560,47531,327.528097
14,350,668.400,47531,169.014196
14,351,398.257,47531,78.295490
14,352,735.728,47531,176.927477
14,353,660.887,47531,202.478420
14,354,889.737,47531,268.644630
14,355,517.616,47531,156.604764
14,356,90.277,47531,19.948610
14,357,566.878,47531,136.810012
14,358,3922.132,47531,894.179686
14,359,2600.135,47531,538.524037
14,360,532.402,47531,119.336990
14,361,933.627,47531,276.545711
14,362,36.600,47531,7.406302
14,363,596.495,47531,107.892704
14,364,285.353,47531,81.637805
14,365,1624.988,47531,545.109833
14,366,372.908,47531,103.684328
14,367,342.601,47531,91.411968
14,368,3596.268,47531,802.261458
14,369,115.471,47531,26.090316
14,370,254.157,47531,73.863205
14,371,2672.082,47531,840.860151
14,372,10.742,47531,1.887256
14,373,2980.187,47531,989.271971
14,374,10.635,47531,1.839979
14,375,10618.194,47531,2488.495586
14,376,794.407,47531,214.222961
14,377,324.272,47531,82.757304
14,378,434.316,47531,107.307817
14,379,3410.390,47531,823.173975
14,380,4178.170,47531,1158.043389
14,381,547.690,47531,144.229718
14,382,389.835,47531,90.655051
14,383,954.859,47531,263.655348
15,0,2729.654,47531,665.482090
15,1,475.631,47531,118.635766
15,2,701.748,47531,122.925659
15,3,437.333,47531,66.483759
15,4,2985.829,47531,1265.743171
15,5,886.392,47531,196.019237
15,6,437.061,47531,93.748822
15,7,495.618,47531,118.183373
15,8,1246.446,47531,204.988494
15,9,252.335,47531,78.465607
15,10,22.035,47531,3.570111
15,11,281.465,47531,62.333193
15,12,333.011,47531,73.590122
15,13,284.721,47531,51.156825
15,14,369.362,47531,127.607469
15,15,1000.899,47531,301.265783
15,16,765.379,47531,352.399038
15,17,607.233,47531,126.028168
15,18,451.398,47531,116.071829
15,19,926.801,47531,336.846373
15,20,552.840,47531,142.912091
15,21,703.214,47531,240.943194
15,22,358.880,47531,86.284696
15,23,1897.470,47531,299.950820
15,24,0.600,47531,0.162065
15,25,1974.890,47531,473.502184
15,26,1360.243,47531,298.381601
15,27,4536.383,47531,1222.904000
15,28,395.534,47531,61.200363
15,29,88.827,47531,32.975067
15,30,30.377,47531,4.088687
15,31,189.649,47531,25.033790
15,32,311.833,47531,80.948518
15,33,595.541,47531,164.624097
15,34,218.268,47531,51.540291
15,35,267.803,47531,61.588070
15,36,273.303,47531,58.552734
15,37,120.600,47531,19.872479
15,38,658.929,47531,186.515384
15,39,247.111,47531,60.955735
15,40,827.634,47531,214.124654
15,41,53.835,47531,24.107266
15,42,833.457,47531,187.783501
15,43,854.730,47531,303.251557
15,44,521.496,47531,143.543820
15,45,474.813,47531,149.107267
15,46,2034.391,47531,593.340023
15,47,65.437,47531,20.487087
15,48,99.871,47531,44.979452
15,49,305.204,47531,52.028145
15,50,603.229,47531,192.271116
15,51,1723.310,47531,271.262820
15,52,1733.212,47531,322.509021
15,53,238.463,47531,37.223082
15,54,1858.900,47531,1023.139799
15,55,129.724,47531,31.189261
15,56,46.200,47531,7.971788
15,57,458.148,47531,196.816357
15,58,310.200,47531,120.398407
15,59,364.642,47531,103.241722
15,60,285.484,47531,77.921451
15,61,4875.118,47531,1929.315298
15,62,640.188,47531,337.146238
15,63,192.118,47531,30.150708
15,64,97.515,47531,15.176772
15,65,3423.260,47531,1248.503332
15,66,3031.167,47531,936.528193
15,67,168.941,47531,33.431693
15,68,155.756,47531,32.344990
15,69,1472.280,47531,398.158444
15,70,697.633,47531,89.768606
15,71,14.342,47531,1.887725
15,72,105.435,47531,22.522688
15,73,936.080,47531,219.683095
15,74,1540.271,47531,294.865994
15,75,225.706,47531,50.303369
15,76,967.476,47531,318.126317
15,77,4.800,47531,1.257913
15,78,180.618,47531,36.838347
15,79,1188.051,47531,325.316618
15,80,253.223,47531,37.627659
15,81,216.229,47531,36.322936
15,82,335.089,47531,55.028259
15,83,1454.670,47531,236.321552
15,84,117.808,47531,11.085393
15,85,1265.322,47531,303.450034
15,86,623.493,47531,200.723296
15,87,820.892,47531,270.480806
15,88,372.028,47531,149.019264
15,89,850.459,47531,185.627479
15,90,1270.283,47531,356.166995
15,91,2939.495,47531,528.165782
15,92,447.252,47531,133.409066
15,93,761.445,47531,208.236711
15,94,78.351,47531,10.870518
15,95,951.551,47531,151.519104
15,96,333.321,47531,70.989074
15,97,484.115,47531,71.933053
15,98,464.276,47531,87.128635
15,99,764.507,47531,256.782280
15,100,529.678,47531,144.638093
15,101,71.873,47531,11.907914
15,102,842.248,47531,211.007779
15,103,629.046,47531,158.954923
15,104,787.804,47531,224.557948
15,105,148.196,47531,19.183272
15,106,3463.192,47531,995.081854
15,107,25.800,47531,7.867821
15,108,53.114,47531,10.134334
15,109,528.246,47531,93.506477
15,110,1161.443,47531,160.695032
15,111,816.121,47531,286.988783
15,112,554.361,47531,116.639301
15,113,442.981,47531,56.896518
15,114,163.195,47531,32.639547
15,115,330.855,47531,117.566299
15,116,199.557,47531,33.825713
15,117,275.943,47531,54.636982
15,118,967.392,47531,317.604655
15,119,885.992,47531,187.473650
15,120,21.202,47531,6.206918
15,121,1230.938,47531,241.445816
15,122,318.241,47531,107.653614
15,123,919.572,47531,217.434660
15,124,832.759,47531,198.288683
15,125,508.570,47531,146.195354
15,126,318.601,47531,85.273361
15,127,0.000,47531,0.000000
15,128,16.635,47531,2.467855
15,129,2226.261,47531,684.566781
15,130,1038.663,47531,206.254098
15,131,298.731,47531,128.340869
15,132,682.650,47531,160.939348
15,133,2120.580,47531,521.181520
15,134,562.894,47531,72.733285
15,135,161.008,47531,26.568901
15,136,714.792,47531,167.677964
15,137,2846.279,47531,634.565226
15,138,200.012,47531,46.624180
15,139,752.141,47531,234.267197
15,140,415.870,47531,120.367879
15,141,830.697,47531,219.530360
15,142,101.863,47531,54.455191
15,143,1055.382,47531,274.167421
15,144,454.845,47531,115.245985
15,145,245.236,47531,30.776692
15,146,1529.481,47531,348.194683
15,147,41.719,47531,7.487689
15,148,1034.269,47531,325.277858
15,149,227.217,47531,31.941528
15,150,6396.707,47531,1261.335603
15,151,1022.318,47531,187.651079
15,152,532.724,47531,190.534829
15,153,2346.354,47531,448.643901
15,154,1340.606,47531,436.025066
15,155,288.001,47531,43.935265
15,156,257.338,47531,48.790011
15,157,461.907,47531,79.907534
15,158,393.724,47531,114.388443
15,159,532.346,47531,176.876335
15,160,442.584,47531,112.753298
15,161,219.435,47531,85.325798
15,162,1472.315,47531,463.942746
15,163,65.506,47531,8.754813
15,164,997.264,47531,134.866188
15,165,5868.386,47531,1236.248699
15,166,405.686,47531,98.243409
15,167,857.953,47531,226.693096
15,168,2317.272,47531,497.039172
15,169,419.831,47531,96.768936
15,170,589.779,47531,144.465741
15,171,356.618,47531,94.185725
15,172,1645.743,47531,453.940303
15,173,6.000,47531,0.741359
15,174,1650.561,47531,483.265862
15,175,138.983,47531,44.025228
15,176,578.277,47531,120.184809
15,177,1483.827,47531,334.237077
15,178,827.670,47531,244.169427
15,179,227.326,47531,87.678623
15,180,511.377,47531,97.866634
15,181,290.340,47531,54.058043
15,182,195.893,47531,45.433405
15,183,28.742,47531,3.509574
15,184,366.128,47531,56.680166
15,185,368.144,47531,67.053614
15,186,472.312,47531,198.649030
15,187,629.603,47531,109.036968
15,188,447.028,47531,130.737827
15,189,319.562,47531,50.984665
15,190,230.025,47531,47.441267
15,191,28.025,47531,3.501472
15,192,2181.573,47531,303.445708
15,193,447.579,47531,83.044910
15,194,326.714,47531,76.261307
15,195,2330.053,47531,574.614604
15,196,593.682,47531,135.103197
15,197,779.919,47531,212.748811
15,198,487.654,47531,88.704675
15,199,444.151,47531,153.292082
15,200,4392.089,47531,786.053499
15,201,416.675,47531,90.707119
15,202,477.625,47531,67.331293
15,203,53.177,47531,6.613278
15,204,30.160,47531,4.156027
15,205,230.406,47531,42.099380
15,206,698.411,47531,199.675432
15,207,443.815,47531,88.401154
15,208,581.413,47531,137.720377
15,209,266.273,47531,67.239654
15,210,668.828,47531,120.948245
15,211,398.342,47531,134.880363
15,212,667.394,47531,125.126426
15,213,1300.474,47531,216.896967
15,214,344.273,47531,84.267922
15,215,1797.430,47531,353.241048
15,216,595.120,47531,81.312387
15,217,74.389,47531,17.366292
15,218,826.024,47531,112.457528
15,219,445.344,47531,95.427320
15,220,475.700,47531,142.162187
15,221,1460.857,47531,249.119578
15,222,467.235,47531,109.762673
15,223,583.759,47531,166.379239
15,224,173.883,47531,45.324684
15,225,16.025,47531,1.901423
15,226,520.622,47531,66.231374
15,227,399.608,47531,62.547283
15,228,275.947,47531,43.867569
15,229,666.655,47531,105.339410
15,230,58.593,47531,17.422245
15,231,359.397,47531,58.595624
15,232,429.319,47531,126.059608
15,233,461.240,47531,55.429630
15,234,43.789,47531,3.121135
15,235,2246.798,47531,445.537505
15,236,598.485,47531,186.353888
15,237,255.579,47531,33.841769
15,238,24.706,47531,3.318388
15,239,1184.027,47531,232.675644
15,240,35.389,47531,6.233040
15,241,270.622,47531,58.603470
15,242,583.483,47531,145.397490
15,243,2297.003,47531,384.921601
15,244,57.786,47531,10.109573
15,245,432.320,47531,107.125510
15,246,500.814,47531,93.857432
15,247,249.019,47531,40.338114
15,248,448.742,47531,146.289014
15,249,160.000,47531,42.860375
15,250,1179.866,47531,257.458692
15,251,273.590,47531,69.310522
15,252,474.706,47531,112.194981
15,253,13.035,47531,2.421650
15,254,259.179,47531,62.726317
15,255,598.698,47531,107.572980
15,256,70.673,47531,8.886451
15,257,462.559,47531,96.731016
15,258,313.041,47531,101.665000
15,259,527.583,47531,109.622936
15,260,27.908,47531,3.908058
15,261,752.870,47531,122.363854
15,262,472.072,47531,88.545182
15,263,19.906,47531,3.054447
15,264,101.805,47531,16.226132
15,265,98.241,47531,14.568054
15,266,222.356,47531,66.085955
15,267,867.960,47531,205.319663
15,268,1119.771,47531,183.983503
15,269,538.120,47531,197.825421
15,270,467.375,47531,167.604087
15,271,1205.868,47531,206.629579
15,272,2338.658,47531,1009.094913
15,273,113.745,47531,13.856427
15,274,560.047,47531,162.407756
15,275,183.234,47531,34.059231
15,276,604.008,47531,102.983080
15,277,5.400,47531,1.298120
15,278,1.800,47531,0.541463
15,279,11.835,47531,3.233368
15,280,690.610,47531,193.570423
15,281,666.941,47531,281.282554
15,282,88.322,47531,13.802386
15,283,2888.198,47531,1289.315303
15,284,290.705,47531,81.259754
15,285,2450.252,47531,511.343351
15,286,23.612,47531,3.884709
15,287,2036.813,47531,499.921605
15,288,619.197,47531,121.652407
15,289,369.554,47531,127.526859
15,290,10.519,47531,1.791402
15,291,906.870,47531,217.972024
15,292,1396.884,47531,270.443599
15,293,384.220,47531,99.670008
15,294,1486.116,47531,866.060314
15,295,48.860,47531,7.621020
15,296,108.027,47531,14.354367
15,297,529.901,47531,100.743248
15,298,384.096,47531,141.095913
15,299,809.843,47531,245.561787
15,300,149.752,47531,21.280435
15,301,522.463,47531,87.062324
15,302,381.288,47531,100.991016
15,303,3455.390,47531,738.295337
15,304,1196.237,47531,353.456648
15,305,929.740,47531,173.628661
15,306,107.400,47531,26.441464
15,307,889.679,47531,211.166957
15,308,209.989,47531,66.881252
15,309,355.073,47531,102.809205
15,310,1022.812,47531,142.817403
15,311,134.402,47531,18.568476
15,312,630.240,47531,125.434693
15,313,481.638,47531,174.926105
15,314,681.436,47531,140.866041
15,315,113.475,47531,22.465751
15,316,487.418,47531,224.476303
15,317,917.381,47531,220.141320
15,318,1070.694,47531,221.454385
15,319,695.272,47531,179.154991
15,320,366.157,47531,80.126979
15,321,833.959,47531,293.549522
15,322,349.201,47531,54.971440
15,323,214.408,47531,21.847126
15,324,868.440,47531,319.239388
15,325,512.177,47531,88.130857
15,326,2560.189,47531,997.281415
15,327,279.234,47531,48.106030
15,328,826.703,47531,189.946175
15,329,225.706,47531,44.650383
15,330,393.665,47531,107.230047
15,331,558.559,47531,194.639955
15,332,1456.533,47531,203.619275
15,333,239.815,47531,78.850598
15,334,1418.687,47531,255.120247
15,335,1253.089,47531,238.801077
15,336,475.574,47531,159.822120
15,337,874.047,47531,336.310404
15,338,97.699,47531,26.688152
15,339,362.333,47531,50.256382
15,340,18.675,47531,4.625731
15,341,2094.342,47531,589.852428
15,342,647.426,47531,148.598232
15,343,348.880,47531,62.589149
15,344,439.909,47531,64.620666
15,345,408.588,47531,76.567364
15,346,1906.415,47531,365.768015
15,347,895.950,47531,154.271691
15,348,2909.019,47531,547.529938
15,349,493.759,47531,116.791890
15,350,366.391,47531,52.477441
15,351,2870.414,47531,570.633441
15,352,1120.993,47531,201.715434
15,353,82.073,47531,12.216746
15,354,280.004,47531,60.844669
15,355,1996.801,47531,751.556454
15,356,2483.082,47531,582.477604
15,357,370.201,47531,56.925911
15,358,307.165,47531,51.611352
15,359,2792.232,47531,557.753709
15,360,513.255,47531,152.107813
15,361,642.809,47531,195.557213
15,362,471.106,47531,71.440654
15,363,387.760,47531,111.835627
15,364,222.713,47531,30.468971
15,365,446.942,47531,52.280230
15,366,155.321,47531,26.347796
15,367,1224.648,47531,257.674223
15,368,785.409,47531,315.171674
15,369,3452.909,47531,742.166656
15,370,290.269,47531,92.303581
15,371,249.988,47531,29.276927
15,372,266.602,47531,137.013559
15,373,330.405,47531,103.275479
15,374,498.872,47531,197.064856
15,375,529.377,47531,156.518495
15,376,61.306,47531,14.393957
15,377,257.651,47531,108.837374
15,378,374.119,47531,108.125284
15,379,337.562,47531,67.617223
15,380,57.276,47531,7.589809
15,381,229.510,47531,37.059688
15,382,1225.678,47531,267.083607
15,383,1002.452,47531,241.538589
16,0,1834.388,47531,452.149280
16,1,487.504,47531,116.135137
16,2,3869.121,47531,1073.955123
16,3,2428.066,47531,946.931722
16,4,385.118,47531,85.142732
16,5,313.870,47531,72.316684
16,6,1815.090,47531,384.340386
16,7,89.417,47531,16.458958
16,8,880.068,47531,233.890604
16,9,78.744,47531,16.665831
16,10,756.924,47531,182.697089
16,11,627.552,47531,142.877015
16,12,59.130,47531,11.728569
16,13,12.000,47531,2.501650
16,14,16.800,47531,3.374920
16,15,106.848,47531,22.094450
16,16,93.256,47531,18.255125
16,17,674.367,47531,151.992035
16,18,656.225,47531,154.777612
16,19,107.549,47531,20.398142
16,20,4005.441,47531,1083.808793
16,21,1695.332,47531,388.579412
16,22,622.542,47531,111.057013
16,23,85.471,47531,20.671311
16,24,149.225,47531,37.241211
16,25,2557.568,47531,673.960710
16,26,696.414,47531,179.622508
16,27,742.194,47531,172.400821
16,28,996.493,47531,242.271715
16,29,880.538,47531,213.161173
16,30,640.446,47531,161.731994
16,31,69.919,47531,16.514458
16,32,120.648,47531,26.595664
16,33,3201.522,47531,718.602902
16,34,250.062,47531,59.872848
16,35,263.215,47531,55.277885
16,36,200.237,47531,45.290788
16,37,138.032,47531,26.160944
16,38,138.776,47531,31.976305
16,39,672.722,47531,156.946759
16,40,1943.185,47531,549.919830
16,41,10893.952,47531,2879.100419
16,42,60.706,47531,15.106408
16,43,577.886,47531,149.598092
16,44,7.800,47531,1.813130
16,45,69.106,47531,16.761786
16,46,934.817,47531,242.191613
16,47,741.708,47531,173.847288
16,48,3718.346,47531,1062.123848
16,49,125.619,47531,27.979596
16,50,97.954,47531,28.608534
16,51,514.615,47531,130.427726
16,52,437.599,47531,99.492506
16,53,27.000,47531,5.942008
16,54,797.193,47531,195.889744
16,55,359.252,47531,97.402179
16,56,377.831,47531,84.302201
16,57,0.000,47531,0.000000
16,58,113.252,47531,21.836681
16,59,126.787,47531,25.168860
16,60,544.456,47531,137.494583
16,61,320.295,47531,72.147392
16,62,1050.995,47531,286.225243
16,63,160.355,47531,9.721686
16,64,770.018,47531,202.104082
16,65,133.854,47531,24.513461
16,66,839.157,47531,213.333185
16,67,85.200,47531,19.668890
16,68,394.068,47531,106.882100
16,69,59.342,47531,13.207661
16,70,2443.673,47531,579.562884
16,71,120.600,47531,31.626349
16,72,903.671,47531,272.021082
16,73,1145.652,47531,269.264330
16,74,1370.641,47531,338.212171
16,75,35.400,47531,9.583517
16,76,49.519,47531,11.306452
16,77,875.653,47531,204.546798
16,78,663.649,47531,160.966647
16,79,403.155,47531,80.213503
16,80,108.000,47531,24.376856
16,81,278.968,47531,60.561151
16,82,1306.971,47531,264.072516
16,83,825.607,47531,197.177653
16,84,665.943,47531,171.116549
16,85,745.146,47531,199.313844
16,86,6016.311,47531,1320.008294
16,87,1.800,47531,0.339440
16,88,637.745,47531,139.120608
16,89,1835.204,47531,508.990305
16,90,176.262,47531,40.742374
16,91,178.567,47531,41.433546
16,92,19.800,47531,4.179496
16,93,2056.660,47531,479.440344
16,94,475.338,47531,92.607375
16,95,415.061,47531,85.768996
16,96,257.247,47531,69.577942
16,97,3381.822,47531,838.210804
16,98,536.693,47531,143.141392
16,99,255.600,47531,60.755182
16,100,436.566,47531,107.094941
16,101,148.848,47531,36.164206
16,102,364.370,47531,89.180726
16,103,447.253,47531,121.129358
16,104,56.464,47531,12.635612
16,105,130.142,47531,32.968051
16,106,86.241,47531,18.062988
16,107,214.965,47531,55.907356
16,108,630.096,47531,167.110195
16,109,2238.117,47531,456.401669
16,110,270.000,47531,56.201081
16,111,1966.504,47531,489.473339
16,112,19.800,47531,3.337019
16,113,433.576,47531,90.535569
16,114,15.600,47531,2.796394
16,115,348.271,47531,93.064639
16,116,482.062,47531,108.096929
16,117,3725.400,47531,955.522330
16,118,769.226,47531,140.967864
16,119,615.829,47531,158.565648
16,120,773.883,47531,208.105582
16,121,54.197,47531,10.264864
16,122,1085.012,47531,277.485477
16,123,390.919,47531,88.424481
16,124,564.261,47531,140.076776
16,125,175.954,47531,36.965659
16,126,363.426,47531,88.597000
16,127,114.706,47531,29.166004
16,128,338.400,47531,84.823207
16,129,59.804,47531,12.366591
16,130,1444.378,47531,311.020168
16,131,46.035,47531,10.327867
16,132,143.400,47531,34.568585
16,133,805.441,47531,183.621463
16,134,476.952,47531,106.207206
16,135,19.275,47531,4.128716
16,136,507.505,47531,115.976018
16,137,616.063,47531,141.708081
16,138,109.148,47531,20.174306
16,139,1136.942,47531,273.676778
16,140,245.799,47531,32.948741
16,141,31.052,47531,5.715676
16,142,874.035,47531,224.012604
16,143,97.536,47531,21.937897
16,144,110.008,47531,25.686226
16,145,1.800,47531,0.403144
16,146,3180.121,47531,715.588068
16,147,672.875,47531,140.989274
16,148,10.800,47531,2.542944
16,149,995.581,47531,280.989976
16,150,173.777,47531,46.472771
16,151,92.141,47531,19.983397
16,152,526.409,47531,140.724289
16,153,30.435,47531,5.993271
16,154,19.800,47531,4.795955
16,155,31.264,47531,7.129123
16,156,169.853,47531,39.483021
16,157,528.925,47531,132.579377
16,158,1.200,47531,0.233103
16,159,33.335,47531,6.258892
16,160,2684.825,47531,629.620878
16,161,4348.045,47531,929.951264
16,162,217.275,47531,52.752274
16,163,3593.213,47531,873.846533
16,164,119.400,47531,38.787795
16,165,62.400,47531,14.574448
16,166,702.744,47531,163.147436
16,167,213.627,47531,43.423394
16,168,70.769,47531,13.063967
16,169,418.943,47531,84.294572
16,170,138.053,47531,34.667949
16,171,56.835,47531,16.116131
16,172,897.537,47531,226.633684
16,173,354.108,47531,72.246273
16,174,244.132,47531,56.347255
16,175,68.400,47531,13.029067
16,176,868.601,47531,264.202259
16,177,1104.560,47531,321.379142
16,178,760.610,47531,180.860397
16,179,1046.899,47531,246.882987
16,180,58.131,47531,12.522250
16,181,679.654,47531,154.090133
16,182,20.177,47531,4.394014
16,183,184.642,47531,41.119204
16,184,509.520,47531,124.593734
16,185,656.790,47531,150.109003
16,186,263.437,47531,78.098518
16,187,230.528,47531,58.299927
16,188,277.337,47531,55.269658
16,189,764.783,47531,251.386587
16,190,310.557,47531,64.782933
16,191,10142.833,47531,2697.346934
16,192,920.513,47531,222.559290
16,193,119.400,47531,29.569682
16,194,144.000,47531,36.271713
16,195,252.542,47531,46.958516
16,196,82.200,47531,19.071233
16,197,1174.062,47531,385.935720
16,198,165.813,47531,37.590710
16,199,279.144,47531,68.650964
16,200,185.071,47531,41.036590
16,201,160.907,47531,42.228900
16,202,1861.103,47531,529.265474
16,203,991.473,47531,223.507467
16,204,1371.858,47531,262.425485
16,205,235.202,47531,42.280197
16,206,892.803,47531,212.420655
16,207,7.200,47531,1.836955
16,208,261.866,47531,57.980035
16,209,1031.395,47531,232.561370
16,210,1582.828,47531,437.180045
16,211,865.571,47531,201.974222
16,212,2271.788,47531,521.241569
16,213,95.428,47531,19.045376
16,214,83.235,47531,19.975801
16,215,50.389,47531,8.576183
16,216,540.792,47531,136.714198
16,217,246.653,47531,54.608850
16,218,104.831,47531,24.496414
16,219,606.888,47531,174.820206
16,220,126.951,47531,31.135844
16,221,15.000,47531,2.908102
16,222,79.200,47531,22.568252
16,223,3236.389,47531,907.911181
16,224,98.071,47531,23.355204
16,225,67.519,47531,15.835868
16,226,616.731,47531,150.704472
16,227,7.800,47531,1.497943
16,228,642.723,47531,151.233206
16,229,115.625,47531,22.371836
16,230,124.381,47531,29.670803
16,231,519.287,47531,123.620960
16,232,236.400,47531,57.678443
16,233,19.954,47531,3.498105
16,234,451.918,47531,103.235749
16,235,664.980,47531,127.840589
16,236,90.271,47531,21.666146
16,237,1295.781,47531,311.893602
16,238,2984.160,47531,751.593217
16,239,2862.230,47531,917.568733
16,240,94.700,47531,23.949668
16,241,104.162,47531,17.971037
16,242,285.202,47531,69.600115
16,243,409.785,47531,108.899950
16,244,131.231,47531,23.716245
16,245,6361.501,47531,1697.359642
16,246,200.753,47531,39.270734
16,247,285.260,47531,66.090691
16,248,626.911,47531,160.778696
16,249,12.106,47531,2.369972
16,250,1592.142,47531,355.274934
16,251,302.362,47531,63.501549
16,252,714.335,47531,176.424775
16,253,600.380,47531,126.481680
16,254,88.800,47531,20.619152
16,255,57.425,47531,13.621702
16,256,214.950,47531,42.921123
16,257,124.035,47531,24.537371
16,258,44.671,47531,9.065782
16,259,109.467,47531,21.665314
16,260,51.000,47531,12.654588
16,261,246.383,47531,42.563011
16,262,753.104,47531,204.006615
16,263,4985.848,47531,1444.439816
16,264,427.858,47531,94.849985
16,265,4491.792,47531,1280.070977
16,266,62.921,47531,13.977857
16,267,553.816,47531,147.492546
16,268,1197.579,47531,353.957740
16,269,377.119,47531,92.891308
16,270,20.400,47531,4.232943
16,271,282.514,47531,75.843736
16,272,35.166,47531,8.094274
16,273,123.006,47531,27.965354
16,274,33.600,47531,7.444027
16,275,267.276,47531,65.345344
16,276,364.535,47531,86.939161
16,277,28.471,47531,5.671812
16,278,115.004,47531,27.050982
16,279,848.586,47531,204.951995
16,280,747.421,47531,168.065084
16,281,438.970,47531,97.061877
16,282,431.628,47531,97.017646
16,283,501.054,47531,137.492474
16,284,5112.639,47531,1230.835626
16,285,34.837,47531,7.971015
16,286,594.388,47531,147.290491
16,287,57.993,47531,9.480319
16,288,706.637,47531,175.167620
16,289,1476.859,47531,284.832648
16,290,119.157,47531,22.779010
16,291,196.800,47531,51.546430
16,292,16.800,47531,4.491655
16,293,887.843,47531,233.882205
16,294,656.995,47531,182.887755
16,295,307.034,47531,63.302336
16,296,28.131,47531,7.249127
16,297,167.379,47531,37.423277
16,298,3.600,47531,0.724669
16,299,605.072,47531,170.411570
16,300,3537.049,47531,886.627864
16,301,58.800,47531,15.180892
16,302,257.496,47531,62.579311
16,303,2.342,47531,0.401368
16,304,5606.679,47531,1360.840511
16,305,278.715,47531,70.383096
16,306,140.835,47531,34.052168
16,307,255.272,47531,49.755896
16,308,501.000,47531,150.623911
16,309,1026.043,47531,240.761690
16,310,71.087,47531,17.385445
16,311,119.156,47531,28.002249
16,312,1165.069,47531,267.959441
16,313,310.981,47531,82.322857
16,314,404.660,47531,94.273614
16,315,7.200,47531,1.116448
16,316,10.179,47531,1.912291
16,317,182.502,47531,40.019290
16,318,457.999,47531,120.064870
16,319,745.467,47531,176.219889
16,320,3.871,47531,0.682627
16,321,241.721,47531,52.112276
16,322,219.871,47531,53.375033
16,323,485.316,47531,123.285273
16,324,196.635,47531,41.858740
16,325,412.340,47531,84.841430
16,326,5.071,47531,1.111649
16,327,132.425,47531,32.014447
16,328,434.342,47531,113.461041
16,329,729.314,47531,177.964453
16,330,64.800,47531,13.457213
16,331,1342.515,47531,353.123004
16,332,3570.058,47531,1095.576521
16,333,358.800,47531,87.397940
16,334,1933.206,47531,537.290129
16,335,140.820,47531,41.274985
16,336,2876.932,47531,764.011283
16,337,413.177,47531,106.168641
16,338,178.200,47531,42.613018
16,339,527.264,47531,126.353047
16,340,76.035,47531,15.362362
16,341,37.635,47531,9.649223
16,342,215.737,47531,45.925862
16,343,817.822,47531,221.797268
16,344,1312.813,47531,359.333794
16,345,431.582,47531,96.568023
16,346,152.820,47531,30.456386
16,347,492.336,47531,73.138510
16,348,2226.204,47531,494.053668
16,349,1880.067,47531,349.466785
16,350,389.825,47531,94.495393
16,351,24.000,47531,5.292813
16,352,6282.803,47531,1699.965888
16,353,80.012,47531,16.567880
16,354,640.731,47531,195.621941
16,355,605.149,47531,165.775401
16,356,323.260,47531,74.298995
16,357,502.739,47531,111.601985
16,358,39.000,47531,10.692031
16,359,307.800,47531,71.072956
16,360,48.866,47531,8.969951
16,361,176.135,47531,40.584656
16,362,214.232,47531,49.859090
16,363,49.412,47531,9.632907
16,364,3604.242,47531,864.646625
16,365,446.464,47531,116.989059
16,366,89.146,47531,16.842281
16,367,1441.213,47531,323.360277
16,368,1535.944,47531,374.429905
16,369,65.873,47531,10.052303
16,370,561.740,47531,131.147268
16,371,921.330,47531,228.092494
16,372,1.635,47531,0.279793
16,373,281.003,47531,73.804327
16,374,177.798,47531,34.492967
16,375,161.757,47531,14.563520
16,376,41.400,47531,7.340431
16,377,211.137,47531,61.124214
16,378,2840.253,47531,664.808418
16,379,312.435,47531,70.358329
16,380,8.400,47531,1.387902
16,381,779.214,47531,172.370706
16,382,2135.237,47531,538.839753
16,383,871.158,47531,213.194494
17,0,464.348,47531,81.581977
17,1,13.200,47531,2.586006
17,2,942.676,47531,241.906506
17,3,419.432,47531,107.372660
17,4,24.754,47531,5.105778
17,5,583.200,47531,143.905699
17,6,601.429,47531,203.323175
17,7,95.177,47531,24.609957
17,8,84.521,47531,12.358245
17,9,29.554,47531,5.244804
17,10,784.113,47531,149.045083
17,11,228.655,47531,48.562240
17,12,371.639,47531,101.570385
17,13,126.871,47531,36.803014
17,14,838.952,47531,309.017208
17,15,131.342,47531,31.864836
17,16,276.701,47531,68.213662
17,17,627.524,47531,117.170258
17,18,2342.335,47531,458.733050
17,19,1027.510,47531,294.093585
17,20,684.694,47531,154.688401
17,21,13.625,47531,2.861813
17,22,1832.414,47531,357.676569
17,23,557.110,47531,115.093814
17,24,8169.456,47531,2156.591120
17,25,890.916,47531,210.976616
17,26,579.564,47531,138.888282
17,27,894.995,47531,329.217621
17,28,104.835,47531,24.427652
17,29,10.471,47531,1.990021
17,30,1307.980,47531,312.101808
17,31,1131.158,47531,238.312583
17,32,501.165,47531,106.959470
17,33,476.602,47531,86.914813
17,34,545.215,47531,90.363400
17,35,490.430,47531,74.929331
17,36,1052.616,47531,272.583774
17,37,167.703,47531,47.637092
17,38,482.705,47531,114.089094
17,39,702.957,47531,160.317526
17,40,363.128,47531,96.276478
17,41,445.476,47531,152.152961
17,42,1378.821,47531,324.471001
17,43,623.035,47531,144.324719
17,44,263.166,47531,57.987617
17,45,414.260,47531,99.184459
17,46,122.671,47531,29.547783
17,47,1000.251,47531,238.197487
17,48,146.199,47531,31.914548
17,49,1179.534,47531,218.392041
17,50,176.449,47531,36.667397
17,51,139.849,47531,31.558149
17,52,38.448,47531,7.908462
17,53,18.696,47531,4.055265
17,54,604.707,47531,143.625921
17,55,599.619,47531,175.428782
17,56,219.850,47531,52.853447
17,57,929.611,47531,244.298578
17,58,255.473,47531,62.049373
17,59,625.497,47531,206.469956
17,60,55.035,47531,11.581729
17,61,603.011,47531,156.597725
17,62,686.891,47531,142.938878
17,63,646.578,47531,112.899289
17,64,1847.217,47531,545.055261
17,65,61.800,47531,12.276649
17,66,27.271,47531,4.895381
17,67,1577.648,47531,461.297154
17,68,881.530,47531,210.898551
17,69,1586.759,47531,359.855191
17,70,224.235,47531,48.932922
17,71,919.382,47531,224.042797
17,72,279.045,47531,63.564267
17,73,226.731,47531,61.207892
17,74,402.335,47531,91.879619
17,75,197.358,47531,46.808355
17,76,138.462,47531,27.080876
17,77,136.211,47531,33.912780
17,78,1018.758,47531,178.162124
17,79,194.380,47531,35.761955
17,80,268.240,47531,50.714911
17,81,137.012,47531,32.694815
17,82,2682.809,47531,604.712983
17,83,162.648,47531,43.830408
17,84,217.356,47531,43.164396
17,85,42.706,47531,8.022951
17,86,50.586,47531,10.214096
17,87,33.568,47531,7.135864
17,88,1500.665,47531,322.851691
17,89,407.119,47531,99.767384
17,90,194.177,47531,45.260928
17,91,941.986,47531,209.438982
17,92,40.200,47531,10.065904
17,93,436.089,47531,97.826942
17,94,27.000,47531,5.853914
17,95,109.599,47531,23.003448
17,96,198.580,47531,33.320093
17,97,356.741,47531,92.333072
17,98,386.897,47531,51.878079
17,99,685.695,47531,164.948689
17,100,132.435,47531,34.654586
17,101,244.906,47531,57.325610
17,102,603.729,47531,141.998086
17,103,44.835,47531,7.993454
17,104,20.400,47531,5.408345
17,105,55.710,47531,11.799649
17,106,3003.251,47531,665.997603
17,107,403.333,47531,92.258631
17,108,151.861,47531,32.648325
17,109,726.416,47531,163.456932
17,110,591.603,47531,153.344104
17,111,23.671,47531,4.040516
17,112,120.893,47531,31.924674
17,113,1388.529,47531,258.947952
17,114,177.091,47531,57.382368
17,115,485.736,47531,121.147272
17,116,3214.972,47531,980.690289
17,117,629.788,47531,139.386218
17,118,285.000,47531,66.933248
17,119,128.911,47531,24.409320
17,120,502.791,47531,126.626051
17,121,239.166,47531,54.418542
17,122,711.792,47531,182.283898
17,123,208.306,47531,55.145908
17,124,512.730,47531,205.269326
17,125,32.852,47531,7.854899
17,126,148.519,47531,36.844569
17,127,130.189,47531,26.730940
17,128,137.883,47531,30.333592
17,129,215.071,47531,44.253924
17,130,285.220,47531,59.068878
17,131,1048.577,47531,246.613034
17,132,684.584,47531,126.898277
17,133,488.864,47531,117.683117
17,134,4155.622,47531,946.905613
17,135,798.499,47531,182.562295
17,136,307.083,47531,76.435218
17,137,241.391,47531,56.794654
17,138,464.109,47531,87.390696
17,139,266.110,47531,48.173274
17,140,221.145,47531,50.839832
17,141,293.448,47531,67.723642
17,142,234.564,47531,58.948093
17,143,440.783,47531,95.705699
17,144,257.549,47531,60.627971
17,145,275.057,47531,54.972469
17,146,7732.948,47531,2141.259771
17,147,88.800,47531,22.872939
17,148,388.918,47531,75.022165
17,149,494.012,47531,128.600837
17,150,208.853,47531,52.176758
17,151,4878.040,47531,1441.432498
17,152,1194.567,47531,237.956522
17,153,203.492,47531,48.344670
17,154,152.157,47531,28.094423
17,155,47.400,47531,10.143838
17,156,200.799,47531,52.665317
17,157,234.728,47531,63.513985
17,158,756.554,47531,205.584787
17,159,301.189,47531,75.571414
17,160,622.633,47531,169.763850
17,161,4733.545,47531,1247.050544
17,162,31.083,47531,6.545602
17,163,771.983,47531,211.486920
17,164,370.954,47531,94.112625
17,165,1196.979,47531,302.226719
17,166,120.372,47531,29.969923
17,167,348.914,47531,110.769691
17,168,2287.895,47531,590.776438
17,169,613.527,47531,175.637530
17,170,655.004,47531,151.430354
17,171,718.922,47531,177.523034
17,172,679.122,47531,129.109512
17,173,93.600,47531,22.616432
17,174,740.199,47531,197.111421
17,175,467.539,47531,121.194210
17,176,76.189,47531,18.463916
17,177,796.274,47531,151.554706
17,178,7580.990,47531,1974.456925
17,179,244.896,47531,53.516449
17,180,475.110,47531,115.641519
17,181,349.703,47531,70.403489
17,182,194.496,47531,46.447501
17,183,143.400,47531,31.449965
17,184,853.154,47531,194.644581
17,185,255.884,47531,44.267382
17,186,39.579,47531,8.229523
17,187,50.342,47531,9.836971
17,188,292.167,47531,55.057893
17,189,208.700,47531,41.181389
17,190,121.035,47531,34.183351
17,191,15.308,47531,3.326160
17,192,78.134,47531,12.999157
17,193,994.188,47531,272.211659
17,194,72.978,47531,13.127245
17,195,4447.789,47531,1045.441163
17,196,370.852,47531,73.257686
17,197,1311.435,47531,338.851905
17,198,125.485,47531,30.874710
17,199,278.400,47531,66.788493
17,200,83.581,47531,15.830224
17,201,724.742,47531,169.284523
17,202,838.629,47531,181.857288
17,203,1640.738,47531,437.254233
17,204,455.210,47531,112.967594
17,205,419.651,47531,117.781521
17,206,159.017,47531,30.317704
17,207,1612.454,47531,362.319219
17,208,510.455,47531,123.311920
17,209,927.585,47531,248.079449
17,210,184.982,47531,34.672444
17,211,322.142,47531,71.091383
17,212,2322.039,47531,475.400507
17,213,977.068,47531,261.023940
17,214,345.180,47531,68.166705
17,215,0.000,47531,0.000000
17,216,41.400,47531,8.947867
17,217,65.119,47531,16.223102
17,218,247.381,47531,46.519895
17,219,21.404,47531,2.192397
17,220,1489.130,47531,438.040173
17,221,166.041,47531,31.984361
17,222,467.353,47531,109.574157
17,223,318.000,47531,80.052292
17,224,454.963,47531,171.006575
17,225,1051.041,47531,224.650848
17,226,460.146,47531,85.351600
17,227,340.253,47531,83.707501
17,228,379.679,47531,79.664929
17,229,49.147,47531,6.766760
17,230,397.843,47531,75.912835
17,231,126.240,47531,25.106618
17,232,230.243,47531,59.212986
17,233,410.252,47531,124.198729
17,234,796.529,47531,191.421594
17,235,916.372,47531,245.633988
17,236,773.575,47531,184.529597
17,237,1010.664,47531,212.841268
17,238,357.393,47531,77.567034
17,239,940.948,47531,284.540383
17,240,80.098,47531,17.572675
17,241,247.069,47531,62.728080
17,242,36.637,47531,9.879007
17,243,258.366,47531,57.654476
17,244,321.271,47531,74.506876
17,245,527.591,47531,129.041460
17,246,230.200,47531,44.610384
17,247,182.466,47531,31.234353
17,248,340.248,47531,85.088169
17,249,9.648,47531,2.110673
17,250,1077.624,47531,280.101072
17,251,830.778,47531,259.404817
17,252,72.600,47531,16.318556
17,253,435.049,47531,113.732999
17,254,75.218,47531,16.297468
17,255,300.366,47531,69.660145
17,256,405.871,47531,101.769724
17,257,100.657,47531,18.366063
17,258,4.200,47531,0.836329
17,259,199.800,47531,41.877554
17,260,398.875,47531,120.636787
17,261,37.896,47531,8.391667
17,262,455.693,47531,115.455647
17,263,121.381,47531,23.150927
17,264,466.313,47531,122.581323
17,265,68.220,47531,12.885430
17,266,526.418,47531,184.006546
17,267,1363.986,47531,300.552998
17,268,103.635,47531,19.392725
17,269,29.400,47531,8.061092
17,270,971.256,47531,255.231010
17,271,30.435,47531,7.163651
17,272,654.730,47531,163.484933
17,273,350.289,47531,72.587099
17,274,4166.728,47531,990.626327
17,275,6164.853,47531,1484.832192
17,276,129.362,47531,32.027763
17,277,422.778,47531,104.322020
17,278,279.106,47531,69.931408
17,279,46.460,47531,11.310173
17,280,78.377,47531,15.194365
17,281,526.954,47531,123.437241
17,282,149.570,47531,25.688659
17,283,218.825,47531,53.788905
17,284,434.327,47531,110.041655
17,285,166.901,47531,40.445046
17,286,505.922,47531,131.381370
17,287,506.618,47531,114.263587
17,288,1643.826,47531,320.564979
17,289,2654.255,47531,786.782865
17,290,169.397,47531,34.814334
17,291,78.362,47531,13.323659
17,292,222.999,47531,41.637730
17,293,119.745,47531,21.710801
17,294,1081.298,47531,264.568921
17,295,318.649,47531,70.605197
17,296,1637.829,47531,419.614680
17,297,757.935,47531,172.027659
17,298,372.009,47531,98.445834
17,299,1474.657,47531,473.314490
17,300,101.108,47531,22.048875
17,301,211.977,47531,55.472791
17,302,702.871,47531,167.360572
17,303,561.888,47531,106.654646
17,304,162.812,47531,43.223021
17,305,1508.213,47531,406.375212
17,306,1123.232,47531,272.019695
17,307,171.637,47531,33.003730
17,308,261.893,47531,69.600080
17,309,509.273,47531,125.892831
17,310,275.305,47531,25.029378
17,311,831.473,47531,318.048228
17,312,10891.916,47531,2781.149758
17,313,2035.306,47531,468.384338
17,314,213.654,47531,52.053734
17,315,61.635,47531,12.415108
17,316,621.393,47531,141.871982
17,317,140.029,47531,23.859566
17,318,107.448,47531,30.138613
17,319,335.128,47531,58.550262
17,320,31.200,47531,7.010282
17,321,78.118,47531,16.310850
17,322,135.595,47531,31.121628
17,323,658.248,47531,157.715501
17,324,625.994,47531,160.434753
17,325,174.362,47531,29.319655
17,326,62.400,47531,16.974731
17,327,412.313,47531,79.754225
17,328,169.328,47531,31.681698
17,329,7972.573,47531,1965.355632
17,330,145.800,47531,45.197674
17,331,5162.000,47531,1319.159001
17,332,349.354,47531,79.724145
17,333,123.435,47531,29.460781
17,334,1863.887,47531,358.806327
17,335,393.744,47531,102.712294
17,336,2491.014,47531,643.504188
17,337,1043.967,47531,195.296863
17,338,36.643,47531,7.429357
17,339,429.324,47531,96.749254
17,340,71.400,47531,14.776318
17,341,161.284,47531,41.092515
17,342,487.120,47531,89.298352
17,343,77.331,47531,14.691180
17,344,254.365,47531,45.988956
17,345,120.441,47531,14.006906
17,346,1933.962,47531,486.302918
17,347,121.158,47531,25.772238
17,348,223.573,47531,56.032845
17,349,128.533,47531,22.398059
17,350,198.644,47531,47.324678
17,351,2210.907,47531,550.287698
17,352,427.892,47531,117.186054
17,353,1114.083,47531,242.770588
17,354,0.000,47531,0.000000
17,355,860.630,47531,202.861923
17,356,994.630,47531,240.617028
17,357,3098.032,47531,593.429992
17,358,334.070,47531,86.232653
17,359,173.283,47531,33.156690
17,360,3666.516,47531,936.572832
17,361,243.000,47531,63.985666
17,362,474.999,47531,90.625965
17,363,199.599,47531,38.637871
17,364,289.208,47531,40.110933
17,365,1078.706,47531,349.166760
17,366,295.123,47531,67.872593
17,367,166.281,47531,41.219554
17,368,7.742,47531,1.406555
17,369,392.447,47531,85.087431
17,370,4107.429,47531,1031.164059
17,371,496.753,47531,134.907498
17,372,40.742,47531,7.533639
17,373,1123.215,47531,258.134825
17,374,143.235,47531,38.671112
17,375,306.453,47531,59.806060
17,376,26.756,47531,6.578116
17,377,1521.673,47531,392.808354
17,378,14358.305,47531,5042.955009
17,379,1148.735,47531,238.551588
17,380,2398.474,47531,493.681931
17,381,229.737,47531,48.465158
17,382,40.412,47531,7.578485
17,383,383.231,47531,94.426355
18,0,308.157,47531,69.921916
18,1,324.614,47531,52.847274
18,2,186.242,47531,30.495019
18,3,98.448,47531,25.585901
18,4,584.699,47531,159.118869
18,5,542.343,47531,98.462371
18,6,19.800,47531,5.192488
18,7,0.000,47531,0.000000
18,8,5.506,47531,0.932575
18,9,626.321,47531,147.553310
18,10,295.801,47531,70.920784
18,11,1177.871,47531,287.429251
18,12,871.501,47531,204.116593
18,13,1338.922,47531,334.658687
18,14,456.037,47531,112.752716
18,15,158.650,47531,30.426919
18,16,88.880,47531,18.655213
18,17,438.685,47531,85.197342
18,18,1181.379,47531,249.523706
18,19,468.372,47531,128.295984
18,20,223.662,47531,53.759225
18,21,473.526,47531,129.761809
18,22,652.604,47531,170.293808
18,23,119.390,47531,26.997085
18,24,807.212,47531,217.118874
18,25,947.384,47531,255.805192
18,26,236.911,47531,42.566092
18,27,1931.148,47531,510.041337
18,28,180.845,47531,23.968198
18,29,322.884,47531,48.471523
18,30,302.012,47531,78.672809
18,31,97.418,47531,23.389593
18,32,48.733,47531,11.444321
18,33,78.250,47531,16.043042
18,34,1400.541,47531,352.942174
18,35,80.942,47531,14.158347
18,36,455.777,47531,128.038593
18,37,251.491,47531,80.013549
18,38,940.874,47531,265.885953
18,39,199.827,47531,32.469831
18,40,21.871,47531,4.570618
18,41,682.141,47531,128.232811
18,42,273.096,47531,64.835904
18,43,390.370,47531,99.946728
18,44,1736.946,47531,360.561800
18,45,702.452,47531,180.549439
18,46,347.252,47531,75.003817
18,47,637.845,47531,157.146210
18,48,108.341,47531,23.920864
18,49,37.800,47531,6.644042
18,50,97.763,47531,15.952253
18,51,484.168,47531,122.724039
18,52,460.918,47531,102.387479
18,53,1536.631,47531,286.978684
18,54,4113.659,47531,1124.692660
18,55,563.321,47531,118.496368
18,56,236.326,47531,54.998717
18,57,54.139,47531,8.362756
18,58,222.014,47531,41.207234
18,59,31.800,47531,6.886526
18,60,679.780,47531,171.731072
18,61,132.812,47531,32.743513
18,62,241.678,47531,64.190887
18,63,26.098,47531,3.734466
18,64,96.122,47531,23.693621
18,65,934.470,47531,223.892812
18,66,123.000,47531,24.828651
18,67,519.622,47531,153.694139
18,68,24.000,47531,6.399588
18,69,1180.202,47531,274.138297
18,70,201.458,47531,34.064955
18,71,275.766,47531,59.376849
18,72,4011.183,47531,874.323770
18,73,63.319,47531,13.839695
18,74,717.241,47531,167.817645
18,75,229.031,47531,63.638461
18,76,359.698,47531,84.925823
18,77,526.439,47531,140.363715
18,78,104.342,47531,23.751838
18,79,320.708,47531,103.984173
18,80,222.289,47531,40.571659
18,81,25.083,47531,4.325631
18,82,68.506,47531,20.288616
18,83,376.800,47531,87.872569
18,84,372.820,47531,95.618342
18,85,497.039,47531,80.947824
18,86,2580.590,47531,730.537150
18,87,500.417,47531,111.076067
18,88,306.342,47531,68.963819
18,89,376.448,47531,68.864293
18,90,6194.898,47531,1576.289067
18,91,4728.656,47531,944.361582
18,92,89.177,47531,19.847484
18,93,7.131,47531,1.436872
18,94,2481.328,47531,677.780922
18,95,920.141,47531,234.729400
18,96,3777.513,47531,1125.174484
18,97,827.698,47531,232.792594
18,98,344.626,47531,68.055451
18,99,1667.206,47531,379.764379
18,100,159.081,47531,27.895241
18,101,363.306,47531,91.906986
18,102,65.687,47531,11.541014
18,103,76.450,47531,18.299341
18,104,187.566,47531,43.921004
18,105,268.524,47531,50.116444
18,106,1725.462,47531,425.746787
18,107,287.777,47531,68.447541
18,108,2358.216,47531,551.764717
18,109,307.788,47531,61.473392
18,110,505.489,47531,154.468042
18,111,262.918,47531,48.671397
18,112,576.585,47531,164.850098
18,113,379.420,47531,96.711402
18,114,1448.524,47531,369.120296
18,115,149.379,47531,33.204254
18,116,2894.398,47531,699.311151
18,117,564.979,47531,137.204777
18,118,46.625,47531,9.705919
18,119,468.479,47531,107.516350
18,120,100.759,47531,19.094804
18,121,434.618,47531,108.986040
18,122,106.200,47531,24.368168
18,123,895.283,47531,205.352224
18,124,54.574,47531,6.515764
18,125,393.935,47531,88.226198
18,126,32.719,47531,5.408456
18,127,1323.995,47531,349.859883
18,128,29.012,47531,5.612592
18,129,42.993,47531,7.851935
18,130,140.906,47531,35.477742
18,131,120.452,47531,23.529691
18,132,223.811,47531,48.106448
18,133,1208.215,47531,293.501643
18,134,181.823,47531,31.386276
18,135,284.831,47531,46.315046
18,136,30.850,47531,6.617293
18,137,135.366,47531,29.161659
18,138,1162.259,47531,288.078703
18,139,14.071,47531,2.271425
18,140,282.839,47531,54.650209
18,141,596.496,47531,139.729639
18,142,20.400,47531,3.362146
18,143,1391.547,47531,367.742481
18,144,3192.386,47531,784.735395
18,145,267.852,47531,66.738124
18,146,109.710,47531,15.739438
18,147,17234.855,47531,6599.873589
18,148,240.139,47531,25.241723
18,149,185.870,47531,32.461236
18,150,340.562,47531,59.983363
18,151,37.035,47531,11.343174
18,152,545.991,47531,121.406469
18,153,71.389,47531,16.592708
18,154,1249.097,47531,315.794508
18,155,429.417,47531,84.348365
18,156,986.929,47531,247.098841
18,157,4.200,47531,0.811141
18,158,205.009,47531,36.540797
18,159,297.526,47531,71.276788
18,160,158.443,47531,30.415868
18,161,501.303,47531,167.480715
18,162,424.493,47531,122.088886
18,163,20.002,47531,4.138584
18,164,375.531,47531,96.271309
18,165,135.435,47531,37.723472
18,166,231.441,47531,54.009789
18,167,1668.853,47531,405.121794
18,168,3222.808,47531,841.856256
18,169,2090.645,47531,529.397087
18,170,1084.977,47531,303.039390
18,171,512.597,47531,119.264675
18,172,169.096,47531,26.249329
18,173,719.418,47531,209.787863
18,174,470.788,47531,120.191978
18,175,2305.976,47531,681.384522
18,176,605.331,47531,200.396096
18,177,63.271,47531,13.511553
18,178,26.416,47531,6.105435
18,179,515.157,47531,150.488778
18,180,679.878,47531,142.698822
18,181,168.478,47531,39.914394
18,182,532.635,47531,139.524894
18,183,983.658,47531,232.923263
18,184,265.261,47531,45.418839
18,185,208.462,47531,40.109655
18,186,209.119,47531,45.548116
18,187,303.924,47531,57.069504
18,188,998.542,47531,222.152935
18,189,301.167,47531,47.518127
18,190,245.841,47531,61.985382
18,191,361.806,47531,75.099220
18,192,251.235,47531,50.808042
18,193,790.105,47531,205.691974
18,194,4934.959,47531,1086.311598
18,195,528.558,47531,124.555868
18,196,531.871,47531,126.914057
18,197,2.400,47531,0.509022
18,198,67.625,47531,16.307966
18,199,295.768,47531,65.133776
18,200,111.022,47531,19.492823
18,201,1086.471,47531,311.640124
18,202,260.863,47531,65.021453
18,203,1352.217,47531,366.376677
18,204,194.359,47531,36.062044
18,205,710.401,47531,132.556982
18,206,671.788,47531,169.089156
18,207,706.092,47531,190.596397
18,208,245.506,47531,62.219263
18,209,414.473,47531,97.104750
18,210,10.800,47531,2.343057
18,211,31.200,47531,8.012593
18,212,17.071,47531,4.618584
18,213,142.344,47531,28.463611
18,214,277.434,47531,74.156527
18,215,80.358,47531,12.484955
18,216,1681.715,47531,455.375654
18,217,541.026,47531,117.748806
18,218,1010.300,47531,291.155785
18,219,590.365,47531,132.852149
18,220,5798.025,47531,1438.128988
18,221,320.634,47531,75.887450
18,222,163.577,47531,38.056004
18,223,99.706,47531,21.234732
18,224,617.051,47531,144.271059
18,225,918.144,47531,234.232222
18,226,315.044,47531,70.419812
18,227,151.237,47531,42.429963
18,228,17.400,47531,4.252494
18,229,501.048,47531,126.150945
18,230,27.600,47531,5.445736
18,231,1287.683,47531,270.675385
18,232,1276.319,47531,271.233812
18,233,140.400,47531,35.607664
18,234,1121.696,47531,271.140656
18,235,300.170,47531,74.991203
18,236,402.993,47531,131.674232
18,237,189.706,47531,35.134305
18,238,1739.745,47531,437.578623
18,239,167.084,47531,30.014314
18,240,344.210,47531,64.313822
18,241,3514.018,47531,1288.767529
18,242,1776.872,47531,431.214436
18,243,566.191,47531,157.729767
18,244,742.334,47531,192.139772
18,245,1341.252,47531,428.050304
18,246,73.306,47531,13.833333
18,247,508.934,47531,98.398209
18,248,613.230,47531,110.332779
18,249,842.604,47531,148.186171
18,250,176.300,47531,31.899562
18,251,1702.839,47531,444.284095
18,252,101.835,47531,19.739705
18,253,71.985,47531,12.602927
18,254,41.066,47531,4.502460
18,255,1761.765,47531,412.280760
18,256,722.058,47531,149.745998
18,257,667.961,47531,122.221025
18,258,220.079,47531,42.523798
18,259,1390.618,47531,284.616968
18,260,33.000,47531,6.420569
18,261,454.467,47531,101.745878
18,262,151.228,47531,23.069903
18,263,216.685,47531,52.715983
18,264,164.071,47531,35.106305
18,265,1207.285,47531,251.103443
18,266,2568.066,47531,914.710209
18,267,11858.806,47531,3047.941228
18,268,717.083,47531,197.194238
18,269,29.400,47531,6.609220
18,270,375.251,47531,80.179543
18,271,181.965,47531,30.562583
18,272,494.784,47531,115.740504
18,273,1297.091,47531,277.234481
18,274,354.878,47531,71.396902
18,275,501.362,47531,133.979016
18,276,574.058,47531,145.694860
18,277,424.902,47531,104.183865
18,278,351.318,47531,69.015967
18,279,618.825,47531,153.455824
18,280,584.183,47531,155.033824
18,281,306.435,47531,80.648536
18,282,318.610,47531,55.298288
18,283,276.607,47531,49.348511
18,284,585.855,47531,147.306787
18,285,106.429,47531,14.886187
18,286,497.825,47531,130.675263
18,287,92.937,47531,22.090245
18,288,201.186,47531,48.691944
18,289,270.866,47531,56.799452
18,290,461.400,47531,122.000650
18,291,261.139,47531,48.227489
18,292,489.831,47531,110.984187
18,293,1310.660,47531,264.943912
18,294,15.271,47531,2.747173
18,295,400.429,47531,96.119302
18,296,13.025,47531,2.703878
18,297,169.635,47531,38.564632
18,298,1003.151,47531,208.192631
18,299,164.400,47531,37.766422
18,300,423.871,47531,99.129482
18,301,25.635,47531,6.953298
18,302,1030.638,47531,253.525051
18,303,1577.183,47531,293.120450
18,304,812.119,47531,206.236600
18,305,1198.994,47531,265.120905
18,306,25.200,47531,4.877575
18,307,496.429,47531,99.629356
18,308,100.227,47531,23.997283
18,309,81.053,47531,23.510449
18,310,615.075,47531,106.586247
18,311,2807.991,47531,755.920839
18,312,720.859,47531,114.261813
18,313,351.243,47531,57.611033
18,314,287.741,47531,57.205977
18,315,42.181,47531,6.319220
18,316,68.772,47531,13.960191
18,317,1312.524,47531,346.052405
18,318,303.250,47531,83.329001
18,319,947.437,47531,261.162763
18,320,1025.820,47531,245.409865
18,321,1352.032,47531,303.573942
18,322,349.185,47531,72.232959
18,323,319.977,47531,79.015948
18,324,17.777,47531,3.136206
18,325,390.236,47531,84.625278
18,326,21.600,47531,5.449674
18,327,484.487,47531,115.612913
18,328,317.895,47531,85.274229
18,329,783.521,47531,204.166920
18,330,47.671,47531,8.781645
18,331,106.158,47531,19.673059
18,332,412.747,47531,108.883282
18,333,358.081,47531,76.323175
18,334,191.666,47531,35.448920
18,335,716.835,47531,163.632007
18,336,485.703,47531,109.245565
18,337,104.071,47531,24.755323
18,338,516.852,47531,120.409832
18,339,229.668,47531,59.641556
18,340,228.198,47531,24.851254
18,341,634.243,47531,147.967607
18,342,56.671,47531,11.769774
18,343,2910.582,47531,624.016763
18,344,398.124,47531,88.131280
18,345,4925.911,47531,1100.203537
18,346,386.120,47531,93.937209
18,347,87.600,47531,15.130174
18,348,2674.071,47531,481.026889
18,349,17.235,47531,3.350230
18,350,282.043,47531,202.680514
18,351,679.106,47531,152.092081
18,352,727.446,47531,132.946584
18,353,8.389,47531,1.307314
18,354,10322.958,47531,2571.558175
18,355,765.565,47531,205.230443
18,356,120.043,47531,22.221174
18,357,189.781,47531,47.063833
18,358,178.733,47531,32.055892
18,359,5163.058,47531,1125.157727
18,360,250.721,47531,43.981389
18,361,213.537,47531,51.910883
18,362,75.706,47531,15.480890
18,363,12.000,47531,3.243621
18,364,1077.123,47531,283.929664
18,365,145.126,47531,22.094555
18,366,127.758,47531,29.459684
18,367,98.963,47531,26.461084
18,368,84.627,47531,18.396213
18,369,442.368,47531,82.311692
18,370,729.250,47531,152.340230
18,371,2682.688,47531,650.292271
18,372,101.963,47531,15.675384
18,373,1058.709,47531,193.334297
18,374,180.611,47531,28.091881
18,375,5791.055,47531,1192.968390
18,376,63.319,47531,10.322702
18,377,92.868,47531,13.282974
18,378,644.471,47531,168.696339
18,379,566.889,47531,149.569363
18,380,117.754,47531,29.436504
18,381,357.730,47531,81.669024
18,382,10.200,47531,1.992359
18,383,609.321,47531,150.007449
19,0,795.532,47531,201.310727
19,1,614.201,47531,99.652658
19,2,746.651,47531,176.919186
19,3,499.489,47531,101.199897
19,4,1479.741,47531,281.419994
19,5,1062.943,47531,263.612258
19,6,836.081,47531,202.900492
19,7,125.235,47531,22.233467
19,8,836.843,47531,260.532848
19,9,406.471,47531,98.177785
19,10,3014.273,47531,746.454424
19,11,235.813,47531,62.091704
19,12,134.603,47531,20.836920
19,13,82.306,47531,11.969013
19,14,1136.876,47531,258.119630
19,15,3643.057,47531,931.381767
19,16,630.630,47531,186.038647
19,17,1045.200,47531,261.743770
19,18,704.323,47531,122.383259
19,19,194.592,47531,36.528065
19,20,1285.424,47531,355.786750
19,21,125.804,47531,24.443081
19,22,248.400,47531,69.180634
19,23,32.570,47531,5.092402
19,24,75.208,47531,9.296317
19,25,868.101,47531,152.512504
19,26,6.000,47531,0.863798
19,27,254.995,47531,51.798926
19,28,1996.439,47531,515.664406
19,29,564.481,47531,120.500278
19,30,395.693,47531,104.063831
19,31,304.312,47531,83.888846
19,32,561.018,47531,131.617392
19,33,2437.253,47531,737.862945
19,34,858.125,47531,206.795610
19,35,561.235,47531,136.977936
19,36,74.209,47531,11.788740
19,37,971.288,47531,213.562252
19,38,55.976,47531,8.446093
19,39,126.229,47531,20.285044
19,40,1082.942,47531,244.378971
19,41,31.312,47531,4.189806
19,42,1240.461,47531,266.869648
19,43,911.311,47531,174.918611
19,44,182.162,47531,65.292521
19,45,2070.437,47531,495.647563
19,46,265.386,47531,63.485302
19,47,1985.582,47531,602.334975
19,48,428.809,47531,112.081263
19,49,1080.608,47531,266.517733
19,50,1099.252,47531,229.017979
19,51,657.294,47531,155.957735
19,52,80.724,47531,12.693685
19,53,665.997,47531,176.215916
19,54,287.481,47531,47.167498
19,55,20.427,47531,2.365901
19,56,589.909,47531,163.732007
19,57,206.997,47531,37.308473
19,58,386.556,47531,105.022163
19,59,1050.832,47531,254.214063
19,60,37.099,47531,5.911302
19,61,793.367,47531,168.965318
19,62,957.502,47531,330.023555
19,63,611.147,47531,157.513333
19,64,550.393,47531,145.913285
19,65,108.654,47531,18.617821
19,66,3226.563,47531,746.170545
19,67,981.382,47531,245.113199
19,68,382.737,47531,103.431529
19,69,2109.641,47531,459.267878
19,70,71.873,47531,12.447127
19,71,257.799,47531,41.525372
19,72,95.194,47531,17.833341
19,73,587.063,47531,213.867297
19,74,501.016,47531,125.141068
19,75,1643.267,47531,344.526473
19,76,217.004,47531,43.182791
19,77,404.724,47531,93.993681
19,78,176.832,47531,29.067743
19,79,1349.805,47531,285.951201
19,80,1666.810,47531,461.195476
19,81,426.533,47531,79.814936
19,82,194.899,47531,37.353650
19,83,666.032,47531,169.105039
19,84,532.841,47531,115.288315
19,85,31.041,47531,5.347645
19,86,349.218,47531,64.249842
19,87,378.054,47531,83.053873
19,88,188.231,47531,48.680905
19,89,1278.907,47531,341.344750
19,90,17.921,47531,2.855593
19,91,113.905,47531,38.461819
19,92,797.413,47531,190.897241
19,93,348.977,47531,77.138764
19,94,955.667,47531,258.630178
19,95,41.804,47531,6.846645
19,96,177.236,47531,27.626361
19,97,0.600,47531,0.112412
19,98,1284.550,47531,326.905267
19,99,1463.626,47531,320.496833
19,100,454.918,47531,106.207612
19,101,1091.718,47531,262.168352
19,102,1473.185,47531,360.655497
19,103,627.012,47531,144.281666
19,104,124.116,47531,36.637335
19,105,499.103,47531,91.454629
19,106,2046.782,47531,523.126287
19,107,487.026,47531,97.951133
19,108,243.903,47531,34.773790
19,109,2678.489,47531,585.281378
19,110,573.321,47531,129.997096
19,111,37.200,47531,7.059569
19,112,886.605,47531,208.663365
19,113,542.953,47531,153.409348
19,114,665.716,47531,179.597827
19,115,115.275,47531,18.566304
19,116,22.519,47531,4.856948
19,117,364.806,47531,83.081747
19,118,8993.406,47531,2455.686499
19,119,15.754,47531,2.307753
19,120,677.439,47531,207.489998
19,121,765.304,47531,161.426024
19,122,438.192,47531,101.483924
19,123,288.707,47531,62.816302
19,124,785.545,47531,232.479166
19,125,244.011,47531,67.728790
19,126,182.432,47531,43.595982
19,127,559.002,47531,137.650439
19,128,986.488,47531,225.223970
19,129,1588.560,47531,340.635244
19,130,3306.290,47531,635.946282
19,131,717.659,47531,181.707712
19,132,5.400,47531,0.918974
19,133,838.825,47531,217.435979
19,134,1642.637,47531,332.389866
19,135,431.534,47531,110.994348
19,136,327.443,47531,76.431180
19,137,410.757,47531,110.319288
19,138,715.883,47531,166.119338
19,139,179.689,47531,33.076789
19,140,1167.977,47531,259.591422
19,141,68.825,47531,10.189423
19,142,124.641,47531,16.197922
19,143,1262.192,47531,256.654447
19,144,0.000,47531,0.000000
19,145,466.530,47531,110.381361
19,146,66.345,47531,13.111967
19,147,1245.205,47531,274.987027
19,148,2730.024,47531,631.433166
19,149,260.048,47531,45.021588
19,150,2896.349,47531,797.500363
19,151,163.381,47531,27.188255
19,152,444.462,47531,152.460273
19,153,228.550,47531,33.974552
19,154,509.391,47531,103.629786
19,155,503.365,47531,131.016640
19,156,472.785,47531,135.292606
19,157,783.964,47531,189.397860
19,158,259.344,47531,64.139995
19,159,179.236,47531,44.898471
19,160,516.632,47531,122.333701
19,161,36.000,47531,6.211672
19,162,1272.168,47531,296.885451
19,163,587.568,47531,188.652737
19,164,247.446,47531,36.797979
19,165,2665.168,47531,638.461495
19,166,355.843,47531,70.537284
19,167,210.144,47531,58.665848
19,168,510.374,47531,114.722674
19,169,516.904,47531,117.422769
19,170,596.611,47531,118.967282
19,171,666.687,47531,176.955333
19,172,155.560,47531,29.081634
19,173,41.347,47531,4.894272
19,174,2037.106,47531,603.784363
19,175,441.485,47531,122.341450
19,176,923.294,47531,234.126746
19,177,946.484,47531,142.379710
19,178,1456.544,47531,393.067329
19,179,664.706,47531,159.154833
19,180,194.582,47531,33.020820
19,181,133.684,47531,21.617762
19,182,158.942,47531,41.460833
19,183,830.805,47531,189.913842
19,184,316.934,47531,45.713454
19,185,325.187,47531,55.657041
19,186,28.200,47531,3.198700
19,187,65.629,47531,8.910139
19,188,741.462,47531,192.606157
19,189,764.393,47531,207.388657
19,190,890.376,47531,234.165981
19,191,1594.581,47531,421.495201
19,192,801.665,47531,171.811786
19,193,153.372,47531,26.636748
19,194,578.621,47531,121.950437
19,195,1413.103,47531,301.169066
19,196,272.464,47531,57.127316
19,197,631.513,47531,158.074215
19,198,264.452,47531,45.885437
19,199,460.938,47531,111.576100
19,200,159.601,47531,32.171043
19,201,572.727,47531,171.688224
19,202,97.572,47531,13.228263
19,203,438.722,47531,124.247583
19,204,1051.291,47531,256.657744
19,205,80.910,47531,18.300392
19,206,18.956,47531,4.467986
19,207,2435.665,47531,393.670929
19,208,114.787,47531,18.318591
19,209,86.369,47531,13.598107
19,210,1011.788,47531,273.529051
19,211,219.718,47531,22.723317
19,212,696.442,47531,161.812799
19,213,794.162,47531,202.993200
19,214,301.816,47531,79.808182
19,215,1079.932,47531,315.990032
19,216,2886.680,47531,527.354637
19,217,876.989,47531,211.819318
19,218,834.358,47531,228.774217
19,219,204.967,47531,30.689774
19,220,665.034,47531,149.155270
19,221,510.229,47531,153.767355
19,222,288.787,47531,56.177555
19,223,853.306,47531,141.769137
19,224,161.608,47531,23.131120
19,225,282.416,47531,44.237828
19,226,104.485,47531,19.296803
19,227,927.979,47531,231.456246
19,228,1029.924,47531,244.468279
19,229,683.049,47531,146.962949
19,230,137.852,47531,30.261910
19,231,26.368,47531,5.126164
19,232,402.425,47531,118.350946
19,233,413.386,47531,113.845191
19,234,1167.322,47531,283.596602
19,235,1036.831,47531,266.454654
19,236,90.345,47531,16.405900
19,237,285.761,47531,47.931764
19,238,117.356,47531,17.120375
19,239,23.958,47531,6.615400
19,240,230.454,47531,45.889776
19,241,392.560,47531,88.952291
19,242,15.377,47531,2.370258
19,243,154.886,47531,27.997574
19,244,164.911,47531,28.856654
19,245,183.941,47531,29.367752
19,246,67.541,47531,6.046687
19,247,1612.727,47531,331.400985
19,248,271.930,47531,47.642172
19,249,346.445,47531,77.538367
19,250,1229.534,47531,378.021022
19,251,439.016,47531,134.269372
19,252,786.252,47531,194.526304
19,253,460.182,47531,97.693929
19,254,400.537,47531,93.495618
19,255,1530.349,47531,349.568852
19,256,319.641,47531,55.408321
19,257,63.118,47531,9.884028
19,258,367.037,47531,81.133155
19,259,1683.646,47531,399.618102
19,260,1571.832,47531,498.923027
19,261,139.556,47531,29.729752
19,262,686.912,47531,154.120870
19,263,139.648,47531,25.904354
19,264,3547.478,47531,1055.254496
19,265,1883.044,47531,395.925401
19,266,551.307,47531,125.940546
19,267,81.085,47531,17.091495
19,268,223.014,47531,40.230565
19,269,724.304,47531,168.245607
19,270,457.457,47531,127.448612
19,271,541.966,47531,128.060879
19,272,388.244,47531,100.422457
19,273,640.064,47531,174.285687
19,274,93.420,47531,13.916006
19,275,495.182,47531,119.255853
19,276,1129.934,47531,271.526756
19,277,109.838,47531,16.345764
19,278,569.613,47531,106.854754
19,279,88.248,47531,24.107166
19,280,926.546,47531,301.491866
19,281,693.665,47531,238.767198
19,282,312.999,47531,52.817494
19,283,838.485,47531,226.134069
19,284,170.193,47531,43.494961
19,285,5951.722,47531,1386.718621
19,286,18.075,47531,3.284859
19,287,150.357,47531,23.986842
19,288,221.400,47531,62.119674
19,289,1553.244,47531,1021.191461
19,290,25.800,47531,3.333172
19,291,801.140,47531,159.834373
19,292,225.499,47531,59.654004
19,293,696.635,47531,154.611892
19,294,4.577,47531,0.492080
19,295,1364.341,47531,395.869793
19,296,683.422,47531,165.764717
19,297,1236.738,47531,304.982410
19,298,2666.673,47531,524.713118
19,299,1125.502,47531,238.387161
19,300,688.993,47531,163.365973
19,301,117.463,47531,19.492554
19,302,202.627,47531,35.702629
19,303,474.811,47531,122.016020
19,304,2777.504,47531,688.486680
19,305,517.026,47531,160.499759
19,306,855.752,47531,224.115117
19,307,1876.436,47531,530.395247
19,308,287.242,47531,91.945905
19,309,1653.597,47531,365.874974
19,310,909.464,47531,207.507537
19,311,769.477,47531,164.546378
19,312,399.855,47531,86.196640
19,313,210.602,47531,36.606364
19,314,1388.007,47531,340.532747
19,315,66.181,47531,9.583811
19,316,1446.377,47531,435.247050
19,317,61.349,47531,4.775251
19,318,44.873,47531,7.858880
19,319,1661.844,47531,465.176823
19,320,1389.933,47531,343.014063
19,321,88.015,47531,12.077449
19,322,364.105,47531,76.329791
19,323,17.204,47531,1.909399
19,324,507.512,47531,124.207856
19,325,383.079,47531,74.858720
19,326,483.531,47531,88.249867
19,327,174.739,47531,38.505340
19,328,623.348,47531,124.212553
19,329,1029.748,47531,226.105696
19,330,1725.442,47531,531.728989
19,331,217.499,47531,31.025365
19,332,71.326,47531,9.638430
19,333,528.703,47531,127.736163
19,334,138.988,47531,16.533260
19,335,605.115,47531,181.007933
19,336,120.760,47531,21.939814
19,337,529.605,47531,137.936113
19,338,452.082,47531,74.624358
19,339,793.588,47531,184.740440
19,340,142.796,47531,33.408395
19,341,434.736,47531,107.009887
19,342,4430.612,47531,992.266046
19,343,261.150,47531,45.734559
19,344,182.772,47531,61.760544
19,345,133.934,47531,19.993432
19,346,118.711,47531,19.679554
19,347,105.272,47531,17.925218
19,348,625.000,47531,140.444564
19,349,583.742,47531,117.786771
19,350,9775.389,47531,2554.786110
19,351,810.235,47531,170.374150
19,352,756.168,47531,194.442019
19,353,725.355,47531,187.683827
19,354,159.123,47531,18.855123
19,355,283.137,47531,55.667189
19,356,33.600,47531,6.789446
19,357,61.896,47531,8.418097
19,358,206.689,47531,33.552324
19,359,250.593,47531,50.464905
19,360,991.361,47531,272.270535
19,361,317.406,47531,77.581734
19,362,558.947,47531,95.273643
19,363,127.572,47531,29.541731
19,364,2078.401,47531,405.368721
19,365,732.635,47531,177.749748
19,366,1859.273,47531,640.547464
19,367,1335.635,47531,274.805770
19,368,1514.042,47531,430.857425
19,369,1154.982,47531,355.258149
19,370,3743.816,47531,2772.423709
19,371,1988.425,47531,442.465281
19,372,19.471,47531,2.420742
19,373,66.367,47531,10.587687
19,374,780.511,47531,186.595221
19,375,282.558,47531,93.604603
19,376,955.112,47531,223.634100
19,377,139.020,47531,17.778213
19,378,184.896,47531,44.906968
19,379,660.428,47531,173.014618
19,380,295.864,47531,69.483817
19,381,3010.236,47531,726.437809
19,382,1150.882,47531,297.920597
19,383,215.724,47531,50.985381
20,0,24.531,47531,4.284001
20,1,952.341,47531,197.449377
20,2,20.108,47531,3.401119
20,3,1445.279,47531,386.429923
20,4,854.824,47531,248.271885
20,5,4.800,47531,0.819836
20,6,195.106,47531,56.389060
20,7,534.600,47531,137.673204
20,8,589.790,47531,133.254208
20,9,212.689,47531,48.160494
20,10,1464.023,47531,362.039390
20,11,109.455,47531,24.530934
20,12,334.243,47531,106.032594
20,13,1369.679,47531,374.906222
20,14,1481.056,47531,349.040674
20,15,1205.627,47531,283.933932
20,16,781.834,47531,140.417931
20,17,40.200,47531,8.076211
20,18,371.544,47531,96.596684
20,19,4624.214,47531,1021.055201
20,20,26.671,47531,5.282271
20,21,78.946,47531,14.702437
20,22,274.333,47531,72.009800
20,23,299.283,47531,77.589572
20,24,475.168,47531,108.680700
20,25,242.900,47531,68.151280
20,26,30.276,47531,7.085679
20,27,890.236,47531,209.176254
20,28,381.409,47531,87.395448
20,29,395.682,47531,96.206221
20,30,496.389,47531,116.596417
20,31,989.765,47531,238.406677
20,32,1079.989,47531,202.593008
20,33,739.214,47531,206.869595
20,34,130.800,47531,33.485533
20,35,326.136,47531,83.258086
20,36,152.214,47531,35.656062
20,37,382.514,47531,109.702193
20,38,113.119,47531,23.557563
20,39,1731.031,47531,424.476844
20,40,34.035,47531,6.378164
20,41,775.407,47531,176.815534
20,42,951.188,47531,239.774900
20,43,273.409,47531,55.733329
20,44,2014.071,47531,612.981070
20,45,2238.887,47531,472.181903
20,46,642.927,47531,206.111519
20,47,7694.356,47531,1737.139785
20,48,1082.637,47531,253.202933
20,49,201.287,47531,37.202898
20,50,42.627,47531,10.018877
20,51,12735.590,47531,2929.647726
20,52,93.791,47531,32.420532
20,53,83.794,47531,14.728092
20,54,275.612,47531,67.267177
20,55,79.200,47531,14.993430
20,56,603.263,47531,145.761846
20,57,7.800,47531,1.259357
20,58,291.876,47531,43.464350
20,59,129.260,47531,30.564541
20,60,146.970,47531,31.916439
20,61,344.040,47531,92.802921
20,62,124.366,47531,23.192711
20,63,24.000,47531,4.528741
20,64,693.845,47531,217.760913
20,65,941.413,47531,210.885556
20,66,5.506,47531,0.969551
20,67,910.377,47531,263.694839
20,68,234.600,47531,53.555258
20,69,2420.833,47531,515.244455
20,70,1572.318,47531,361.777366
20,71,523.961,47531,159.710044
20,72,859.617,47531,211.610200
20,73,19.200,47531,3.216639
20,74,274.740,47531,60.765314
20,75,442.035,47531,86.531201
20,76,352.045,47531,69.305981
20,77,472.774,47531,95.699214
20,78,331.301,47531,73.988505
20,79,802.918,47531,228.549135
20,80,624.829,47531,175.904967
20,81,6161.039,47531,1664.905899
20,82,61.200,47531,15.091140
20,83,600.543,47531,138.957857
20,84,132.845,47531,27.160637
20,85,1309.796,47531,362.978246
20,86,382.377,47531,102.662307
20,87,374.715,47531,95.275918
20,88,82.811,47531,17.553434
20,89,291.393,47531,64.064444
20,90,272.365,47531,66.250086
20,91,140.289,47531,47.883522
20,92,27.871,47531,5.815685
20,93,41.968,47531,8.197605
20,94,518.470,47531,175.808574
20,95,313.276,47531,86.680044
20,96,598.787,47531,138.616210
20,97,444.755,47531,129.991509
20,98,35.071,47531,6.070391
20,99,307.055,47531,96.705631
20,100,59.400,47531,11.437041
20,101,3224.614,47531,750.332674
20,102,322.746,47531,77.277850
20,103,2384.706,47531,528.607161
20,104,514.248,47531,147.627716
20,105,175.726,47531,37.849752
20,106,265.664,47531,57.180206
20,107,789.704,47531,158.984798
20,108,897.129,47531,236.152689
20,109,3918.744,47531,1161.498480
20,110,1471.619,47531,405.260888
20,111,105.106,47531,23.000677
20,112,314.534,47531,73.444379
20,113,311.406,47531,84.023734
20,114,56.389,47531,10.969902
20,115,30.600,47531,6.402731
20,116,520.349,47531,132.078179
20,117,19.954,47531,4.907727
20,118,1081.000,47531,259.846199
20,119,0.600,47531,0.077533
20,120,77.400,47531,17.406829
20,121,4316.417,47531,1226.463444
20,122,122.193,47531,2.146317
20,123,102.229,47531,26.585224
20,124,1204.814,47531,333.242836
20,125,68.400,47531,15.205059
20,126,1025.400,47531,249.620407
20,127,631.800,47531,192.923200
20,128,55.126,47531,10.609387
20,129,930.431,47531,236.259538
20,130,2083.456,47531,501.603027
20,131,630.618,47531,118.383563
20,132,696.458,47531,187.430775
20,133,313.769,47531,59.452575
20,134,148.014,47531,34.110819
20,135,358.399,47531,85.232256
20,136,1073.830,47531,255.650321
20,137,82.673,47531,16.745373
20,138,201.345,47531,47.254634
20,139,290.766,47531,53.461298
20,140,431.608,47531,102.869943
20,141,5.835,47531,1.000028
20,142,802.468,47531,249.721699
20,143,624.869,47531,143.446514
20,144,1881.145,47531,539.760247
20,145,879.541,47531,209.949607
20,146,833.288,47531,154.332729
20,147,224.671,47531,57.397708
20,148,686.731,47531,218.940554
20,149,88.519,47531,18.464228
20,150,311.942,47531,82.630961
20,151,167.762,47531,44.310880
20,152,313.204,47531,64.924706
20,153,872.339,47531,229.655512
20,154,342.754,47531,82.888111
20,155,11.235,47531,2.245643
20,156,1018.692,47531,258.791106
20,157,56.400,47531,13.247530
20,158,468.417,47531,89.060703
20,159,97.200,47531,24.720561
20,160,0.600,47531,0.120798
20,161,789.170,47531,195.103073
20,162,3976.606,47531,951.746604
20,163,522.691,47531,154.704050
20,164,1189.253,47531,263.996838
20,165,550.130,47531,125.718642
20,166,190.573,47531,38.970904
20,167,1654.754,47531,433.619862
20,168,261.363,47531,55.408543
20,169,133.742,47531,35.236072
20,170,1012.312,47531,246.184827
20,171,159.966,47531,43.559915
20,172,10.200,47531,1.854269
20,173,12.000,47531,2.033695
20,174,248.705,47531,49.406398
20,175,63.250,47531,12.080745
20,176,545.735,47531,153.514159
20,177,3366.956,47531,1298.588602
20,178,470.051,47531,136.694961
20,179,80.852,47531,17.580636
20,180,2412.838,47531,877.421108
20,181,229.200,47531,53.623307
20,182,55.142,47531,9.543190
20,183,497.391,47531,117.289819
20,184,126.229,47531,21.811218
20,185,2921.713,47531,788.382427
20,186,266.655,47531,61.484846
20,187,509.794,47531,122.530512
20,188,3.600,47531,0.784645
20,189,350.667,47531,97.425284
20,190,342.664,47531,91.153401
20,191,893.957,47531,179.898963
20,192,969.711,47531,236.684737
20,193,177.829,47531,44.169603
20,194,71.379,47531,12.168186
20,195,0.600,47531,0.170354
20,196,3625.283,47531,824.933347
20,197,142.997,47531,22.246806
20,198,7915.320,47531,2051.147106
20,199,55.243,47531,12.649826
20,200,104.835,47531,24.382391
20,201,2310.782,47531,597.459557
20,202,346.121,47531,94.006434
20,203,85.200,47531,19.433425
20,204,509.629,47531,98.216875
20,205,192.064,47531,42.156404
20,206,956.920,47531,310.579396
20,207,27.600,47531,4.941239
20,208,44.496,47531,9.030713
20,209,106.800,47531,21.662838
20,210,1721.815,47531,400.294947
20,211,12.000,47531,2.315222
20,212,70.593,47531,13.984056
20,213,408.112,47531,116.909597
20,214,272.931,47531,76.484123
20,215,1651.190,47531,474.669065
20,216,788.536,47531,263.263347
20,217,482.464,47531,143.145390
20,218,865.376,47531,182.612825
20,219,44.698,47531,8.308214
20,220,579.272,47531,145.798566
20,221,213.202,47531,51.256000
20,222,130.365,47531,25.159501
20,223,948.430,47531,209.661080
20,224,664.925,47531,156.465395
20,225,913.263,47531,207.213770
20,226,144.212,47531,35.752965
20,227,1072.532,47531,230.748818
20,228,334.944,47531,74.701488
20,229,557.478,47531,132.505546
20,230,887.444,47531,236.048462
20,231,1533.880,47531,426.172714
20,232,64.896,47531,13.956395
20,233,1596.718,47531,437.417343
20,234,45.202,47531,9.325481
20,235,31.577,47531,5.932195
20,236,134.342,47531,30.924424
20,237,134.183,47531,25.165240
20,238,222.653,47531,50.181239
20,239,998.396,47531,250.370773
20,240,83.884,47531,12.268649
20,241,448.361,47531,137.814175
20,242,274.849,47531,54.094035
20,243,30.154,47531,5.250945
20,244,27.000,47531,8.590926
20,245,160.731,47531,27.050629
20,246,684.703,47531,196.305535
20,247,53.235,47531,10.011641
20,248,175.626,47531,52.215068
20,249,137.745,47531,24.018241
20,250,998.150,47531,199.241397
20,251,36.722,47531,5.707629
20,252,1545.090,47531,293.750391
20,253,721.771,47531,190.041534
20,254,427.465,47531,84.803402
20,255,358.232,47531,91.499489
20,256,160.296,47531,37.181677
20,257,1079.931,47531,362.274593
20,258,392.192,47531,80.752177
20,259,592.596,47531,126.009924
20,260,108.600,47531,33.502084
20,261,688.721,47531,182.651836
20,262,1166.233,47531,353.582070
20,263,154.052,47531,29.431034
20,264,6.000,47531,0.892237
20,265,314.115,47531,74.953198
20,266,39.435,47531,8.929589
20,267,325.893,47531,112.199796
20,268,71.050,47531,13.660900
20,269,10.200,47531,1.859701
20,270,141.558,47531,24.922730
20,271,348.852,47531,91.262555
20,272,572.512,47531,140.349569
20,273,14.719,47531,2.521697
20,274,623.432,47531,162.542747
20,275,278.437,47531,64.163001
20,276,604.860,47531,165.654481
20,277,102.977,47531,26.797559
20,278,1764.935,47531,413.383231
20,279,5881.382,47531,1286.026419
20,280,5692.953,47531,1640.648916
20,281,446.741,47531,112.120219
20,282,7886.611,47531,2208.113645
20,283,45.600,47531,7.682667
20,284,170.576,47531,43.981550
20,285,320.449,47531,57.104257
20,286,1543.346,47531,369.844587
20,287,187.217,47531,49.147879
20,288,46.041,47531,8.217518
20,289,239.834,47531,42.902312
20,290,1136.109,47531,274.482790
20,291,48.611,47531,7.570828
20,292,1513.261,47531,458.358188
20,293,111.977,47531,29.540448
20,294,22.110,47531,4.391379
20,295,736.498,47531,252.997450
20,296,1518.908,47531,344.796499
20,297,2508.621,47531,542.837413
20,298,40.402,47531,5.354601
20,299,816.731,47531,195.743616
20,300,315.315,47531,71.614835
20,301,343.095,47531,106.449106
20,302,42.372,47531,8.417274
20,303,70.906,47531,14.370962
20,304,527.762,47531,144.257543
20,305,655.338,47531,131.633991
20,306,148.169,47531,30.965644
20,307,3867.493,47531,739.871286
20,308,255.273,47531,52.984795
20,309,427.189,47531,120.929351
20,310,61.593,47531,11.578861
20,311,6.600,47531,1.174094
20,312,9.000,47531,1.656298
20,313,725.986,47531,189.726066
20,314,603.202,47531,157.794499
20,315,156.510,47531,38.037586
20,316,263.400,47531,70.182759
20,317,308.756,47531,80.603927
20,318,5132.038,47531,1174.468367
20,319,1.200,47531,0.269480
20,320,396.675,47531,77.302144
20,321,756.245,47531,171.144404
20,322,1073.599,47531,372.584320
20,323,4.800,47531,0.741254
20,324,3007.042,47531,693.650626
20,325,560.954,47531,145.740924
20,326,1035.602,47531,304.367165
20,327,396.834,47531,99.488912
20,328,146.283,47531,43.206918
20,329,616.851,47531,145.310288
20,330,5.400,47531,1.054991
20,331,578.115,47531,140.526232
20,332,123.362,47531,28.917132
20,333,281.389,47531,83.272031
20,334,426.696,47531,88.923297
20,335,1209.266,47531,293.890119
20,336,725.766,47531,224.911917
20,337,621.477,47531,149.045971
20,338,1714.605,47531,358.586041
20,339,1079.379,47531,285.081383
20,340,823.947,47531,220.768135
20,341,514.235,47531,158.498810
20,342,820.402,47531,186.795120
20,343,273.006,47531,52.625973
20,344,914.640,47531,233.557336
20,345,567.001,47531,118.336293
20,346,3.000,47531,0.573953
20,347,680.518,47531,158.439539
20,348,2278.977,47531,591.342422
20,349,897.735,47531,187.535318
20,350,39.600,47531,6.826186
20,351,2126.914,47531,433.147925
20,352,1386.500,47531,369.805900
20,353,561.499,47531,136.124038
20,354,67.227,47531,13.752257
20,355,935.546,47531,257.764947
20,356,0.000,47531,0.000000
20,357,5444.457,47531,1260.459683
20,358,1195.179,47531,307.817926
20,359,433.906,47531,114.142193
20,360,873.994,47531,216.810084
20,361,46.402,47531,8.385077
20,362,658.529,47531,158.590287
20,363,703.293,47531,197.783248
20,364,3.600,47531,0.554620
20,365,600.725,47531,147.936114
20,366,33.600,47531,7.151476
20,367,848.968,47531,192.251110
20,368,258.179,47531,58.925950
20,369,58.848,47531,11.016183
20,370,327.542,47531,95.094034
20,371,625.937,47531,129.706149
20,372,259.200,47531,61.156754
20,373,22.200,47531,4.110533
20,374,15.600,47531,2.802526
20,375,88.206,47531,17.309509
20,376,602.316,47531,141.198907
20,377,122.235,47531,29.722623
20,378,214.593,47531,58.156885
20,379,1542.639,47531,384.713009
20,380,1015.736,47531,329.239638
20,381,267.812,47531,59.376103
20,382,234.564,47531,43.343211
20,383,141.212,47531,25.180791
21,0,2398.193,47531,510.184530
21,1,146.777,47531,26.676176
21,2,616.896,47531,245.423946
21,3,53.968,47531,10.288860
21,4,294.915,47531,62.967731
21,5,500.177,47531,118.273629
21,6,765.794,47531,171.092202
21,7,376.577,47531,90.725488
21,8,866.063,47531,176.140407
21,9,1294.296,47531,308.212310
21,10,536.141,47531,117.489973
21,11,578.017,47531,164.815717
21,12,333.300,47531,89.140263
21,13,236.506,47531,57.975989
21,14,342.154,47531,91.135596
21,15,301.216,47531,90.587089
21,16,514.434,47531,122.995488
21,17,105.846,47531,17.027864
21,18,1706.907,47531,406.836572
21,19,566.401,47531,112.172940
21,20,149.835,47531,27.893961
21,21,762.178,47531,206.934994
21,22,1225.987,47531,299.391493
21,23,318.596,47531,71.400377
21,24,1324.910,47531,332.642251
21,25,454.014,47531,103.796803
21,26,459.362,47531,148.177593
21,27,84.589,47531,20.384859
21,28,598.200,47531,112.326913
21,29,5128.112,47531,1200.072928
21,30,945.598,47531,199.298670
21,31,475.062,47531,98.407937
21,32,143.835,47531,37.888639
21,33,466.425,47531,114.674621
21,34,55.408,47531,12.387653
21,35,204.106,47531,46.285813
21,36,1031.513,47531,242.879364
21,37,1188.004,47531,224.832289
21,38,23.533,47531,5.087472
21,39,424.370,47531,78.803210
21,40,250.625,47531,61.753580
21,41,720.894,47531,202.536781
21,42,346.641,47531,89.210452
21,43,181.680,47531,35.432863
21,44,659.800,47531,129.301850
21,45,939.850,47531,215.538966
21,46,234.600,47531,61.568686
21,47,1051.802,47531,277.834201
21,48,717.914,47531,149.144706
21,49,93.559,47531,18.061446
21,50,994.265,47531,254.328913
21,51,564.130,47531,157.422969
21,52,2423.088,47531,592.471424
21,53,19.200,47531,4.325057
21,54,540.106,47531,162.396325
21,55,311.714,47531,85.149361
21,56,221.512,47531,57.078776
21,57,153.871,47531,34.614940
21,58,404.998,47531,123.030141
21,59,1028.567,47531,213.240581
21,60,306.574,47531,81.232003
21,61,8427.334,47531,2251.400719
21,62,745.210,47531,199.834819
21,63,791.606,47531,171.658893
21,64,732.235,47531,161.306509
21,65,230.506,47531,57.677078
21,66,248.835,47531,55.800895
21,67,348.735,47531,74.235497
21,68,35.400,47531,6.692684
21,69,629.231,47531,177.418992
21,70,1270.699,47531,347.447730
21,71,126.260,47531,22.059170
21,72,298.090,47531,61.995739
21,73,143.235,47531,32.862371
21,74,86.958,47531,22.725679
21,75,79.997,47531,17.606543
21,76,228.000,47531,49.463202
21,77,223.849,47531,58.424667
21,78,36.000,47531,6.127909
21,79,15.000,47531,2.329258
21,80,278.639,47531,45.867441
21,81,19.800,47531,3.963971
21,82,315.713,47531,59.339792
21,83,16.556,47531,3.457781
21,84,322.456,47531,79.294694
21,85,51.186,47531,9.936975
21,86,261.410,47531,70.742870
21,87,1194.995,47531,317.009212
21,88,221.284,47531,64.199360
21,89,4163.857,47531,1041.987248
21,90,113.507,47531,23.667345
21,91,133.418,47531,28.456773
21,92,25.800,47531,4.649776
21,93,711.666,47531,203.917961
21,94,4.200,47531,0.651989
21,95,165.836,47531,34.810426
21,96,12.919,47531,2.258259
21,97,504.712,47531,133.367025
21,98,2999.637,47531,961.252945
21,99,351.110,47531,101.608265
21,100,69.133,47531,21.354887
21,101,889.574,47531,250.705641
21,102,832.832,47531,249.369891
21,103,100.057,47531,24.643131
21,104,715.872,47531,229.940458
21,105,310.918,47531,36.613406
21,106,945.568,47531,210.054263
21,107,830.794,47531,177.448128
21,108,270.191,47531,84.468147
21,109,104.783,47531,18.086852
21,110,437.793,47531,103.297273
21,111,197.381,47531,35.364977
21,112,699.007,47531,230.639900
21,113,174.983,47531,39.587730
21,114,197.695,47531,32.369803
21,115,936.639,47531,210.081631
21,116,648.860,47531,217.862086
21,117,267.945,47531,58.660345
21,118,214.833,47531,36.046351
21,119,42.600,47531,8.564410
21,120,867.932,47531,200.925110
21,121,323.864,47531,76.169181
21,122,252.053,47531,45.544962
21,123,3366.546,47531,920.272895
21,124,1213.112,47531,343.314007
21,125,787.237,47531,244.602779
21,126,253.620,47531,58.767106
21,127,251.747,47531,46.727212
21,128,815.592,47531,191.563537
21,129,172.301,47531,34.833559
21,130,623.847,47531,140.888884
21,131,2644.325,47531,645.417177
21,132,138.706,47531,35.730337
21,133,1682.342,47531,420.747792
21,134,724.971,47531,209.215712
21,135,290.571,47531,71.939382
21,136,618.851,47531,145.107355
21,137,1319.097,47531,251.859405
21,138,492.384,47531,92.882561
21,139,291.882,47531,55.832557
21,140,149.777,47531,29.687805
21,141,618.571,47531,143.794048
21,142,329.900,47531,75.790401
21,143,570.391,47531,125.974819
21,144,68.496,47531,12.880931
21,145,81.212,47531,14.563122
21,146,1603.430,47531,400.733553
21,147,537.515,47531,118.508787
21,148,346.307,47531,90.442169
21,149,117.212,47531,25.811756
21,150,11.400,47531,2.049316
21,151,758.618,47531,175.510016
21,152,148.211,47531,30.102448
21,153,18.600,47531,3.332355
21,154,99.266,47531,21.106449
21,155,880.000,47531,213.692317
21,156,5.400,47531,0.947786
21,157,52.312,47531,9.473726
21,158,975.882,47531,229.238948
21,159,185.400,47531,45.817507
21,160,735.135,47531,182.172380
21,161,746.357,47531,179.923161
21,162,86.470,47531,16.500613
21,163,218.235,47531,67.595469
21,164,945.911,47531,201.426273
21,165,1569.054,47531,430.042630
21,166,42.589,47531,7.523910
21,167,376.686,47531,98.175229
21,168,188.235,47531,44.253783
21,169,455.400,47531,135.412192
21,170,4335.413,47531,1092.854171
21,171,6891.555,47531,1577.447618
21,172,206.602,47531,54.387604
21,173,460.193,47531,93.204501
21,174,2.400,47531,0.487795
21,175,140.602,47531,33.802382
21,176,1556.581,47531,377.687889
21,177,5421.663,47531,1408.887280
21,178,397.434,47531,84.893009
21,179,618.131,47531,150.441674
21,180,235.891,47531,46.698328
21,181,465.709,47531,94.765983
21,182,408.066,47531,84.151094
21,183,200.055,47531,38.437136
21,184,1035.191,47531,276.951993
21,185,1010.574,47531,316.213947
21,186,775.253,47531,170.808308
21,187,306.452,47531,66.137602
21,188,276.887,47531,72.163836
21,189,37.402,47531,6.345287
21,190,869.024,47531,164.557024
21,191,423.168,47531,96.970885
21,192,764.928,47531,207.813585
21,193,372.059,47531,90.915975
21,194,188.958,47531,39.390874
21,195,378.209,47531,93.166273
21,196,252.600,47531,57.412379
21,197,183.701,47531,42.910702
21,198,73.864,47531,12.441211
21,199,35.342,47531,6.825032
21,200,392.676,47531,113.571394
21,201,126.191,47531,31.212176
21,202,563.227,47531,103.710179
21,203,693.763,47531,118.567610
21,204,65.863,47531,12.292897
21,205,335.470,47531,41.009802
21,206,1497.322,47531,374.025456
21,207,0.600,47531,0.252243
21,208,2953.607,47531,588.696413
21,209,908.115,47531,221.933427
21,210,4722.833,47531,1190.328386
21,211,338.581,47531,87.665083
21,212,4.200,47531,0.883949
21,213,4.800,47531,0.828836
21,214,405.299,47531,114.266052
21,215,2218.870,47531,688.210717
21,216,0.000,47531,0.000000
21,217,50.835,47531,13.387792
21,218,3.271,47531,0.499850
21,219,4606.420,47531,1032.173712
21,220,116.136,47531,22.240966
21,221,1021.621,47531,223.171292
21,222,42.871,47531,9.684360
21,223,62.660,47531,13.625399
21,224,129.282,47531,22.761454
21,225,2677.154,47531,538.539362
21,226,164.873,47531,43.677994
21,227,1108.641,47531,265.665989
21,228,414.178,47531,123.205951
21,229,865.910,47531,246.537906
21,230,15.600,47531,2.672917
21,231,234.435,47531,54.954475
21,232,1558.725,47531,367.626928
21,233,79.110,47531,16.882441
21,234,760.609,47531,170.380663
21,235,267.890,47531,56.074053
21,236,524.980,47531,125.686371
21,237,194.034,47531,50.409878
21,238,1.200,47531,0.167213
21,239,444.815,47531,97.756563
21,240,689.020,47531,166.275680
21,241,1.200,47531,0.211862
21,242,41.012,47531,9.139883
21,243,320.873,47531,85.838233
21,244,57.637,47531,10.170640
21,245,116.406,47531,23.181392
21,246,173.400,47531,42.992129
21,247,694.514,47531,174.392267
21,248,339.377,47531,58.187836
21,249,84.260,47531,13.618298
21,250,606.781,47531,167.272505
21,251,6923.417,47531,1762.376465
21,252,581.385,47531,133.941829
21,253,34.035,47531,7.575242
21,254,733.122,47531,185.676528
21,255,806.136,47531,158.962487
21,256,347.400,47531,88.303135
21,257,2892.812,47531,895.173452
21,258,686.840,47531,187.755793
21,259,29.400,47531,4.922033
21,260,625.530,47531,173.337634
21,261,279.187,47531,53.005593
21,262,308.380,47531,44.265565
21,263,393.951,47531,120.063916
21,264,208.354,47531,55.147637
21,265,695.263,47531,178.013026
21,266,236.109,47531,35.420420
21,267,14.427,47531,2.135711
21,268,78.754,47531,14.803288
21,269,620.494,47531,157.396892
21,270,2978.001,47531,963.182392
21,271,8.235,47531,1.403831
21,272,2028.005,47531,415.724211
21,273,203.136,47531,43.439452
21,274,1148.554,47531,291.302501
21,275,347.013,47531,89.246365
21,276,232.281,47531,52.309687
21,277,136.800,47531,24.169778
21,278,469.500,47531,100.826330
21,279,13.800,47531,3.138925
21,280,1845.078,47531,418.634573
21,281,297.319,47531,58.763171
21,282,801.507,47531,160.802005
21,283,73.785,47531,14.372120
21,284,353.400,47531,98.739006
21,285,1126.706,47531,261.700457
21,286,245.141,47531,87.163806
21,287,85.800,47531,15.853486
21,288,146.241,47531,33.230811
21,289,694.433,47531,148.577937
21,290,641.903,47531,171.022038
21,291,153.600,47531,27.871222
21,292,281.411,47531,70.193957
21,293,4226.922,47531,898.882838
21,294,298.832,47531,82.380801
21,295,28.200,47531,6.408584
21,296,710.220,47531,148.417193
21,297,45.898,47531,10.739023
21,298,6.000,47531,1.110726
21,299,1329.289,47531,387.027767
21,300,1110.418,47531,293.773633
21,301,237.957,47531,56.114690
21,302,2047.078,47531,408.409349
21,303,0.600,47531,0.113639
21,304,6397.702,47531,1933.906852
21,305,42.377,47531,8.012524
21,306,7.800,47531,1.373387
21,307,6.000,47531,0.918038
21,308,117.431,47531,20.346113
21,309,156.134,47531,31.432104
21,310,919.273,47531,172.262991
21,311,731.077,47531,146.685145
21,312,476.099,47531,124.663376
21,313,171.319,47531,39.458572
21,314,109.200,47531,25.781953
21,315,1023.479,47531,312.601214
21,316,517.121,47531,109.961901
21,317,658.035,47531,198.178969
21,318,330.935,47531,109.809276
21,319,341.163,47531,79.741054
21,320,723.331,47531,516.764551
21,321,71.400,47531,13.391356
21,322,87.096,47531,15.330971
21,323,331.391,47531,66.985444
21,324,893.454,47531,208.844120
21,325,61.514,47531,11.128822
21,326,109.275,47531,21.275270
21,327,6476.699,47531,1519.941947
21,328,10.800,47531,2.170620
21,329,1824.154,47531,431.592826
21,330,563.526,47531,100.406546
21,331,610.300,47531,110.528923
21,332,105.600,47531,21.377411
21,333,11.400,47531,1.958653
21,334,6915.770,47531,2064.697191
21,335,508.960,47531,142.319363
21,336,617.109,47531,135.123573
21,337,131.443,47531,26.808330
21,338,730.058,47531,165.657590
21,339,62.389,47531,10.543428
21,340,45.680,47531,9.960607
21,341,922.417,47531,220.498885
21,342,78.637,47531,13.453561
21,343,1695.521,47531,569.287340
21,344,46.843,47531,10.411319
21,345,44.772,47531,8.086349
21,346,353.497,47531,74.551386
21,347,322.700,47531,78.031998
21,348,86.342,47531,23.893106
21,349,946.262,47531,253.091223
21,350,330.378,47531,113.007236
21,351,368.419,47531,74.719188
21,352,135.260,47531,27.891146
21,353,692.800,47531,179.374348
21,354,59.204,47531,13.585051
21,355,827.544,47531,212.004517
21,356,570.100,47531,131.806313
21,357,930.708,47531,232.696731
21,358,351.314,47531,83.008659
21,359,1269.548,47531,288.678063
21,360,15.919,47531,3.750403
21,361,334.899,47531,79.980355
21,362,1203.226,47531,300.423135
21,363,937.721,47531,253.828653
21,364,495.113,47531,129.139747
21,365,221.910,47531,64.728213
21,366,3549.245,47531,1047.984151
21,367,14148.996,47531,3949.064998
21,368,3234.936,47531,707.595932
21,369,456.457,47531,89.082550
21,370,48.154,47531,13.010498
21,371,480.212,47531,119.297224
21,372,74.166,47531,22.047188
21,373,1078.102,47531,229.017392
21,374,54.027,47531,11.057476
21,375,1754.227,47531,389.924495
21,376,478.675,47531,119.816048
21,377,403.756,47531,87.129710
21,378,23.400,47531,4.418402
21,379,580.064,47531,132.248211
21,380,2038.926,47531,382.229240
21,381,269.496,47531,94.483455
21,382,681.207,47531,173.658890
21,383,1151.391,47531,286.655525
22,0,361.439,47531,89.885998
22,1,248.205,47531,58.136944
22,2,153.165,47531,31.049219
22,3,52.954,47531,9.774919
22,4,665.964,47531,115.362930
22,5,14.177,47531,2.758676
22,6,1282.286,47531,270.121510
22,7,3177.007,47531,1081.159390
22,8,178.731,47531,46.553958
22,9,273.182,47531,76.396737
22,10,230.639,47531,37.624087
22,11,48.303,47531,6.877693
22,12,1680.810,47531,376.582431
22,13,564.533,47531,132.949914
22,14,59.835,47531,18.821939
22,15,162.946,47531,40.348646
22,16,199.275,47531,32.581484
22,17,99.399,47531,16.377091
22,18,419.950,47531,107.421927
22,19,800.663,47531,239.694383
22,20,617.342,47531,156.922658
22,21,110.963,47531,17.765506
22,22,3726.241,47531,720.735204
22,23,868.916,47531,214.634400
22,24,66.096,47531,14.277548
22,25,7.789,47531,1.340567
22,26,65.639,47531,12.145156
22,27,1310.434,47531,230.467886
22,28,1373.922,47531,305.979441
22,29,1191.654,47531,219.008399
22,30,180.600,47531,38.205460
22,31,18.600,47531,4.194296
22,32,489.155,47531,112.819448
22,33,20.331,47531,3.366842
22,34,530.486,47531,119.503103
22,35,104.724,47531,17.737167
22,36,784.970,47531,191.360193
22,37,2.400,47531,0.493633
22,38,194.087,47531,50.426356
22,39,228.728,47531,44.618467
22,40,177.522,47531,32.347890
22,41,493.648,47531,73.105884
22,42,316.726,47531,39.963209
22,43,171.839,47531,51.372402
22,44,1502.910,47531,319.025046
22,45,58.635,47531,12.408229
22,46,70.200,47531,18.560131
22,47,134.400,47531,49.036600
22,48,1524.983,47531,373.413751
22,49,243.760,47531,50.584322
22,50,126.791,47531,28.869295
22,51,31.800,47531,8.117828
22,52,1594.800,47531,425.411707
22,53,919.986,47531,259.725618
22,54,243.600,47531,60.775969
22,55,488.071,47531,114.918959
22,56,64.439,47531,20.216000
22,57,133.949,47531,25.573686
22,58,248.389,47531,73.640899
22,59,73.779,47531,10.072556
22,60,514.208,47531,136.767959
22,61,307.237,47531,70.836583
22,62,357.995,47531,62.449136
22,63,555.080,47531,122.337842
22,64,483.501,47531,117.615987
22,65,2663.804,47531,632.646027
22,66,18.000,47531,3.149807
22,67,1491.581,47531,340.844677
22,68,814.375,47531,156.569103
22,69,1384.611,47531,267.413665
22,70,636.932,47531,121.074520
22,71,0.000,47531,0.000000
22,72,419.571,47531,87.320228
22,73,107.448,47531,28.781204
22,74,3164.433,47531,741.888845
22,75,72.728,47531,13.168821
22,76,17.979,47531,2.324191
22,77,337.531,47531,68.929441
22,78,1345.310,47531,299.641680
22,79,278.793,47531,68.437672
22,80,177.191,47531,51.291170
22,81,740.042,47531,153.146499
22,82,2445.827,47531,503.782002
22,83,249.181,47531,64.526836
22,84,570.176,47531,160.180503
22,85,562.138,47531,141.675204
22,86,333.496,47531,70.819124
22,87,692.938,47531,171.868959
22,88,134.997,47531,23.542269
22,89,42.314,47531,14.946831
22,90,218.416,47531,50.030334
22,91,177.749,47531,38.702253
22,92,200.329,47531,30.115265
22,93,257.576,47531,45.069727
22,94,2.400,47531,0.371914
22,95,242.243,47531,51.815010
22,96,476.162,47531,131.792475
22,97,286.386,47531,68.394495
22,98,100.566,47531,22.909522
22,99,496.489,47531,102.269906
22,100,871.390,47531,150.988766
22,101,78.435,47531,14.113910
22,102,14.119,47531,1.830608
22,103,5.400,47531,1.192003
22,104,488.801,47531,137.864308
22,105,121.471,47531,27.264799
22,106,4.800,47531,0.885028
22,107,1989.850,47531,551.237203
22,108,78.441,47531,16.099869
22,109,406.165,47531,81.328231
22,110,193.243,47531,48.304802
22,111,305.676,47531,76.115461
22,112,1310.316,47531,296.458783
22,113,1181.209,47531,278.972126
22,114,595.906,47531,112.225891
22,115,452.993,47531,106.344674
22,116,178.074,47531,27.754008
22,117,694.819,47531,144.442904
22,118,2018.721,47531,514.838307
22,119,41.400,47531,8.660005
22,120,1283.709,47531,280.365366
22,121,7438.908,47531,1862.244184
22,122,1.800,47531,0.274981
22,123,592.989,47531,148.950681
22,124,20.071,47531,2.501458
22,125,613.922,47531,178.852798
22,126,581.438,47531,137.651685
22,127,467.699,47531,97.835438
22,128,114.000,47531,39.118463
22,129,31.800,47531,10.915678
22,130,189.435,47531,50.690214
22,131,4307.359,47531,713.823111
22,132,68.522,47531,12.932284
22,133,1146.473,47531,213.729984
22,134,50.151,47531,14.242950
22,135,15.600,47531,2.770701
22,136,436.060,47531,100.415131
22,137,79.906,47531,14.567052
22,138,166.800,47531,37.276045
22,139,3992.704,47531,686.900967
22,140,841.536,47531,155.162520
22,141,1159.725,47531,226.690878
22,142,294.374,47531,50.418198
22,143,2.400,47531,0.353073
22,144,388.626,47531,58.253659
22,145,254.283,47531,58.589884
22,146,249.420,47531,68.087462
22,147,270.187,47531,45.790683
22,148,378.533,47531,87.138272
22,149,456.712,47531,106.824317
22,150,3313.782,47531,775.672217
22,151,505.243,47531,82.845646
22,152,191.799,47531,48.490808
22,153,24.271,47531,4.997512
22,154,1630.593,47531,255.115617
22,155,873.602,47531,185.665115
22,156,2934.180,47531,664.863807
22,157,995.184,47531,183.486272
22,158,2938.973,47531,602.716582
22,159,1573.452,47531,276.577913
22,160,583.382,47531,135.452962
22,161,46.806,47531,9.565297
22,162,196.849,47531,51.373441
22,163,655.155,47531,158.040451
22,164,19.800,47531,2.081375
22,165,11.756,47531,3.406088
22,166,224.684,47531,41.317748
22,167,580.543,47531,127.882053
22,168,104.039,47531,24.227664
22,169,252.000,47531,62.805484
22,170,26.400,47531,6.073772
22,171,588.814,47531,130.456012
22,172,1192.637,47531,334.538044
22,173,392.087,47531,98.927528
22,174,1069.824,47531,177.469014
22,175,79.041,47531,19.116686
22,176,383.262,47531,98.606602
22,177,778.446,47531,239.012382
22,178,840.033,47531,149.238918
22,179,436.143,47531,82.080055
22,180,1003.359,47531,247.964046
22,181,518.331,47531,132.052446
22,182,283.482,47531,58.506522
22,183,29.400,47531,5.666240
22,184,6892.523,47531,2150.094199
22,185,523.559,47531,79.347208
22,186,171.204,47531,26.177508
22,187,77.400,47531,19.921532
22,188,33.435,47531,6.622247
22,189,668.281,47531,110.851166
22,190,119.333,47531,20.901567
22,191,9.000,47531,1.506382
22,192,586.950,47531,150.380847
22,193,410.303,47531,78.065971
22,194,50.804,47531,7.328018
22,195,729.537,47531,137.423141
22,196,11.400,47531,2.287339
22,197,83.836,47531,14.604630
22,198,325.557,47531,67.364973
22,199,488.586,47531,117.674511
22,200,803.020,47531,173.771251
22,201,285.606,47531,67.212702
22,202,24.770,47531,4.193207
22,203,1163.361,47531,258.919665
22,204,425.610,47531,104.026573
22,205,407.195,47531,83.277682
22,206,267.404,47531,69.624771
22,207,807.447,47531,220.959145
22,208,876.947,47531,190.039790
22,209,827.242,47531,206.885528
22,210,1075.997,47531,261.595761
22,211,3.600,47531,0.607672
22,212,825.118,47531,152.740087
22,213,587.614,47531,108.568763
22,214,447.418,47531,74.871814
22,215,185.927,47531,30.126144
22,216,901.637,47531,253.405932
22,217,195.600,47531,43.133554
22,218,459.770,47531,104.239003
22,219,2560.781,47531,509.367145
22,220,285.919,47531,63.452296
22,221,130.354,47531,27.841949
22,222,0.435,47531,0.054659
22,223,186.421,47531,35.655978
22,224,384.174,47531,57.140500
22,225,634.755,47531,143.042561
22,226,369.468,47531,97.768827
22,227,98.050,47531,17.043551
22,228,2220.460,47531,547.873434
22,229,66.696,47531,10.274911
22,230,602.906,47531,131.717106
22,231,788.316,47531,185.436799
22,232,126.876,47531,22.247864
22,233,959.050,47531,221.662095
22,234,1031.612,47531,200.760027
22,235,2287.136,47531,459.582856
22,236,318.653,47531,85.004054
22,237,98.417,47531,14.686749
22,238,1371.974,47531,257.717052
22,239,737.673,47531,169.657335
22,240,140.794,47531,24.919053
22,241,422.741,47531,109.380146
22,242,355.739,47531,88.412791
22,243,10.200,47531,1.642170
22,244,1124.921,47531,258.639383
22,245,184.652,47531,24.999948
22,246,165.607,47531,25.435296
22,247,135.000,47531,36.203949
22,248,191.460,47531,32.333493
22,249,299.289,47531,79.881350
22,250,170.252,47531,49.052303
22,251,129.966,47531,39.884827
22,252,1.200,47531,0.165907
22,253,266.162,47531,77.737912
22,254,116.766,47531,25.992433
22,255,18.600,47531,3.358012
22,256,177.600,47531,40.275340
22,257,19.200,47531,3.985665
22,258,1876.485,47531,505.545906
22,259,3316.171,47531,844.907321
22,260,115.599,47531,19.830692
22,261,462.828,47531,74.508216
22,262,41.235,47531,9.715773
22,263,506.132,47531,88.195223
22,264,381.124,47531,87.287210
22,265,110.332,47531,21.381058
22,266,214.189,47531,56.108025
22,267,707.777,47531,149.825185
22,268,28.848,47531,3.997214
22,269,962.483,47531,220.463018
22,270,24.000,47531,4.390804
22,271,304.031,47531,53.023099
22,272,474.139,47531,107.148322
22,273,99.154,47531,26.453943
22,274,825.305,47531,201.918411
22,275,73.577,47531,14.679993
22,276,43.800,47531,7.915801
22,277,27633.013,47531,12604.420446
22,278,466.287,47531,103.049855
22,279,923.184,47531,231.694333
22,280,218.863,47531,59.081808
22,281,1661.024,47531,371.844122
22,282,117.781,47531,19.534875
22,283,395.174,47531,88.663778
22,284,123.462,47531,24.276516
22,285,166.954,47531,33.779033
22,286,494.243,47531,106.515026
22,287,496.799,47531,89.205279
22,288,5977.127,47531,1661.633454
22,289,573.560,47531,83.007690
22,290,356.175,47531,66.056614
22,291,50.225,47531,6.696735
22,292,247.800,47531,57.380053
22,293,674.156,47531,153.153224
22,294,539.392,47531,116.174954
22,295,398.381,47531,84.979140
22,296,630.763,47531,82.935489
22,297,275.485,47531,65.941041
22,298,58.089,47531,9.547257
22,299,191.347,47531,42.376055
22,300,360.366,47531,102.464140
22,301,1010.480,47531,189.947283
22,302,628.052,47531,187.620947
22,303,63.260,47531,13.111941
22,304,112.493,47531,22.063072
22,305,366.210,47531,82.039210
22,306,153.489,47531,24.202586
22,307,286.041,47531,68.639681
22,308,151.955,47531,21.897033
22,309,179.355,47531,27.075159
22,310,0.000,47531,0.000000
22,311,233.334,47531,41.827541
22,312,149.174,47531,20.297264
22,313,3040.586,47531,621.805525
22,314,5607.830,47531,1342.532022
22,315,43.429,47531,10.898417
22,316,454.169,47531,79.604304
22,317,822.521,47531,208.682941
22,318,1241.003,47531,320.985796
22,319,431.544,47531,117.112063
22,320,753.982,47531,143.059340
22,321,3753.584,47531,817.143274
22,322,264.173,47531,44.640376
22,323,340.349,47531,81.050592
22,324,76.695,47531,12.826813
22,325,323.199,47531,62.730588
22,326,307.498,47531,56.966025
22,327,439.437,47531,96.940715
22,328,251.843,47531,42.288117
22,329,216.914,47531,48.226360
22,330,2931.402,47531,614.424659
22,331,492.287,47531,112.389112
22,332,5.400,47531,1.008494
22,333,1116.487,47531,260.963672
22,334,235.296,47531,75.304415
22,335,2377.107,47531,628.494793
22,336,1874.336,47531,553.406741
22,337,376.654,47531,65.110440
22,338,863.852,47531,219.970694
22,339,113.188,47531,17.453715
22,340,421.111,47531,95.607780
22,341,207.914,47531,46.431925
22,342,1049.307,47531,253.355645
22,343,231.600,47531,52.119012
22,344,599.520,47531,143.130144
22,345,489.365,47531,78.846206
22,346,370.848,47531,57.408133
22,347,211.652,47531,39.456391
22,348,526.548,47531,124.590625
22,349,885.136,47531,165.220912
22,350,511.020,47531,123.052415
22,351,2051.875,47531,382.910051
22,352,335.843,47531,62.130178
22,353,14.225,47531,2.513731
22,354,236.400,47531,64.439384
22,355,995.226,47531,235.248585
22,356,339.851,47531,64.203191
22,357,285.113,47531,48.218573
22,358,34.200,47531,5.769835
22,359,127.956,47531,25.892089
22,360,253.625,47531,58.359861
22,361,3.000,47531,0.529204
22,362,779.523,47531,239.504189
22,363,2244.509,47531,432.946928
22,364,407.703,47531,115.779509
22,365,726.918,47531,176.279396
22,366,644.744,47531,144.201346
22,367,1045.060,47531,314.118910
22,368,1086.625,47531,206.402879
22,369,89.491,47531,11.653148
22,370,479.995,47531,78.790319
22,371,1057.343,47531,227.421797
22,372,647.104,47531,147.848855
22,373,4810.507,47531,997.288928
22,374,993.920,47531,202.984330
22,375,244.370,47531,56.838874
22,376,3644.247,47531,681.535944
22,377,11025.683,47531,2992.818224
22,378,238.270,47531,59.634797
22,379,88.737,47531,12.402966
22,380,284.524,47531,67.776147
22,381,142.237,47531,41.132621
22,382,427.381,47531,73.034954
22,383,498.808,47531,101.534101
23,0,834.073,47531,207.329950
23,1,132.250,47531,24.342995
23,2,48.149,47531,5.085002
23,3,1338.550,47531,282.276314
23,4,327.517,47531,60.363735
23,5,1210.498,47531,275.603077
23,6,192.563,47531,41.956834
23,7,457.362,47531,88.941642
23,8,60.362,47531,6.450328
23,9,165.303,47531,23.519584
23,10,303.733,47531,73.407606
23,11,433.967,47531,99.668573
23,12,446.594,47531,138.748261
23,13,375.038,47531,106.895482
23,14,236.968,47531,64.416479
23,15,255.239,47531,62.130344
23,16,2623.398,47531,669.349395
23,17,1264.714,47531,277.770914
23,18,513.319,47531,138.084811
23,19,494.717,47531,79.404616
23,20,1663.236,47531,333.337121
23,21,23.581,47531,3.534122
23,22,160.970,47531,36.413228
23,23,1810.478,47531,371.284355
23,24,440.167,47531,129.458160
23,25,1392.724,47531,369.836774
23,26,195.919,47531,35.991611
23,27,338.177,47531,90.859013
23,28,272.719,47531,53.783135
23,29,1440.827,47531,325.647848
23,30,1081.776,47531,281.458460
23,31,1.800,47531,0.382627
23,32,470.317,47531,125.375439
23,33,184.631,47531,29.608094
23,34,431.672,47531,75.504991
23,35,428.072,47531,71.751606
23,36,63.977,47531,13.444911
23,37,316.082,47531,49.316460
23,38,184.913,47531,30.937878
23,39,1103.560,47531,226.689721
23,40,282.246,47531,117.524286
23,41,428.833,47531,80.595951
23,42,192.114,47531,30.319118
23,43,635.085,47531,134.035372
23,44,45.075,47531,16.271476
23,45,421.249,47531,105.035033
23,46,3165.899,47531,615.867259
23,47,353.401,47531,76.736009
23,48,640.542,47531,169.591424
23,49,607.569,47531,166.036939
23,50,7224.602,47531,1397.792428
23,51,68.193,47531,9.995045
23,52,507.659,47531,156.673867
23,53,132.038,47531,19.526163
23,54,855.374,47531,188.846280
23,55,1215.534,47531,303.508651
23,56,799.069,47531,241.704906
23,57,429.788,47531,109.679737
23,58,28.566,47531,4.813248
23,59,700.437,47531,159.421656
23,60,888.563,47531,247.973395
23,61,104.996,47531,19.541368
23,62,149.921,47531,41.327326
23,63,177.977,47531,28.175433
23,64,371.678,47531,78.025416
23,65,1331.924,47531,270.453623
23,66,751.663,47531,200.767573
23,67,3060.715,47531,824.664943
23,68,975.612,47531,205.915593
23,69,425.603,47531,112.042159
23,70,106.635,47531,22.666167
23,71,31.885,47531,5.855973
23,72,1165.511,47531,227.256089
23,73,176.539,47531,30.202882
23,74,65.363,47531,12.308619
23,75,321.106,47531,78.817309
23,76,1138.787,47531,298.328835
23,77,405.531,47531,80.590660
23,78,322.466,47531,122.391464
23,79,913.444,47531,281.181041
23,80,423.739,47531,85.047989
23,81,2921.221,47531,765.036084
23,82,381.483,47531,97.514581
23,83,3.600,47531,0.460117
23,84,33.871,47531,4.757385
23,85,196.526,47531,31.733059
23,86,292.668,47531,80.658231
23,87,546.682,47531,177.576841
23,88,815.578,47531,253.829383
23,89,160.789,47531,37.546239
23,90,813.185,47531,131.951391
23,91,1313.536,47531,264.641521
23,92,598.922,47531,133.823120
23,93,1418.441,47531,303.836070
23,94,312.903,47531,71.381894
23,95,1662.782,47531,397.038934
23,96,176.241,47531,9.655925
23,97,4087.389,47531,867.058299
23,98,281.217,47531,49.940849
23,99,32.814,47531,5.432364
23,100,145.906,47531,35.121981
23,101,54.324,47531,6.799000
23,102,335.208,47531,42.296978
23,103,946.964,47531,214.674789
23,104,272.703,47531,33.208786
23,105,15.542,47531,2.300783
23,106,451.376,47531,87.556917
23,107,49.147,47531,8.851327
23,108,140.145,47531,21.602212
23,109,491.338,47531,144.839589
23,110,355.577,47531,110.800220
23,111,639.229,47531,144.176343
23,112,149.533,47531,38.000619
23,113,393.579,47531,108.470414
23,114,24.144,47531,4.063276
23,115,637.985,47531,178.725364
23,116,893.329,47531,211.331726
23,117,139.418,47531,13.594254
23,118,360.580,47531,90.239864
23,119,730.594,47531,210.594411
23,120,439.568,47531,73.193070
23,121,293.942,47531,86.831964
23,122,183.144,47531,31.949046
23,123,598.341,47531,132.038721
23,124,111.393,47531,18.785816
23,125,277.631,47531,66.998375
23,126,395.748,47531,82.904439
23,127,1100.745,47531,253.113718
23,128,296.921,47531,57.166762
23,129,578.675,47531,125.216767
23,130,317.071,47531,69.628713
23,131,1730.904,47531,473.786691
23,132,733.766,47531,211.457916
23,133,370.616,47531,91.779347
23,134,533.445,47531,123.984832
23,135,336.002,47531,87.511806
23,136,77.321,47531,18.527863
23,137,292.849,47531,52.572104
23,138,1.200,47531,0.198766
23,139,607.369,47531,160.553943
23,140,932.368,47531,373.035041
23,141,68.883,47531,7.300829
23,142,378.330,47531,62.690615
23,143,1603.610,47531,430.725425
23,144,262.312,47531,64.441795
23,145,113.969,47531,14.704489
23,146,541.779,47531,157.010665
23,147,2239.477,47531,405.046200
23,148,222.037,47531,70.774530
23,149,586.854,47531,156.448271
23,150,1227.954,47531,305.145108
23,151,1010.687,47531,272.211994
23,152,3262.179,47531,882.689598
23,153,270.871,47531,66.009602
23,154,431.284,47531,108.141958
23,155,2969.461,47531,702.064010
23,156,421.833,47531,137.086217
23,157,697.287,47531,192.893184
23,158,262.478,47531,59.996700
23,159,833.620,47531,205.878550
23,160,5685.969,47531,1338.055818
23,161,976.615,47531,207.955701
23,162,729.272,47531,171.953132
23,163,1033.526,47531,219.432212
23,164,576.179,47531,132.151572
23,165,3895.102,47531,896.528226
23,166,273.033,47531,69.423136
23,167,942.454,47531,260.643543
23,168,86.708,47531,14.433502
23,169,211.105,47531,34.054909
23,170,1305.893,47531,323.807188
23,171,11790.755,47531,4341.435972
23,172,429.845,47531,139.496262
23,173,561.235,47531,139.692762
23,174,155.390,47531,23.954915
23,175,529.937,47531,135.533459
23,176,271.069,47531,39.352166
23,177,7047.307,47531,1113.767142
23,178,203.108,47531,81.154953
23,179,1085.794,47531,249.997292
23,180,463.069,47531,87.425292
23,181,278.533,47531,87.033444
23,182,148.699,47531,23.507751
23,183,130.189,47531,42.723580
23,184,1535.851,47531,405.333929
23,185,82.392,47531,16.126800
23,186,275.031,47531,68.567805
23,187,352.962,47531,90.577834
23,188,6827.165,47531,1629.584324
23,189,964.536,47531,185.684006
23,190,1936.670,47531,467.118634
23,191,470.682,47531,130.117918
23,192,630.832,47531,163.662789
23,193,177.006,47531,47.827969
23,194,8.235,47531,1.294744
23,195,350.313,47531,60.265976
23,196,1185.156,47531,817.063439
23,197,137.459,47531,20.718725
23,198,463.972,47531,120.549640
23,199,233.358,47531,62.521164
23,200,100.891,47531,14.701486
23,201,846.292,47531,150.239528
23,202,180.212,47531,50.126613
23,203,2.400,47531,0.732112
23,204,23.835,47531,4.083284
23,205,4422.552,47531,1061.093249
23,206,93.829,47531,14.215540
23,207,345.942,47531,101.869327
23,208,193.476,47531,58.132781
23,209,3225.573,47531,907.340813
23,210,699.811,47531,109.464592
23,211,128.135,47531,19.372773
23,212,239.236,47531,79.221089
23,213,458.895,47531,125.223736
23,214,292.200,47531,70.509130
23,215,40.906,47531,7.917871
23,216,767.226,47531,217.641456
23,217,79.301,47531,11.257832
23,218,412.562,47531,114.353066
23,219,1054.872,47531,220.202537
23,220,457.756,47531,82.782682
23,221,161.179,47531,31.429225
23,222,395.108,47531,114.146008
23,223,176.560,47531,26.772386
23,224,948.798,47531,187.043782
23,225,1879.520,47531,527.294002
23,226,281.853,47531,47.283523
23,227,155.883,47531,33.137968
23,228,148.896,47531,43.198890
23,229,4.200,47531,0.641980
23,230,328.147,47531,82.099184
23,231,387.399,47531,95.584055
23,232,428.590,47531,82.010640
23,233,27.579,47531,3.510493
23,234,63.622,47531,11.432574
23,235,595.392,47531,135.571184
23,236,558.335,47531,134.382181
23,237,234.245,47531,49.747590
23,238,719.112,47531,134.293869
23,239,550.265,47531,89.186673
23,240,6.600,47531,1.103318
23,241,3.000,47531,0.772393
23,242,257.688,47531,61.646781
23,243,1073.534,47531,205.041211
23,244,14.968,47531,4.951384
23,245,102.664,47531,17.918891
23,246,4.200,47531,0.711351
23,247,647.149,47531,163.832040
23,248,71.071,47531,14.197760
23,249,114.871,47531,22.831108
23,250,393.070,47531,99.639568
23,251,1370.798,47531,299.227647
23,252,1.800,47531,0.356344
23,253,53.406,47531,14.814886
23,254,156.680,47531,34.715165
23,255,675.742,47531,162.386331
23,256,222.893,47531,44.334749
23,257,277.567,47531,43.869899
23,258,1044.885,47531,245.367841
23,259,21.483,47531,3.728048
23,260,250.402,47531,54.232532
23,261,102.542,47531,15.822965
23,262,62.135,47531,10.557285
23,263,916.836,47531,190.175661
23,264,502.228,47531,131.515896
23,265,164.661,47531,24.378999
23,266,1180.332,47531,262.138484
23,267,225.812,47531,53.412369
23,268,1015.428,47531,558.675215
23,269,527.736,47531,124.351636
23,270,474.999,47531,113.521220
23,271,1951.600,47531,382.434109
23,272,370.390,47531,59.604920
23,273,1047.881,47531,156.346432
23,274,1017.474,47531,208.552372
23,275,266.076,47531,39.469513
23,276,424.999,47531,81.701459
23,277,2432.708,47531,682.490098
23,278,33.542,47531,12.625019
23,279,667.940,47531,194.957654
23,280,3.000,47531,0.289298
23,281,458.980,47531,121.418426
23,282,783.969,47531,165.580266
23,283,1091.012,47531,217.740106
23,284,474.480,47531,123.804398
23,285,483.242,47531,113.949747
23,286,580.939,47531,134.628396
23,287,287.969,47531,95.929056
23,288,12.000,47531,1.602119
23,289,3.000,47531,0.691714
23,290,310.700,47531,86.274533
23,291,583.604,47531,178.209874
23,292,628.264,47531,134.216416
23,293,411.993,47531,105.315683
23,294,514.999,47531,133.478057
23,295,29.942,47531,5.007951
23,296,702.806,47531,207.010206
23,297,85.189,47531,16.804735
23,298,399.447,47531,130.096742
23,299,573.862,47531,152.056085
23,300,318.271,47531,89.016431
23,301,402.995,47531,86.901510
23,302,418.244,47531,87.381000
23,303,205.800,47531,49.992500
23,304,761.392,47531,156.112052
23,305,239.777,47531,85.877654
23,306,108.860,47531,31.449277
23,307,203.390,47531,40.248674
23,308,3.000,47531,0.452831
23,309,276.512,47531,56.464082
23,310,32.235,47531,4.386143
23,311,37.189,47531,6.221709
23,312,12459.866,47531,4910.357654
23,313,155.235,47531,65.099734
23,314,289.683,47531,67.928520
23,315,360.550,47531,73.135164
23,316,410.660,47531,123.246820
23,317,1242.615,47531,286.616444
23,318,167.719,47531,36.214316
23,319,649.091,47531,300.998780
23,320,3227.356,47531,586.852141
23,321,80.650,47531,17.876583
23,322,475.710,47531,138.452446
23,323,238.614,47531,59.845059
23,324,318.825,47531,64.514947
23,325,139.237,47531,34.288149
23,326,519.746,47531,97.088729
23,327,1.635,47531,0.624403
23,328,15.919,47531,2.803987
23,329,3280.467,47531,1122.473639
23,330,269.657,47531,49.436191
23,331,695.438,47531,194.347436
23,332,614.512,47531,118.507930
23,333,371.879,47531,71.658921
23,334,730.574,47531,141.286383
23,335,307.749,47531,59.843265
23,336,1489.057,47531,347.415343
23,337,44.225,47531,6.189887
23,338,331.047,47531,99.350624
23,339,416.389,47531,132.709021
23,340,279.707,47531,54.134041
23,341,654.008,47531,125.293750
23,342,260.995,47531,64.397347
23,343,377.055,47531,105.110264
23,344,1944.487,47531,398.140647
23,345,649.955,47531,114.547902
23,346,903.181,47531,155.279787
23,347,36.483,47531,5.690924
23,348,1753.284,47531,374.430114
23,349,307.137,47531,82.281834
23,350,169.349,47531,52.447655
23,351,27.712,47531,3.028359
23,352,548.974,47531,102.176196
23,353,86.958,47531,19.627700
23,354,727.651,47531,118.275476
23,355,608.852,47531,133.882506
23,356,1300.747,47531,247.237320
23,357,3819.395,47531,1136.216447
23,358,4141.782,47531,935.927009
23,359,1.800,47531,0.570589
23,360,352.999,47531,88.719087
23,361,446.147,47531,100.564437
23,362,304.482,47531,61.363987
23,363,202.843,47531,51.499111
23,364,1691.264,47531,431.395928
23,365,449.767,47531,113.814242
23,366,2536.835,47531,482.694143
23,367,3770.635,47531,882.569308
23,368,897.152,47531,227.959844
23,369,16.800,47531,3.057431
23,370,352.641,47531,91.034818
23,371,390.084,47531,93.544592
23,372,172.806,47531,73.562178
23,373,3560.579,47531,1010.595657
23,374,2657.508,47531,631.755812
23,375,357.516,47531,100.172049
23,376,395.582,47531,103.930781
23,377,401.901,47531,88.304210
23,378,2454.371,47531,600.628932
23,379,52.742,47531,9.578663
23,380,102.377,47531,20.881089
23,381,426.626,47531,126.079130
23,382,268.240,47531,52.848732
23,383,237.405,47531,43.805390
24,0,1060.363,47531,315.803593
24,1,156.000,47531,36.931668
24,2,3000.658,47531,733.260730
24,3,761.749,47531,177.875992
24,4,468.293,47531,115.697502
24,5,765.909,47531,184.436049
24,6,1495.403,47531,351.920721
24,7,111.304,47531,26.034723
24,8,105.144,47531,18.961429
24,9,260.506,47531,64.481484
24,10,6754.235,47531,1529.948223
24,11,378.511,47531,54.648748
24,12,650.878,47531,228.917116
24,13,249.871,47531,48.710864
24,14,309.016,47531,74.275472
24,15,7053.952,47531,1707.456076
24,16,221.326,47531,54.175970
24,17,134.835,47531,33.338508
24,18,47.400,47531,10.564775
24,19,971.072,47531,183.144778
24,20,393.404,47531,152.321521
24,21,12.600,47531,2.124544
24,22,1067.464,47531,243.524955
24,23,216.000,47531,50.530051
24,24,2155.097,47531,503.055419
24,25,144.335,47531,31.976224
24,26,111.728,47531,20.272352
24,27,291.979,47531,42.595564
24,28,4384.044,47531,1071.829812
24,29,4.200,47531,0.934088
24,30,418.832,47531,109.504939
24,31,69.908,47531,15.992001
24,32,1181.579,47531,290.668833
24,33,4039.898,47531,1093.522248
24,34,122.235,47531,23.504901
24,35,97.189,47531,17.316454
24,36,421.557,47531,98.261541
24,37,275.503,47531,57.603828
24,38,3489.417,47531,853.147042
24,39,855.600,47531,170.771151
24,40,105.600,47531,30.142226
24,41,1916.472,47531,496.021707
24,42,388.403,47531,99.751530
24,43,551.903,47531,111.899205
24,44,104.188,47531,18.443805
24,45,981.667,47531,238.328218
24,46,1385.210,47531,374.528568
24,47,2947.892,47531,873.038382
24,48,2105.323,47531,436.362189
24,49,18.000,47531,3.524057
24,50,375.077,47531,49.494095
24,51,180.027,47531,51.932465
24,52,727.437,47531,170.758683
24,53,914.433,47531,232.292432
24,54,138.144,47531,24.674396
24,55,176.825,47531,45.209366
24,56,26.039,47531,6.537363
24,57,2602.155,47531,648.170409
24,58,170.916,47531,34.896583
24,59,4.800,47531,0.729080
24,60,8882.247,47531,2800.880452
24,61,32.793,47531,6.766533
24,62,111.000,47531,27.646034
24,63,668.989,47531,152.316074
24,64,376.403,47531,97.599754
24,65,0.000,47531,0.000000
24,66,1325.098,47531,417.462418
24,67,916.471,47531,228.997759
24,68,222.000,47531,50.017339
24,69,20.400,47531,3.980783
24,70,425.012,47531,143.759309
24,71,56.485,47531,11.321790
24,72,2399.532,47531,513.302587
24,73,4365.494,47531,979.358938
24,74,84.000,47531,21.815080
24,75,6.600,47531,1.103284
24,76,456.697,47531,106.806836
24,77,51.600,47531,12.096403
24,78,73.699,47531,13.512079
24,79,12.366,47531,2.396310
24,80,110.703,47531,17.802287
24,81,151.083,47531,33.127511
24,82,227.570,47531,48.088875
24,83,1006.223,47531,253.896645
24,84,1903.726,47531,497.701938
24,85,35.400,47531,7.320917
24,86,183.426,47531,32.247474
24,87,915.742,47531,204.077573
24,88,306.653,47531,88.348675
24,89,80.071,47531,15.885845
24,90,208.848,47531,49.520017
24,91,550.977,47531,136.231294
24,92,421.973,47531,104.272822
24,93,131.331,47531,26.909618
24,94,287.067,47531,63.827315
24,95,21.600,47531,4.178798
24,96,709.968,47531,145.806516
24,97,670.950,47531,175.122764
24,98,1224.620,47531,300.853479
24,99,42.600,47531,9.905546
24,100,539.814,47531,113.338997
24,101,286.918,47531,91.942698
24,102,8.400,47531,1.470315
24,103,1895.709,47531,506.539167
24,104,233.328,47531,46.478189
24,105,1087.178,47531,325.315907
24,106,2005.907,47531,422.879222
24,107,1707.320,47531,296.086748
24,108,350.046,47531,95.368621
24,109,554.034,47531,133.516417
24,110,104.400,47531,23.433895
24,111,26.835,47531,5.214083
24,112,528.794,47531,104.530342
24,113,373.270,47531,78.515314
24,114,452.710,47531,135.569953
24,115,308.194,47531,82.929977
24,116,1133.937,47531,351.993242
24,117,476.839,47531,100.620038
24,118,527.518,47531,166.900770
24,119,212.237,47531,32.241037
24,120,109.041,47531,21.222954
24,121,358.053,47531,72.035657
24,122,695.679,47531,255.673172
24,123,311.289,47531,85.107537
24,124,782.503,47531,159.214644
24,125,50.177,47531,9.696239
24,126,180.585,47531,29.920003
24,127,622.834,47531,76.245319
24,128,15.000,47531,2.567117
24,129,120.696,47531,34.306521
24,130,1366.846,47531,347.797240
24,131,276.256,47531,55.407586
24,132,677.410,47531,165.277267
24,133,287.938,47531,56.953020
24,134,235.727,47531,46.538920
24,135,447.289,47531,106.317527
24,136,155.449,47531,34.489096
24,137,12.000,47531,2.332565
24,138,392.422,47531,96.539505
24,139,2465.266,47531,555.364972
24,140,3377.329,47531,879.235941
24,141,740.597,47531,161.489585
24,142,105.000,47531,29.366479
24,143,1300.519,47531,418.661985
24,144,261.925,47531,55.540777
24,145,761.072,47531,191.647724
24,146,2359.626,47531,515.156440
24,147,2733.545,47531,719.721259
24,148,124.789,47531,31.825393
24,149,184.800,47531,63.329108
24,150,311.168,47531,76.552671
24,151,33.871,47531,6.755086
24,152,37.301,47531,7.886008
24,153,85.035,47531,16.943089
24,154,550.857,47531,142.177499
24,155,118.275,47531,20.923169
24,156,9.600,47531,1.773850
24,157,514.442,47531,150.844356
24,158,5578.023,47531,1292.353606
24,159,120.770,47531,24.702599
24,160,944.141,47531,294.038695
24,161,994.689,47531,232.517100
24,162,462.160,47531,121.854122
24,163,51.435,47531,10.467699
24,164,614.225,47531,168.028455
24,165,803.461,47531,193.363874
24,166,985.062,47531,241.444191
24,167,1114.719,47531,303.388923
24,168,1352.345,47531,268.857692
24,169,146.449,47531,28.123047
24,170,175.408,47531,43.574191
24,171,2256.703,47531,535.071949
24,172,70.800,47531,15.086693
24,173,3014.157,47531,726.527988
24,174,86.241,47531,16.479350
24,175,71.406,47531,11.220771
24,176,929.309,47531,245.303339
24,177,211.083,47531,39.614565
24,178,3360.195,47531,920.677292
24,179,10.025,47531,2.181838
24,180,32.400,47531,6.070646
24,181,1980.102,47531,581.768242
24,182,294.820,47531,56.239626
24,183,833.156,47531,267.066325
24,184,187.291,47531,42.442728
24,185,1357.010,47531,441.173760
24,186,151.381,47531,31.319201
24,187,3300.301,47531,833.573872
24,188,13.200,47531,2.351531
24,189,1531.170,47531,384.195249
24,190,1783.999,47531,462.658032
24,191,355.200,47531,88.528960
24,192,38.942,47531,7.794633
24,193,496.589,47531,93.361798
24,194,17.400,47531,2.955359
24,195,170.805,47531,37.363935
24,196,932.296,47531,263.918068
24,197,76.556,47531,12.430573
24,198,167.862,47531,30.668205
24,199,724.250,47531,230.689300
24,200,437.183,47531,93.245351
24,201,814.456,47531,179.351799
24,202,714.172,47531,176.634181
24,203,896.822,47531,235.169663
24,204,504.001,47531,122.562678
24,205,6.600,47531,0.811519
24,206,28.800,47531,5.198064
24,207,6.435,47531,1.333640
24,208,288.433,47531,57.149155
24,209,224.535,47531,42.600806
24,210,22.200,47531,3.305192
24,211,122.305,47531,26.377016
24,212,2202.519,47531,550.722777
24,213,616.621,47531,153.025252
24,214,222.915,47531,89.813327
24,215,197.432,47531,48.109807
24,216,431.985,47531,106.458276
24,217,0.600,47531,0.104056
24,218,947.115,47531,213.794205
24,219,647.678,47531,123.995297
24,220,89.773,47531,16.523214
24,221,425.871,47531,79.472593
24,222,155.968,47531,35.098428
24,223,2490.648,47531,717.165876
24,224,4129.707,47531,1260.806050
24,225,2374.472,47531,480.210346
24,226,42.016,47531,10.981518
24,227,375.128,47531,89.928253
24,228,13.800,47531,2.353156
24,229,110.098,47531,29.565223
24,230,299.465,47531,71.652022
24,231,1029.593,47531,216.802399
24,232,805.688,47531,166.361746
24,233,374.130,47531,98.540966
24,234,27.600,47531,4.605571
24,235,511.270,47531,104.177657
24,236,321.289,47531,58.680796
24,237,5326.706,47531,1061.697767
24,238,2779.076,47531,826.532827
24,239,2.835,47531,0.574177
24,240,51.425,47531,9.651988
24,241,303.150,47531,63.887057
24,242,50.804,47531,8.060123
24,243,70.827,47531,14.762693
24,244,1852.134,47531,544.468061
24,245,98.777,47531,16.994618
24,246,64.906,47531,12.852510
24,247,387.393,47531,96.839250
24,248,256.614,47531,62.242285
24,249,969.304,47531,216.063907
24,250,30.935,47531,7.038314
24,251,227.939,47531,47.651157
24,252,2076.690,47531,559.006411
24,253,1118.595,47531,281.359531
24,254,460.322,47531,109.517519
24,255,64.412,47531,11.512725
24,256,651.589,47531,158.471780
24,257,831.967,47531,145.213909
24,258,787.929,47531,173.790819
24,259,138.049,47531,22.821791
24,260,43.848,47531,10.263230
24,261,180.048,47531,44.418803
24,262,276.027,47531,65.735258
24,263,91.200,47531,19.792828
24,264,253.243,47531,46.158852
24,265,660.155,47531,166.884739
24,266,690.243,47531,139.089123
24,267,25.742,47531,5.541608
24,268,323.137,47531,59.088473
24,269,16.200,47531,4.066599
24,270,0.000,47531,0.000000
24,271,1060.893,47531,213.036149
24,272,595.638,47531,178.787499
24,273,1197.836,47531,222.063123
24,274,821.465,47531,186.735695
24,275,431.029,47531,103.610361
24,276,154.031,47531,28.355978
24,277,41.475,47531,7.006804
24,278,930.979,47531,252.525278
24,279,8.400,47531,1.658917
24,280,1216.991,47531,286.938250
24,281,1775.050,47531,426.968323
24,282,691.429,47531,163.244673
24,283,989.845,47531,192.719357
24,284,902.401,47531,261.013984
24,285,245.480,47531,73.492656
24,286,92.235,47531,15.978803
24,287,474.280,47531,91.450734
24,288,12.706,47531,3.257318
24,289,120.706,47531,56.308152
24,290,442.652,47531,148.095783
24,291,310.664,47531,69.078157
24,292,148.732,47531,29.605987
24,293,28.200,47531,5.832532
24,294,20.931,47531,4.622175
24,295,95.177,47531,24.222897
24,296,3636.546,47531,779.803399
24,297,196.248,47531,44.809266
24,298,1622.845,47531,332.985870
24,299,310.532,47531,70.778719
24,300,229.945,47531,57.481918
24,301,21.106,47531,3.458784
24,302,26.777,47531,6.053831
24,303,210.345,47531,43.499221
24,304,2674.298,47531,582.522220
24,305,77.400,47531,21.521501
24,306,75.876,47531,11.523223
24,307,98.039,47531,17.328345
24,308,7627.790,47531,2035.477602
24,309,31.800,47531,7.354916
24,310,0.000,47531,0.000000
24,311,397.193,47531,77.316200
24,312,1.800,47531,0.324279
24,313,417.154,47531,104.166554
24,314,681.232,47531,148.454271
24,315,294.410,47531,55.321134
24,316,458.421,47531,87.175492
24,317,226.206,47531,56.791223
24,318,166.800,47531,37.877357
24,319,2669.037,47531,833.492767
24,320,494.655,47531,111.517004
24,321,250.412,47531,87.567699
24,322,681.747,47531,123.571732
24,323,354.627,47531,86.161659
24,324,403.583,47531,87.456748
24,325,536.193,47531,141.181587
24,326,877.787,47531,229.686429
24,327,326.959,47531,70.800164
24,328,134.406,47531,44.349162
24,329,282.723,47531,68.596940
24,330,266.528,47531,53.228879
24,331,340.467,47531,64.486629
24,332,1421.958,47531,361.381109
24,333,612.194,47531,128.328923
24,334,14.235,47531,2.318999
24,335,187.987,47531,34.993845
24,336,262.620,47531,52.258122
24,337,3113.647,47531,777.576720
24,338,3757.676,47531,956.109487
24,339,610.149,47531,491.111468
24,340,148.200,47531,55.342811
24,341,357.516,47531,84.081221
24,342,425.555,47531,136.759996
24,343,805.552,47531,183.172805
24,344,235.174,47531,60.005046
24,345,1802.070,47531,354.020092
24,346,3011.825,47531,792.865149
24,347,120.924,47531,24.947347
24,348,3925.761,47531,1135.741143
24,349,194.741,47531,53.529144
24,350,0.000,47531,0.000000
24,351,316.251,47531,71.486342
24,352,5.400,47531,1.054786
24,353,1679.983,47531,419.872728
24,354,166.270,47531,32.733696
24,355,357.174,47531,69.482032
24,356,164.427,47531,32.214186
24,357,4.800,47531,1.073054
24,358,370.180,47531,106.096916
24,359,452.244,47531,80.321850
24,360,201.956,47531,32.689865
24,361,18.600,47531,3.433576
24,362,565.202,47531,149.987138
24,363,427.472,47531,127.489910
24,364,130.514,47531,42.144467
24,365,813.359,47531,166.853012
24,366,166.052,47531,39.235653
24,367,694.498,47531,229.390017
24,368,163.116,47531,51.271132
24,369,573.889,47531,118.064391
24,370,85.472,47531,17.348308
24,371,9.000,47531,2.293377
24,372,3021.444,47531,859.608145
24,373,21.600,47531,3.724369
24,374,10.200,47531,1.721570
24,375,542.597,47531,136.604909
24,376,81.271,47531,17.210895
24,377,373.035,47531,107.655066
24,378,107.437,47531,20.269286
24,379,82.635,47531,15.029004
24,380,3408.795,47531,1029.230559
24,381,74.835,47531,16.054409
24,382,50.506,47531,9.833579
24,383,1065.288,47531,302.795185
25,0,376.583,47531,73.908706
25,1,1034.299,47531,249.728675
25,2,17.942,47531,2.063393
25,3,671.391,47531,142.189672
25,4,596.998,47531,107.199420
25,5,7735.515,47531,2267.161864
25,6,13.035,47531,2.179766
25,7,2233.007,47531,500.501942
25,8,45.600,47531,6.169006
25,9,18.616,47531,2.347676
25,10,171.499,47531,36.839447
25,11,876.413,47531,207.675977
25,12,321.517,47531,55.938201
25,13,72.000,47531,12.462373
25,14,32.400,47531,7.696657
25,15,441.267,47531,115.475112
25,16,1516.894,47531,281.357279
25,17,125.400,47531,23.086672
25,18,806.416,47531,175.791676
25,19,124.727,47531,28.246975
25,20,1481.487,47531,299.597798
25,21,6467.315,47531,1648.739742
25,22,3.000,47531,0.771076
25,23,1021.087,47531,201.859448
25,24,62.273,47531,9.259210
25,25,28.200,47531,4.570434
25,26,283.200,47531,61.613894
25,27,3.000,47531,0.390586
25,28,415.035,47531,129.980076
25,29,1058.979,47531,275.203346
25,30,12.000,47531,1.537793
25,31,136.604,47531,26.073126
25,32,91.545,47531,18.702476
25,33,341.460,47531,76.430232
25,34,518.958,47531,92.498890
25,35,37.200,47531,5.329424
25,36,735.359,47531,214.444486
25,37,1733.949,47531,490.341525
25,38,443.342,47531,83.009213
25,39,9.000,47531,1.521008
25,40,61.206,47531,9.376734
25,41,124.285,47531,20.261481
25,42,2383.885,47531,613.156367
25,43,1980.309,47531,356.143149
25,44,272.514,47531,55.351957
25,45,275.093,47531,61.185202
25,46,79.200,47531,12.386339
25,47,277.552,47531,64.304867
25,48,511.638,47531,87.423825
25,49,3.000,47531,0.378281
25,50,211.200,47531,47.088100
25,51,32.400,47531,5.381512
25,52,78.967,47531,12.078449
25,53,108.112,47531,17.760724
25,54,190.249,47531,46.001510
25,55,1265.264,47531,285.519330
25,56,279.385,47531,57.364152
25,57,166.243,47531,30.177496
25,58,1054.610,47531,218.424216
25,59,246.000,47531,39.835952
25,60,40.710,47531,8.923999
25,61,310.089,47531,68.470460
25,62,3261.016,47531,751.352533
25,63,484.981,47531,127.733124
25,64,1139.979,47531,323.170554
25,65,87.351,47531,19.157943
25,66,69.075,47531,11.164033
25,67,714.319,47531,135.377468
25,68,37.848,47531,6.134443
25,69,46.200,47531,11.846230
25,70,77.400,47531,18.718128
25,71,302.086,47531,58.517045
25,72,18.706,47531,3.141226
25,73,272.082,47531,52.917860
25,74,220.189,47531,56.757803
25,75,2214.394,47531,508.930725
25,76,18.542,47531,2.128358
25,77,119.114,47531,26.754092
25,78,1.800,47531,0.253219
25,79,5.883,47531,0.745707
25,80,42.000,47531,8.062526
25,81,42.404,47531,6.795178
25,82,1759.754,47531,342.532050
25,83,14016.220,47531,4164.933149
25,84,9.000,47531,1.877857
25,85,0.600,47531,0.272089
25,86,1684.759,47531,345.988068
25,87,14.835,47531,2.487938
25,88,302.379,47531,58.625544
25,89,139.142,47531,31.018296
25,90,356.205,47531,78.681408
25,91,11.400,47531,1.797278
25,92,499.800,47531,172.927552
25,93,827.221,47531,182.150595
25,94,2411.507,47531,485.488122
25,95,62.188,47531,11.501730
25,96,54.722,47531,10.383954
25,97,233.235,47531,43.560871
25,98,475.727,47531,103.656979
25,99,310.663,47531,70.696290
25,100,31.025,47531,5.638563
25,101,264.616,47531,60.415026
25,102,19.906,47531,2.465921
25,103,1858.929,47531,346.909723
25,104,35.671,47531,6.843126
25,105,870.953,47531,193.981126
25,106,1506.179,47531,283.179021
25,107,26.310,47531,5.602888
25,108,68.671,47531,10.923864
25,109,103.800,47531,29.047143
25,110,719.872,47531,157.627017
25,111,3175.938,47531,845.212714
25,112,1135.636,47531,271.407731
25,113,463.526,47531,119.455424
25,114,252.597,47531,51.594857
25,115,698.419,47531,116.832340
25,116,31.216,47531,4.178667
25,117,200.719,47531,48.211317
25,118,237.909,47531,39.757686
25,119,1102.020,47531,285.958774
25,120,1014.666,47531,206.581023
25,121,1392.150,47531,416.478069
25,122,3063.858,47531,470.923933
25,123,251.942,47531,57.845478
25,124,509.056,47531,101.887483
25,125,257.705,47531,61.857035
25,126,108.600,47531,18.953121
25,127,25.200,47531,4.325039
25,128,759.887,47531,191.191012
25,129,140.071,47531,32.208630
25,130,4457.911,47531,903.909959
25,131,42.435,47531,7.897447
25,132,349.742,47531,78.127135
25,133,44.358,47531,7.165371
25,134,538.768,47531,101.821282
25,135,220.048,47531,37.824333
25,136,126.977,47531,25.682538
25,137,66.600,47531,12.517913
25,138,384.760,47531,70.377870
25,139,81.425,47531,14.718259
25,140,451.800,47531,93.705842
25,141,478.577,47531,139.433911
25,142,309.044,47531,65.486375
25,143,495.487,47531,77.401280
25,144,325.429,47531,77.260844
25,145,74.989,47531,13.090343
25,146,38.793,47531,10.249241
25,147,59.639,47531,11.043658
25,148,441.867,47531,94.766316
25,149,126.182,47531,21.886744
25,150,1016.413,47531,305.441025
25,151,404.310,47531,73.591500
25,152,63.706,47531,13.275898
25,153,280.764,47531,56.710079
25,154,173.400,47531,43.617839
25,155,21.600,47531,5.532820
25,156,994.177,47531,226.467987
25,157,333.149,47531,65.510384
25,158,585.249,47531,105.498836
25,159,526.924,47531,129.619026
25,160,342.225,47531,66.251910
25,161,340.329,47531,63.901416
25,162,204.739,47531,40.208307
25,163,520.177,47531,94.526995
25,164,2631.404,47531,702.390302
25,165,100.545,47531,17.405804
25,166,78.388,47531,11.561340
25,167,373.361,47531,64.145244
25,168,707.289,47531,140.549872
25,169,424.312,47531,131.851595
25,170,332.051,47531,68.277879
25,171,245.835,47531,88.991433
25,172,35.820,47531,11.793573
25,173,3.600,47531,0.591112
25,174,383.239,47531,64.525753
25,175,61.200,47531,13.124012
25,176,2425.249,47531,758.212536
25,177,748.285,47531,175.384529
25,178,1187.970,47531,277.341279
25,179,252.262,47531,52.062706
25,180,1397.314,47531,276.792051
25,181,237.770,47531,51.404505
25,182,518.547,47531,95.564853
25,183,52.200,47531,11.833724
25,184,164.815,47531,27.793635
25,185,187.237,47531,40.727258
25,186,165.542,47531,28.519945
25,187,175.891,47531,33.432852
25,188,347.448,47531,83.825972
25,189,49.789,47531,8.674456
25,190,111.271,47531,18.297414
25,191,47.400,47531,10.158066
25,192,246.425,47531,79.345727
25,193,1338.347,47531,348.928453
25,194,90.850,47531,20.706166
25,195,89.995,47531,15.565279
25,196,724.087,47531,172.743793
25,197,1693.474,47531,476.724824
25,198,266.716,47531,39.156888
25,199,144.202,47531,27.637093
25,200,138.251,47531,24.493071
25,201,0.600,47531,0.097835
25,202,72.600,47531,15.509638
25,203,186.468,47531,38.502184
25,204,302.772,47531,38.901309
25,205,59.745,47531,11.194959
25,206,839.547,47531,175.376672
25,207,2216.190,47531,591.422907
25,208,4367.210,47531,1250.043336
25,209,222.696,47531,43.702282
25,210,458.032,47531,109.266703
25,211,11757.969,47531,3326.340815
25,212,4.800,47531,0.997862
25,213,2730.095,47531,672.385951
25,214,201.628,47531,37.590993
25,215,503.003,47531,83.163992
25,216,688.200,47531,207.013857
25,217,77.496,47531,12.783091
25,218,488.751,47531,100.386873
25,219,236.639,47531,57.406487
25,220,1227.054,47531,422.078912
25,221,314.003,47531,68.563412
25,222,4.800,47531,0.726118
25,223,665.584,47531,174.031652
25,224,57.000,47531,9.162632
25,225,292.984,47531,91.616154
25,226,77.225,47531,13.730276
25,227,295.717,47531,40.382684
25,228,27.637,47531,5.446507
25,229,8.400,47531,1.292139
25,230,118.472,47531,28.077071
25,231,1078.822,47531,278.137892
25,232,1184.335,47531,323.713502
25,233,1027.680,47531,302.394625
25,234,4142.632,47531,1076.591557
25,235,834.463,47531,177.576886
25,236,333.000,47531,71.407226
25,237,743.719,47531,169.418981
25,238,3017.258,47531,714.592470
25,239,4222.110,47531,986.462310
25,240,32.406,47531,3.783018
25,241,2504.334,47531,696.422731
25,242,3172.890,47531,500.568908
25,243,120.600,47531,29.505623
25,244,2558.508,47531,774.341264
25,245,14.400,47531,2.954050
25,246,710.223,47531,199.904120
25,247,432.681,47531,64.465414
25,248,405.593,47531,105.145757
25,249,111.871,47531,21.387080
25,250,104.522,47531,16.689063
25,251,2917.489,47531,523.465387
25,252,42.106,47531,7.415150
25,253,1347.736,47531,272.155327
25,254,137.071,47531,29.361289
25,255,1808.222,47531,428.208703
25,256,118.508,47531,15.981947
25,257,60.181,47531,9.269046
25,258,0.000,47531,0.000000
25,259,13.200,47531,3.292384
25,260,3737.461,47531,768.306312
25,261,145.789,47531,24.943606
25,262,23.400,47531,6.246395
25,263,636.268,47531,148.465417
25,264,120.600,47531,44.111797
25,265,255.792,47531,45.686947
25,266,190.189,47531,52.059691
25,267,20.400,47531,3.297648
25,268,18.000,47531,3.408539
25,269,559.484,47531,117.885466
25,270,70.020,47531,12.680106
25,271,339.274,47531,75.695296
25,272,2522.605,47531,707.115081
25,273,2087.280,47531,523.902333
25,274,64.906,47531,10.255404
25,275,66.600,47531,12.810492
25,276,126.558,47531,27.825523
25,277,260.625,47531,62.941703
25,278,59.400,47531,10.943922
25,279,424.131,47531,67.092913
25,280,327.685,47531,86.883445
25,281,159.000,47531,43.592114
25,282,61.200,47531,15.316157
25,283,381.112,47531,108.092929
25,284,6.600,47531,1.248323
25,285,103.200,47531,25.606423
25,286,3441.709,47531,742.653188
25,287,135.048,47531,24.105778
25,288,476.073,47531,84.956990
25,289,2.400,47531,0.401845
25,290,1613.765,47531,347.013551
25,291,160.800,47531,28.225927
25,292,22.800,47531,6.631724
25,293,3338.791,47531,926.745841
25,294,75.760,47531,15.489521
25,295,838.196,47531,172.494898
25,296,25.471,47531,4.678114
25,297,335.400,47531,67.199959
25,298,97.635,47531,27.479094
25,299,359.141,47531,97.020875
25,300,765.558,47531,181.981694
25,301,1888.321,47531,348.369926
25,302,119.002,47531,19.166615
25,303,363.027,47531,65.202908
25,304,192.771,47531,42.850496
25,305,140.166,47531,27.378120
25,306,51.425,47531,10.350528
25,307,190.460,47531,47.534614
25,308,36.600,47531,6.951845
25,309,1642.451,47531,369.089196
25,310,209.629,47531,41.385395
25,311,3724.809,47531,1013.516569
25,312,382.415,47531,94.830356
25,313,48.000,47531,11.100611
25,314,3.600,47531,0.541460
25,315,785.098,47531,191.067058
25,316,30.308,47531,4.814923
25,317,238.200,47531,59.572172
25,318,457.483,47531,97.283337
25,319,518.359,47531,144.704930
25,320,155.448,47531,34.935063
25,321,2151.962,47531,597.076526
25,322,250.015,47531,52.506476
25,323,5983.503,47531,1585.317530
25,324,80.835,47531,22.157972
25,325,41.235,47531,7.814344
25,326,401.768,47531,52.848934
25,327,198.366,47531,41.884272
25,328,2488.652,47531,848.623752
25,329,0.600,47531,0.110390
25,330,1402.445,47531,306.973061
25,331,582.771,47531,141.467479
25,332,56.235,47531,8.211587
25,333,285.435,47531,78.297270
25,334,117.744,47531,26.633978
25,335,33.435,47531,4.717916
25,336,911.705,47531,204.603056
25,337,1203.483,47531,337.400970
25,338,5.400,47531,0.834981
25,339,237.675,47531,83.446489
25,340,1296.664,47531,403.975167
25,341,57.600,47531,11.807219
25,342,45.000,47531,9.924983
25,343,80.400,47531,25.685661
25,344,4220.532,47531,1186.271768
25,345,18.000,47531,3.864934
25,346,9.000,47531,1.077196
25,347,1147.850,47531,311.738328
25,348,1754.305,47531,483.820143
25,349,970.762,47531,230.660559
25,350,542.612,47531,99.025555
25,351,413.400,47531,82.420859
25,352,193.891,47531,35.619713
25,353,178.121,47531,34.646315
25,354,54.271,47531,8.333001
25,355,1037.108,47531,307.631732
25,356,142.934,47531,24.297132
25,357,126.160,47531,23.232869
25,358,1289.838,47531,252.152711
25,359,13886.539,47531,4158.132772
25,360,531.064,47531,131.637449
25,361,1995.153,47531,422.649272
25,362,8336.442,47531,3221.865467
25,363,22.683,47531,3.862412
25,364,856.994,47531,222.569547
25,365,793.626,47531,142.878621
25,366,93.096,47531,26.547916
25,367,97.179,47531,12.743581
25,368,98.778,47531,15.935103
25,369,123.600,47531,33.793106
25,370,17.342,47531,3.376907
25,371,543.197,47531,117.399005
25,372,267.437,47531,83.567411
25,373,481.816,47531,104.856886
25,374,452.346,47531,99.519597
25,375,178.009,47531,26.839685
25,376,13.131,47531,2.144247
25,377,6.000,47531,0.745655
25,378,82.471,47531,20.854568
25,379,2.071,47531,0.446685
25,380,145.200,47531,26.981069
25,381,878.870,47531,299.754325
25,382,19.800,47531,2.308642
25,383,79.296,47531,14.355653
26,0,277.005,47531,47.163401
26,1,199.412,47531,47.968912
26,2,179.342,47531,42.720564
26,3,60.812,47531,10.151721
26,4,461.960,47531,96.546952
26,5,101.242,47531,17.181161
26,6,53.506,47531,11.790571
26,7,49.514,47531,20.666492
26,8,106.296,47531,15.900505
26,9,1563.144,47531,396.161296
26,10,88.200,47531,18.855790
26,11,288.500,47531,46.214217
26,12,672.738,47531,133.187157
26,13,87.404,47531,15.530148
26,14,574.968,47531,96.991013
26,15,691.164,47531,157.496862
26,16,344.997,47531,73.539809
26,17,5005.554,47531,1128.244224
26,18,115.200,47531,22.839321
26,19,1279.159,47531,450.734791
26,20,564.567,47531,100.300653
26,21,35.400,47531,8.625095
26,22,72.435,47531,14.194485
26,23,1.200,47531,0.216825
26,24,69.000,47531,14.699995
26,25,22.800,47531,2.986798
26,26,196.949,47531,35.692814
26,27,3434.496,47531,926.775207
26,28,343.270,47531,95.462899
26,29,410.709,47531,101.234286
26,30,794.223,47531,180.502315
26,31,55.472,47531,16.541679
26,32,686.196,47531,168.283357
26,33,26.071,47531,3.507632
26,34,121.981,47531,22.132763
26,35,1.200,47531,0.368399
26,36,2303.856,47531,553.181357
26,37,4035.070,47531,1030.712225
26,38,71.268,47531,10.245992
26,39,2439.738,47531,619.464429
26,40,341.555,47531,65.179778
26,41,366.293,47531,65.413239
26,42,451.369,47531,83.066695
26,43,25.083,47531,4.243376
26,44,4321.639,47531,908.663405
26,45,931.530,47531,148.912409
26,46,126.643,47531,21.457906
26,47,133.780,47531,31.245564
26,48,585.360,47531,112.591366
26,49,232.445,47531,46.729671
26,50,20.177,47531,3.584120
26,51,1225.541,47531,362.514725
26,52,7.800,47531,1.735666
26,53,6.000,47531,1.322363
26,54,580.876,47531,115.448076
26,55,74.506,47531,15.534576
26,56,1770.288,47531,453.903137
26,57,678.973,47531,210.216645
26,58,55.800,47531,13.257015
26,59,83.400,47531,19.413319
26,60,233.491,47531,46.730151
26,61,146.539,47531,23.439967
26,62,99.802,47531,18.509304
26,63,688.999,47531,158.473647
26,64,951.977,47531,272.264492
26,65,106.200,47531,22.685653
26,66,210.448,47531,46.818646
26,67,69.000,47531,20.231974
26,68,47.618,47531,7.949632
26,69,885.127,47531,165.184342
26,70,542.800,47531,137.392493
26,71,88.025,47531,18.541526
26,72,26.883,47531,4.493569
26,73,87.600,47531,31.766873
26,74,334.070,47531,73.820290
26,75,189.600,47531,41.854864
26,76,1094.469,47531,323.189370
26,77,37.731,47531,6.716446
26,78,652.428,47531,158.886690
26,79,475.257,47531,98.782908
26,80,413.185,47531,96.011852
26,81,406.188,47531,67.638021
26,82,1276.613,47531,291.846055
26,83,457.185,47531,94.407250
26,84,62.766,47531,12.252517
26,85,387.415,47531,94.113448
26,86,330.240,47531,65.034779
26,87,639.623,47531,116.382065
26,88,337.388,47531,76.091314
26,89,346.035,47531,85.816295
26,90,117.224,47531,22.255969
26,91,107.878,47531,21.026260
26,92,613.973,47531,157.649950
26,93,4539.537,47531,838.781739
26,94,154.812,47531,26.212953
26,95,227.506,47531,48.754361
26,96,23.835,47531,4.241100
26,97,442.381,47531,108.823942
26,98,13.200,47531,1.893509
26,99,19.635,47531,3.717290
26,100,111.600,47531,18.358366
26,101,2208.735,47531,583.745821
26,102,870.319,47531,283.964829
26,103,254.752,47531,72.692026
26,104,148.600,47531,26.854035
26,105,606.877,47531,159.540355
26,106,373.105,47531,86.062554
26,107,128.989,47531,19.808464
26,108,97.200,47531,25.671178
26,109,142.248,47531,31.092415
26,110,477.501,47531,71.725931
26,111,35.612,47531,8.295633
26,112,550.870,47531,158.220368
26,113,41.437,47531,5.701751
26,114,288.134,47531,76.303991
26,115,68.400,47531,8.896412
26,116,21863.683,47531,6748.848695
26,117,37.243,47531,12.446419
26,118,465.692,47531,91.204893
26,119,154.089,47531,29.123233
26,120,819.106,47531,207.246115
26,121,617.721,47531,127.486112
26,122,2440.497,47531,511.275574
26,123,2192.710,47531,589.839010
26,124,1178.715,47531,292.956992
26,125,437.151,47531,98.788703
26,126,1659.304,47531,369.284284
26,127,3727.419,47531,1000.603603
26,128,392.036,47531,71.296200
26,129,81.993,47531,15.481813
26,130,10.412,47531,1.714918
26,131,39.435,47531,8.162886
26,132,2112.271,47531,618.196501
26,133,283.918,47531,57.290348
26,134,921.160,47531,210.198069
26,135,338.801,47531,71.296849
26,136,630.187,47531,155.792474
26,137,228.739,47531,36.217490
26,138,709.597,47531,175.471393
26,139,573.868,47531,111.853864
26,140,351.166,47531,113.979677
26,141,7.683,47531,1.003609
26,142,448.586,47531,89.407586
26,143,4.577,47531,0.631020
26,144,2030.663,47531,671.838017
26,145,76.896,47531,14.251213
26,146,96.000,47531,20.714287
26,147,9081.830,47531,2589.031933
26,148,192.887,47531,31.836172
26,149,151.270,47531,25.587295
26,150,32.400,47531,6.950799
26,151,323.551,47531,70.791643
26,152,566.367,47531,148.627401
26,153,339.443,47531,61.331864
26,154,36.000,47531,6.893324
26,155,196.986,47531,52.542198
26,156,224.337,47531,49.582251
26,157,689.837,47531,135.345192
26,158,136.800,47531,43.313542
26,159,535.593,47531,132.866899
26,160,1703.781,47531,344.470325
26,161,7.800,47531,1.750446
26,162,288.825,47531,64.163533
26,163,263.660,47531,56.528958
26,164,169.625,47531,36.458550
26,165,333.194,47531,74.740580
26,166,287.790,47531,54.384902
26,167,790.515,47531,148.015669
26,168,399.617,47531,108.935469
26,169,670.318,47531,197.542017
26,170,2473.764,47531,905.333094
26,171,384.076,47531,113.221756
26,172,109.450,47531,28.456669
26,173,873.420,47531,209.953567
26,174,3575.007,47531,1042.081876
26,175,47.400,47531,14.117278
26,176,479.637,47531,83.219493
26,177,570.975,47531,138.032243
26,178,278.504,47531,55.248034
26,179,382.142,47531,70.018640
26,180,72.600,47531,18.313672
26,181,226.296,47531,35.515266
26,182,65.400,47531,9.697199
26,183,2134.092,47531,499.775091
26,184,4010.337,47531,878.011488
26,185,2144.376,47531,524.190029
26,186,920.428,47531,189.151933
26,187,466.762,47531,91.936628
26,188,1497.263,47531,349.142853
26,189,47.671,47531,8.124673
26,190,113.931,47531,21.366824
26,191,825.168,47531,166.913620
26,192,243.744,47531,48.020509
26,193,24.600,47531,5.234599
26,194,250.052,47531,58.227307
26,195,1613.402,47531,537.193666
26,196,27.181,47531,7.376458
26,197,117.283,47531,23.309326
26,198,1591.561,47531,322.026551
26,199,197.130,47531,31.913809
26,200,1672.123,47531,403.650776
26,201,2045.705,47531,465.934722
26,202,231.713,47531,52.090063
26,203,139.913,47531,21.146629
26,204,225.362,47531,54.418956
26,205,139.881,47531,20.543655
26,206,1153.484,47531,350.966965
26,207,517.519,47531,136.739183
26,208,480.834,47531,109.109652
26,209,726.323,47531,181.637451
26,210,111.000,47531,25.370222
26,211,1095.303,47531,192.266519
26,212,69.579,47531,9.967471
26,213,422.687,47531,95.120695
26,214,386.173,47531,95.654821
26,215,1770.216,47531,525.862000
26,216,166.069,47531,35.357254
26,217,6294.326,47531,1614.821580
26,218,42.600,47531,9.165629
26,219,1.800,47531,0.476864
26,220,176.756,47531,36.474087
26,221,34.662,47531,5.548090
26,222,250.200,47531,59.314390
26,223,231.988,47531,54.939237
26,224,829.662,47531,182.168666
26,225,361.800,47531,94.957424
26,226,20.400,47531,2.538757
26,227,573.096,47531,114.600205
26,228,3688.157,47531,974.716748
26,229,326.071,47531,81.122736
26,230,64.025,47531,10.479420
26,231,2147.505,47531,593.801062
26,232,18.600,47531,4.274398
26,233,544.200,47531,138.641072
26,234,121.200,47531,27.564259
26,235,2096.784,47531,393.917728
26,236,143.273,47531,23.061073
26,237,624.353,47531,168.286651
26,238,0.600,47531,0.073368
26,239,1406.130,47531,328.448840
26,240,338.400,47531,90.132732
26,241,2109.885,47531,464.652315
26,242,372.553,47531,74.335178
26,243,0.600,47531,0.283819
26,244,415.155,47531,97.067057
26,245,639.706,47531,154.200408
26,246,50.835,47531,10.418753
26,247,72.064,47531,10.558814
26,248,610.482,47531,142.389979
26,249,437.693,47531,107.651609
26,250,406.552,47531,92.928164
26,251,332.071,47531,80.193243
26,252,372.301,47531,86.304941
26,253,122.506,47531,31.891436
26,254,244.382,47531,44.645419
26,255,42.791,47531,8.653942
26,256,1291.306,47531,349.424330
26,257,811.217,47531,350.364229
26,258,62.835,47531,10.992961
26,259,511.301,47531,117.456401
26,260,94.200,47531,17.221487
26,261,19.200,47531,3.521312
26,262,44.708,47531,6.994303
26,263,608.342,47531,119.889694
26,264,2128.244,47531,544.024312
26,265,4632.309,47531,1264.865412
26,266,615.994,47531,118.532533
26,267,1419.382,47531,400.823627
26,268,810.480,47531,181.186352
26,269,673.286,47531,127.657797
26,270,357.289,47531,66.886561
26,271,0.000,47531,0.000000
26,272,432.744,47531,98.796010
26,273,2097.854,47531,510.963742
26,274,31.800,47531,8.292025
26,275,6.600,47531,1.439661
26,276,2851.635,47531,1007.766413
26,277,576.554,47531,66.005909
26,278,2.400,47531,0.548115
26,279,1234.123,47531,324.385136
26,280,805.908,47531,198.257876
26,281,316.882,47531,79.513269
26,282,154.365,47531,41.722051
26,283,387.139,47531,77.355324
26,284,373.564,47531,74.434478
26,285,158.453,47531,27.445410
26,286,1852.274,47531,448.637401
26,287,403.036,47531,109.212105
26,288,130.153,47531,31.499872
26,289,208.742,47531,47.136577
26,290,606.552,47531,123.149002
26,291,270.600,47531,53.716484
26,292,363.241,47531,76.027433
26,293,278.736,47531,58.341299
26,294,3.000,47531,0.543212
26,295,1153.366,47531,315.737910
26,296,690.631,47531,148.049569
26,297,930.732,47531,166.633985
26,298,238.057,47531,53.607347
26,299,158.905,47531,29.998175
26,300,29.119,47531,4.771021
26,301,38.289,47531,7.239450
26,302,864.401,47531,209.536471
26,303,867.277,47531,195.459011
26,304,253.074,47531,46.395433
26,305,3437.336,47531,822.376981
26,306,70.354,47531,15.087042
26,307,4981.351,47531,1511.688672
26,308,559.148,47531,104.225580
26,309,2207.075,47531,528.907718
26,310,147.872,47531,29.920150
26,311,211.200,47531,46.973591
26,312,19.200,47531,4.003445
26,313,6.600,47531,1.041457
26,314,56.793,47531,9.640659
26,315,1626.574,47531,464.763402
26,316,123.600,47531,24.018881
26,317,374.253,47531,63.747837
26,318,232.200,47531,66.278750
26,319,264.702,47531,40.824206
26,320,110.331,47531,20.165137
26,321,377.554,47531,112.847606
26,322,188.836,47531,43.216541
26,323,110.735,47531,23.642556
26,324,46.131,47531,7.000302
26,325,1729.866,47531,474.420492
26,326,7.200,47531,1.393150
26,327,146.012,47531,22.902448
26,328,223.217,47531,46.166950
26,329,33.600,47531,7.107827
26,330,140.618,47531,23.577731
26,331,397.849,47531,100.261889
26,332,50.012,47531,8.533973
26,333,954.220,47531,173.039207
26,334,309.643,47531,76.784356
26,335,31.200,47531,5.637952
26,336,432.547,47531,113.191316
26,337,70.800,47531,19.161239
26,338,2902.991,47531,772.857443
26,339,55.200,47531,13.236959
26,340,4870.573,47531,1414.925203
26,341,4216.437,47531,902.613585
26,342,39.627,47531,6.718841
26,343,3640.037,47531,842.937629
26,344,239.501,47531,76.888199
26,345,1245.656,47531,262.383513
26,346,27.600,47531,5.376254
26,347,2326.190,47531,662.998368
26,348,739.602,47531,264.701800
26,349,661.420,47531,93.174405
26,350,189.600,47531,36.300668
26,351,313.940,47531,75.419379
26,352,281.873,47531,65.658030
26,353,245.676,47531,43.373081
26,354,288.287,47531,60.359768
26,355,1543.679,47531,369.459564
26,356,248.328,47531,60.447845
26,357,2429.534,47531,552.842160
26,358,780.237,47531,174.326143
26,359,398.177,47531,93.694950
26,360,79.163,47531,10.152370
26,361,1332.008,47531,223.855828
26,362,377.185,47531,116.222612
26,363,1286.533,47531,369.105883
26,364,256.499,47531,58.073125
26,365,350.031,47531,79.875100
26,366,24.016,47531,3.336580
26,367,282.648,47531,77.461168
26,368,999.823,47531,212.087349
26,369,977.863,47531,234.750705
26,370,2426.554,47531,649.138236
26,371,132.637,47531,26.944078
26,372,693.798,47531,181.502320
26,373,173.135,47531,34.484705
26,374,1964.543,47531,491.070181
26,375,120.531,47531,19.680466
26,376,225.032,47531,40.397870
26,377,241.569,47531,70.631320
26,378,64.800,47531,18.736537
26,379,44.400,47531,8.007550
26,380,1538.072,47531,295.122621
26,381,163.525,47531,30.696971
26,382,385.131,47531,92.649456
26,383,601.836,47531,137.497037
27,0,75.627,47531,15.496860
27,1,4.354,47531,2.145120
27,2,929.349,47531,297.936184
27,3,1126.042,47531,330.644359
27,4,140.618,47531,25.355429
27,5,1131.639,47531,339.160525
27,6,570.414,47531,156.220453
27,7,234.496,47531,41.381615
27,8,156.499,47531,26.766952
27,9,1089.973,47531,319.319387
27,10,672.908,47531,190.712974
27,11,499.742,47531,129.373611
27,12,710.687,47531,133.985227
27,13,45.000,47531,7.659542
27,14,276.505,47531,43.061297
27,15,159.000,47531,42.133805
27,16,309.447,47531,56.658375
27,17,29.177,47531,6.137298
27,18,2374.550,47531,493.920667
27,19,267.276,47531,72.018141
27,20,331.742,47531,62.722149
27,21,5.400,47531,0.935329
27,22,630.851,47531,367.238753
27,23,1662.110,47531,341.597307
27,24,7.200,47531,1.103102
27,25,1531.531,47531,360.544643
27,26,259.412,47531,63.222424
27,27,353.271,47531,75.083756
27,28,226.248,47531,61.805183
27,29,243.521,47531,64.265609
27,30,47.464,47531,7.934123
27,31,47.071,47531,8.567823
27,32,578.400,47531,158.886197
27,33,386.077,47531,79.701477
27,34,30.425,47531,4.743549
27,35,77.241,47531,17.778065
27,36,249.602,47531,56.008824
27,37,59.916,47531,9.773558
27,38,1.200,47531,0.161666
27,39,4934.997,47531,1447.515170
27,40,1019.456,47531,199.975539
27,41,479.462,47531,87.691587
27,42,0.000,47531,0.000000
27,43,177.919,47531,72.261326
27,44,28.625,47531,5.160458
27,45,2494.689,47531,670.889670
27,46,1247.202,47531,287.375228
27,47,131.166,47531,20.648316
27,48,430.344,47531,119.983716
27,49,3405.444,47531,785.541825
27,50,89.788,47531,12.825806
27,51,635.418,47531,125.366436
27,52,398.579,47531,73.108112
27,53,2692.848,47531,689.939731
27,54,3301.713,47531,905.978815
27,55,663.569,47531,122.746034
27,56,108.871,47531,23.092710
27,57,1648.306,47531,460.809502
27,58,156.425,47531,38.467869
27,59,468.132,47531,152.643669
27,60,32.235,47531,5.875757
27,61,454.245,47531,97.095106
27,62,154.827,47531,29.624262
27,63,1544.529,47531,396.653793
27,64,843.441,47531,206.345752
27,65,443.576,47531,97.916840
27,66,1147.287,47531,332.300678
27,67,2521.598,47531,672.607877
27,68,739.068,47531,156.077061
27,69,1553.698,47531,424.446153
27,70,170.858,47531,26.551755
27,71,4623.786,47531,1446.903891
27,72,699.311,47531,111.213621
27,73,71.603,47531,11.770219
27,74,82.906,47531,12.619028
27,75,577.255,47531,133.357809
27,76,340.724,47531,58.825752
27,77,1809.671,47531,414.839404
27,78,124.620,47531,24.483091
27,79,417.108,47531,84.138231
27,80,423.022,47531,110.189186
27,81,348.619,47531,84.471985
27,82,63.356,47531,19.752254
27,83,151.800,47531,26.729299
27,84,11953.868,47531,3374.439581
27,85,2573.305,47531,512.656158
27,86,1811.597,47531,491.260534
27,87,1445.165,47531,306.666106
27,88,1423.557,47531,303.621869
27,89,1477.545,47531,378.060141
27,90,407.461,47531,76.483305
27,91,148.349,47531,24.204367
27,92,501.364,47531,101.668190
27,93,369.372,47531,80.817173
27,94,492.319,47531,125.929711
27,95,259.073,47531,38.970841
27,96,397.562,47531,103.553855
27,97,272.016,47531,42.420541
27,98,2504.412,47531,692.140551
27,99,40.848,47531,6.422788
27,100,284.969,47531,47.825792
27,101,716.131,47531,174.389631
27,102,430.768,47531,122.682084
27,103,929.359,47531,225.566416
27,104,235.939,47531,51.816746
27,105,9785.094,47531,2557.291477
27,106,293.764,47531,58.790314
27,107,211.524,47531,48.803313
27,108,336.564,47531,89.954147
27,109,310.976,47531,71.116352
27,110,330.080,47531,63.860877
27,111,29.235,47531,7.371347
27,112,120.000,47531,32.846610
27,113,221.612,47531,57.756930
27,114,73.041,47531,14.240995
27,115,1017.958,47531,214.071849
27,116,753.048,47531,228.623035
27,117,52.476,47531,7.466771
27,118,6.000,47531,1.019821
27,119,30.000,47531,4.961344
27,120,6.000,47531,0.946837
27,121,766.285,47531,172.824544
27,122,331.233,47531,87.673144
27,123,18.000,47531,2.997144
27,124,427.956,47531,60.804720
27,125,288.428,47531,59.461690
27,126,386.783,47531,90.705972
27,127,201.977,47531,51.044137
27,128,984.225,47531,189.635695
27,129,134.666,47531,25.086693
27,130,136.397,47531,21.164626
27,131,1068.275,47531,242.338529
27,132,80.470,47531,16.175163
27,133,142.747,47531,25.884180
27,134,93.871,47531,16.618362
27,135,603.045,47531,105.539569
27,136,1215.941,47531,279.428976
27,137,153.898,47531,36.950772
27,138,551.448,47531,141.509844
27,139,23.400,47531,6.531839
27,140,223.450,47531,58.841360
27,141,278.400,47531,64.992263
27,142,313.622,47531,63.347696
27,143,3950.720,47531,1051.890967
27,144,1320.572,47531,479.445659
27,145,288.744,47531,90.445484
27,146,315.176,47531,57.822178
27,147,814.372,47531,169.824131
27,148,2647.083,47531,571.033624
27,149,840.152,47531,214.401237
27,150,3.600,47531,0.467550
27,151,162.436,47531,31.466050
27,152,602.338,47531,120.828198
27,153,480.465,47531,142.410580
27,154,2394.808,47531,680.127150
27,155,555.198,47531,157.078298
27,156,365.947,47531,94.339142
27,157,148.253,47531,26.482101
27,158,628.705,47531,125.074132
27,159,1059.650,47531,286.722410
27,160,260.169,47531,59.783701
27,161,1129.365,47531,310.099507
27,162,132.600,47531,55.066891
27,163,688.206,47531,209.671546
27,164,1143.831,47531,228.435249
27,165,643.157,47531,146.012642
27,166,635.047,47531,144.533460
27,167,1099.052,47531,327.833087
27,168,419.072,47531,67.670350
27,169,192.601,47531,41.122108
27,170,230.331,47531,74.648643
27,171,125.475,47531,26.220251
27,172,41.400,47531,6.922064
27,173,202.025,47531,53.354519
27,174,585.579,47531,88.869174
27,175,892.970,47531,253.361045
27,176,285.654,47531,129.068048
27,177,81.696,47531,16.430825
27,178,1664.295,47531,330.937452
27,179,626.688,47531,118.809783
27,180,800.826,47531,166.727067
27,181,12.000,47531,3.384254
27,182,542.388,47531,170.785745
27,183,1024.523,47531,250.933789
27,184,37.471,47531,6.540479
27,185,1357.893,47531,323.550673
27,186,1052.677,47531,201.200003
27,187,299.050,47531,80.993975
27,188,501.696,47531,82.791721
27,189,882.960,47531,171.452073
27,190,5.400,47531,0.706750
27,191,198.155,47531,46.586909
27,192,403.800,47531,104.135026
27,193,24.600,47531,6.076936
27,194,314.522,47531,60.830197
27,195,462.000,47531,122.823582
27,196,122.985,47531,21.284695
27,197,421.818,47531,99.866634
27,198,1353.923,47531,308.920871
27,199,914.120,47531,193.966134
27,200,335.555,47531,97.735377
27,201,211.818,47531,35.707265
27,202,4100.868,47531,1468.101156
27,203,95.400,47531,18.594202
27,204,48.319,47531,8.606932
27,205,402.224,47531,109.244289
27,206,0.000,47531,0.000000
27,207,276.002,47531,45.030919
27,208,5486.412,47531,1383.276980
27,209,573.486,47531,118.876901
27,210,611.662,47531,170.687624
27,211,415.484,47531,76.543157
27,212,79.200,47531,22.138223
27,213,46.460,47531,7.414524
27,214,1521.286,47531,311.647934
27,215,134.141,47531,32.868270
27,216,173.145,47531,28.388737
27,217,2236.291,47531,595.283551
27,218,786.898,47531,173.868085
27,219,60.648,47531,14.913536
27,220,152.146,47531,27.477401
27,221,11.835,47531,2.066858
27,222,385.008,47531,154.857858
27,223,660.809,47531,239.007628
27,224,1550.208,47531,333.680694
27,225,5811.945,47531,1445.827221
27,226,58.264,47531,11.121447
27,227,79.200,47531,18.460519
27,228,880.635,47531,222.911262
27,229,64.710,47531,12.949774
27,230,442.546,47531,124.974320
27,231,160.800,47531,58.399072
27,232,82.089,47531,13.482593
27,233,1584.689,47531,419.393196
27,234,42.000,47531,5.638806
27,235,175.355,47531,34.687341
27,236,110.793,47531,16.824740
27,237,327.006,47531,110.138352
27,238,1492.556,47531,428.878948
27,239,25.837,47531,4.040508
27,240,394.382,47531,105.490162
27,241,233.237,47531,50.184126
27,242,704.714,47531,156.149869
27,243,167.911,47531,28.336790
27,244,236.252,47531,39.543828
27,245,433.738,47531,77.327276
27,246,535.266,47531,111.650457
27,247,499.131,47531,140.323795
27,248,296.337,47531,63.204470
27,249,662.301,47531,143.265966
27,250,4045.436,47531,885.387829
27,251,682.153,47531,169.985657
27,252,22.683,47531,2.584555
27,253,1051.345,47531,219.120237
27,254,832.002,47531,182.142058
27,255,24.542,47531,4.344570
27,256,910.780,47531,232.413497
27,257,500.943,47531,91.892338
27,258,92.591,47531,16.024192
27,259,529.353,47531,110.265282
27,260,0.600,47531,0.333826
27,261,497.932,47531,148.654606
27,262,1707.445,47531,558.139376
27,263,244.020,47531,43.378892
27,264,817.013,47531,226.489577
27,265,2311.265,47531,499.851528
27,266,93.510,47531,16.169221
27,267,1992.094,47531,585.504912
27,268,230.008,47531,39.537198
27,269,58.800,47531,14.404658
27,270,673.748,47531,122.679670
27,271,664.164,47531,124.370400
27,272,664.020,47531,173.544129
27,273,267.336,47531,48.029535
27,274,1085.549,47531,224.398275
27,275,39.616,47531,6.459964
27,276,135.946,47531,16.880534
27,277,124.652,47531,28.372982
27,278,489.263,47531,108.297493
27,279,2879.372,47531,595.194771
27,280,520.219,47531,116.591752
27,281,1119.190,47531,277.170442
27,282,881.099,47531,244.428621
27,283,395.440,47531,69.369167
27,284,404.913,47531,82.478675
27,285,3650.795,47531,798.861238
27,286,35.883,47531,6.856458
27,287,30.271,47531,4.803348
27,288,9.000,47531,1.629149
27,289,486.258,47531,82.198003
27,290,6.706,47531,1.219847
27,291,672.460,47531,133.660061
27,292,232.360,47531,38.474960
27,293,328.488,47531,80.139379
27,294,223.614,47531,62.617018
27,295,30.096,47531,4.853511
27,296,445.268,47531,73.393351
27,297,1917.200,47531,397.250291
27,298,44.777,47531,6.281374
27,299,43.635,47531,7.559584
27,300,2.400,47531,0.399281
27,301,517.775,47531,128.700612
27,302,94.493,47531,15.171189
27,303,335.613,47531,64.680210
27,304,768.491,47531,275.810917
27,305,2728.026,47531,683.813206
27,306,529.142,47531,163.954471
27,307,221.613,47531,51.748250
27,308,1497.484,47531,286.631083
27,309,31.800,47531,6.965900
27,310,221.991,47531,61.586863
27,311,1.800,47531,0.186785
27,312,278.501,47531,61.411478
27,313,62.448,47531,11.081203
27,314,269.141,47531,54.107762
27,315,651.118,47531,106.239831
27,316,25.200,47531,5.784974
27,317,434.213,47531,80.626331
27,318,46.800,47531,14.373725
27,319,260.448,47531,61.310518
27,320,844.021,47531,225.385883
27,321,2838.713,47531,678.272100
27,322,304.372,47531,81.314077
27,323,871.388,47531,170.396762
27,324,828.306,47531,255.575325
27,325,110.835,47531,29.577300
27,326,227.465,47531,38.689726
27,327,365.873,47531,71.714451
27,328,605.577,47531,146.396704
27,329,699.362,47531,145.893872
27,330,32.310,47531,4.781255
27,331,1088.496,47531,277.012989
27,332,7.800,47531,1.208420
27,333,45.133,47531,7.401033
27,334,835.752,47531,144.747075
27,335,307.180,47531,64.608635
27,336,3015.489,47531,912.255069
27,337,93.744,47531,16.229398
27,338,84.377,47531,18.686018
27,339,104.002,47531,27.608418
27,340,21.000,47531,3.852425
27,341,38.235,47531,6.715378
27,342,203.766,47531,65.315135
27,343,397.562,47531,99.899677
27,344,582.438,47531,106.326245
27,345,22.035,47531,2.390411
27,346,83.847,47531,16.077808
27,347,36.377,47531,6.708987
27,348,81.537,47531,14.679523
27,349,20.262,47531,3.260026
27,350,1369.302,47531,260.413306
27,351,529.149,47531,138.221046
27,352,85.434,47531,14.969095
27,353,418.536,47531,126.074577
27,354,1237.325,47531,286.758067
27,355,2399.838,47531,656.793206
27,356,100.800,47531,26.089427
27,357,33.212,47531,8.347538
27,358,1168.370,47531,314.474482
27,359,105.542,47531,19.799414
27,360,115.476,47531,18.175859
27,361,142.031,47531,24.623827
27,362,3746.791,47531,993.330312
27,363,9331.282,47531,2417.529096
27,364,214.614,47531,47.329627
27,365,1366.540,47531,338.864935
27,366,665.827,47531,125.501882
27,367,205.440,47531,48.288442
27,368,11088.677,47531,3478.905070
27,369,1822.119,47531,334.129762
27,370,37.673,47531,8.659808
27,371,917.855,47531,180.708060
27,372,1.800,47531,0.341993
27,373,431.869,47531,103.129967
27,374,321.149,47531,57.945188
27,375,510.118,47531,155.701866
27,376,34.800,47531,5.774718
27,377,65.597,47531,20.291767
27,378,304.759,47531,58.202781
27,379,78.568,47531,12.851725
27,380,316.864,47531,60.699953
27,381,113.400,47531,21.456958
27,382,376.344,47531,67.449285
27,383,299.103,47531,51.677850
28,0,217.800,47531,71.220579
28,1,18.600,47531,2.486347
28,2,15.154,47531,3.407976
28,3,395.944,47531,52.969370
28,4,32.235,47531,4.228069
28,5,69.319,47531,10.001142
28,6,30.600,47531,4.774378
28,7,954.568,47531,778.136167
28,8,558.519,47531,93.405228
28,9,209.002,47531,50.354395
28,10,120.797,47531,16.545656
28,11,5295.684,47531,1259.008391
28,12,575.503,47531,121.713277
28,13,81.568,47531,13.838840
28,14,104.400,47531,26.960117
28,15,669.836,47531,123.508491
28,16,686.641,47531,130.782659
28,17,35.835,47531,6.373172
28,18,359.076,47531,70.867479
28,19,195.946,47531,29.056220
28,20,172.536,47531,31.501943
28,21,0.000,47531,0.000000
28,22,372.394,47531,85.031264
28,23,626.544,47531,149.555930
28,24,22.200,47531,3.899501
28,25,1727.850,47531,333.316894
28,26,469.652,47531,107.549034
28,27,683.020,47531,185.475403
28,28,30.000,47531,4.504854
28,29,925.907,47531,264.528448
28,30,162.685,47531,34.751272
28,31,830.390,47531,157.265894
28,32,390.645,47531,76.533835
28,33,113.400,47531,31.098352
28,34,233.741,47531,54.446014
28,35,72.372,47531,13.419592
28,36,544.816,47531,140.771764
28,37,42.431,47531,5.175050
28,38,1667.264,47531,505.877296
28,39,31.200,47531,5.319600
28,40,308.522,47531,58.445676
28,41,586.532,47531,107.232217
28,42,208.200,47531,53.623422
28,43,895.893,47531,220.114181
28,44,4493.773,47531,1030.878041
28,45,901.642,47531,233.509301
28,46,428.024,47531,90.292684
28,47,1660.489,47531,440.012570
28,48,622.243,47531,153.165412
28,49,160.800,47531,53.137598
28,50,593.895,47531,159.003668
28,51,356.890,47531,100.044011
28,52,493.807,47531,125.465417
28,53,393.972,47531,90.586643
28,54,112.200,47531,24.783318
28,55,420.987,47531,55.161444
28,56,164.389,47531,25.404571
28,57,570.697,47531,96.931060
28,58,4711.518,47531,1367.682693
28,59,837.393,47531,188.973597
28,60,341.481,47531,101.046749
28,61,506.122,47531,102.621001
28,62,14.400,47531,3.088265
28,63,152.119,47531,36.803314
28,64,1513.413,47531,355.796960
28,65,663.179,47531,235.720287
28,66,187.200,47531,44.326925
28,67,891.000,47531,319.639425
28,68,28.248,47531,4.094873
28,69,138.962,47531,25.950036
28,70,343.536,47531,80.013407
28,71,646.255,47531,157.912688
28,72,420.828,47531,70.827263
28,73,704.953,47531,146.314602
28,74,187.551,47531,44.046860
28,75,469.604,47531,113.824858
28,76,209.518,47531,33.500002
28,77,75.435,47531,15.849840
28,78,502.860,47531,75.884227
28,79,49.789,47531,8.563004
28,80,221.942,47531,37.488582
28,81,78.526,47531,12.496182
28,82,534.096,47531,95.418276
28,83,339.220,47531,75.744774
28,84,902.749,47531,187.677671
28,85,198.776,47531,25.825352
28,86,1792.572,47531,311.950343
28,87,982.495,47531,173.167706
28,88,211.078,47531,36.568341
28,89,1200.740,47531,268.258683
28,90,1413.728,47531,239.873052
28,91,139.381,47531,35.031047
28,92,979.154,47531,197.642861
28,93,10.848,47531,1.859008
28,94,613.525,47531,129.552266
28,95,13.742,47531,1.655541
28,96,129.421,47531,28.046851
28,97,161.766,47531,46.406853
28,98,4117.289,47531,1094.052042
28,99,252.356,47531,76.370206
28,100,166.800,47531,41.337761
28,101,2545.033,47531,465.981050
28,102,33.000,47531,7.613288
28,103,59.714,47531,15.448033
28,104,147.308,47531,25.678345
28,105,11212.864,47531,2813.155120
28,106,3.600,47531,0.453536
28,107,346.541,47531,99.307110
28,108,491.310,47531,86.237571
28,109,3914.078,47531,1162.889912
28,110,540.300,47531,106.607570
28,111,1513.033,47531,315.925627
28,112,272.259,47531,44.722489
28,113,100.721,47531,16.640374
28,114,24.441,47531,8.948316
28,115,148.593,47531,3.155792
28,116,2099.791,47531,385.785814
28,117,10.200,47531,1.536235
28,118,895.971,47531,170.274660
28,119,420.920,47531,75.458362
28,120,47.671,47531,7.471706
28,121,121.397,47531,27.886573
28,122,520.158,47531,114.232568
28,123,3036.212,47531,643.982706
28,124,2347.673,47531,551.266758
28,125,1255.940,47531,255.788520
28,126,601.981,47531,181.006366
28,127,398.342,47531,83.793830
28,128,280.614,47531,64.465386
28,129,483.532,47531,124.000824
28,130,411.092,47531,77.379285
28,131,132.435,47531,23.838411
28,132,772.871,47531,124.706911
28,133,19.800,47531,1.993168
28,134,118.800,47531,24.554876
28,135,652.348,47531,150.756295
28,136,588.354,47531,61.316310
28,137,2125.121,47531,630.776225
28,138,567.532,47531,136.077831
28,139,197.838,47531,34.331691
28,140,70.885,47531,12.470578
28,141,1746.227,47531,433.294130
28,142,34.800,47531,5.344183
28,143,5743.992,47531,1328.543869
28,144,340.318,47531,79.223977
28,145,73.412,47531,16.625373
28,146,123.048,47531,31.213160
28,147,769.622,47531,178.115362
28,148,252.435,47531,52.518457
28,149,18.706,47531,1.933286
28,150,518.993,47531,98.298789
28,151,133.785,47531,37.427516
28,152,2.400,47531,0.249564
28,153,1374.240,47531,333.235544
28,154,29.777,47531,4.645908
28,155,0.000,47531,0.000000
28,156,102.191,47531,29.033523
28,157,3668.169,47531,826.219727
28,158,445.372,47531,25.329776
28,159,137.475,47531,19.246002
28,160,85.800,47531,18.703861
28,161,84.000,47531,12.133436
28,162,904.450,47531,299.566384
28,163,1060.696,47531,212.988093
28,164,125.400,47531,28.128719
28,165,1469.599,47531,233.612377
28,166,189.755,47531,39.296434
28,167,16.566,47531,3.130585
28,168,135.600,47531,50.022685
28,169,391.095,47531,57.306826
28,170,519.469,47531,33.557799
28,171,216.876,47531,35.171662
28,172,544.707,47531,119.030690
28,173,75.754,47531,11.275561
28,174,53.777,47531,6.815710
28,175,3378.478,47531,884.650632
28,176,38.235,47531,6.314070
28,177,823.945,47531,227.543873
28,178,211.004,47531,52.941197
28,179,171.786,47531,28.981033
28,180,588.469,47531,50.502481
28,181,700.070,47531,197.959323
28,182,502.322,47531,131.997801
28,183,1531.041,47531,460.886366
28,184,257.214,47531,47.307835
28,185,33.000,47531,5.368277
28,186,21.000,47531,4.150873
28,187,291.666,47531,43.466621
28,188,202.306,47531,36.576507
28,189,426.596,47531,113.806315
28,190,187.099,47531,35.866155
28,191,2382.495,47531,842.709937
28,192,274.042,47531,94.323987
28,193,695.105,47531,132.967067
28,194,187.710,47531,28.513486
28,195,43.800,47531,5.103881
28,196,83.612,47531,20.116677
28,197,138.315,47531,15.293859
28,198,477.985,47531,114.114126
28,199,65.225,47531,14.534974
28,200,225.435,47531,49.969071
28,201,151.875,47531,29.883180
28,202,123.144,47531,42.243167
28,203,243.457,47531,42.706748
28,204,58.189,47531,8.753126
28,205,225.978,47531,51.744363
28,206,3620.132,47531,1159.238982
28,207,199.206,47531,53.112041
28,208,107.071,47531,19.765808
28,209,184.742,47531,42.311887
28,210,41.347,47531,6.788253
28,211,839.221,47531,168.751452
28,212,229.099,47531,37.755567
28,213,3046.942,47531,888.430751
28,214,536.380,47531,93.615312
28,215,229.009,47531,42.538771
28,216,434.864,47531,109.260672
28,217,82.142,47531,23.133892
28,218,412.837,47531,112.612364
28,219,16.471,47531,2.130699
28,220,1198.298,47531,176.507243
28,221,460.048,47531,71.421158
28,222,175.652,47531,28.670243
28,223,73.179,47531,12.310831
28,224,227.793,47531,52.517294
28,225,623.136,47531,182.784651
28,226,841.605,47531,229.242768
28,227,108.255,47531,21.227412
28,228,58.577,47531,8.265070
28,229,365.640,47531,77.490832
28,230,257.162,47531,59.419086
28,231,22.035,47531,2.787747
28,232,146.130,47531,25.633350
28,233,283.429,47531,47.909229
28,234,760.005,47531,159.027307
28,235,763.316,47531,162.048324
28,236,63.675,47531,9.007705
28,237,3.600,47531,0.424246
28,238,9.106,47531,1.551109
28,239,6.600,47531,1.170239
28,240,256.073,47531,55.828761
28,241,1020.162,47531,297.252145
28,242,498.536,47531,133.377996
28,243,1195.766,47531,214.838565
28,244,456.682,47531,96.007257
28,245,577.167,47531,109.999552
28,246,1249.242,47531,223.394260
28,247,406.936,47531,60.571951
28,248,619.715,47531,109.391428
28,249,4365.020,47531,1110.400876
28,250,3.000,47531,0.674861
28,251,134.565,47531,18.037860
28,252,865.511,47531,201.293742
28,253,451.053,47531,90.141793
28,254,103.944,47531,16.526786
28,255,305.554,47531,81.245510
28,256,74.719,47531,10.769387
28,257,1277.137,47531,259.161463
28,258,327.706,47531,82.055645
28,259,135.048,47531,24.991855
28,260,113.235,47531,30.013979
28,261,123.319,47531,21.433629
28,262,4213.434,47531,867.076847
28,263,276.803,47531,46.568879
28,264,50.698,47531,9.052758
28,265,1435.264,47531,454.044109
28,266,2076.268,47531,580.853317
28,267,0.000,47531,0.000000
28,268,113.831,47531,20.940081
28,269,232.800,47531,57.107648
28,270,70.354,47531,9.540291
28,271,542.480,47531,179.630106
28,272,91.986,47531,9.902788
28,273,858.343,47531,156.091312
28,274,876.502,47531,149.256019
28,275,838.781,47531,220.916008
28,276,565.034,47531,123.866824
28,277,247.834,47531,40.812996
28,278,81.319,47531,11.037248
28,279,98.252,47531,18.895885
28,280,46.800,47531,7.516543
28,281,6.271,47531,0.984234
28,282,87.664,47531,18.879975
28,283,1711.199,47531,451.781040
28,284,61.768,47531,6.710996
28,285,66.271,47531,10.459390
28,286,450.871,47531,100.480793
28,287,968.269,47531,211.864685
28,288,1595.093,47531,311.659685
28,289,167.231,47531,34.465174
28,290,104.522,47531,17.869683
28,291,1044.647,47531,252.042118
28,292,18.435,47531,2.817077
28,293,27.706,47531,4.376964
28,294,641.526,47531,110.291478
28,295,1703.517,47531,343.000974
28,296,1602.778,47531,295.621240
28,297,177.866,47531,37.206018
28,298,215.604,47531,45.975493
28,299,485.400,47531,153.569249
28,300,841.847,47531,158.570588
28,301,0.000,47531,0.000000
28,302,44.544,47531,5.860509
28,303,341.842,47531,60.052147
28,304,141.617,47531,27.462042
28,305,99.914,47531,17.182499
28,306,1.200,47531,0.737139
28,307,12.000,47531,2.228105
28,308,289.652,47531,47.216774
28,309,17.506,47531,3.002612
28,310,224.222,47531,45.686508
28,311,165.202,47531,28.125919
28,312,302.087,47531,57.155062
28,313,680.672,47531,149.895564
28,314,1271.820,47531,315.166125
28,315,20557.107,47531,7261.361130
28,316,92.400,47531,17.790022
28,317,270.600,47531,69.670040
28,318,35.841,47531,3.142493
28,319,89.283,47531,24.883186
28,320,1059.600,47531,433.618396
28,321,293.183,47531,68.914786
28,322,2499.993,47531,901.131420
28,323,183.096,47531,33.681375
28,324,346.083,47531,94.406413
28,325,142.434,47531,11.989729
28,326,16.200,47531,2.088374
28,327,439.131,47531,102.414373
28,328,404.947,47531,52.542432
28,329,16.800,47531,2.722256
28,330,960.495,47531,192.588214
28,331,85.800,47531,18.738176
28,332,5286.014,47531,1236.896673
28,333,249.144,47531,34.949683
28,334,4723.586,47531,1118.922368
28,335,1624.175,47531,428.260236
28,336,400.028,47531,68.624761
28,337,410.472,47531,86.986986
28,338,774.409,47531,161.044500
28,339,18.000,47531,4.167973
28,340,17.400,47531,3.144263
28,341,132.966,47531,21.074065
28,342,122.506,47531,20.868816
28,343,118.200,47531,31.538366
28,344,275.103,47531,79.258940
28,345,1019.667,47531,243.849883
28,346,733.281,47531,152.354367
28,347,472.742,47531,107.042658
28,348,2530.800,47531,924.602468
28,349,287.358,47531,64.963377
28,350,434.814,47531,115.690969
28,351,1228.949,47531,277.188925
28,352,2122.135,47531,427.359341
28,353,1798.366,47531,263.730389
28,354,134.453,47531,24.212954
28,355,695.599,47531,177.130121
28,356,241.200,47531,58.476479
28,357,18425.557,47531,5228.300902
28,358,232.832,47531,49.699843
28,359,195.080,47531,38.000104
28,360,29.012,47531,4.361083
28,361,312.722,47531,52.126031
28,362,145.296,47531,32.131892
28,363,59.071,47531,10.662772
28,364,484.956,47531,129.094302
28,365,209.400,47531,51.885566
28,366,863.246,47531,172.769746
28,367,907.891,47531,264.063080
28,368,186.781,47531,36.126517
28,369,342.713,47531,54.357480
28,370,694.999,47531,209.548805
28,371,3429.767,47531,1289.972679
28,372,22.800,47531,2.915296
28,373,1.800,47531,0.179213
28,374,178.991,47531,91.086359
28,375,371.757,47531,59.894010
28,376,245.709,47531,43.438304
28,377,288.963,47531,53.099699
28,378,770.482,47531,150.433849
28,379,32.437,47531,5.223200
28,380,274.689,47531,59.287454
28,381,426.310,47531,109.209477
28,382,6048.318,47531,1517.001966
28,383,551.741,47531,83.021730
29,0,103.439,47531,14.535839
29,1,206.747,47531,43.350657
29,2,82.519,47531,13.554133
29,3,580.823,47531,98.496991
29,4,207.468,47531,73.695996
29,5,11.400,47531,1.587913
29,6,569.157,47531,142.168277
29,7,342.081,47531,86.156094
29,8,24.600,47531,4.606327
29,9,549.744,47531,116.762070
29,10,796.664,47531,179.723349
29,11,222.664,47531,35.389223
29,12,71.400,47531,14.025915
29,13,1406.349,47531,234.986041
29,14,1581.821,47531,338.539400
29,15,18.600,47531,4.782282
29,16,14.873,47531,2.216387
29,17,1269.697,47531,298.357267
29,18,297.335,47531,65.498293
29,19,107.076,47531,16.947575
29,20,208.743,47531,53.221159
29,21,210.048,47531,42.554322
29,22,7386.781,47531,2102.678198
29,23,931.136,47531,215.549891
29,24,8309.380,47531,2645.426287
29,25,276.449,47531,44.185842
29,26,2293.299,47531,795.675611
29,27,1301.613,47531,344.153908
29,28,133.476,47531,26.989712
29,29,468.976,47531,95.385453
29,30,563.230,47531,87.949573
29,31,2461.815,47531,799.745591
29,32,182.603,47531,27.194425
29,33,575.979,47531,165.894933
29,34,374.727,47531,62.346959
29,35,5094.903,47531,1433.582480
29,36,96.356,47531,17.186621
29,37,306.851,47531,50.761605
29,38,91.689,47531,14.190577
29,39,374.501,47531,55.843300
29,40,464.799,47531,67.937128
29,41,158.899,47531,27.248014
29,42,264.383,47531,46.993790
29,43,352.678,47531,63.172125
29,44,144.377,47531,27.542658
29,45,2641.562,47531,526.161777
29,46,137.295,47531,32.110379
29,47,971.509,47531,259.375658
29,48,699.687,47531,159.647785
29,49,21.335,47531,5.706391
29,50,106.201,47531,14.502883
29,51,6.000,47531,0.947279
29,52,418.562,47531,142.889119
29,53,103.731,47531,17.659167
29,54,136.800,47531,25.488209
29,55,397.200,47531,76.102172
29,56,94.280,47531,16.648673
29,57,63.871,47531,15.738405
29,58,992.721,47531,242.867320
29,59,639.214,47531,176.327987
29,60,245.800,47531,49.054147
29,61,462.926,47531,75.178213
29,62,4212.183,47531,946.083860
29,63,330.006,47531,70.552056
29,64,260.878,47531,47.262826
29,65,35.989,47531,5.245196
29,66,220.774,47531,47.029335
29,67,430.060,47531,76.875214
29,68,311.526,47531,50.872131
29,69,162.829,47531,31.767163
29,70,578.283,47531,121.051291
29,71,512.849,47531,107.500353
29,72,4875.237,47531,1012.773504
29,73,347.925,47531,60.639207
29,74,21.000,47531,3.636714
29,75,5693.728,47531,2052.876961
29,76,361.419,47531,71.376883
29,77,1580.296,47531,478.721898
29,78,1195.475,47531,347.225716
29,79,126.425,47531,32.914007
29,80,807.202,47531,248.855783
29,81,397.262,47531,80.633902
29,82,21.600,47531,3.934244
29,83,377.813,47531,89.306582
29,84,444.818,47531,132.342392
29,85,877.222,47531,243.238169
29,86,360.632,47531,89.485372
29,87,223.683,47531,39.366265
29,88,71.278,47531,12.640863
29,89,829.806,47531,140.236897
29,90,29.225,47531,4.654533
29,91,491.816,47531,63.798322
29,92,1806.338,47531,385.812762
29,93,43.789,47531,8.892543
29,94,156.803,47531,26.628955
29,95,482.897,47531,123.754934
29,96,24.919,47531,3.504302
29,97,2373.184,47531,534.168900
29,98,27.637,47531,4.938370
29,99,149.214,47531,23.325807
29,100,72.075,47531,9.668903
29,101,1397.554,47531,361.384726
29,102,1089.084,47531,226.228414
29,103,8941.035,47531,2421.894546
29,104,632.530,47531,167.220344
29,105,1186.589,47531,277.531546
29,106,4290.459,47531,1155.677466
29,107,210.377,47531,55.131121
29,108,0.000,47531,0.000000
29,109,422.885,47531,69.649810
29,110,14.400,47531,2.225131
29,111,159.442,47531,24.675223
29,112,165.706,47531,44.809262
29,113,82.673,47531,22.678198
29,114,341.651,47531,66.194456
29,115,744.220,47531,169.044163
29,116,298.965,47531,67.755019
29,117,481.472,47531,124.893774
29,118,104.400,47531,21.797117
29,119,976.033,47531,239.447935
29,120,873.721,47531,184.329532
29,121,75.000,47531,15.988581
29,122,2427.813,47531,588.191504
29,123,266.305,47531,48.154783
29,124,33.377,47531,4.926234
29,125,1421.065,47531,245.487518
29,126,1269.441,47531,249.735058
29,127,79.200,47531,18.714767
29,128,358.614,47531,94.904411
29,129,623.395,47531,127.736918
29,130,3979.020,47531,974.042783
29,131,270.224,47531,72.215323
29,132,11.835,47531,1.774725
29,133,296.434,47531,65.349999
29,134,154.716,47531,35.106763
29,135,268.244,47531,60.131628
29,136,370.560,47531,78.940574
29,137,200.437,47531,46.154639
29,138,243.272,47531,66.230169
29,139,720.271,47531,99.158002
29,140,159.064,47531,27.847966
29,141,1283.101,47531,375.293745
29,142,2618.087,47531,678.987387
29,143,27.977,47531,7.181139
29,144,2524.032,47531,724.222906
29,145,34.035,47531,4.372187
29,146,113.194,47531,21.960966
29,147,49.391,47531,7.075269
29,148,132.356,47531,19.967818
29,149,107.671,47531,32.509362
29,150,483.036,47531,144.040413
29,151,2.235,47531,0.317495
29,152,144.303,47531,17.802431
29,153,534.028,47531,82.997926
29,154,602.283,47531,119.774399
29,155,158.612,47531,38.546670
29,156,390.750,47531,44.606997
29,157,645.469,47531,97.818952
29,158,498.492,47531,84.885967
29,159,334.508,47531,55.640400
29,160,2564.075,47531,543.569514
29,161,1727.653,47531,522.712062
29,162,935.557,47531,214.177285
29,163,531.562,47531,115.658179
29,164,640.542,47531,198.970296
29,165,752.409,47531,148.164953
29,166,1906.545,47531,432.988331
29,167,1180.845,47531,250.720769
29,168,209.772,47531,50.207913
29,169,14.071,47531,1.901393
29,170,675.464,47531,114.032785
29,171,899.555,47531,378.131439
29,172,555.774,47531,90.828392
29,173,576.991,47531,115.774406
29,174,109.635,47531,19.351804
29,175,792.239,47531,225.693377
29,176,723.645,47531,186.896053
29,177,287.141,47531,54.440383
29,178,5824.773,47531,1927.286939
29,179,248.119,47531,44.003679
29,180,120.887,47531,21.124178
29,181,223.200,47531,47.253601
29,182,38.119,47531,6.293952
29,183,1096.795,47531,235.984251
29,184,588.638,47531,133.540203
29,185,15.000,47531,2.264855
29,186,709.933,47531,218.405415
29,187,2034.511,47531,357.932197
29,188,186.287,47531,58.379813
29,189,204.839,47531,47.158215
29,190,352.168,47531,101.382104
29,191,604.382,47531,178.991032
29,192,61.142,47531,13.803113
29,193,24.435,47531,3.337221
29,194,114.526,47531,21.175129
29,195,90.531,47531,17.232124
29,196,148.200,47531,38.605054
29,197,2902.227,47531,639.815261
29,198,161.864,47531,29.864284
29,199,482.194,47531,122.836610
29,200,661.163,47531,133.920307
29,201,320.009,47531,79.719982
29,202,3021.268,47531,641.300527
29,203,720.404,47531,218.273122
29,204,51.133,47531,7.661286
29,205,969.989,47531,263.103948
29,206,460.222,47531,133.735316
29,207,258.691,47531,41.343219
29,208,110.777,47531,16.680296
29,209,1250.545,47531,242.105276
29,210,7931.269,47531,1829.905436
29,211,208.946,47531,35.282352
29,212,776.622,47531,157.617955
29,213,81.887,47531,16.788998
29,214,618.427,47531,164.747097
29,215,579.978,47531,115.672693
29,216,511.008,47531,81.707199
29,217,10.200,47531,1.213146
29,218,598.971,47531,155.810495
29,219,147.600,47531,46.523592
29,220,642.215,47531,184.786408
29,221,2571.947,47531,477.688037
29,222,46.476,47531,9.871183
29,223,0.000,47531,0.000000
29,224,194.735,47531,32.693716
29,225,9029.015,47531,2560.157032
29,226,231.442,47531,100.148491
29,227,12.000,47531,1.610438
29,228,937.704,47531,203.436002
29,229,140.741,47531,28.362491
29,230,1260.393,47531,416.171659
29,231,103.981,47531,20.480751
29,232,32.496,47531,4.318311
29,233,480.353,47531,74.137576
29,234,674.295,47531,177.859696
29,235,78.871,47531,22.219823
29,236,117.600,47531,30.307729
29,237,10.035,47531,1.358055
29,238,103.588,47531,17.938521
29,239,392.427,47531,111.134626
29,240,455.488,47531,155.929307
29,241,502.333,47531,85.766875
29,242,11.777,47531,1.582750
29,243,590.933,47531,505.869851
29,244,230.327,47531,42.857224
29,245,317.046,47531,109.635715
29,246,91.025,47531,12.518746
29,247,169.738,47531,28.974456
29,248,457.523,47531,93.559916
29,249,17.650,47531,8.496841
29,250,293.046,47531,62.999279
29,251,4867.226,47531,1509.248779
29,252,3120.529,47531,695.326535
29,253,57.898,47531,11.030699
29,254,151.180,47531,21.725751
29,255,25.471,47531,3.829168
29,256,899.525,47531,220.832317
29,257,1294.089,47531,281.992951
29,258,4440.090,47531,977.219522
29,259,623.457,47531,123.473553
29,260,569.354,47531,111.989804
29,261,563.092,47531,110.382149
29,262,1259.911,47531,253.729773
29,263,250.434,47531,48.982143
29,264,201.878,47531,38.199594
29,265,147.325,47531,23.724914
29,266,350.039,47531,109.928506
29,267,32.071,47531,4.392476
29,268,511.063,47531,156.850238
29,269,1569.299,47531,354.816237
29,270,285.469,47531,80.358662
29,271,460.583,47531,124.897733
29,272,323.470,47531,77.778853
29,273,108.733,47531,17.861242
29,274,53.989,47531,8.910826
29,275,232.266,47531,58.401428
29,276,949.071,47531,250.737810
29,277,2484.864,47531,679.180930
29,278,1110.657,47531,278.591736
29,279,277.635,47531,53.760210
29,280,338.369,47531,55.582646
29,281,0.435,47531,0.075310
29,282,25.800,47531,6.160589
29,283,1054.155,47531,195.374508
29,284,288.212,47531,60.082737
29,285,88.572,47531,15.986469
29,286,577.181,47531,132.015701
29,287,191.645,47531,36.985235
29,288,96.733,47531,14.288272
29,289,843.428,47531,251.409270
29,290,200.002,47531,43.214063
29,291,168.356,47531,24.977975
29,292,222.345,47531,44.675131
29,293,130.073,47531,25.535074
29,294,546.819,47531,185.860966
29,295,11.400,47531,1.910464
29,296,291.898,47531,64.185093
29,297,121.318,47531,22.516759
29,298,46.200,47531,5.527333
29,299,23.071,47531,2.917599
29,300,658.977,47531,106.775940
29,301,275.899,47531,83.306489
29,302,391.028,47531,100.841268
29,303,3.871,47531,0.572025
29,304,200.389,47531,36.437775
29,305,642.284,47531,172.022482
29,306,699.319,47531,237.468242
29,307,1328.864,47531,252.451489
29,308,4380.305,47531,1098.121947
29,309,220.806,47531,42.729717
29,310,950.197,47531,163.463671
29,311,2917.471,47531,746.775447
29,312,111.754,47531,21.946966
29,313,685.848,47531,165.568257
29,314,338.598,47531,108.820598
29,315,277.121,47531,71.512051
29,316,70.811,47531,7.710866
29,317,604.577,47531,120.089844
29,318,1182.438,47531,292.898640
29,319,2120.907,47531,348.280811
29,320,188.841,47531,55.078784
29,321,530.453,47531,129.006793
29,322,532.873,47531,130.146436
29,323,115.131,47531,16.607709
29,324,156.319,47531,31.099021
29,325,385.759,47531,103.102776
29,326,416.746,47531,78.387290
29,327,31.577,47531,5.489318
29,328,65.719,47531,11.210849
29,329,490.200,47531,142.747515
29,330,2233.056,47531,555.670888
29,331,28.227,47531,4.365130
29,332,26.368,47531,3.253937
29,333,47.719,47531,7.801690
29,334,738.390,47531,138.533849
29,335,191.400,47531,66.183293
29,336,1009.635,47531,353.892498
29,337,89.002,47531,15.307527
29,338,4930.946,47531,1228.436028
29,339,262.658,47531,46.428528
29,340,403.889,47531,78.192478
29,341,174.368,47531,20.300876
29,342,339.877,47531,68.126242
29,343,9.435,47531,0.995532
29,344,147.579,47531,23.121623
29,345,698.717,47531,149.073745
29,346,847.342,47531,286.003522
29,347,5494.851,47531,2004.733144
29,348,681.136,47531,109.420027
29,349,426.513,47531,78.522812
29,350,624.462,47531,123.470114
29,351,2272.559,47531,511.288237
29,352,264.409,47531,46.372058
29,353,246.733,47531,45.088011
29,354,49.906,47531,14.044852
29,355,156.596,47531,27.354757
29,356,192.600,47531,47.541487
29,357,289.759,47531,70.261388
29,358,511.691,47531,133.121129
29,359,618.940,47531,133.309652
29,360,157.498,47531,29.706057
29,361,276.893,47531,40.553279
29,362,487.660,47531,91.061738
29,363,514.213,47531,183.804693
29,364,35.039,47531,5.789756
29,365,230.093,47531,61.224310
29,366,198.760,47531,42.273421
29,367,1859.237,47531,501.253179
29,368,0.000,47531,0.000000
29,369,366.657,47531,74.282068
29,370,421.316,47531,83.893220
29,371,9.000,47531,1.929520
29,372,78.377,47531,12.212688
29,373,19.800,47531,2.506200
29,374,39.898,47531,6.046395
29,375,269.147,47531,44.958231
29,376,1174.624,47531,268.734472
29,377,7.519,47531,0.839645
29,378,1703.035,47531,418.856690
29,379,650.260,47531,154.220319
29,380,79.035,47531,24.018580
29,381,104.506,47531,14.459782
29,382,524.098,47531,138.909179
29,383,424.270,47531,99.621322
30,0,261.888,47531,45.979386
30,1,1.800,47531,0.199622
30,2,3044.187,47531,851.253916
30,3,528.113,47531,145.153203
30,4,188.177,47531,80.169401
30,5,758.333,47531,202.476488
30,6,491.921,47531,130.237959
30,7,209.433,47531,42.803884
30,8,1551.100,47531,320.415428
30,9,119.029,47531,25.622273
30,10,45.818,47531,7.557294
30,11,1074.106,47531,289.910383
30,12,630.529,47531,106.543832
30,13,1084.098,47531,191.447080
30,14,401.703,47531,90.028957
30,15,254.151,47531,50.584461
30,16,1490.841,47531,443.045407
30,17,466.315,47531,97.121975
30,18,868.099,47531,219.822621
30,19,476.985,47531,135.272357
30,20,2101.568,47531,472.451919
30,21,384.460,47531,61.490325
30,22,706.906,47531,228.149085
30,23,778.437,47531,169.945679
30,24,297.549,47531,53.004419
30,25,343.180,47531,80.918446
30,26,261.563,47531,65.672962
30,27,1667.148,47531,328.040415
30,28,489.174,47531,82.610373
30,29,13.035,47531,2.340164
30,30,160.280,47531,35.366995
30,31,48.000,47531,10.068447
30,32,213.966,47531,46.646255
30,33,266.283,47531,60.382740
30,34,44.225,47531,8.334482
30,35,208.318,47531,36.478547
30,36,1903.708,47531,416.410027
30,37,184.906,47531,43.351272
30,38,167.029,47531,36.537871
30,39,124.412,47531,27.191457
30,40,4.577,47531,0.491088
30,41,410.583,47531,95.296444
30,42,4072.539,47531,779.584433
30,43,1766.210,47531,342.241806
30,44,312.829,47531,66.287642
30,45,998.055,47531,243.947744
30,46,29.283,47531,4.441582
30,47,78.202,47531,12.954823
30,48,2665.494,47531,623.187828
30,49,828.838,47531,115.446287
30,50,8612.590,47531,2221.024613
30,51,410.802,47531,97.260354
30,52,84.000,47531,14.871900
30,53,200.400,47531,59.168454
30,54,4.800,47531,0.371483
30,55,1298.198,47531,217.432224
30,56,180.160,47531,28.644814
30,57,474.736,47531,161.512487
30,58,143.098,47531,36.670340
30,59,60.531,47531,8.673785
30,60,152.379,47531,24.344598
30,61,1050.837,47531,284.668675
30,62,714.899,47531,189.061450
30,63,1587.454,47531,364.927991
30,64,169.116,47531,38.067146
30,65,267.388,47531,53.984912
30,66,1692.790,47531,584.108877
30,67,427.626,47531,83.580322
30,68,345.484,47531,79.838504
30,69,946.690,47531,176.414295
30,70,394.213,47531,82.894743
30,71,80.835,47531,11.998977
30,72,445.622,47531,81.432396
30,73,32.060,47531,4.215822
30,74,716.754,47531,170.744272
30,75,3.600,47531,0.505747
30,76,159.202,47531,32.826116
30,77,193.025,47531,43.066647
30,78,1005.446,47531,231.213910
30,79,171.377,47531,29.851782
30,80,75.962,47531,10.592826
30,81,24.271,47531,4.046830
30,82,488.235,47531,120.017908
30,83,64.498,47531,12.572954
30,84,661.951,47531,102.387954
30,85,220.896,47531,65.446254
30,86,295.112,47531,63.988250
30,87,545.835,47531,146.037569
30,88,431.460,47531,95.768608
30,89,0.000,47531,0.000000
30,90,645.487,47531,130.504918
30,91,1186.619,47531,137.185916
30,92,40.635,47531,9.653682
30,93,86.491,47531,18.198456
30,94,253.742,47531,60.677013
30,95,6401.704,47531,1695.912533
30,96,761.169,47531,123.972364
30,97,182.235,47531,64.332289
30,98,115.906,47531,25.107704
30,99,10359.252,47531,2401.785022
30,100,629.158,47531,130.540132
30,101,14.942,47531,2.337262
30,102,47.145,47531,6.958781
30,103,491.907,47531,129.620504
30,104,94.365,47531,17.240245
30,105,65.835,47531,10.972895
30,106,478.403,47531,141.777143
30,107,388.836,47531,40.171787
30,108,412.398,47531,100.892327
30,109,137.283,47531,22.101600
30,110,423.024,47531,95.492047
30,111,348.631,47531,61.452113
30,112,795.565,47531,196.106439
30,113,8.835,47531,0.922563
30,114,486.877,47531,87.858927
30,115,142.641,47531,20.809517
30,116,217.471,47531,45.007157
30,117,23.400,47531,5.861748
30,118,218.883,47531,39.406969
30,119,151.354,47531,28.546010
30,120,175.800,47531,38.743304
30,121,224.235,47531,61.544632
30,122,578.022,47531,169.057914
30,123,180.643,47531,56.066208
30,124,432.086,47531,91.128701
30,125,197.980,47531,25.679382
30,126,249.744,47531,52.875978
30,127,111.282,47531,21.264687
30,128,175.253,47531,24.231717
30,129,0.435,47531,0.027191
30,130,518.109,47531,138.987681
30,131,127.912,47531,22.687713
30,132,718.800,47531,195.964507
30,133,815.593,47531,185.651080
30,134,814.583,47531,187.555384
30,135,696.713,47531,132.937745
30,136,530.400,47531,116.622509
30,137,250.710,47531,62.049729
30,138,326.264,47531,48.859477
30,139,579.103,47531,139.682491
30,140,3.000,47531,0.303043
30,141,445.741,47531,72.296144
30,142,261.999,47531,42.021542
30,143,273.239,47531,49.620774
30,144,129.866,47531,20.332931
30,145,670.117,47531,128.326069
30,146,1126.869,47531,304.848000
30,147,24.898,47531,3.303452
30,148,683.082,47531,154.426976
30,149,2253.828,47531,437.969775
30,150,19.519,47531,2.567699
30,151,80.698,47531,10.242661
30,152,1.200,47531,0.263902
30,153,364.994,47531,68.582700
30,154,507.808,47531,133.565711
30,155,24.271,47531,3.850810
30,156,340.750,47531,55.149316
30,157,86.252,47531,11.029309
30,158,16.200,47531,1.777853
30,159,421.014,47531,84.147349
30,160,326.911,47531,100.480503
30,161,4885.635,47531,1230.972427
30,162,116.767,47531,15.188034
30,163,538.219,47531,84.594277
30,164,274.211,47531,68.648049
30,165,433.808,47531,90.405832
30,166,178.105,47531,31.992365
30,167,1214.688,47531,278.859939
30,168,584.693,47531,154.892855
30,169,57.260,47531,8.357099
30,170,1261.115,47531,229.195519
30,171,575.484,47531,108.526063
30,172,1489.734,47531,461.495354
30,173,538.425,47531,178.938070
30,174,8.400,47531,1.724597
30,175,1851.000,47531,479.300973
30,176,184.626,47531,34.803141
30,177,443.607,47531,92.009228
30,178,92.947,47531,13.384860
30,179,1020.225,47531,305.398548
30,180,69.600,47531,16.218218
30,181,294.590,47531,60.745749
30,182,1183.211,47531,321.703894
30,183,44.039,47531,6.959680
30,184,1573.079,47531,341.482502
30,185,330.203,47531,86.650369
30,186,2.400,47531,0.270106
30,187,1.800,47531,0.613875
30,188,605.559,47531,153.229107
30,189,2032.306,47531,496.885638
30,190,749.802,47531,212.599011
30,191,87.393,47531,11.724346
30,192,342.836,47531,49.282085
30,193,1496.104,47531,417.727757
30,194,182.423,47531,23.193584
30,195,471.202,47531,108.289797
30,196,61.710,47531,9.930986
30,197,1486.777,47531,310.642829
30,198,46.349,47531,4.875382
30,199,378.409,47531,77.344584
30,200,78.000,47531,12.401248
30,201,30.000,47531,3.390036
30,202,108.707,47531,26.977830
30,203,836.810,47531,171.596726
30,204,9.600,47531,1.144621
30,205,5172.560,47531,998.026005
30,206,672.091,47531,133.126637
30,207,2556.957,47531,581.560256
30,208,46.806,47531,6.852991
30,209,2431.761,47531,441.165993
30,210,2664.657,47531,508.729433
30,211,752.084,47531,175.826159
30,212,929.815,47531,173.882029
30,213,5176.741,47531,1543.854401
30,214,0.000,47531,0.000000
30,215,544.308,47531,102.930670
30,216,1522.659,47531,431.438485
30,217,121.248,47531,33.408135
30,218,142.014,47531,23.915151
30,219,616.450,47531,191.709806
30,220,2653.072,47531,645.508375
30,221,1451.868,47531,281.913332
30,222,413.507,47531,115.757673
30,223,8.400,47531,1.907057
30,224,2554.662,47531,732.481253
30,225,1591.509,47531,317.199321
30,226,917.402,47531,157.255350
30,227,366.749,47531,82.576466
30,228,67.471,47531,9.082956
30,229,1063.079,47531,191.959345
30,230,54.377,47531,8.815817
30,231,418.075,47531,98.223553
30,232,188.321,47531,43.259901
30,233,6450.144,47531,1826.028926
30,234,395.822,47531,95.718459
30,235,2005.738,47531,470.329515
30,236,2248.055,47531,419.277830
30,237,172.731,47531,29.591522
30,238,43.668,47531,3.765052
30,239,142.800,47531,53.042037
30,240,584.599,47531,138.453526
30,241,538.037,47531,85.657124
30,242,391.768,47531,111.992085
30,243,625.859,47531,98.933043
30,244,52.275,47531,8.210375
30,245,1166.965,47531,260.742302
30,246,68.899,47531,10.447243
30,247,41.883,47531,10.909707
30,248,582.798,47531,134.631527
30,249,101.671,47531,21.421017
30,250,866.069,47531,157.100423
30,251,696.202,47531,155.565288
30,252,857.696,47531,171.795690
30,253,121.339,47531,22.005110
30,254,47.177,47531,6.370088
30,255,439.494,47531,125.859087
30,256,691.855,47531,174.192321
30,257,182.969,47531,28.027214
30,258,428.741,47531,93.190008
30,259,686.228,47531,190.317146
30,260,44.166,47531,8.062154
30,261,66.372,47531,11.757520
30,262,1086.545,47531,250.622532
30,263,1893.800,47531,382.289651
30,264,1429.008,47531,346.899551
30,265,2240.840,47531,585.874725
30,266,73.635,47531,22.382229
30,267,274.690,47531,48.582749
30,268,39.468,47531,16.260728
30,269,402.655,47531,72.085132
30,270,567.700,47531,93.103001
30,271,5.235,47531,0.588103
30,272,236.800,47531,63.094737
30,273,92.060,47531,14.562498
30,274,211.244,47531,21.357661
30,275,223.339,47531,32.204517
30,276,267.000,47531,81.118850
30,277,1092.405,47531,294.241134
30,278,371.072,47531,84.584369
30,279,206.766,47531,50.617220
30,280,508.083,47531,106.317378
30,281,1830.973,47531,337.473760
30,282,58.200,47531,17.118066
30,283,140.071,47531,25.382244
30,284,93.812,47531,16.597937
30,285,314.794,47531,58.157703
30,286,582.232,47531,102.478365
30,287,494.061,47531,128.045750
30,288,357.405,47531,66.950033
30,289,22.800,47531,3.424348
30,290,38.506,47531,5.910214
30,291,361.896,47531,82.054805
30,292,391.186,47531,92.181763
30,293,275.478,47531,52.533858
30,294,208.876,47531,55.331999
30,295,1038.932,47531,207.554510
30,296,385.553,47531,68.241811
30,297,116.400,47531,28.068895
30,298,1944.976,47531,467.401862
30,299,914.591,47531,180.334145
30,300,860.988,47531,174.270092
30,301,859.340,47531,205.723718
30,302,762.365,47531,156.183559
30,303,459.718,47531,116.019053
30,304,141.495,47531,22.776309
30,305,3879.868,47531,1126.666376
30,306,301.940,47531,72.257956
30,307,423.675,47531,103.342699
30,308,136.068,47531,19.349445
30,309,146.119,47531,24.823566
30,310,671.586,47531,141.909803
30,311,171.000,47531,32.212748
30,312,511.738,47531,138.946060
30,313,480.341,47531,78.970156
30,314,105.500,47531,20.692991
30,315,26.400,47531,5.455183
30,316,99.442,47531,11.468456
30,317,501.182,47531,115.838205
30,318,496.038,47531,112.714543
30,319,45.637,47531,5.154128
30,320,780.173,47531,207.627452
30,321,971.271,47531,179.538906
30,322,635.780,47531,175.418492
30,323,122.008,47531,14.062068
30,324,482.156,47531,80.578740
30,325,1.742,47531,0.464630
30,326,1187.722,47531,203.214077
30,327,3791.437,47531,954.257148
30,328,698.544,47531,151.328371
30,329,1535.159,47531,292.246765
30,330,57.749,47531,6.701931
30,331,585.792,47531,129.184974
30,332,635.423,47531,183.098097
30,333,59.400,47531,12.277403
30,334,734.506,47531,237.157804
30,335,369.648,47531,96.959332
30,336,601.439,47531,117.072747
30,337,299.012,47531,65.676681
30,338,66.606,47531,10.891414
30,339,69.558,47531,10.355995
30,340,322.768,47531,73.850839
30,341,45.154,47531,6.738245
30,342,365.992,47531,77.677451
30,343,0.600,47531,0.107749
30,344,193.190,47531,41.830063
30,345,1168.200,47531,427.083397
30,346,990.284,47531,335.209113
30,347,3110.205,47531,726.994003
30,348,175.621,47531,29.030016
30,349,536.087,47531,110.957571
30,350,38.777,47531,5.874530
30,351,165.085,47531,40.689481
30,352,8568.006,47531,3163.171787
30,353,114.122,47531,21.584710
30,354,121.179,47531,38.661805
30,355,1372.771,47531,249.833143
30,356,2431.730,47531,652.009682
30,357,63.600,47531,16.515887
30,358,452.827,47531,102.008601
30,359,269.899,47531,47.378797
30,360,1099.042,47531,274.391879
30,361,382.414,47531,47.462065
30,362,621.229,47531,192.010851
30,363,90.754,47531,18.416285
30,364,180.558,47531,33.436916
30,365,2035.929,47531,739.337140
30,366,596.268,47531,92.467584
30,367,249.500,47531,42.210979
30,368,268.412,47531,76.283585
30,369,54.722,47531,9.636753
30,370,89.602,47531,11.930498
30,371,934.766,47531,220.766272
30,372,0.000,47531,0.000000
30,373,211.200,47531,59.854018
30,374,169.159,47531,43.154959
30,375,215.454,47531,49.937470
30,376,979.831,47531,156.408633
30,377,256.535,47531,42.073428
30,378,792.936,47531,182.318971
30,379,22017.473,47531,8852.422065
30,380,1708.538,47531,396.822084
30,381,67.800,47531,15.424430
30,382,33.202,47531,7.211151
30,383,285.568,47531,72.786514
31,0,484.035,47531,114.506776
31,1,31.906,47531,7.986271
31,2,536.003,47531,95.614187
31,3,429.510,47531,119.160612
31,4,441.364,47531,154.690099
31,5,3455.385,47531,971.956143
31,6,555.947,47531,128.088574
31,7,338.714,47531,78.694157
31,8,479.509,47531,25.668960
31,9,226.232,47531,56.411398
31,10,565.028,47531,108.052689
31,11,551.362,47531,107.081145
31,12,255.941,47531,57.173209
31,13,75.728,47531,12.844202
31,14,417.948,47531,102.641367
31,15,355.939,47531,97.677620
31,16,168.298,47531,36.018896
31,17,2406.455,47531,517.349828
31,18,60.898,47531,13.307020
31,19,1840.073,47531,480.269730
31,20,154.035,47531,34.747936
31,21,1.200,47531,0.303733
31,22,695.743,47531,220.274774
31,23,181.200,47531,55.624727
31,24,1575.935,47531,348.683467
31,25,994.536,47531,200.550383
31,26,414.415,47531,115.704919
31,27,117.435,47531,26.501676
31,28,4387.076,47531,1237.552583
31,29,543.567,47531,145.356149
31,30,15.871,47531,2.537867
31,31,813.254,47531,152.365276
31,32,61.163,47531,9.718831
31,33,233.990,47531,80.704026
31,34,103.354,47531,20.549209
31,35,41.883,47531,7.690088
31,36,2731.817,47531,803.979193
31,37,533.953,47531,130.397796
31,38,545.976,47531,108.782917
31,39,287.222,47531,53.795931
31,40,4912.602,47531,1327.206998
31,41,513.434,47531,100.439214
31,42,172.843,47531,30.545587
31,43,202.976,47531,44.844437
31,44,82.200,47531,16.329397
31,45,778.768,47531,162.418523
31,46,663.019,47531,148.237027
31,47,27.977,47531,9.744239
31,48,3190.779,47531,797.339214
31,49,138.600,47531,29.593561
31,50,723.409,47531,205.460722
31,51,274.402,47531,74.319738
31,52,3953.095,47531,1036.279277
31,53,344.347,47531,58.878380
31,54,579.600,47531,143.191325
31,55,171.091,47531,28.360251
31,56,414.537,47531,95.429078
31,57,317.104,47531,94.224266
31,58,112.562,47531,17.796539
31,59,281.216,47531,50.001361
31,60,21.133,47531,3.002179
31,61,125.115,47531,29.350817
31,62,97.376,47531,14.553419
31,63,81.144,47531,16.316541
31,64,1191.622,47531,254.981267
31,65,16.906,47531,2.856776
31,66,1084.989,47531,266.855510
31,67,104.331,47531,23.859410
31,68,2478.265,47531,622.053476
31,69,102.702,47531,12.127306
31,70,938.942,47531,250.384567
31,71,482.063,47531,134.068617
31,72,104.766,47531,23.055914
31,73,0.000,47531,0.000000
31,74,18.048,47531,4.072174
31,75,619.430,47531,56.097900
31,76,255.118,47531,51.483439
31,77,2239.936,47531,658.036119
31,78,18.600,47531,2.617709
31,79,146.119,47531,30.665705
31,80,73.933,47531,12.318688
31,81,243.378,47531,44.611393
31,82,672.486,47531,197.341899
31,83,139.614,47531,25.515640
31,84,340.524,47531,69.793158
31,85,126.887,47531,19.869976
31,86,402.499,47531,87.455527
31,87,2620.448,47531,679.592221
31,88,3080.428,47531,805.129571
31,89,65.835,47531,14.465302
31,90,293.660,47531,96.018599
31,91,357.607,47531,78.866466
31,92,48.037,47531,9.433006
31,93,18.000,47531,4.230334
31,94,3718.357,47531,929.064253
31,95,193.296,47531,27.899708
31,96,580.317,47531,116.022978
31,97,182.958,47531,29.514126
31,98,431.878,47531,126.435031
31,99,1304.037,47531,399.646531
31,100,55.885,47531,15.935663
31,101,1512.842,47531,300.712367
31,102,553.200,47531,143.639748
31,103,3326.303,47531,664.966110
31,104,314.506,47531,69.644252
31,105,881.020,47531,176.468739
31,106,35.071,47531,9.979857
31,107,222.000,47531,66.407285
31,108,1318.814,47531,344.553517
31,109,635.851,47531,144.668660
31,110,222.224,47531,45.360520
31,111,416.502,47531,12.252745
31,112,132.106,47531,33.633499
31,113,79.662,47531,16.280181
31,114,542.145,47531,142.683494
31,115,754.507,47531,182.969763
31,116,291.212,47531,58.348525
31,117,2650.428,47531,615.354345
31,118,732.143,47531,158.927011
31,119,56.400,47531,11.793544
31,120,1315.303,47531,374.888413
31,121,78.670,47531,17.838215
31,122,64.625,47531,12.280907
31,123,252.829,47531,54.344720
31,124,131.873,47531,26.845677
31,125,59.533,47531,10.359547
31,126,2.400,47531,0.470654
31,127,213.478,47531,61.714141
31,128,710.654,47531,153.306599
31,129,102.425,47531,17.507279
31,130,359.154,47531,67.738778
31,131,75.362,47531,17.046994
31,132,151.397,47531,24.966399
31,133,624.344,47531,127.955293
31,134,97.545,47531,18.725303
31,135,460.467,47531,91.714768
31,136,57.266,47531,7.822970
31,137,1450.326,47531,378.714135
31,138,6261.435,47531,1487.250161
31,139,354.017,47531,88.231780
31,140,1690.133,47531,326.640413
31,141,9978.681,47531,2988.567885
31,142,581.847,47531,131.639682
31,143,562.672,47531,114.816688
31,144,314.427,47531,65.348757
31,145,237.383,47531,52.812570
31,146,150.898,47531,36.436778
31,147,408.803,47531,114.597826
31,148,114.260,47531,35.035348
31,149,237.910,47531,36.457522
31,150,12.435,47531,2.212108
31,151,189.197,47531,41.407399
31,152,366.040,47531,53.915543
31,153,165.637,47531,29.326848
31,154,2082.036,47531,496.918906
31,155,2490.835,47531,488.802851
31,156,2713.501,47531,710.438358
31,157,1306.665,47531,400.030257
31,158,610.776,47531,170.798388
31,159,0.000,47531,0.000000
31,160,968.068,47531,265.339694
31,161,254.153,47531,49.294370
31,162,130.370,47531,4.689375
31,163,317.539,47531,66.107670
31,164,1253.264,47531,242.373108
31,165,268.716,47531,62.145244
31,166,1.035,47531,0.216321
31,167,3052.598,47531,760.106759
31,168,571.716,47531,161.919310
31,169,120.271,47531,23.452927
31,170,363.416,47531,105.414602
31,171,1122.217,47531,257.433690
31,172,13.800,47531,2.992541
31,173,646.103,47531,75.404159
31,174,1017.727,47531,260.357783
31,175,242.825,47531,109.576055
31,176,230.841,47531,31.381802
31,177,173.811,47531,33.282583
31,178,88.690,47531,14.514941
31,179,3.000,47531,0.987187
31,180,173.835,47531,54.587166
31,181,252.059,47531,57.769129
31,182,410.062,47531,90.272036
31,183,20.793,47531,4.488601
31,184,1348.534,47531,315.510257
31,185,1081.407,47531,219.301747
31,186,3324.726,47531,1123.355636
31,187,153.627,47531,34.774043
31,188,5328.328,47531,1153.682599
31,189,632.758,47531,129.900095
31,190,567.696,47531,112.503243
31,191,3528.672,47531,888.131686
31,192,81.521,47531,20.228598
31,193,91.333,47531,14.671040
31,194,0.000,47531,0.000000
31,195,592.637,47531,131.132936
31,196,54.733,47531,13.135149
31,197,392.700,47531,113.730947
31,198,274.731,47531,103.308837
31,199,246.187,47531,60.562358
31,200,1.800,47531,0.376484
31,201,445.189,47531,103.296637
31,202,155.793,47531,46.513347
31,203,1794.980,47531,383.358067
31,204,56.783,47531,9.624456
31,205,17.883,47531,2.063873
31,206,1114.448,47531,300.478546
31,207,385.408,47531,66.382302
31,208,2324.877,47531,733.612828
31,209,186.134,47531,32.769751
31,210,2990.198,47531,973.892909
31,211,1147.102,47531,282.948056
31,212,342.857,47531,85.261151
31,213,1051.736,47531,202.889807
31,214,16.142,47531,1.934319
31,215,60.924,47531,11.210660
31,216,581.214,47531,121.011891
31,217,1913.408,47531,478.439330
31,218,130.901,47531,28.075040
31,219,485.460,47531,44.097830
31,220,4.635,47531,0.556802
31,221,464.370,47531,114.843907
31,222,631.779,47531,109.797223
31,223,184.131,47531,41.801048
31,224,44.029,47531,6.136182
31,225,832.780,47531,260.128794
31,226,37.562,47531,5.433539
31,227,462.044,47531,92.466228
31,228,149.629,47531,48.820637
31,229,7540.496,47531,1823.474409
31,230,1093.471,47531,298.854808
31,231,72.696,47531,14.616676
31,232,190.042,47531,37.503698
31,233,333.936,47531,89.127287
31,234,50.400,47531,11.814997
31,235,18.871,47531,3.691019
31,236,370.270,47531,131.108972
31,237,670.497,47531,182.781640
31,238,42.866,47531,7.382845
31,239,325.429,47531,88.702034
31,240,186.006,47531,47.363188
31,241,76.035,47531,14.094330
31,242,2.400,47531,0.428869
31,243,549.957,47531,100.505301
31,244,414.141,47531,80.898218
31,245,1858.596,47531,365.761456
31,246,139.663,47531,27.613833
31,247,242.597,47531,41.712589
31,248,2.400,47531,0.452135
31,249,1327.449,47531,249.478703
31,250,2779.020,47531,858.675012
31,251,335.423,47531,88.266062
31,252,175.095,47531,53.467267
31,253,1618.555,47531,426.224354
31,254,23.533,47531,2.980109
31,255,1862.684,47531,363.715258
31,256,0.600,47531,0.117055
31,257,248.949,47531,57.872478
31,258,157.025,47531,36.065618
31,259,143.076,47531,32.182002
31,260,320.283,47531,85.932119
31,261,198.718,47531,32.870471
31,262,241.764,47531,45.025035
31,263,131.226,47531,24.939650
31,264,454.817,47531,113.900297
31,265,21.510,47531,3.083274
31,266,358.908,47531,95.939887
31,267,180.112,47531,41.872519
31,268,229.880,47531,78.744600
31,269,3943.102,47531,1014.053272
31,270,294.649,47531,58.340827
31,271,171.251,47531,30.229505
31,272,947.304,47531,260.719383
31,273,4.306,47531,0.477825
31,274,1171.773,47531,288.807487
31,275,215.582,47531,46.466534
31,276,7816.725,47531,1441.659394
31,277,31.683,47531,6.218273
31,278,88.370,47531,27.549643
31,279,102.064,47531,15.619756
31,280,867.014,47531,181.893782
31,281,601.490,47531,140.730292
31,282,63.000,47531,14.561712
31,283,90.037,47531,15.499201
31,284,143.389,47531,44.758926
31,285,1385.396,47531,353.638057
31,286,298.408,47531,83.443056
31,287,7660.859,47531,2076.784196
31,288,278.793,47531,75.223249
31,289,3575.337,47531,1034.987899
31,290,33.510,47531,4.535673
31,291,207.766,47531,32.746688
31,292,0.000,47531,0.000000
31,293,376.699,47531,106.516323
31,294,337.900,47531,64.190647
31,295,366.991,47531,66.646141
31,296,424.308,47531,109.702208
31,297,2003.099,47531,562.566538
31,298,266.560,47531,53.502468
31,299,390.603,47531,118.068839
31,300,221.562,47531,41.707963
31,301,173.539,47531,27.646379
31,302,141.345,47531,25.737911
31,303,5020.689,47531,1463.419845
31,304,343.472,47531,74.112038
31,305,2573.008,47531,495.733878
31,306,329.700,47531,83.866026
31,307,224.136,47531,53.284634
31,308,970.377,47531,308.795805
31,309,35.400,47531,6.655535
31,310,554.091,47531,191.096788
31,311,454.140,47531,101.850991
31,312,396.594,47531,84.336746
31,313,407.549,47531,92.706283
31,314,186.416,47531,36.499920
31,315,124.800,47531,30.349493
31,316,512.908,47531,113.829666
31,317,449.869,47531,118.857757
31,318,1063.726,47531,204.341459
31,319,71.603,47531,8.479620
31,320,171.580,47531,24.947941
31,321,132.755,47531,28.954284
31,322,111.043,47531,20.069130
31,323,323.286,47531,81.416431
31,324,535.949,47531,139.782883
31,325,680.189,47531,148.553196
31,326,3414.142,47531,1192.769509
31,327,887.991,47531,187.960439
31,328,5.777,47531,0.709200
31,329,39.393,47531,6.307500
31,330,843.030,47531,263.319486
31,331,74.942,47531,19.284749
31,332,1853.022,47531,447.993257
31,333,137.183,47531,11.159569
31,334,566.603,47531,125.226741
31,335,243.278,47531,46.657614
31,336,108.812,47531,24.296316
31,337,183.563,47531,37.364706
31,338,402.023,47531,24.698560
31,339,938.235,47531,329.481224
31,340,341.377,47531,56.735777
31,341,75.792,47531,8.082997
31,342,615.890,47531,126.482692
31,343,378.395,47531,96.815775
31,344,350.321,47531,65.512573
31,345,201.558,47531,32.965402
31,346,347.565,47531,62.011144
31,347,972.232,47531,306.471776
31,348,666.457,47531,156.329725
31,349,388.080,47531,94.730450
31,350,1008.865,47531,268.356740
31,351,677.916,47531,234.047332
31,352,200.283,47531,65.620446
31,353,83.639,47531,14.965803
31,354,621.672,47531,155.235228
31,355,22.635,47531,5.360215
31,356,437.535,47531,95.089192
31,357,4152.022,47531,1157.134655
31,358,1097.002,47531,198.154359
31,359,324.474,47531,101.905854
31,360,54.473,47531,8.759870
31,361,532.611,47531,138.905455
31,362,1909.368,47531,503.348752
31,363,169.386,47531,26.368608
31,364,125.667,47531,26.142479
31,365,54.808,47531,9.864818
31,366,34.035,47531,7.791759
31,367,309.000,47531,64.481598
31,368,341.153,47531,82.528329
31,369,572.577,47531,170.649998
31,370,562.451,47531,684.574068
31,371,6.435,47531,0.949607
31,372,6904.694,47531,1793.408396
31,373,0.600,47531,0.129034
31,374,1946.549,47531,515.175458
31,375,1036.620,47531,245.564656
31,376,132.431,47531,30.320246
31,377,760.655,47531,222.152780
31,378,624.491,47531,115.697008
31,379,91.306,47531,29.742055
31,380,130.997,47531,12.804767
31,381,19.142,47531,2.941386
31,382,16.673,47531,3.211269
31,383,665.082,47531,137.259107
32,0,2664.063,47531,746.370121
32,1,78.547,47531,11.713327
32,2,105.659,47531,18.829321
32,3,52.705,47531,9.668226
32,4,824.705,47531,257.190545
32,5,1095.000,47531,325.317831
32,6,281.942,47531,78.921400
32,7,819.665,47531,228.041498
32,8,537.585,47531,99.908638
32,9,160.413,47531,24.702870
32,10,1688.315,47531,345.893252
32,11,25.035,47531,3.448615
32,12,258.510,47531,41.914176
32,13,733.545,47531,172.903020
32,14,568.954,47531,131.635447
32,15,673.593,47531,151.802275
32,16,0.000,47531,0.000000
32,17,1.800,47531,0.340028
32,18,275.231,47531,46.629641
32,19,350.151,47531,62.462049
32,20,309.480,47531,60.638495
32,21,3582.536,47531,962.572393
32,22,54.435,47531,13.103755
32,23,409.068,47531,112.961436
32,24,182.072,47531,53.288361
32,25,145.052,47531,22.835499
32,26,161.400,47531,36.983127
32,27,10.189,47531,1.741432
32,28,63.670,47531,10.307764
32,29,2467.604,47531,467.031951
32,30,158.942,47531,30.780266
32,31,417.736,47531,82.538478
32,32,401.115,47531,76.281549
32,33,3409.363,47531,813.564756
32,34,685.609,47531,147.601777
32,35,3251.250,47531,663.235989
32,36,261.122,47531,71.786676
32,37,1535.438,47531,309.295269
32,38,145.875,47531,40.634133
32,39,319.434,47531,73.537964
32,40,166.249,47531,30.094051
32,41,12329.969,47531,3549.778571
32,42,50.183,47531,7.933463
32,43,207.860,47531,114.094876
32,44,15.871,47531,2.708583
32,45,537.262,47531,146.750962
32,46,993.337,47531,193.904898
32,47,259.993,47531,54.388932
32,48,601.498,47531,141.456603
32,49,860.522,47531,189.906411
32,50,70.471,47531,9.848537
32,51,13.248,47531,2.256864
32,52,699.751,47531,140.430057
32,53,755.676,47531,212.447599
32,54,1769.269,47531,599.031977
32,55,161.560,47531,47.712496
32,56,190.832,47531,58.523009
32,57,62.389,47531,11.100476
32,58,296.397,47531,65.115416
32,59,953.960,47531,209.068780
32,60,481.272,47531,91.926127
32,61,239.225,47531,49.694389
32,62,256.202,47531,51.484359
32,63,95.512,47531,14.033916
32,64,446.848,47531,67.260915
32,65,1836.379,47531,406.812550
32,66,439.549,47531,95.450048
32,67,651.185,47531,186.631276
32,68,585.926,47531,124.240490
32,69,480.235,47531,138.107873
32,70,364.146,47531,71.252447
32,71,735.977,47531,228.153780
32,72,429.043,47531,88.274856
32,73,57.435,47531,13.878227
32,74,1524.882,47531,379.998376
32,75,509.209,47531,141.766455
32,76,0.000,47531,0.000000
32,77,718.457,47531,154.821490
32,78,1404.965,47531,313.499657
32,79,313.339,47531,71.789929
32,80,12.871,47531,1.614895
32,81,403.442,47531,78.559502
32,82,1552.951,47531,281.225483
32,83,490.461,47531,118.134283
32,84,2.400,47531,0.349952
32,85,184.179,47531,44.803895
32,86,232.251,47531,53.411814
32,87,88.099,47531,13.064201
32,88,561.669,47531,102.483012
32,89,2369.369,47531,671.621674
32,90,3627.079,47531,1284.639557
32,91,1414.064,47531,358.763332
32,92,610.771,47531,134.061244
32,93,1123.832,47531,280.249665
32,94,282.649,47531,73.601992
32,95,127.981,47531,17.178476
32,96,2.400,47531,0.163712
32,97,89.640,47531,17.059055
32,98,1860.077,47531,525.054113
32,99,2640.254,47531,854.111300
32,100,1024.995,47531,232.347228
32,101,5361.713,47531,1675.241703
32,102,608.927,47531,124.875058
32,103,295.339,47531,68.925769
32,104,0.000,47531,0.000000
32,105,1203.411,47531,297.068674
32,106,90.966,47531,20.071038
32,107,350.754,47531,57.841414
32,108,31.237,47531,5.856537
32,109,258.574,47531,52.383211
32,110,527.718,47531,107.722971
32,111,28.306,47531,5.988577
32,112,647.387,47531,205.426355
32,113,496.919,47531,110.605179
32,114,542.751,47531,136.740763
32,115,4561.556,47531,1247.408920
32,116,8.177,47531,1.076603
32,117,228.973,47531,40.987520
32,118,28.412,47531,3.974645
32,119,117.064,47531,18.588163
32,120,30.154,47531,4.540053
32,121,320.179,47531,54.975522
32,122,10659.193,47531,3119.734424
32,123,138.984,47531,25.504819
32,124,988.418,47531,188.444705
32,125,248.316,47531,50.084383
32,126,189.728,47531,33.194782
32,127,544.725,47531,136.319824
32,128,506.457,47531,108.139710
32,129,149.464,47531,26.773010
32,130,185.826,47531,32.025968
32,131,3.000,47531,0.763930
32,132,990.942,47531,220.150002
32,133,669.909,47531,138.745127
32,134,165.319,47531,30.000634
32,135,331.949,47531,84.828396
32,136,361.845,47531,74.501521
32,137,493.504,47531,168.059491
32,138,244.200,47531,73.165333
32,139,247.652,47531,43.427655
32,140,196.301,47531,44.857573
32,141,527.624,47531,95.558660
32,142,231.134,47531,49.535093
32,143,688.891,47531,161.875286
32,144,404.524,47531,83.214533
32,145,742.839,47531,146.124169
32,146,378.558,47531,77.365110
32,147,194.248,47531,88.145907
32,148,9.271,47531,1.366466
32,149,1232.253,47531,255.707850
32,150,66.770,47531,11.139237
32,151,10.200,47531,2.363547
32,152,488.763,47531,132.308477
32,153,239.634,47531,42.499345
32,154,162.483,47531,34.518463
32,155,7213.547,47531,2075.337169
32,156,781.642,47531,154.854207
32,157,465.124,47531,118.998699
32,158,7.800,47531,1.232377
32,159,64.014,47531,15.087215
32,160,345.921,47531,89.696772
32,161,293.842,47531,65.040581
32,162,141.202,47531,35.703242
32,163,76.025,47531,15.490736
32,164,128.400,47531,29.183486
32,165,36.993,47531,6.011389
32,166,242.597,47531,48.232393
32,167,725.357,47531,168.206386
32,168,646.906,47531,179.336752
32,169,72.483,47531,16.167454
32,170,478.657,47531,92.732286
32,171,22.004,47531,3.154726
32,172,24.860,47531,3.838365
32,173,198.495,47531,36.260862
32,174,137.550,47531,24.780402
32,175,186.729,47531,34.487884
32,176,71.835,47531,14.521659
32,177,245.512,47531,44.000472
32,178,277.885,47531,68.498600
32,179,191.114,47531,47.020116
32,180,246.483,47531,55.047907
32,181,3432.692,47531,812.486700
32,182,147.410,47531,35.100744
32,183,1527.578,47531,429.618578
32,184,3284.057,47531,726.104401
32,185,86.088,47531,14.856841
32,186,625.571,47531,121.297427
32,187,444.362,47531,113.987714
32,188,90.171,47531,15.818606
32,189,1417.369,47531,419.054490
32,190,84.499,47531,12.591095
32,191,218.163,47531,36.520672
32,192,394.562,47531,95.099366
32,193,421.818,47531,127.049060
32,194,16.035,47531,3.013723
32,195,188.650,47531,50.441378
32,196,325.767,47531,77.796680
32,197,506.937,47531,120.684921
32,198,396.000,47531,84.396259
32,199,6.871,47531,1.448116
32,200,573.651,47531,131.497969
32,201,6533.929,47531,1791.505183
32,202,277.354,47531,45.109757
32,203,29.841,47531,6.221707
32,204,679.595,47531,167.656931
32,205,1161.458,47531,403.943271
32,206,263.172,47531,69.770099
32,207,413.302,47531,101.487107
32,208,322.806,47531,58.315155
32,209,672.268,47531,144.492271
32,210,830.657,47531,162.520973
32,211,768.629,47531,138.371546
32,212,53.235,47531,9.475873
32,213,275.612,47531,58.972173
32,214,153.600,47531,43.627333
32,215,143.331,47531,26.050058
32,216,24.993,47531,5.122586
32,217,1387.436,47531,309.092604
32,218,3140.864,47531,764.002470
32,219,80.612,47531,14.941689
32,220,486.790,47531,109.834009
32,221,6253.645,47531,1440.690899
32,222,126.866,47531,29.007635
32,223,163.004,47531,36.788607
32,224,34.848,47531,5.063485
32,225,100.200,47531,31.591969
32,226,5595.930,47531,1374.200864
32,227,23.835,47531,3.338771
32,228,573.575,47531,139.969173
32,229,6.048,47531,2.267359
32,230,1.800,47531,0.117263
32,231,68.809,47531,13.811333
32,232,1903.416,47531,437.105150
32,233,84.298,47531,18.220251
32,234,1624.862,47531,399.770914
32,235,2199.949,47531,429.985002
32,236,97.864,47531,23.860593
32,237,649.816,47531,172.617469
32,238,490.339,47531,130.941153
32,239,455.696,47531,76.357201
32,240,395.456,47531,100.433311
32,241,1105.194,47531,196.212042
32,242,794.542,47531,198.897316
32,243,252.706,47531,76.859220
32,244,182.655,47531,29.132277
32,245,33.706,47531,5.873321
32,246,1080.512,47531,199.305417
32,247,149.082,47531,24.176618
32,248,3683.439,47531,859.533053
32,249,302.741,47531,84.325128
32,250,352.293,47531,57.868062
32,251,975.966,47531,285.981504
32,252,1181.402,47531,381.137446
32,253,228.038,47531,40.651384
32,254,465.164,47531,79.369077
32,255,59.166,47531,9.037735
32,256,346.249,47531,87.145759
32,257,27.452,47531,3.098582
32,258,455.179,47531,73.602324
32,259,4.800,47531,0.698213
32,260,402.505,47531,117.482901
32,261,908.901,47531,243.832983
32,262,425.801,47531,111.026417
32,263,416.461,47531,101.612544
32,264,286.747,47531,102.360993
32,265,166.567,47531,42.556664
32,266,2265.425,47531,652.272911
32,267,2290.413,47531,582.563102
32,268,30.000,47531,4.948912
32,269,522.332,47531,81.992386
32,270,1215.136,47531,293.187034
32,271,162.006,47531,41.426313
32,272,194.835,47531,30.532524
32,273,520.330,47531,114.722252
32,274,157.047,47531,43.562604
32,275,226.249,47531,59.284480
32,276,3441.558,47531,975.342725
32,277,3079.198,47531,604.544757
32,278,28.306,47531,3.360981
32,279,1683.685,47531,448.177289
32,280,137.252,47531,32.847038
32,281,870.038,47531,207.269564
32,282,550.181,47531,130.074846
32,283,3260.066,47531,1292.012760
32,284,394.960,47531,91.019178
32,285,162.606,47531,44.565225
32,286,269.400,47531,50.984743
32,287,487.479,47531,95.020710
32,288,783.449,47531,133.512580
32,289,457.250,47531,79.992514
32,290,1144.532,47531,309.440586
32,291,76.800,47531,18.960067
32,292,227.694,47531,41.562285
32,293,30.212,47531,3.914054
32,294,754.474,47531,190.107594
32,295,470.550,47531,149.303930
32,296,1272.847,47531,269.762193
32,297,221.535,47531,40.824155
32,298,125.235,47531,28.574334
32,299,142.014,47531,39.494820
32,300,327.448,47531,53.228583
32,301,468.061,47531,120.679180
32,302,402.215,47531,101.670798
32,303,3337.246,47531,688.356572
32,304,49.142,47531,8.692089
32,305,236.817,47531,46.878161
32,306,4.354,47531,1.405667
32,307,254.034,47531,48.353384
32,308,198.722,47531,35.986023
32,309,379.559,47531,101.257966
32,310,151.445,47531,28.746833
32,311,118.286,47531,19.697562
32,312,1354.754,47531,310.633210
32,313,22.875,47531,4.173239
32,314,3837.329,47531,835.780910
32,315,34.121,47531,12.016046
32,316,269.540,47531,57.680667
32,317,61.412,47531,12.656842
32,318,429.417,47531,131.595736
32,319,322.099,47531,68.524625
32,320,29.400,47531,4.669163
32,321,62.252,47531,9.870920
32,322,300.661,47531,54.805034
32,323,2745.126,47531,962.096997
32,324,48.664,47531,8.067321
32,325,2456.359,47531,513.146961
32,326,198.245,47531,30.953726
32,327,34.800,47531,5.299043
32,328,623.197,47531,143.817615
32,329,1895.937,47531,422.906774
32,330,24.589,47531,3.298672
32,331,3465.415,47531,903.423367
32,332,1794.533,47531,526.713583
32,333,472.786,47531,129.325178
32,334,34.593,47531,5.573158
32,335,731.584,47531,133.763350
32,336,35.071,47531,7.641581
32,337,299.072,47531,66.490780
32,338,822.542,47531,247.985952
32,339,5148.461,47531,1010.887475
32,340,709.954,47531,168.541956
32,341,715.913,47531,151.469736
32,342,155.766,47531,39.752426
32,343,135.016,47531,39.742967
32,344,2204.169,47531,528.753104
32,345,6.600,47531,1.082759
32,346,763.433,47531,148.432956
32,347,707.191,47531,173.848151
32,348,123.096,47531,22.090593
32,349,121.052,47531,17.249950
32,350,328.142,47531,97.641036
32,351,263.406,47531,68.640772
32,352,635.966,47531,190.014910
32,353,756.199,47531,174.706327
32,354,171.122,47531,27.073938
32,355,1817.695,47531,454.306747
32,356,119.523,47531,18.333122
32,357,133.913,47531,30.889004
32,358,387.000,47531,84.654011
32,359,198.415,47531,36.836804
32,360,101.114,47531,14.123317
32,361,583.867,47531,132.607865
32,362,318.320,47531,85.299394
32,363,569.202,47531,162.602041
32,364,541.243,47531,133.557224
32,365,520.749,47531,93.722875
32,366,637.007,47531,183.886932
32,367,1065.123,47531,195.074542
32,368,677.008,47531,112.960610
32,369,93.000,47531,20.266676
32,370,4.577,47531,0.521663
32,371,3.000,47531,0.720938
32,372,1605.686,47531,523.269580
32,373,767.956,47531,165.562226
32,374,343.296,47531,80.462184
32,375,153.341,47531,47.412144
32,376,395.321,47531,69.153333
32,377,265.786,47531,68.368457
32,378,1313.602,47531,326.525970
32,379,1057.387,47531,436.741947
32,380,429.298,47531,111.518671
32,381,87.611,47531,15.940403
32,382,1736.310,47531,445.517940
32,383,1111.355,47531,305.211190
33,0,75.118,47531,10.635347
33,1,721.930,47531,165.665135
33,2,1169.482,47531,367.201780
33,3,2289.237,47531,593.787289
33,4,304.392,47531,78.359112
33,5,952.183,47531,158.439483
33,6,82.800,47531,25.236104
33,7,624.552,47531,111.508418
33,8,507.182,47531,103.000397
33,9,722.461,47531,193.584601
33,10,2777.443,47531,572.266797
33,11,642.991,47531,113.477122
33,12,250.742,47531,42.917926
33,13,1155.483,47531,315.417514
33,14,28.206,47531,7.209173
33,15,199.043,47531,37.838983
33,16,11964.920,47531,3067.677828
33,17,822.315,47531,145.274539
33,18,179.172,47531,46.864811
33,19,678.373,47531,108.113291
33,20,30.048,47531,5.140248
33,21,515.048,47531,89.992302
33,22,1838.904,47531,362.051875
33,23,728.863,47531,117.771002
33,24,309.791,47531,47.288206
33,25,260.985,47531,60.734193
33,26,100.577,47531,22.573816
33,27,712.749,47531,147.672602
33,28,2041.294,47531,404.546318
33,29,49.073,47531,8.322888
33,30,2142.742,47531,597.932289
33,31,93.239,47531,17.523202
33,32,1590.845,47531,382.812060
33,33,118.462,47531,16.669707
33,34,795.989,47531,223.824836
33,35,505.894,47531,120.781803
33,36,792.051,47531,192.351933
33,37,133.057,47531,19.372166
33,38,465.520,47531,75.697979
33,39,208.631,47531,54.558261
33,40,277.599,47531,70.066837
33,41,187.148,47531,71.832284
33,42,66.362,47531,11.095290
33,43,106.476,47531,15.482258
33,44,380.699,47531,59.272671
33,45,105.924,47531,27.175430
33,46,390.298,47531,88.913565
33,47,9.600,47531,1.336388
33,48,479.343,47531,93.013307
33,49,120.893,47531,18.869286
33,50,1428.914,47531,298.186956
33,51,241.769,47531,68.442708
33,52,134.400,47531,47.388861
33,53,908.922,47531,313.294796
33,54,578.997,47531,129.504393
33,55,464.419,47531,73.597467
33,56,434.094,47531,90.702324
33,57,189.898,47531,39.065239
33,58,50.400,47531,8.799836
33,59,892.624,47531,194.928197
33,60,1315.761,47531,300.048051
33,61,482.130,47531,78.802784
33,62,84.006,47531,18.524523
33,63,27.600,47531,4.809712
33,64,222.278,47531,36.134860
33,65,142.635,47531,32.388307
33,66,1561.486,47531,429.672104
33,67,1663.735,47531,316.074209
33,68,330.999,47531,99.256823
33,69,1904.169,47531,450.835826
33,70,526.600,47531,109.983150
33,71,268.440,47531,40.548178
33,72,376.055,47531,91.930235
33,73,56.777,47531,9.897874
33,74,13.227,47531,1.046456
33,75,809.402,47531,171.269519
33,76,1032.148,47531,286.435421
33,77,1396.416,47531,490.578844
33,78,158.119,47531,41.201254
33,79,313.283,47531,54.629803
33,80,285.835,47531,47.684470
33,81,918.106,47531,151.749454
33,82,45.091,47531,8.578955
33,83,385.945,47531,91.640061
33,84,333.829,47531,59.658422
33,85,141.638,47531,25.714451
33,86,113.019,47531,15.611400
33,87,784.950,47531,138.704917
33,88,450.273,47531,93.745562
33,89,68.650,47531,11.186348
33,90,32.119,47531,4.641371
33,91,364.721,47531,89.449933
33,92,691.833,47531,177.561382
33,93,652.002,47531,125.634953
33,94,58.635,47531,12.556346
33,95,493.297,47531,143.798219
33,96,1742.487,47531,411.866390
33,97,186.851,47531,34.202458
33,98,373.073,47531,108.143532
33,99,279.875,47531,48.951008
33,100,107.018,47531,14.428380
33,101,1108.335,47531,249.105747
33,102,276.739,47531,62.142364
33,103,85.296,47531,16.308386
33,104,655.812,47531,159.213753
33,105,615.810,47531,133.434294
33,106,242.805,47531,39.938171
33,107,523.941,47531,117.858769
33,108,149.608,47531,29.570864
33,109,252.000,47531,106.645966
33,110,104.438,47531,19.468168
33,111,266.512,47531,77.878705
33,112,0.000,47531,0.000000
33,113,1983.280,47531,427.120021
33,114,0.000,47531,0.000000
33,115,463.036,47531,111.325933
33,116,422.694,47531,81.733069
33,117,358.747,47531,102.463610
33,118,736.193,47531,111.581349
33,119,1333.102,47531,240.323832
33,120,937.952,47531,211.671597
33,121,9.600,47531,1.355981
33,122,1778.934,47531,327.165313
33,123,208.360,47531,47.072166
33,124,38.835,47531,9.249515
33,125,949.048,47531,251.755746
33,126,757.159,47531,208.586647
33,127,472.309,47531,106.147386
33,128,25.248,47531,3.856533
33,129,8.835,47531,1.968746
33,130,673.702,47531,144.399068
33,131,84.526,47531,14.652234
33,132,0.600,47531,0.260825
33,133,383.088,47531,112.226267
33,134,12000.569,47531,3619.593709
33,135,1343.949,47531,436.575281
33,136,126.123,47531,14.397087
33,137,256.085,47531,48.452024
33,138,495.327,47531,106.451809
33,139,99.850,47531,20.030257
33,140,264.804,47531,84.845288
33,141,209.406,47531,33.756910
33,142,82.429,47531,17.661184
33,143,17317.900,47531,7077.338982
33,144,457.211,47531,99.049279
33,145,1858.190,47531,436.147024
33,146,244.330,47531,40.888518
33,147,1100.348,47531,267.382661
33,148,736.942,47531,158.535466
33,149,711.890,47531,175.320296
33,150,115.047,47531,16.600254
33,151,291.336,47531,51.417129
33,152,231.160,47531,52.612373
33,153,4221.570,47531,922.449786
33,154,777.421,47531,164.702233
33,155,226.556,47531,49.703444
33,156,3.600,47531,0.774298
33,157,2961.534,47531,598.797661
33,158,12.319,47531,2.093054
33,159,698.417,47531,175.959784
33,160,48.871,47531,10.361945
33,161,962.026,47531,236.290339
33,162,65.883,47531,10.521409
33,163,984.824,47531,209.739758
33,164,373.297,47531,77.215844
33,165,190.853,47531,33.223077
33,166,227.900,47531,36.520215
33,167,173.618,47531,38.378263
33,168,313.871,47531,78.061623
33,169,1222.871,47531,329.648217
33,170,221.265,47531,29.725523
33,171,641.011,47531,128.933849
33,172,738.637,47531,143.216871
33,173,390.752,47531,78.162041
33,174,1371.639,47531,282.193896
33,175,184.648,47531,32.120631
33,176,295.495,47531,64.921027
33,177,114.383,47531,14.236954
33,178,592.539,47531,103.987874
33,179,166.712,47531,24.472494
33,180,507.097,47531,81.684322
33,181,140.012,47531,41.558507
33,182,576.567,47531,191.456267
33,183,625.758,47531,168.127109
33,184,596.835,47531,134.025364
33,185,203.879,47531,40.708983
33,186,895.515,47531,166.182274
33,187,1224.646,47531,299.330405
33,188,390.877,47531,76.415161
33,189,465.760,47531,76.615068
33,190,1176.181,47531,225.621859
33,191,310.462,47531,52.115359
33,192,715.547,47531,151.641523
33,193,4277.714,47531,1572.711075
33,194,1061.870,47531,258.913035
33,195,4.200,47531,1.371569
33,196,2087.663,47531,907.792071
33,197,1.800,47531,0.388850
33,198,641.989,47531,115.445913
33,199,207.113,47531,33.046109
33,200,411.443,47531,85.085592
33,201,404.308,47531,78.164859
33,202,147.755,47531,26.534932
33,203,651.151,47531,147.765760
33,204,384.590,47531,105.963402
33,205,159.160,47531,27.565219
33,206,291.606,47531,47.202220
33,207,5743.139,47531,1475.232135
33,208,890.635,47531,163.886557
33,209,311.825,47531,50.329279
33,210,741.305,47531,143.064719
33,211,178.196,47531,35.930834
33,212,1059.782,47531,191.093545
33,213,159.908,47531,38.466349
33,214,410.176,47531,69.308275
33,215,528.319,47531,173.146653
33,216,2020.783,47531,572.251078
33,217,43.344,47531,8.643621
33,218,1043.058,47531,207.044423
33,219,26.347,47531,3.048084
33,220,630.252,47531,139.430887
33,221,627.342,47531,126.505941
33,222,83.289,47531,14.880878
33,223,1205.349,47531,215.812391
33,224,178.264,47531,15.233926
33,225,353.143,47531,60.129773
33,226,81.271,47531,17.256685
33,227,118.425,47531,17.428722
33,228,9988.776,47531,3254.473291
33,229,866.062,47531,195.942288
33,230,144.271,47531,34.385546
33,231,243.600,47531,67.504173
33,232,1083.659,47531,221.223751
33,233,394.616,47531,77.175515
33,234,424.336,47531,105.183278
33,235,132.468,47531,19.113965
33,236,372.735,47531,49.686917
33,237,133.083,47531,20.929717
33,238,46.083,47531,6.691947
33,239,236.778,47531,69.873847
33,240,927.852,47531,174.071331
33,241,287.262,47531,62.320048
33,242,608.949,47531,143.584701
33,243,49.583,47531,6.683785
33,244,855.435,47531,192.614723
33,245,597.645,47531,142.071331
33,246,518.104,47531,139.944107
33,247,490.043,47531,115.072800
33,248,399.347,47531,108.200337
33,249,28.710,47531,3.616869
33,250,11.660,47531,1.518896
33,251,293.821,47531,52.855366
33,252,400.600,47531,109.132309
33,253,395.180,47531,72.750073
33,254,316.678,47531,66.941342
33,255,64.742,47531,24.435414
33,256,505.478,47531,105.629958
33,257,298.181,47531,51.378314
33,258,211.572,47531,42.665445
33,259,772.237,47531,232.355115
33,260,1267.950,47531,287.072626
33,261,3660.716,47531,1316.498002
33,262,84.706,47531,17.185325
33,263,299.689,47531,77.888083
33,264,701.113,47531,145.382021
33,265,139.800,47531,52.345733
33,266,305.570,47531,51.735938
33,267,8.660,47531,1.087144
33,268,678.815,47531,127.690108
33,269,229.929,47531,26.907093
33,270,372.282,47531,94.420875
33,271,196.420,47531,30.125759
33,272,100.200,47531,18.422750
33,273,4.035,47531,0.596569
33,274,1504.862,47531,296.690021
33,275,256.952,47531,43.945307
33,276,833.456,47531,178.219398
33,277,610.313,47531,106.024259
33,278,179.285,47531,29.794851
33,279,23.835,47531,3.408353
33,280,91.901,47531,14.142932
33,281,816.555,47531,212.774731
33,282,2278.565,47531,424.992657
33,283,6626.483,47531,1732.665644
33,284,299.615,47531,38.771692
33,285,25.779,47531,4.532662
33,286,625.929,47531,113.192800
33,287,225.845,47531,46.617160
33,288,303.457,47531,90.106809
33,289,100.376,47531,15.924346
33,290,683.640,47531,102.481113
33,291,630.489,47531,144.109637
33,292,284.374,47531,56.667902
33,293,193.657,47531,78.863391
33,294,661.942,47531,152.075418
33,295,367.609,47531,98.934716
33,296,156.600,47531,23.701657
33,297,414.797,47531,77.784877
33,298,409.076,47531,98.078680
33,299,903.729,47531,248.656185
33,300,307.902,47531,52.001728
33,301,1446.447,47531,392.195257
33,302,26.671,47531,3.820963
33,303,91.089,47531,20.478456
33,304,99.872,47531,17.948122
33,305,568.762,47531,103.929273
33,306,2209.501,47531,665.786141
33,307,866.348,47531,154.823621
33,308,232.789,47531,43.468209
33,309,330.435,47531,142.878178
33,310,667.261,47531,107.561442
33,311,739.885,47531,147.572358
33,312,646.339,47531,124.351418
33,313,602.021,47531,184.561929
33,314,97.264,47531,22.324816
33,315,673.006,47531,156.355741
33,316,995.664,47531,183.924476
33,317,2131.062,47531,427.507747
33,318,765.138,47531,158.628469
33,319,494.727,47531,100.233154
33,320,157.774,47531,28.828914
33,321,0.600,47531,0.045586
33,322,567.795,47531,145.082727
33,323,292.833,47531,47.281046
33,324,653.104,47531,136.150237
33,325,507.873,47531,111.188104
33,326,859.635,47531,242.992034
33,327,1941.212,47531,355.784635
33,328,1206.718,47531,272.189725
33,329,167.555,47531,25.613064
33,330,530.157,47531,117.211736
33,331,731.411,47531,137.018428
33,332,1115.445,47531,401.262900
33,333,334.569,47531,58.933728
33,334,191.873,47531,45.567005
33,335,18.887,47531,6.691456
33,336,3.000,47531,0.906371
33,337,594.843,47531,97.795582
33,338,169.218,47531,27.571283
33,339,7322.169,47531,1770.671193
33,340,2894.874,47531,970.972776
33,341,8.400,47531,1.123955
33,342,171.043,47531,23.276209
33,343,2905.046,47531,608.633123
33,344,131.719,47531,27.664439
33,345,253.536,47531,81.741128
33,346,499.823,47531,116.064772
33,347,534.778,47531,102.895260
33,348,203.018,47531,37.755589
33,349,64.110,47531,11.501329
33,350,169.944,47531,46.231002
33,351,578.148,47531,104.658686
33,352,37.200,47531,6.227843
33,353,2.235,47531,0.247093
33,354,192.075,47531,31.366413
33,355,331.351,47531,66.732050
33,356,180.182,47531,22.182635
33,357,70.412,47531,15.327857
33,358,432.160,47531,140.418713
33,359,1563.180,47531,329.153883
33,360,552.634,47531,82.630916
33,361,78.600,47531,22.027177
33,362,2824.428,47531,484.851188
33,363,66.048,47531,14.588637
33,364,1603.380,47531,281.586844
33,365,335.449,47531,83.385057
33,366,1075.891,47531,366.856779
33,367,429.369,47531,94.778247
33,368,356.216,47531,65.699541
33,369,6677.883,47531,1541.041476
33,370,117.653,47531,22.902819
33,371,300.751,47531,72.698238
33,372,73.142,47531,12.104352
33,373,496.727,47531,117.150332
33,374,297.360,47531,52.632769
33,375,6.589,47531,0.827011
33,376,189.304,47531,31.142107
33,377,3.600,47531,1.230796
33,378,360.792,47531,97.884871
33,379,132.600,47531,23.950046
33,380,381.901,47531,61.489184
33,381,1310.164,47531,283.771130
33,382,6.000,47531,0.863669
33,383,16.200,47531,2.409767
34,0,386.312,47531,86.545347
34,1,486.522,47531,113.045978
34,2,2.235,47531,0.317244
34,3,963.389,47531,218.864965
34,4,812.645,47531,184.745945
34,5,64.641,47531,14.057010
34,6,636.723,47531,141.272117
34,7,1395.295,47531,236.590608
34,8,1572.702,47531,367.271885
34,9,936.984,47531,231.238290
34,10,30.871,47531,4.057923
34,11,185.466,47531,37.562702
34,12,361.663,47531,67.395203
34,13,85.944,47531,21.924448
34,14,608.045,47531,133.977675
34,15,438.261,47531,79.435060
34,16,391.243,47531,61.730569
34,17,323.608,47531,106.031628
34,18,456.585,47531,111.974526
34,19,477.362,47531,96.772727
34,20,1102.772,47531,211.127861
34,21,114.420,47531,27.427094
34,22,984.205,47531,161.001916
34,23,1.635,47531,0.264086
34,24,4654.628,47531,1371.510012
34,25,467.333,47531,112.140191
34,26,215.076,47531,47.429420
34,27,384.750,47531,88.469556
34,28,12.754,47531,1.964551
34,29,123.186,47531,22.477438
34,30,3.000,47531,0.537623
34,31,851.413,47531,172.251157
34,32,982.816,47531,263.748481
34,33,90.112,47531,22.431932
34,34,189.325,47531,21.874558
34,35,14.427,47531,2.474704
34,36,63.075,47531,10.859175
34,37,115.635,47531,26.423111
34,38,295.744,47531,54.241353
34,39,67.168,47531,11.410989
34,40,164.400,47531,49.877164
34,41,13.625,47531,1.874262
34,42,231.839,47531,56.873403
34,43,538.823,47531,97.307124
34,44,7776.950,47531,1365.400950
34,45,645.958,47531,86.471850
34,46,692.212,47531,143.377073
34,47,108.288,47531,18.475235
34,48,1505.812,47531,370.959575
34,49,726.828,47531,195.639249
34,50,398.594,47531,127.730674
34,51,179.671,47531,35.250473
34,52,610.785,47531,156.086299
34,53,175.025,47531,36.065233
34,54,10436.624,47531,3137.024610
34,55,189.919,47531,52.590276
34,56,81.298,47531,13.822115
34,57,84.749,47531,18.478933
34,58,221.406,47531,36.890740
34,59,54.435,47531,12.049465
34,60,203.019,47531,35.478444
34,61,414.641,47531,77.637935
34,62,134.199,47531,30.654345
34,63,72.898,47531,12.181114
34,64,214.412,47531,56.184430
34,65,6912.203,47531,1989.039036
34,66,403.723,47531,82.069901
34,67,152.242,47531,44.928613
34,68,1611.174,47531,368.533400
34,69,5342.182,47531,1320.801099
34,70,539.787,47531,100.037288
34,71,27.393,47531,5.297971
34,72,347.947,47531,82.895702
34,73,6876.190,47531,1730.342136
34,74,981.513,47531,193.381260
34,75,449.805,47531,85.680076
34,76,65.459,47531,8.183208
34,77,9.106,47531,1.155716
34,78,563.740,47531,101.869878
34,79,246.162,47531,42.908343
34,80,689.221,47531,235.477511
34,81,819.443,47531,271.302476
34,82,1599.787,47531,430.914980
34,83,160.577,47531,42.496407
34,84,487.410,47531,117.750597
34,85,73.084,47531,10.202541
34,86,53.506,47531,9.427422
34,87,116.284,47531,16.605615
34,88,82.025,47531,17.915217
34,89,96.457,47531,22.796051
34,90,506.048,47531,207.654525
34,91,83.799,47531,20.125967
34,92,386.942,47531,85.807722
34,93,172.800,47531,39.487175
34,94,609.617,47531,159.129624
34,95,469.573,47531,93.273037
34,96,315.547,47531,53.727895
34,97,308.880,47531,55.982895
34,98,27.908,47531,4.081491
34,99,145.901,47531,55.046023
34,100,738.131,47531,230.304401
34,101,1642.470,47531,260.497488
34,102,13.248,47531,1.957417
34,103,2216.582,47531,714.292833
34,104,122.029,47531,18.217980
34,105,589.720,47531,125.260203
34,106,543.035,47531,108.889341
34,107,666.703,47531,168.767492
34,108,757.010,47531,216.783173
34,109,140.066,47531,29.682933
34,110,856.111,47531,227.647644
34,111,409.090,47531,101.854481
34,112,3081.272,47531,652.801859
34,113,16.200,47531,4.878703
34,114,20.400,47531,5.088370
34,115,1409.507,47531,294.705525
34,116,262.078,47531,69.865535
34,117,412.976,47531,117.042575
34,118,9.871,47531,1.622904
34,119,1014.540,47531,305.028046
34,120,998.045,47531,212.678995
34,121,59.400,47531,13.833074
34,122,1354.286,47531,241.548435
34,123,1008.516,47531,321.920098
34,124,315.739,47531,55.929842
34,125,517.206,47531,115.065228
34,126,190.546,47531,72.606333
34,127,458.947,47531,122.475102
34,128,1094.528,47531,278.038843
34,129,589.722,47531,154.430365
34,130,172.471,47531,36.834457
34,131,330.065,47531,65.499735
34,132,427.141,47531,70.267165
34,133,167.177,47531,31.742015
34,134,1199.758,47531,245.080621
34,135,43.083,47531,6.155081
34,136,19.981,47531,4.709140
34,137,460.415,47531,92.995519
34,138,1507.497,47531,380.822829
34,139,52.800,47531,7.035442
34,140,271.052,47531,56.372721
34,141,1085.725,47531,202.105998
34,142,166.678,47531,28.218875
34,143,101.283,47531,19.719346
34,144,217.181,47531,37.277906
34,145,6.600,47531,1.606101
34,146,806.215,47531,292.670624
34,147,292.031,47531,89.069329
34,148,7381.009,47531,2045.934462
34,149,844.203,47531,232.079450
34,150,43.402,47531,7.957000
34,151,8.612,47531,1.016699
34,152,329.269,47531,97.211432
34,153,19.906,47531,3.233622
34,154,782.715,47531,204.912675
34,155,854.943,47531,203.530393
34,156,193.789,47531,46.910880
34,157,115.322,47531,25.209921
34,158,392.115,47531,111.853989
34,159,456.848,47531,92.128212
34,160,321.083,47531,79.459418
34,161,123.495,47531,19.615729
34,162,4954.152,47531,1150.032514
34,163,76.737,47531,13.859441
34,164,1438.006,47531,286.036642
34,165,16.110,47531,6.004134
34,166,688.707,47531,106.099820
34,167,2802.052,47531,605.137049
34,168,497.277,47531,124.864787
34,169,266.238,47531,49.467331
34,170,1220.271,47531,227.968212
34,171,494.669,47531,112.372441
34,172,252.531,47531,51.126473
34,173,406.307,47531,66.102939
34,174,197.397,47531,45.663239
34,175,117.478,47531,16.675483
34,176,4.035,47531,0.588174
34,177,612.207,47531,141.265761
34,178,1645.923,47531,475.267831
34,179,1153.789,47531,317.670774
34,180,382.573,47531,32.644310
34,181,1250.753,47531,240.466446
34,182,65.209,47531,10.864255
34,183,3784.940,47531,859.375071
34,184,122.927,47531,21.777066
34,185,1052.053,47531,218.710736
34,186,549.532,47531,128.980037
34,187,618.591,47531,126.813170
34,188,968.684,47531,215.840826
34,189,29.400,47531,6.546704
34,190,175.105,47531,30.541451
34,191,148.200,47531,36.450832
34,192,451.443,47531,81.709389
34,193,389.222,47531,103.322054
34,194,44.496,47531,8.369462
34,195,20.602,47531,3.072996
34,196,482.415,47531,95.608088
34,197,0.000,47531,0.000000
34,198,317.433,47531,86.424022
34,199,115.057,47531,16.540005
34,200,636.937,47531,140.376241
34,201,517.356,47531,175.008896
34,202,0.600,47531,0.126638
34,203,596.705,47531,131.761938
34,204,1178.735,47531,333.506138
34,205,218.921,47531,34.422687
34,206,184.997,47531,38.989945
34,207,455.260,47531,73.928102
34,208,195.240,47531,33.641624
34,209,1392.144,47531,318.935811
34,210,583.462,47531,143.707889
34,211,336.542,47531,86.858208
34,212,304.306,47531,79.543623
34,213,650.932,47531,118.833643
34,214,225.889,47531,35.390853
34,215,645.251,47531,117.971122
34,216,172.907,47531,54.750300
34,217,110.783,47531,17.547301
34,218,336.919,47531,109.626617
34,219,4190.602,47531,1298.353266
34,220,237.919,47531,57.709148
34,221,332.332,47531,140.437973
34,222,28.816,47531,4.666308
34,223,914.787,47531,273.211964
34,224,294.444,47531,64.547004
34,225,717.708,47531,134.800129
34,226,175.970,47531,16.364063
34,227,394.153,47531,81.313310
34,228,563.714,47531,157.324274
34,229,482.724,47531,87.149890
34,230,27.000,47531,9.352928
34,231,265.031,47531,48.020003
34,232,78.271,47531,16.910407
34,233,250.678,47531,48.917688
34,234,349.590,47531,69.581872
34,235,12313.731,47531,4776.144952
34,236,660.728,47531,124.741837
34,237,123.112,47531,20.307046
34,238,67.800,47531,15.669243
34,239,560.232,47531,162.224893
34,240,157.939,47531,45.048030
34,241,425.641,47531,107.432708
34,242,191.284,47531,30.165708
34,243,396.478,47531,62.774335
34,244,30.600,47531,6.199839
34,245,2717.185,47531,659.699476
34,246,459.263,47531,105.926656
34,247,475.810,47531,90.600341
34,248,263.108,47531,85.505023
34,249,351.007,47531,71.568170
34,250,1182.610,47531,218.523197
34,251,187.508,47531,35.989136
34,252,603.581,47531,131.543671
34,253,622.824,47531,181.570558
34,254,53.166,47531,10.109911
34,255,118.939,47531,24.035488
34,256,147.064,47531,25.775282
34,257,84.696,47531,17.294208
34,258,5580.047,47531,1570.183569
34,259,3487.904,47531,768.688229
34,260,176.263,47531,31.200447
34,261,3070.244,47531,761.242382
34,262,1169.833,47531,242.291829
34,263,233.008,47531,43.641034
34,264,953.893,47531,222.648122
34,265,898.144,47531,257.170616
34,266,28.142,47531,4.728516
34,267,5.671,47531,0.911740
34,268,2095.102,47531,1559.646741
34,269,1145.539,47531,281.066681
34,270,291.871,47531,77.817992
34,271,524.967,47531,87.969324
34,272,13.800,47531,3.654115
34,273,67.737,47531,11.264059
34,274,1369.431,47531,240.838074
34,275,6412.294,47531,1358.493560
34,276,224.942,47531,41.579103
34,277,1190.232,47531,318.329723
34,278,679.839,47531,132.126342
34,279,161.949,47531,46.909682
34,280,3013.863,47531,837.298325
34,281,356.333,47531,89.245423
34,282,185.974,47531,32.272029
34,283,188.406,47531,70.196498
34,284,418.116,47531,102.621333
34,285,703.157,47531,150.187821
34,286,592.664,47531,126.112269
34,287,3911.935,47531,865.730655
34,288,1164.020,47531,214.586014
34,289,71.989,47531,14.196591
34,290,875.668,47531,195.593934
34,291,647.857,47531,129.330667
34,292,16.200,47531,2.793849
34,293,2038.325,47531,507.018072
34,294,427.043,47531,128.781376
34,295,2.400,47531,0.232877
34,296,469.541,47531,85.660761
34,297,1121.031,47531,273.836456
34,298,260.449,47531,47.964255
34,299,471.251,47531,123.421045
34,300,36.589,47531,8.577414
34,301,113.926,47531,20.829627
34,302,97.635,47531,17.596642
34,303,0.000,47531,0.000000
34,304,181.142,47531,41.549977
34,305,35.342,47531,7.241010
34,306,261.212,47531,84.339141
34,307,5878.391,47531,1222.143490
34,308,1747.692,47531,505.881864
34,309,407.985,47531,133.264208
34,310,76.025,47531,12.689398
34,311,214.896,47531,37.177993
34,312,209.243,47531,32.611898
34,313,116.252,47531,19.287800
34,314,127.200,47531,26.061394
34,315,28.412,47531,5.159297
34,316,841.987,47531,135.532012
34,317,1324.361,47531,275.010176
34,318,2063.169,47531,500.239283
34,319,4365.584,47531,949.351988
34,320,0.600,47531,0.117082
34,321,280.822,47531,56.376564
34,322,225.420,47531,54.133395
34,323,1299.924,47531,299.461179
34,324,681.585,47531,200.967013
34,325,844.894,47531,176.892871
34,326,123.637,47531,33.522627
34,327,262.408,47531,55.153631
34,328,373.158,47531,115.942079
34,329,480.147,47531,131.708405
34,330,346.052,47531,93.806868
34,331,122.862,47531,33.792304
34,332,735.125,47531,177.449787
34,333,819.104,47531,201.042021
34,334,101.825,47531,18.578508
34,335,439.164,47531,117.223953
34,336,618.576,47531,109.816233
34,337,605.422,47531,114.588927
34,338,353.573,47531,67.517443
34,339,168.319,47531,40.416509
34,340,114.128,47531,17.869640
34,341,491.532,47531,83.905317
34,342,1024.519,47531,231.733530
34,343,627.461,47531,107.205484
34,344,613.988,47531,554.378291
34,345,416.025,47531,71.041130
34,346,770.188,47531,194.771573
34,347,6.271,47531,0.778907
34,348,1195.661,47531,228.125683
34,349,205.599,47531,54.319256
34,350,351.270,47531,88.213957
34,351,551.954,47531,79.066879
34,352,385.900,47531,67.350563
34,353,72.452,47531,12.493263
34,354,80.857,47531,11.063849
34,355,999.017,47531,217.104525
34,356,585.893,47531,128.001655
34,357,481.296,47531,92.118453
34,358,829.616,47531,195.401812
34,359,288.037,47531,83.968151
34,360,183.602,47531,30.427039
34,361,195.664,47531,33.153164
34,362,50.496,47531,8.878842
34,363,71.506,47531,22.742579
34,364,61.460,47531,10.133216
34,365,247.155,47531,51.563360
34,366,924.172,47531,204.099913
34,367,170.119,47531,45.548124
34,368,1122.521,47531,254.319497
34,369,2637.325,47531,696.520444
34,370,770.459,47531,191.771633
34,371,231.330,47531,36.795805
34,372,157.185,47531,23.310098
34,373,1269.838,47531,251.048400
34,374,293.056,47531,63.034461
34,375,79.265,47531,11.073846
34,376,559.232,47531,146.370707
34,377,508.340,47531,96.128206
34,378,8.660,47531,1.239262
34,379,780.595,47531,159.037935
34,380,553.135,47531,126.186218
34,381,806.552,47531,266.633376
34,382,1635.830,47531,739.155874
34,383,333.998,47531,74.645872
35,0,72.802,47531,11.943306
35,1,169.218,47531,34.386840
35,2,184.477,47531,32.062166
35,3,201.602,47531,67.884774
35,4,1924.903,47531,513.574375
35,5,296.482,47531,48.250794
35,6,447.381,47531,69.623980
35,7,79.200,47531,16.195638
35,8,109.131,47531,27.091178
35,9,439.574,47531,100.246330
35,10,3.000,47531,0.382323
35,11,1115.341,47531,209.693484
35,12,91.099,47531,25.935404
35,13,641.927,47531,139.078276
35,14,104.671,47531,22.950737
35,15,99.176,47531,17.310488
35,16,335.884,47531,65.860866
35,17,660.469,47531,108.780183
35,18,573.141,47531,109.499567
35,19,443.967,47531,141.532876
35,20,418.679,47531,110.045561
35,21,170.214,47531,33.421250
35,22,55.635,47531,11.252125
35,23,166.875,47531,46.811900
35,24,4224.324,47531,1330.405234
35,25,2386.563,47531,632.787064
35,26,247.460,47531,63.150621
35,27,93.983,47531,15.889324
35,28,596.831,47531,112.558501
35,29,31.906,47531,6.106505
35,30,317.449,47531,50.028445
35,31,77.554,47531,13.672653
35,32,0.000,47531,0.000000
35,33,441.347,47531,111.725057
35,34,1415.490,47531,314.009264
35,35,213.926,47531,69.242021
35,36,397.206,47531,119.178119
35,37,172.412,47531,46.533995
35,38,2231.400,47531,629.619678
35,39,339.433,47531,75.844785
35,40,1350.374,47531,262.804165
35,41,3405.422,47531,758.111658
35,42,973.213,47531,274.566809
35,43,19.471,47531,2.530766
35,44,275.051,47531,61.358816
35,45,2.400,47531,0.756324
35,46,1554.053,47531,429.024586
35,47,277.222,47531,75.231199
35,48,5.835,47531,0.879052
35,49,724.819,47531,169.285131
35,50,103.126,47531,19.519486
35,51,1196.082,47531,272.683925
35,52,665.927,47531,147.668011
35,53,166.524,47531,36.534569
35,54,65.650,47531,9.439148
35,55,1.200,47531,0.272139
35,56,25.800,47531,4.959990
35,57,0.000,47531,0.000000
35,58,833.004,47531,209.326792
35,59,778.531,47531,210.001984
35,60,45.324,47531,6.511694
35,61,11909.297,47531,4370.877604
35,62,149.522,47531,25.944487
35,63,826.573,47531,218.401393
35,64,356.518,47531,91.866268
35,65,0.600,47531,0.131705
35,66,108.410,47531,19.107946
35,67,60.345,47531,9.753870
35,68,144.537,47531,27.980918
35,69,31.142,47531,10.034905
35,70,5473.842,47531,1191.839811
35,71,171.850,47531,45.095680
35,72,299.337,47531,61.714779
35,73,275.124,47531,58.726953
35,74,258.435,47531,70.880741
35,75,1143.765,47531,305.939996
35,76,555.486,47531,100.023711
35,77,273.151,47531,53.884628
35,78,133.217,47531,21.820729
35,79,1191.588,47531,306.458618
35,80,568.340,47531,147.898146
35,81,135.271,47531,24.892874
35,82,85.827,47531,15.065002
35,83,76.848,47531,13.706016
35,84,3426.668,47531,918.346146
35,85,160.456,47531,48.132427
35,86,333.357,47531,91.937531
35,87,336.400,47531,90.913342
35,88,1574.417,47531,478.657651
35,89,7139.352,47531,1447.479850
35,90,48.648,47531,7.979081
35,91,276.829,47531,60.373931
35,92,240.272,47531,62.294297
35,93,551.157,47531,122.961889
35,94,284.895,47531,62.331745
35,95,23.687,47531,6.439687
35,96,16.306,47531,2.310629
35,97,116.835,47531,25.002427
35,98,740.951,47531,169.615819
35,99,59.766,47531,7.536712
35,100,2312.408,47531,595.256945
35,101,74.151,47531,13.513573
35,102,286.828,47531,89.880411
35,103,2633.283,47531,523.997673
35,104,1403.128,47531,385.901130
35,105,97.460,47531,17.724652
35,106,308.560,47531,77.252094
35,107,808.067,47531,247.409377
35,108,172.918,47531,36.225386
35,109,84.542,47531,18.411645
35,110,690.546,47531,165.912664
35,111,116.751,47531,20.965057
35,112,522.139,47531,136.612281
35,113,449.633,47531,91.834204
35,114,315.756,47531,75.467567
35,115,1104.293,47531,234.309920
35,116,1033.807,47531,250.802873
35,117,639.705,47531,113.155177
35,118,1377.154,47531,415.037239
35,119,453.855,47531,111.822242
35,120,234.101,47531,43.180341
35,121,798.120,47531,169.422598
35,122,3372.459,47531,1070.212729
35,123,119.024,47531,18.991722
35,124,953.836,47531,222.988681
35,125,181.870,47531,41.330760
35,126,35.368,47531,4.731287
35,127,1270.598,47531,404.725360
35,128,0.000,47531,0.000000
35,129,99.701,47531,17.503297
35,130,580.166,47531,109.643380
35,131,165.701,47531,29.170838
35,132,198.086,47531,31.950588
35,133,474.803,47531,104.496495
35,134,189.303,47531,35.279115
35,135,138.462,47531,26.819979
35,136,397.812,47531,86.294973
35,137,0.000,47531,0.000000
35,138,6.600,47531,0.900511
35,139,448.477,47531,83.173010
35,140,1266.331,47531,274.879984
35,141,1223.880,47531,311.659451
35,142,11.342,47531,1.449037
35,143,0.000,47531,0.000000
35,144,755.849,47531,184.565249
35,145,510.277,47531,119.382383
35,146,320.907,47531,51.217618
35,147,209.114,47531,52.758468
35,148,3.000,47531,0.677198
35,149,293.125,47531,68.871492
35,150,30.579,47531,6.188538
35,151,227.471,47531,40.938295
35,152,996.244,47531,242.354384
35,153,3563.881,47531,739.856730
35,154,292.625,47531,67.156212
35,155,490.699,47531,117.678445
35,156,0.000,47531,0.000000
35,157,774.951,47531,210.462348
35,158,281.024,47531,59.582247
35,159,546.495,47531,78.888432
35,160,1081.129,47531,198.746573
35,161,425.577,47531,114.495872
35,162,1025.290,47531,197.327008
35,163,197.359,47531,33.132171
35,164,511.240,47531,91.662591
35,165,338.586,47531,104.073972
35,166,1141.182,47531,265.602180
35,167,215.326,47531,31.719634
35,168,65.979,47531,11.440549
35,169,495.389,47531,63.158138
35,170,228.973,47531,52.195866
35,171,4440.799,47531,1015.245374
35,172,305.278,47531,71.985868
35,173,170.119,47531,35.336197
35,174,2295.456,47531,718.737749
35,175,7.471,47531,1.103818
35,176,511.625,47531,112.194160
35,177,579.866,47531,196.791942
35,178,256.349,47531,51.502694
35,179,90.155,47531,14.435305
35,180,578.756,47531,101.187928
35,181,42.600,47531,6.917070
35,182,1526.936,47531,433.522512
35,183,85.566,47531,16.116514
35,184,130.301,47531,21.649355
35,185,93.845,47531,14.393159
35,186,266.166,47531,57.301314
35,187,586.101,47531,111.630038
35,188,86.400,47531,20.721977
35,189,1.800,47531,0.246882
35,190,195.314,47531,35.037386
35,191,1744.802,47531,356.890955
35,192,0.435,47531,0.079255
35,193,892.907,47531,204.514115
35,194,737.998,47531,150.798350
35,195,1420.021,47531,384.124995
35,196,164.039,47531,32.692853
35,197,754.577,47531,169.902811
35,198,210.319,47531,57.226752
35,199,817.659,47531,213.568478
35,200,689.779,47531,250.788394
35,201,772.270,47531,201.515852
35,202,1.200,47531,0.169772
35,203,616.246,47531,133.395969
35,204,261.193,47531,57.044778
35,205,429.604,47531,116.015888
35,206,927.478,47531,206.813259
35,207,629.104,47531,143.967373
35,208,84.574,47531,13.205298
35,209,342.855,47531,71.979237
35,210,320.684,47531,48.065771
35,211,408.982,47531,82.974775
35,212,370.980,47531,90.364261
35,213,1562.216,47531,512.094218
35,214,81.648,47531,31.802423
35,215,19199.386,47531,6049.611907
35,216,221.857,47531,43.262389
35,217,841.499,47531,162.324627
35,218,891.373,47531,237.778078
35,219,215.464,47531,44.717842
35,220,36.648,47531,7.376712
35,221,24.542,47531,4.200905
35,222,26.400,47531,5.103509
35,223,254.677,47531,57.402715
35,224,344.916,47531,75.870955
35,225,128.693,47531,19.227058
35,226,20.029,47531,7.626266
35,227,3405.162,47531,553.317645
35,228,46.142,47531,6.506624
35,229,517.233,47531,90.092361
35,230,511.171,47531,84.744094
35,231,1.800,47531,0.473449
35,232,505.623,47531,129.994315
35,233,589.232,47531,152.294586
35,234,647.672,47531,205.272229
35,235,4029.349,47531,777.592963
35,236,255.480,47531,73.746529
35,237,10984.639,47531,3730.566228
35,238,188.573,47531,39.240515
35,239,316.362,47531,66.717161
35,240,797.709,47531,188.742518
35,241,27.600,47531,4.392214
35,242,622.368,47531,136.935645
35,243,860.685,47531,254.460841
35,244,279.420,47531,72.810157
35,245,53.119,47531,5.722483
35,246,839.839,47531,211.788367
35,247,560.822,47531,112.177905
35,248,728.823,47531,184.653378
35,249,123.648,47531,25.104917
35,250,455.477,47531,123.263784
35,251,1079.666,47531,257.046901
35,252,2509.694,47531,574.295366
35,253,123.420,47531,21.316533
35,254,354.076,47531,85.725566
35,255,491.260,47531,109.184382
35,256,22.189,47531,3.146543
35,257,3.600,47531,0.904919
35,258,484.180,47531,114.321515
35,259,4601.860,47531,1056.599519
35,260,165.782,47531,35.930142
35,261,191.788,47531,29.033429
35,262,369.378,47531,65.035789
35,263,147.176,47531,26.341446
35,264,80.050,47531,12.535183
35,265,179.862,47531,40.212051
35,266,1593.672,47531,375.600841
35,267,235.896,47531,69.480359
35,268,168.675,47531,24.421395
35,269,46.306,47531,8.809642
35,270,278.852,47531,45.860784
35,271,439.416,47531,125.886265
35,272,100.189,47531,18.444330
35,273,927.612,47531,212.344539
35,274,318.899,47531,47.643542
35,275,760.552,47531,155.118088
35,276,55.779,47531,9.100011
35,277,588.272,47531,110.483772
35,278,126.739,47531,26.607126
35,279,457.777,47531,102.977759
35,280,417.664,47531,117.970512
35,281,533.750,47531,149.528651
35,282,228.325,47531,52.013823
35,283,111.000,47531,19.915223
35,284,770.980,47531,166.973192
35,285,615.458,47531,111.663982
35,286,1941.662,47531,455.977176
35,287,472.171,47531,100.055054
35,288,9.871,47531,1.494867
35,289,476.438,47531,143.362310
35,290,13.412,47531,1.669076
35,291,3.000,47531,0.765793
35,292,1853.560,47531,380.755479
35,293,1459.647,47531,539.273555
35,294,236.449,47531,51.837759
35,295,634.337,47531,144.613539
35,296,2377.896,47531,695.982031
35,297,0.600,47531,0.112473
35,298,374.101,47531,81.178158
35,299,214.016,47531,52.398790
35,300,208.471,47531,65.933561
35,301,0.600,47531,0.087269
35,302,74.968,47531,11.286945
35,303,950.172,47531,263.276447
35,304,710.235,47531,192.841708
35,305,266.496,47531,62.302282
35,306,6571.629,47531,1384.409284
35,307,476.684,47531,92.220280
35,308,19.577,47531,2.669665
35,309,294.457,47531,55.192324
35,310,801.597,47531,152.610035
35,311,1934.847,47531,358.618098
35,312,594.324,47531,172.334903
35,313,1126.104,47531,286.584489
35,314,37.758,47531,6.782209
35,315,1066.519,47531,208.654280
35,316,987.169,47531,488.429681
35,317,3009.317,47531,637.232969
35,318,424.189,47531,92.704756
35,319,402.404,47531,151.355729
35,320,234.569,47531,58.855365
35,321,334.795,47531,82.350641
35,322,264.484,47531,61.123628
35,323,129.000,47531,28.266224
35,324,1792.904,47531,422.551790
35,325,236.634,47531,34.521125
35,326,2091.185,47531,457.385736
35,327,108.356,47531,24.191682
35,328,168.808,47531,34.398069
35,329,110.103,47531,24.662284
35,330,665.445,47531,150.152405
35,331,47.453,47531,8.625032
35,332,1065.563,47531,263.603554
35,333,1015.801,47531,171.977898
35,334,435.261,47531,93.215030
35,335,2970.628,47531,616.215043
35,336,1569.830,47531,470.405672
35,337,357.367,47531,80.072750
35,338,393.400,47531,99.182451
35,339,632.717,47531,133.522966
35,340,304.451,47531,97.054735
35,341,447.155,47531,121.194311
35,342,117.600,47531,22.716287
35,343,55.614,47531,8.665859
35,344,545.157,47531,119.333450
35,345,443.405,47531,104.689225
35,346,1667.911,47531,462.418512
35,347,725.942,47531,178.621048
35,348,302.858,47531,60.207946
35,349,255.191,47531,48.904637
35,350,349.912,47531,90.261860
35,351,140.226,47531,25.587679
35,352,958.295,47531,235.128365
35,353,444.274,47531,120.003325
35,354,503.556,47531,148.539394
35,355,2669.469,47531,620.514825
35,356,2515.885,47531,469.617896
35,357,295.973,47531,55.297675
35,358,31.306,47531,7.290940
35,359,438.256,47531,104.136933
35,360,226.827,47531,53.363191
35,361,113.544,47531,18.345817
35,362,306.083,47531,58.802290
35,363,203.438,47531,47.787960
35,364,502.414,47531,99.699521
35,365,4495.252,47531,971.203546
35,366,162.271,47531,73.971519
35,367,222.496,47531,42.871850
35,368,369.017,47531,116.254632
35,369,345.596,47531,54.525102
35,370,480.563,47531,107.510102
35,371,210.538,47531,49.054982
35,372,205.020,47531,55.690156
35,373,184.955,47531,37.730405
35,374,488.506,47531,102.580955
35,375,0.000,47531,0.000000
35,376,226.765,47531,53.572284
35,377,1466.036,47531,303.904990
35,378,1848.005,47531,431.192844
35,379,312.978,47531,68.965367
35,380,183.653,47531,25.311064
35,381,634.450,47531,139.540785
35,382,712.914,47531,172.620812
35,383,1704.083,47531,353.072038
36,0,220.706,47531,32.526089
36,1,4190.552,47531,941.496553
36,2,145.742,47531,32.035390
36,3,860.856,47531,192.618382
36,4,738.271,47531,255.009178
36,5,155.400,47531,31.639550
36,6,203.108,47531,52.888870
36,7,752.022,47531,293.911337
36,8,322.949,47531,82.893403
36,9,1578.263,47531,365.888811
36,10,105.706,47531,24.790982
36,11,100.306,47531,16.697024
36,12,792.928,47531,213.277661
36,13,700.029,47531,182.372703
36,14,347.541,47531,60.699945
36,15,282.553,47531,67.340910
36,16,567.714,47531,123.505061
36,17,637.972,47531,183.344762
36,18,145.986,47531,24.822262
36,19,128.825,47531,36.080972
36,20,3.600,47531,0.894404
36,21,646.540,47531,166.192679
36,22,1532.880,47531,285.683866
36,23,61.200,47531,19.106833
36,24,348.377,47531,81.735128
36,25,276.478,47531,92.562424
36,26,746.534,47531,181.179231
36,27,595.768,47531,154.769639
36,28,1815.095,47531,403.430876
36,29,502.566,47531,98.882717
36,30,100.365,47531,19.937917
36,31,155.385,47531,22.626558
36,32,146.672,47531,32.788446
36,33,84.096,47531,12.778372
36,34,181.785,47531,28.659068
36,35,99.075,47531,17.571124
36,36,1267.480,47531,384.399668
36,37,248.634,47531,54.661233
36,38,39.744,47531,5.880851
36,39,0.000,47531,0.000000
36,40,138.260,47531,19.745597
36,41,1853.604,47531,412.653072
36,42,543.495,47531,94.956338
36,43,987.327,47531,270.235451
36,44,65.235,47531,18.290223
36,45,500.696,47531,160.729867
36,46,200.932,47531,46.096540
36,47,772.752,47531,226.682105
36,48,24.425,47531,3.563044
36,49,0.000,47531,0.000000
36,50,513.242,47531,134.266900
36,51,554.064,47531,118.149028
36,52,1257.782,47531,360.729418
36,53,104.235,47531,28.798157
36,54,17.400,47531,2.809544
36,55,401.031,47531,106.644292
36,56,553.073,47531,90.073777
36,57,517.245,47531,160.508641
36,58,310.589,47531,61.874907
36,59,1429.142,47531,441.593095
36,60,444.049,47531,138.048373
36,61,323.865,47531,58.617357
36,62,139.600,47531,25.531880
36,63,575.917,47531,162.201426
36,64,355.360,47531,57.412264
36,65,713.840,47531,188.617166
36,66,18.600,47531,2.525849
36,67,261.053,47531,73.075036
36,68,2.400,47531,0.683757
36,69,1298.961,47531,261.999226
36,70,140.235,47531,49.626538
36,71,1170.952,47531,262.321096
36,72,399.298,47531,106.069405
36,73,611.573,47531,184.714471
36,74,174.983,47531,55.226514
36,75,3.000,47531,0.581849
36,76,1821.454,47531,472.841011
36,77,996.292,47531,231.618429
36,78,214.237,47531,35.002040
36,79,219.898,47531,57.355463
36,80,3181.838,47531,770.068226
36,81,11.400,47531,2.318961
36,82,5396.728,47531,1344.414288
36,83,318.991,47531,56.370416
36,84,1275.870,47531,322.323383
36,85,459.094,47531,194.349960
36,86,4.800,47531,1.045921
36,87,520.907,47531,85.006479
36,88,9.000,47531,1.432429
36,89,84.027,47531,15.357924
36,90,30.404,47531,8.466241
36,91,491.036,47531,91.002286
36,92,0.600,47531,0.032417
36,93,1575.125,47531,291.323487
36,94,235.313,47531,43.271540
36,95,1573.635,47531,441.368498
36,96,135.988,47531,25.946547
36,97,19.306,47531,2.844300
36,98,1526.627,47531,417.498506
36,99,855.349,47531,253.481214
36,100,775.772,47531,242.248728
36,101,345.309,47531,70.188324
36,102,1384.387,47531,277.575649
36,103,808.772,47531,179.539950
36,104,191.650,47531,29.991571
36,105,32.310,47531,4.933543
36,106,173.432,47531,37.430921
36,107,141.044,47531,36.575294
36,108,645.575,47531,122.588377
36,109,71.873,47531,12.849205
36,110,9.377,47531,1.351704
36,111,1117.100,47531,108.061494
36,112,121.131,47531,29.245185
36,113,471.498,47531,123.658030
36,114,1844.404,47531,341.860604
36,115,21.600,47531,4.015159
36,116,117.685,47531,28.200072
36,117,32.708,47531,6.258272
36,118,311.348,47531,54.168452
36,119,137.395,47531,27.591953
36,120,70.970,47531,11.446832
36,121,1635.539,47531,340.838909
36,122,21.027,47531,2.387939
36,123,886.391,47531,203.566265
36,124,52.099,47531,7.740461
36,125,126.606,47531,22.282552
36,126,1779.012,47531,378.729032
36,127,304.758,47531,89.254685
36,128,125.316,47531,17.301283
36,129,154.524,47531,39.463077
36,130,363.957,47531,129.665170
36,131,0.000,47531,0.000000
36,132,63.818,47531,9.725047
36,133,6289.345,47531,1525.073882
36,134,1169.942,47531,271.079440
36,135,997.833,47531,183.201744
36,136,164.311,47531,25.398815
36,137,33.791,47531,5.570160
36,138,496.021,47531,151.050719
36,139,596.862,47531,144.111273
36,140,8763.863,47531,2336.693395
36,141,205.370,47531,59.498337
36,142,444.018,47531,104.239528
36,143,205.864,47531,34.329293
36,144,95.847,47531,15.298271
36,145,194.071,47531,33.447675
36,146,5187.731,47531,1608.740577
36,147,265.860,47531,96.473860
36,148,68.283,47531,10.884283
36,149,556.924,47531,127.100166
36,150,692.152,47531,154.847657
36,151,198.154,47531,36.336179
36,152,329.024,47531,101.430695
36,153,4.306,47531,0.719711
36,154,58.237,47531,10.243716
36,155,91.200,47531,16.212764
36,156,172.981,47531,39.749952
36,157,940.201,47531,181.376358
36,158,14476.295,47531,4870.303129
36,159,259.020,47531,76.914282
36,160,889.064,47531,184.986503
36,161,119.826,47531,26.250622
36,162,238.770,47531,38.850779
36,163,1523.287,47531,461.382708
36,164,265.965,47531,68.949473
36,165,1522.826,47531,422.809860
36,166,531.628,47531,166.624168
36,167,1789.528,47531,374.399854
36,168,92.098,47531,18.876737
36,169,689.949,47531,165.960388
36,170,2242.382,47531,702.527974
36,171,2554.255,47531,556.635372
36,172,366.595,47531,84.244337
36,173,1294.431,47531,235.261899
36,174,800.515,47531,160.589740
36,175,59.453,47531,9.748852
36,176,182.008,47531,35.703244
36,177,259.802,47531,65.440187
36,178,157.142,47531,44.171692
36,179,408.638,47531,129.899786
36,180,615.739,47531,144.747896
36,181,115.412,47531,20.609453
36,182,482.077,47531,109.213450
36,183,870.662,47531,177.970023
36,184,473.415,47531,103.619482
36,185,136.865,47531,25.387571
36,186,394.154,47531,10.522567
36,187,254.496,47531,89.109624
36,188,32.108,47531,6.819703
36,189,200.942,47531,42.505971
36,190,1067.977,47531,202.758105
36,191,437.088,47531,84.625393
36,192,1428.703,47531,283.803838
36,193,7.800,47531,2.211765
36,194,354.028,47531,104.170833
36,195,452.492,47531,123.266838
36,196,1200.531,47531,334.136287
36,197,1164.964,47531,214.996587
36,198,3.000,47531,0.480820
36,199,262.354,47531,57.386879
36,200,182.300,47531,40.739999
36,201,4327.694,47531,1071.820505
36,202,832.137,47531,307.858139
36,203,151.476,47531,20.368331
36,204,2874.112,47531,629.599758
36,205,148.593,47531,35.275065
36,206,3.000,47531,0.511516
36,207,129.638,47531,24.117807
36,208,319.312,47531,82.061036
36,209,166.168,47531,35.082638
36,210,646.171,47531,182.660549
36,211,215.841,47531,41.477664
36,212,1055.308,47531,354.970419
36,213,254.278,47531,76.328196
36,214,8273.661,47531,1505.771200
36,215,532.456,47531,20.022424
36,216,100.960,47531,17.320060
36,217,167.348,47531,30.066005
36,218,130.954,47531,33.556923
36,219,309.023,47531,73.861783
36,220,2926.092,47531,974.004101
36,221,2586.382,47531,551.523649
36,222,135.345,47531,24.795342
36,223,574.434,47531,176.752204
36,224,191.055,47531,33.136628
36,225,170.071,47531,51.560886
36,226,1513.039,47531,284.205460
36,227,341.688,47531,76.298632
36,228,187.844,47531,27.653210
36,229,466.292,47531,108.480008
36,230,444.845,47531,80.618727
36,231,3266.261,47531,632.698197
36,232,1999.137,47531,521.267695
36,233,1288.415,47531,361.710779
36,234,603.008,47531,155.868874
36,235,57.064,47531,9.685060
36,236,279.967,47531,58.091094
36,237,4.800,47531,1.129243
36,238,1008.641,47531,255.549611
36,239,257.166,47531,39.483540
36,240,149.188,47531,22.244655
36,241,7.800,47531,1.313690
36,242,357.384,47531,82.230140
36,243,172.200,47531,41.849480
36,244,769.394,47531,272.107340
36,245,197.602,47531,38.255406
36,246,550.573,47531,100.360478
36,247,227.062,47531,39.291391
36,248,856.073,47531,253.862376
36,249,114.706,47531,30.189623
36,250,159.271,47531,53.583644
36,251,9.706,47531,1.237739
36,252,780.683,47531,168.598846
36,253,1310.186,47531,227.019261
36,254,72.871,47531,13.033088
36,255,395.058,47531,108.573764
36,256,23.400,47531,3.765046
36,257,255.553,47531,121.970602
36,258,460.567,47531,102.291062
36,259,127.683,47531,40.937832
36,260,205.306,47531,41.729354
36,261,282.600,47531,75.011287
36,262,746.094,47531,230.733075
36,263,28.635,47531,4.296714
36,264,447.314,47531,86.329584
36,265,4833.513,47531,2121.628889
36,266,512.766,47531,132.368755
36,267,17.777,47531,2.704119
36,268,349.701,47531,80.944624
36,269,81.101,47531,13.401172
36,270,194.544,47531,29.115775
36,271,361.233,47531,96.603504
36,272,534.016,47531,165.357930
36,273,443.184,47531,87.270819
36,274,185.262,47531,19.342421
36,275,22.954,47531,4.280768
36,276,210.537,47531,39.323883
36,277,837.396,47531,267.635501
36,278,104.400,47531,24.080425
36,279,1023.029,47531,264.883461
36,280,251.523,47531,44.408688
36,281,589.746,47531,142.070588
36,282,92.061,47531,15.586131
36,283,209.093,47531,41.313953
36,284,1647.579,47531,298.205339
36,285,218.252,47531,40.677236
36,286,348.744,47531,66.310355
36,287,505.131,47531,122.887693
36,288,1006.072,47531,174.247206
36,289,552.159,47531,135.535225
36,290,112.864,47531,23.652868
36,291,1094.690,47531,247.267736
36,292,740.495,47531,170.490954
36,293,507.070,47531,109.369033
36,294,184.440,47531,53.976737
36,295,105.000,47531,23.102635
36,296,576.156,47531,107.832741
36,297,1.800,47531,0.321233
36,298,279.701,47531,57.199375
36,299,385.933,47531,98.124466
36,300,1878.887,47531,483.571642
36,301,3360.154,47531,670.044555
36,302,1484.402,47531,305.632411
36,303,185.369,47531,36.053235
36,304,913.799,47531,176.056544
36,305,3032.855,47531,654.890472
36,306,285.755,47531,63.039847
36,307,218.342,47531,65.490410
36,308,323.438,47531,84.145271
36,309,21.345,47531,2.725472
36,310,785.125,47531,175.568750
36,311,660.550,47531,131.069154
36,312,29.671,47531,4.601641
36,313,5990.599,47531,1683.972231
36,314,679.035,47531,140.382952
36,315,1032.594,47531,255.051155
36,316,207.645,47531,34.667254
36,317,693.283,47531,151.618395
36,318,608.335,47531,105.343050
36,319,129.096,47531,20.497442
36,320,77.793,47531,11.713129
36,321,72.000,47531,14.897748
36,322,3299.922,47531,728.655555
36,323,523.708,47531,90.845949
36,324,651.266,47531,216.570553
36,325,367.329,47531,92.578853
36,326,6185.666,47531,1482.832602
36,327,2365.113,47531,589.171152
36,328,359.127,47531,79.177077
36,329,532.864,47531,102.525393
36,330,101.815,47531,19.543361
36,331,4.635,47531,0.709298
36,332,291.718,47531,68.743328
36,333,316.986,47531,93.022615
36,334,305.974,47531,60.574600
36,335,0.000,47531,0.000000
36,336,1031.458,47531,157.744772
36,337,1867.268,47531,688.189979
36,338,48.600,47531,9.192458
36,339,1234.763,47531,277.398271
36,340,246.830,47531,51.971520
36,341,0.600,47531,0.185180
36,342,267.351,47531,49.480570
36,343,682.952,47531,152.768803
36,344,54.037,47531,10.226340
36,345,210.542,47531,62.444748
36,346,1238.800,47531,568.363328
36,347,3.000,47531,0.780971
36,348,369.967,47531,86.180396
36,349,436.559,47531,105.428885
36,350,2853.909,47531,558.350009
36,351,3649.001,47531,1051.979258
36,352,235.800,47531,43.770461
36,353,2767.618,47531,576.624503
36,354,707.903,47531,145.391393
36,355,390.129,47531,107.065917
36,356,384.393,47531,105.789959
36,357,98.597,47531,23.169871
36,358,29.400,47531,7.618202
36,359,3236.631,47531,640.524163
36,360,18.000,47531,2.008220
36,361,731.212,47531,164.763088
36,362,534.734,47531,121.753723
36,363,1888.247,47531,401.715289
36,364,97.779,47531,14.559513
36,365,29.942,47531,8.566942
36,366,603.139,47531,134.295594
36,367,1543.466,47531,346.529381
36,368,183.887,47531,34.887055
36,369,619.918,47531,185.671950
36,370,528.591,47531,790.287710
36,371,402.781,47531,107.512367
36,372,2340.662,47531,675.594842
36,373,388.234,47531,75.732915
36,374,1314.689,47531,309.704137
36,375,52.800,47531,9.917527
36,376,78.000,47531,14.660733
36,377,364.283,47531,60.585430
36,378,451.861,47531,170.533424
36,379,74.193,47531,21.405212
36,380,1539.254,47531,422.145388
36,381,552.264,47531,104.013354
36,382,446.012,47531,118.491462
36,383,26.235,47531,3.531331
37,0,664.324,47531,128.010937
37,1,630.751,47531,112.412165
37,2,380.235,47531,119.727187
37,3,830.661,47531,169.630977
37,4,678.208,47531,118.030654
37,5,446.222,47531,106.235078
37,6,1270.296,47531,267.967577
37,7,2383.787,47531,892.734845
37,8,597.289,47531,137.447270
37,9,82.110,47531,16.678849
37,10,572.064,47531,157.163610
37,11,34.471,47531,5.635966
37,12,1280.886,47531,285.373261
37,13,698.153,47531,148.859491
37,14,360.198,47531,70.540703
37,15,348.618,47531,77.820955
37,16,1145.871,47531,477.938605
37,17,91.344,47531,12.929390
37,18,364.951,47531,86.351424
37,19,2317.179,47531,484.377278
37,20,531.126,47531,103.461583
37,21,181.168,47531,31.009980
37,22,2124.666,47531,374.564781
37,23,450.156,47531,153.447464
37,24,216.876,47531,37.112388
37,25,23.400,47531,3.075608
37,26,1080.094,47531,306.837591
37,27,168.133,47531,23.745704
37,28,291.033,47531,56.131932
37,29,69.754,47531,16.123820
37,30,1435.025,47531,542.883966
37,31,1304.418,47531,277.686318
37,32,792.090,47531,248.550179
37,33,607.596,47531,99.815983
37,34,328.616,47531,87.130980
37,35,1083.417,47531,217.662629
37,36,358.370,47531,74.424697
37,37,813.666,47531,182.116996
37,38,12778.692,47531,4427.505446
37,39,899.795,47531,235.273131
37,40,246.246,47531,42.529356
37,41,7.354,47531,1.180388
37,42,1796.034,47531,338.534652
37,43,1169.498,47531,289.140484
37,44,627.404,47531,114.713884
37,45,333.319,47531,61.990573
37,46,486.646,47531,145.549107
37,47,315.134,47531,46.620979
37,48,111.977,47531,28.208839
37,49,452.481,47531,72.192660
37,50,341.804,47531,60.118974
37,51,669.384,47531,120.903543
37,52,404.235,47531,122.002426
37,53,499.972,47531,137.950566
37,54,83.406,47531,10.832488
37,55,1980.352,47531,486.796961
37,56,692.696,47531,187.975998
37,57,103.800,47531,16.684367
37,58,499.648,47531,132.332762
37,59,200.491,47531,46.515716
37,60,37.906,47531,5.660778
37,61,330.511,47531,60.551690
37,62,88.577,47531,11.779472
37,63,1783.778,47531,403.786936
37,64,1890.924,47531,319.825285
37,65,186.850,47531,36.453789
37,66,607.499,47531,135.250990
37,67,1660.380,47531,267.732132
37,68,655.455,47531,203.074524
37,69,5099.922,47531,1285.322869
37,70,1173.975,47531,298.489968
37,71,1118.720,47531,260.373118
37,72,593.178,47531,118.608843
37,73,3040.479,47531,952.566360
37,74,133.535,47531,37.884053
37,75,262.200,47531,50.154868
37,76,732.617,47531,103.340712
37,77,509.747,47531,96.647622
37,78,1468.812,47531,564.263417
37,79,52.837,47531,10.278007
37,80,73.635,47531,14.674872
37,81,1020.985,47531,183.027681
37,82,277.557,47531,55.947240
37,83,1612.893,47531,420.525314
37,84,561.208,47531,119.626892
37,85,1091.726,47531,272.003442
37,86,105.600,47531,23.241331
37,87,131.506,47531,22.614469
37,88,2.400,47531,0.579279
37,89,1425.069,47531,385.132600
37,90,145.227,47531,28.965383
37,91,214.870,47531,46.280976
37,92,163.471,47531,46.457451
37,93,433.946,47531,92.446973
37,94,375.271,47531,81.361038
37,95,1083.398,47531,259.731249
37,96,2.235,47531,0.270554
37,97,888.405,47531,170.693078
37,98,724.843,47531,162.701951
37,99,244.498,47531,74.929026
37,100,676.931,47531,197.248064
37,101,227.284,47531,47.820130
37,102,633.566,47531,167.863766
37,103,77.814,47531,12.553498
37,104,357.601,47531,66.366453
37,105,605.177,47531,226.045432
37,106,208.556,47531,33.413776
37,107,192.899,47531,31.256346
37,108,0.600,47531,0.201755
37,109,94.200,47531,24.394187
37,110,409.180,47531,104.136469
37,111,488.650,47531,137.281659
37,112,568.812,47531,125.954427
37,113,277.633,47531,49.879865
37,114,122.671,47531,32.962568
37,115,88.673,47531,16.637027
37,116,792.323,47531,193.316130
37,117,289.270,47531,44.582787
37,118,125.958,47531,39.289366
37,119,1395.996,47531,230.217823
37,120,96.600,47531,22.750939
37,121,723.226,47531,183.946570
37,122,257.878,47531,62.133023
37,123,131.979,47531,33.248497
37,124,852.953,47531,272.371398
37,125,387.751,47531,57.762707
37,126,1079.392,47531,289.399863
37,127,778.043,47531,801.275932
37,128,1142.257,47531,366.900680
37,129,420.013,47531,73.022576
37,130,2727.755,47531,563.608513
37,131,1099.319,47531,185.331273
37,132,705.162,47531,106.160960
37,133,11.942,47531,2.388637
37,134,314.050,47531,52.893136
37,135,1658.039,47531,494.342533
37,136,449.239,47531,102.160633
37,137,75.824,47531,11.523399
37,138,955.002,47531,156.635571
37,139,34.896,47531,6.871719
37,140,436.672,47531,124.049783
37,141,276.022,47531,95.539669
37,142,58.545,47531,9.779495
37,143,350.612,47531,68.194642
37,144,487.276,47531,124.966857
37,145,230.907,47531,82.290429
37,146,1.200,47531,0.284760
37,147,520.656,47531,90.670704
37,148,787.656,47531,154.706649
37,149,56.612,47531,9.170527
37,150,55.737,47531,7.615828
37,151,1561.578,47531,303.514048
37,152,0.600,47531,0.013448
37,153,33.600,47531,4.697743
37,154,38.814,47531,6.201715
37,155,245.677,47531,26.272064
37,156,666.103,47531,129.393121
37,157,1515.144,47531,323.172566
37,158,191.326,47531,32.445676
37,159,6.271,47531,1.024566
37,160,1019.090,47531,234.292127
37,161,198.803,47531,36.769851
37,162,802.680,47531,193.792675
37,163,2621.536,47531,539.651772
37,164,58.954,47531,8.775283
37,165,202.386,47531,32.795137
37,166,2102.593,47531,266.683203
37,167,744.395,47531,163.918044
37,168,763.810,47531,137.095587
37,169,1032.417,47531,206.315163
37,170,620.539,47531,156.640476
37,171,580.196,47531,191.767808
37,172,889.076,47531,149.423937
37,173,268.498,47531,40.268722
37,174,1153.770,47531,303.740725
37,175,86.235,47531,16.758263
37,176,217.237,47531,59.208585
37,177,1018.890,47531,179.385815
37,178,201.957,47531,36.668642
37,179,338.635,47531,60.809128
37,180,451.977,47531,107.728823
37,181,1770.349,47531,336.251662
37,182,796.624,47531,227.227320
37,183,185.708,47531,44.263669
37,184,154.593,47531,24.751807
37,185,66.271,47531,10.366338
37,186,1008.435,47531,268.095200
37,187,506.470,47531,114.019894
37,188,324.538,47531,49.220907
37,189,284.204,47531,69.393399
37,190,260.842,47531,55.990039
37,191,404.985,47531,82.404631
37,192,4411.712,47531,1265.218486
37,193,0.600,47531,0.114881
37,194,1157.326,47531,296.966447
37,195,125.618,47531,23.429102
37,196,349.127,47531,57.977875
37,197,4843.874,47531,1583.988129
37,198,682.703,47531,205.541204
37,199,22.800,47531,3.562384
37,200,0.000,47531,0.000000
37,201,58.789,47531,9.282236
37,202,630.848,47531,119.101217
37,203,105.341,47531,14.152536
37,204,216.627,47531,36.063782
37,205,62.852,47531,12.137106
37,206,158.581,47531,37.790618
37,207,616.991,47531,105.386560
37,208,171.213,47531,25.811715
37,209,225.739,47531,42.687807
37,210,338.295,47531,61.736478
37,211,4.200,47531,1.058759
37,212,345.818,47531,96.384058
37,213,451.800,47531,86.426388
37,214,2140.573,47531,382.834626
37,215,110.835,47531,24.281581
37,216,59.804,47531,17.517390
37,217,991.127,47531,169.576698
37,218,2945.046,47531,678.830121
37,219,773.481,47531,146.470837
37,220,74.331,47531,8.691689
37,221,64.800,47531,10.789972
37,222,11.825,47531,1.420046
37,223,378.977,47531,89.448587
37,224,528.146,47531,166.033379
37,225,1580.503,47531,262.037295
37,226,169.668,47531,40.242476
37,227,859.594,47531,149.730084
37,228,4501.207,47531,1246.489581
37,229,0.600,47531,0.012573
37,230,2840.326,47531,744.414847
37,231,37.014,47531,6.422028
37,232,596.870,47531,171.488221
37,233,631.134,47531,146.692705
37,234,10650.326,47531,3967.790513
37,235,120.888,47531,18.468339
37,236,22.906,47531,3.297179
37,237,91.354,47531,12.132040
37,238,1554.578,47531,360.177091
37,239,398.374,47531,107.039870
37,240,2315.636,47531,502.738559
37,241,77.942,47531,13.523547
37,242,227.942,47531,59.542379
37,243,417.367,47531,99.909585
37,244,96.706,47531,19.362637
37,245,404.879,47531,149.878700
37,246,2104.132,47531,456.024694
37,247,214.062,47531,32.573763
37,248,311.316,47531,90.579365
37,249,40.583,47531,5.941329
37,250,503.928,47531,135.833035
37,251,191.862,47531,47.432758
37,252,275.014,47531,43.398406
37,253,577.712,47531,72.004513
37,254,636.742,47531,189.766033
37,255,132.589,47531,22.004470
37,256,762.272,47531,192.764114
37,257,114.319,47531,26.095625
37,258,410.889,47531,95.424408
37,259,520.393,47531,154.506690
37,260,402.351,47531,105.010255
37,261,36.600,47531,7.211870
37,262,612.098,47531,160.365329
37,263,286.185,47531,56.998674
37,264,108.956,47531,17.524978
37,265,1181.106,47531,228.764917
37,266,379.275,47531,80.571647
37,267,461.967,47531,112.789702
37,268,1917.526,47531,441.135514
37,269,200.193,47531,55.614756
37,270,107.374,47531,15.495679
37,271,190.673,47531,32.425983
37,272,1237.744,47531,381.152385
37,273,313.817,47531,85.473233
37,274,11.235,47531,1.583141
37,275,452.779,47531,110.972027
37,276,771.980,47531,159.639846
37,277,49.200,47531,5.416234
37,278,83.225,47531,13.745958
37,279,1307.040,47531,236.444046
37,280,232.052,47531,69.289008
37,281,415.202,47531,87.062612
37,282,4466.172,47531,1017.328252
37,283,378.813,47531,70.871017
37,284,48.754,47531,8.159040
37,285,428.491,47531,162.629106
37,286,143.735,47531,33.555516
37,287,2055.522,47531,501.681753
37,288,169.460,47531,48.805771
37,289,325.708,47531,46.287329
37,290,530.991,47531,51.510799
37,291,313.896,47531,72.257166
37,292,974.269,47531,176.406057
37,293,70.200,47531,15.324841
37,294,30.319,47531,3.331118
37,295,1680.063,47531,416.454680
37,296,693.054,47531,140.196737
37,297,341.455,47531,60.136393
37,298,1174.096,47531,266.174030
37,299,57.101,47531,11.886245
37,300,177.893,47531,26.603110
37,301,644.033,47531,190.601643
37,302,383.437,47531,104.961691
37,303,281.199,47531,61.104137
37,304,346.680,47531,55.449679
37,305,152.311,47531,21.267242
37,306,0.000,47531,0.000000
37,307,483.548,47531,162.704209
37,308,2221.917,47531,489.827307
37,309,4.200,47531,0.433960
37,310,900.533,47531,196.571485
37,311,170.698,47531,31.949641
37,312,79.800,47531,13.634313
37,313,4.200,47531,0.865477
37,314,16.306,47531,2.152781
37,315,876.573,47531,181.647967
37,316,603.850,47531,154.779322
37,317,1349.568,47531,374.004018
37,318,160.885,47531,26.112600
37,319,172.216,47531,27.710383
37,320,719.394,47531,118.399797
37,321,392.470,47531,84.950527
37,322,374.241,47531,170.242700
37,323,262.035,47531,61.298208
37,324,97.429,47531,18.298147
37,325,167.672,47531,23.338412
37,326,59.979,47531,9.323541
37,327,384.106,47531,72.503430
37,328,571.376,47531,104.176756
37,329,209.347,47531,33.719967
37,330,640.522,47531,118.665021
37,331,682.042,47531,122.974160
37,332,16.635,47531,2.590919
37,333,295.435,47531,122.740733
37,334,902.754,47531,191.222616
37,335,29.400,47531,4.834155
37,336,143.220,47531,25.083988
37,337,188.586,47531,44.627041
37,338,654.601,47531,204.675036
37,339,2898.473,47531,506.086436
37,340,127.912,47531,18.859991
37,341,689.924,47531,166.502521
37,342,4.800,47531,1.103976
37,343,520.861,47531,142.427056
37,344,5999.664,47531,2394.603957
37,345,1168.690,47531,216.612646
37,346,385.775,47531,79.193478
37,347,72.101,47531,12.819455
37,348,316.313,47531,66.412225
37,349,207.377,47531,54.205409
37,350,680.533,47531,129.451818
37,351,257.618,47531,50.022688
37,352,328.420,47531,52.160142
37,353,49.837,47531,8.573443
37,354,648.623,47531,174.406634
37,355,1595.263,47531,472.559013
37,356,6.000,47531,1.004114
37,357,138.510,47531,18.806272
37,358,807.176,47531,232.312938
37,359,8401.444,47531,2231.880369
37,360,4166.825,47531,709.978687
37,361,392.848,47531,102.981408
37,362,92.400,47531,22.786137
37,363,45.250,47531,6.856365
37,364,4982.829,47531,1326.709363
37,365,2620.939,47531,594.565222
37,366,1474.762,47531,390.657148
37,367,523.456,47531,134.400547
37,368,107.926,47531,16.229501
37,369,726.409,47531,146.191844
37,370,798.002,47531,100.927832
37,371,138.701,47531,22.285148
37,372,752.894,47531,117.180784
37,373,397.936,47531,103.186544
37,374,419.705,47531,70.606593
37,375,479.412,47531,151.718678
37,376,3.000,47531,0.726485
37,377,1230.638,47531,352.842204
37,378,182.501,47531,30.763234
37,379,17.554,47531,2.437025
37,380,7684.164,47531,1846.587961
37,381,704.839,47531,206.438703
37,382,85.057,47531,13.680080
37,383,2.400,47531,0.488954
38,0,82.450,47531,15.852734
38,1,52.248,47531,12.298464
38,2,220.420,47531,27.866223
38,3,3.600,47531,0.910310
38,4,59.724,47531,8.015188
38,5,1.800,47531,0.415276
38,6,1525.595,47531,517.550038
38,7,602.464,47531,97.106149
38,8,417.713,47531,64.812130
38,9,133.519,47531,19.855693
38,10,6897.988,47531,2502.500666
38,11,476.773,47531,113.313757
38,12,275.114,47531,50.070322
38,13,1117.531,47531,220.065130
38,14,116.162,47531,18.069393
38,15,378.362,47531,78.771450
38,16,4918.339,47531,1098.131416
38,17,1432.784,47531,311.849134
38,18,133.461,47531,17.956409
38,19,541.207,47531,140.144125
38,20,440.194,47531,122.469439
38,21,1903.564,47531,329.030272
38,22,157.949,47531,31.375073
38,23,507.209,47531,128.586219
38,24,10299.883,47531,3039.582217
38,25,362.587,47531,60.699204
38,26,492.861,47531,106.235738
38,27,1.471,47531,0.122351
38,28,461.052,47531,64.912407
38,29,355.982,47531,89.834987
38,30,4525.233,47531,1743.461533
38,31,865.814,47531,227.437643
38,32,62.283,47531,8.408288
38,33,1100.329,47531,442.107623
38,34,91.429,47531,22.923919
38,35,1074.248,47531,203.862667
38,36,142.610,47531,17.862146
38,37,549.338,47531,177.281768
38,38,181.291,47531,26.679098
38,39,185.103,47531,43.818936
38,40,387.255,47531,84.850560
38,41,272.321,47531,33.654786
38,42,13.800,47531,2.849561
38,43,568.175,47531,251.303279
38,44,131.214,47531,29.691914
38,45,32.273,47531,5.156131
38,46,151.673,47531,26.349454
38,47,46.577,47531,8.149241
38,48,390.576,47531,73.655301
38,49,269.385,47531,35.053147
38,50,780.066,47531,198.832214
38,51,419.371,47531,102.492341
38,52,3.600,47531,0.312911
38,53,167.799,47531,35.700178
38,54,374.231,47531,146.585616
38,55,794.407,47531,117.475508
38,56,65.235,47531,11.938948
38,57,391.418,47531,80.556678
38,58,739.550,47531,159.204381
38,59,768.285,47531,144.948872
38,60,1395.343,47531,360.088090
38,61,1617.613,47531,262.630260
38,62,160.280,47531,53.250712
38,63,416.963,47531,68.336386
38,64,516.028,47531,200.716659
38,65,31.035,47531,4.330903
38,66,101.008,47531,12.248262
38,67,1543.412,47531,962.722107
38,68,516.142,47531,115.646776
38,69,887.818,47531,161.788475
38,70,1653.550,47531,521.935312
38,71,603.183,47531,105.548532
38,72,0.000,47531,0.000000
38,73,5040.116,47531,1110.242899
38,74,176.751,47531,40.499300
38,75,471.904,47531,131.272486
38,76,108.818,47531,15.245593
38,77,0.000,47531,0.000000
38,78,46.800,47531,5.627689
38,79,1055.345,47531,185.848268
38,80,2651.088,47531,959.001695
38,81,121.933,47531,19.600072
38,82,239.301,47531,34.511990
38,83,1291.324,47531,264.437713
38,84,131.512,47531,26.480634
38,85,2147.723,47531,524.866700
38,86,549.479,47531,127.360177
38,87,688.096,47531,160.076056
38,88,1754.857,47531,434.492312
38,89,177.706,47531,53.709753
38,90,828.491,47531,162.848421
38,91,1593.901,47531,460.248025
38,92,33.000,47531,6.492374
38,93,715.095,47531,112.025285
38,94,715.742,47531,192.361829
38,95,632.560,47531,140.758852
38,96,835.664,47531,251.664059
38,97,1340.660,47531,219.430999
38,98,422.762,47531,110.727334
38,99,54.000,47531,9.196502
38,100,777.290,47531,38.025829
38,101,492.580,47531,104.408044
38,102,10.200,47531,0.943548
38,103,1428.968,47531,341.880226
38,104,1142.758,47531,300.036039
38,105,119.231,47531,14.020724
38,106,5.400,47531,1.384094
38,107,312.436,47531,70.180525
38,108,781.528,47531,176.355400
38,109,80.406,47531,17.481796
38,110,987.003,47531,264.166119
38,111,0.000,47531,0.000000
38,112,440.980,47531,88.597124
38,113,126.824,47531,13.581204
38,114,41.204,47531,10.891316
38,115,1111.740,47531,150.635185
38,116,427.939,47531,60.703768
38,117,1131.398,47531,261.863004
38,118,13045.885,47531,5246.821683
38,119,136.322,47531,19.358310
38,120,91.837,47531,10.885818
38,121,71.012,47531,37.571878
38,122,489.728,47531,102.098045
38,123,171.691,47531,42.093416
38,124,101.039,47531,16.779568
38,125,1777.093,47531,331.825354
38,126,513.334,47531,123.126103
38,127,260.753,47531,44.462366
38,128,28.073,47531,3.475445
38,129,12.600,47531,3.206546
38,130,153.596,47531,21.176653
38,131,1934.035,47531,459.818860
38,132,155.002,47531,37.946556
38,133,1780.023,47531,231.616392
38,134,2209.448,47531,522.559437
38,135,40.514,47531,6.444357
38,136,0.600,47531,0.077084
38,137,105.091,47531,12.822712
38,138,710.809,47531,108.454833
38,139,1614.099,47531,303.961028
38,140,536.269,47531,84.537779
38,141,1606.684,47531,261.749672
38,142,92.554,47531,19.586282
38,143,0.000,47531,0.000000
38,144,5206.148,47531,1504.042876
38,145,169.062,47531,31.619908
38,146,171.914,47531,28.507155
38,147,538.846,47531,74.116435
38,148,3571.656,47531,948.113416
38,149,208.391,47531,30.946975
38,150,763.073,47531,169.289597
38,151,416.323,47531,55.071238
38,152,1895.060,47531,454.343574
38,153,525.341,47531,83.717452
38,154,223.011,47531,29.805503
38,155,729.477,47531,227.895822
38,156,16.471,47531,1.793027
38,157,420.616,47531,83.627262
38,158,614.857,47531,165.606382
38,159,291.787,47531,43.636408
38,160,261.022,47531,50.063531
38,161,0.600,47531,0.076746
38,162,861.751,47531,192.477007
38,163,135.744,47531,29.606590
38,164,9.106,47531,1.046393
38,165,165.952,47531,52.095018
38,166,112.635,47531,23.733567
38,167,1374.591,47531,237.154984
38,168,1556.926,47531,344.934132
38,169,834.637,47531,157.831772
38,170,950.764,47531,149.079506
38,171,930.878,47531,137.385138
38,172,73.991,47531,9.842018
38,173,832.145,47531,32.777616
38,174,238.117,47531,64.449382
38,175,83.512,47531,8.928193
38,176,699.168,47531,180.027448
38,177,790.248,47531,143.027642
38,178,179.124,47531,46.140363
38,179,733.335,47531,163.214250
38,180,0.000,47531,0.000000
38,181,560.566,47531,93.040720
38,182,699.825,47531,115.442100
38,183,630.757,47531,215.118660
38,184,3.000,47531,0.525336
38,185,117.266,47531,13.975970
38,186,1627.215,47531,453.892625
38,187,462.806,47531,72.382750
38,188,504.310,47531,65.804430
38,189,718.447,47531,79.625816
38,190,311.449,47531,71.883079
38,191,457.937,47531,90.470152
38,192,1127.647,47531,249.629379
38,193,717.201,47531,212.612181
38,194,277.494,47531,51.959242
38,195,1122.467,47531,184.418604
38,196,1101.776,47531,259.295565
38,197,576.478,47531,146.408664
38,198,567.299,47531,122.464234
38,199,1961.228,47531,476.090584
38,200,0.600,47531,0.127483
38,201,1086.191,47531,281.238720
38,202,992.504,47531,291.712263
38,203,319.901,47531,97.772045
38,204,184.121,47531,33.725801
38,205,181.333,47531,38.562367
38,206,248.629,47531,36.907603
38,207,673.579,47531,160.809121
38,208,2181.691,47531,579.078290
38,209,325.270,47531,55.227377
38,210,349.695,47531,56.250498
38,211,1116.731,47531,287.352149
38,212,428.194,47531,72.612191
38,213,806.077,47531,164.051887
38,214,859.489,47531,189.796223
38,215,621.952,47531,266.570976
38,216,412.182,47531,57.102447
38,217,997.103,47531,245.916190
38,218,193.594,47531,28.258318
38,219,1991.369,47531,425.061242
38,220,304.153,47531,47.280288
38,221,82.035,47531,8.139426
38,222,84.542,47531,12.284092
38,223,0.600,47531,0.033876
38,224,699.633,47531,102.689687
38,225,438.050,47531,138.576759
38,226,1186.089,47531,229.150666
38,227,1210.926,47531,271.510831
38,228,248.916,47531,29.972777
38,229,54.483,47531,8.358836
38,230,1079.401,47531,269.762773
38,231,882.327,47531,230.810497
38,232,445.812,47531,109.973461
38,233,61.583,47531,7.931474
38,234,785.498,47531,285.178744
38,235,81.096,47531,9.032845
38,236,686.648,47531,229.998978
38,237,752.667,47531,253.813889
38,238,30.000,47531,6.315862
38,239,1838.582,47531,279.158344
38,240,158.289,47531,30.133672
38,241,88.800,47531,18.928156
38,242,583.521,47531,135.967774
38,243,48.871,47531,8.721321
38,244,562.620,47531,112.305631
38,245,405.585,47531,134.859112
38,246,1097.119,47531,362.381617
38,247,560.138,47531,92.956772
38,248,3.000,47531,0.713375
38,249,2401.407,47531,353.112288
38,250,494.158,47531,301.581741
38,251,244.505,47531,28.804715
38,252,363.691,47531,58.814711
38,253,327.442,47531,46.680709
38,254,607.866,47531,179.487707
38,255,354.871,47531,90.237915
38,256,273.889,47531,47.471163
38,257,6407.383,47531,2494.645727
38,258,413.423,47531,125.705865
38,259,271.377,47531,35.822374
38,260,680.556,47531,179.780783
38,261,775.095,47531,177.150779
38,262,63.000,47531,14.596380
38,263,286.853,47531,112.335703
38,264,352.600,47531,97.666181
38,265,1947.741,47531,622.246108
38,266,0.000,47531,0.000000
38,267,10.800,47531,2.060667
38,268,1663.011,47531,380.602992
38,269,240.851,47531,38.779027
38,270,151.976,47531,25.494532
38,271,503.098,47531,127.914175
38,272,175.412,47531,35.415203
38,273,693.147,47531,241.968602
38,274,136.747,47531,25.840815
38,275,0.000,47531,0.000000
38,276,463.860,47531,117.330095
38,277,663.646,47531,132.770374
38,278,1599.341,47531,308.280503
38,279,1.200,47531,0.446743
38,280,2759.615,47531,463.534025
38,281,299.620,47531,40.748975
38,282,499.971,47531,151.135541
38,283,1046.093,47531,276.133927
38,284,352.200,47531,85.860647
38,285,609.464,47531,127.858286
38,286,226.912,47531,66.722163
38,287,258.611,47531,46.874692
38,288,2074.354,47531,448.938380
38,289,2254.864,47531,464.220362
38,290,126.000,47531,28.966985
38,291,218.327,47531,28.148435
38,292,179.051,47531,22.998826
38,293,681.629,47531,152.187295
38,294,120.755,47531,17.158641
38,295,890.414,47531,80.310724
38,296,1716.854,47531,310.081350
38,297,0.000,47531,0.000000
38,298,1615.487,47531,311.253526
38,299,167.572,47531,20.130736
38,300,294.362,47531,50.369049
38,301,4685.922,47531,1312.396834
38,302,403.463,47531,71.972866
38,303,362.678,47531,67.056794
38,304,13.635,47531,2.410014
38,305,439.971,47531,134.259437
38,306,68.262,47531,7.625660
38,307,489.571,47531,105.530876
38,308,73.083,47531,13.021625
38,309,1030.310,47531,297.977909
38,310,238.270,47531,49.779950
38,311,540.046,47531,73.671526
38,312,786.368,47531,179.333955
38,313,52.035,47531,6.084746
38,314,363.733,47531,153.732143
38,315,476.428,47531,84.343012
38,316,605.397,47531,97.614033
38,317,350.980,47531,98.096439
38,318,3509.105,47531,806.958545
38,319,903.108,47531,160.375495
38,320,528.261,47531,114.196844
38,321,265.237,47531,69.959181
38,322,1788.917,47531,450.402872
38,323,353.496,47531,137.016377
38,324,525.435,47531,120.320342
38,325,775.435,47531,231.436205
38,326,586.073,47531,141.512872
38,327,153.048,47531,26.886357
38,328,2497.922,47531,574.242670
38,329,802.941,47531,149.617155
38,330,0.000,47531,0.000000
38,331,31.412,47531,4.702813
38,332,540.396,47531,117.696130
38,333,598.530,47531,100.592701
38,334,1071.884,47531,284.644240
38,335,383.119,47531,109.406997
38,336,107.873,47531,22.714987
38,337,39.812,47531,5.049696
38,338,237.404,47531,48.308123
38,339,294.691,47531,107.586277
38,340,1027.883,47531,216.020193
38,341,3.600,47531,0.582580
38,342,1926.361,47531,502.840962
38,343,36.600,47531,5.871812
38,344,1095.005,47531,156.412503
38,345,232.843,47531,72.168880
38,346,89.087,47531,10.322284
38,347,1584.422,47531,581.517535
38,348,397.035,47531,75.062429
38,349,166.099,47531,28.800397
38,350,179.416,47531,23.964192
38,351,382.753,47531,76.753575
38,352,359.109,47531,81.523143
38,353,3669.030,47531,798.898891
38,354,355.467,47531,70.073236
38,355,476.995,47531,86.468697
38,356,21.871,47531,2.938864
38,357,336.346,47531,69.079631
38,358,0.000,47531,0.000000
38,359,42.016,47531,5.046457
38,360,158.501,47531,30.044230
38,361,621.722,47531,150.739410
38,362,198.197,47531,29.286791
38,363,2398.160,47531,556.704866
38,364,2419.041,47531,721.399946
38,365,441.866,47531,101.239595
38,366,440.017,47531,68.776352
38,367,122.273,47531,14.866860
38,368,1168.320,47531,264.687206
38,369,856.717,47531,181.506158
38,370,1227.338,47531,190.822625
38,371,160.508,47531,21.246479
38,372,71.400,47531,13.525743
38,373,882.570,47531,132.589815
38,374,141.898,47531,45.323002
38,375,3670.138,47531,991.199322
38,376,482.470,47531,82.423757
38,377,152.177,47531,32.737313
38,378,833.784,47531,267.559227
38,379,253.445,47531,104.803266
38,380,578.089,47531,176.072742
38,381,45.000,47531,6.442616
38,382,129.579,47531,18.765879
38,383,614.980,47531,61.153655
39,0,2406.184,47531,460.404377
39,1,364.769,47531,68.161781
39,2,749.600,47531,171.967897
39,3,120.957,47531,12.632336
39,4,707.864,47531,166.177564
39,5,1130.225,47531,238.443223
39,6,3389.304,47531,922.524773
39,7,757.219,47531,382.652969
39,8,1543.316,47531,240.190908
39,9,81.000,47531,18.658469
39,10,879.741,47531,226.817501
39,11,51.106,47531,5.987186
39,12,318.459,47531,67.343993
39,13,241.026,47531,60.188415
39,14,1927.209,47531,1416.470018
39,15,538.965,47531,196.021230
39,16,1.800,47531,0.350059
39,17,4.800,47531,0.667013
39,18,5472.304,47531,1166.866338
39,19,149.895,47531,19.907513
39,20,3040.696,47531,603.286415
39,21,353.014,47531,63.566373
39,22,37.800,47531,6.261484
39,23,326.183,47531,97.804075
39,24,479.836,47531,112.265868
39,25,809.418,47531,359.960557
39,26,2326.145,47531,535.506289
39,27,1269.683,47531,189.849051
39,28,342.883,47531,78.849355
39,29,30.000,47531,7.540821
39,30,1442.587,47531,444.321745
39,31,200.235,47531,44.904613
39,32,3158.101,47531,656.385912
39,33,392.783,47531,66.666501
39,34,19.200,47531,3.221220
39,35,261.909,47531,47.807581
39,36,1248.634,47531,294.297754
39,37,234.837,47531,29.440932
39,38,918.980,47531,195.692232
39,39,3.600,47531,0.474687
39,40,150.107,47531,15.711678
39,41,806.515,47531,388.564180
39,42,643.562,47531,143.391718
39,43,1.200,47531,0.262946
39,44,147.435,47531,32.905948
39,45,486.061,47531,137.468709
39,46,0.000,47531,0.000000
39,47,602.033,47531,109.576083
39,48,268.563,47531,43.946061
39,49,62.453,47531,5.588979
39,50,622.484,47531,120.424136
39,51,415.785,47531,60.114547
39,52,159.898,47531,20.157764
39,53,887.507,47531,184.813919
39,54,2867.349,47531,717.435172
39,55,1110.157,47531,327.876655
39,56,964.629,47531,222.855805
39,57,3.600,47531,0.838460
39,58,1813.742,47531,349.273909
39,59,370.588,47531,101.909423
39,60,33.871,47531,2.762027
39,61,870.339,47531,154.814095
39,62,417.715,47531,99.181709
39,63,68.119,47531,5.380059
39,64,465.806,47531,84.825882
39,65,938.597,47531,207.458826
39,66,4234.051,47531,1282.303202
39,67,27.435,47531,4.308167
39,68,146.437,47531,17.929329
39,69,672.459,47531,114.122080
39,70,775.394,47531,103.127660
39,71,448.822,47531,73.279756
39,72,978.702,47531,229.943631
39,73,710.042,47531,95.294665
39,74,0.000,47531,0.000000
39,75,225.977,47531,69.005131
39,76,2400.832,47531,729.254777
39,77,6.000,47531,1.331756
39,78,451.246,47531,124.884929
39,79,68.400,47531,14.644146
39,80,1144.849,47531,265.692226
39,81,108.829,47531,24.973046
39,82,211.912,47531,43.171546
39,83,2574.449,47531,476.140697
39,84,1371.709,47531,344.279361
39,85,702.130,47531,163.055684
39,86,366.479,47531,63.936645
39,87,551.868,47531,327.313464
39,88,626.598,47531,164.166147
39,89,0.000,47531,0.000000
39,90,123.542,47531,24.508778
39,91,5974.141,47531,1166.088699
39,92,1077.578,47531,230.889804
39,93,244.197,47531,28.879143
39,94,621.177,47531,26.593925
39,95,110.337,47531,12.877686
39,96,520.543,47531,116.572316
39,97,904.988,47531,272.176729
39,98,432.130,47531,84.595220
39,99,1693.955,47531,471.724506
39,100,186.426,47531,24.098144
39,101,868.266,47531,212.800234
39,102,879.055,47531,226.679251
39,103,471.591,47531,111.002186
39,104,68.235,47531,11.968639
39,105,3.600,47531,0.444370
39,106,2889.263,47531,544.048435
39,107,273.113,47531,55.122446
39,108,0.000,47531,0.000000
39,109,698.957,47531,192.041381
39,110,293.741,47531,107.693608
39,111,191.162,47531,54.062455
39,112,1919.362,47531,478.699072
39,113,0.600,47531,0.288823
39,114,1.800,47531,0.406960
39,115,540.842,47531,141.896479
39,116,739.317,47531,221.281106
39,117,210.973,47531,28.526525
39,118,908.763,47531,239.573070
39,119,843.194,47531,136.217642
39,120,297.511,47531,61.994407
39,121,750.756,47531,137.255048
39,122,481.939,47531,89.385869
39,123,748.676,47531,120.529117
39,124,537.919,47531,115.676706
39,125,758.437,47531,224.800145
39,126,427.547,47531,132.074105
39,127,548.231,47531,113.914292
39,128,69.600,47531,17.428075
39,129,63.425,47531,9.198546
39,130,465.633,47531,90.251411
39,131,1392.848,47531,363.868136
39,132,21.627,47531,1.830647
39,133,2137.116,47531,423.865566
39,134,150.664,47531,25.696680
39,135,1324.812,47531,338.448335
39,136,958.750,47531,185.799145
39,137,1.200,47531,0.207262
39,138,100.519,47531,19.550178
39,139,514.493,47531,178.548861
39,140,54.435,47531,13.107867
39,141,1210.224,47531,329.708378
39,142,1471.771,47531,267.910169
39,143,6.000,47531,1.261591
39,144,620.205,47531,133.778213
39,145,458.454,47531,103.888076
39,146,622.264,47531,143.339700
39,147,323.518,47531,97.843665
39,148,647.852,47531,156.377291
39,149,1950.315,47531,376.481666
39,150,604.231,47531,106.108872
39,151,518.035,47531,124.785925
39,152,710.417,47531,98.751187
39,153,452.171,47531,51.993214
39,154,50.235,47531,4.834069
39,155,4897.884,47531,1098.962461
39,156,1650.340,47531,249.285929
39,157,293.332,47531,57.822741
39,158,93.133,47531,11.101693
39,159,636.221,47531,125.121507
39,160,1052.479,47531,150.546133
39,161,155.921,47531,23.090699
39,162,40.004,47531,8.269413
39,163,60.600,47531,9.791997
39,164,889.993,47531,196.406643
39,165,595.255,47531,138.139454
39,166,737.802,47531,115.005879
39,167,174.319,47531,20.491554
39,168,932.118,47531,320.999815
39,169,302.753,47531,47.035699
39,170,397.456,47531,66.558104
39,171,109.896,47531,21.292705
39,172,369.092,47531,59.278463
39,173,781.000,47531,103.656117
39,174,167.693,47531,5.735104
39,175,93.839,47531,10.687140
39,176,750.041,47531,102.262339
39,177,127.248,47531,27.029425
39,178,361.349,47531,284.176542
39,179,1900.669,47531,291.893983
39,180,6478.588,47531,2251.818276
39,181,817.320,47531,147.836617
39,182,317.624,47531,115.935268
39,183,293.236,47531,38.732274
39,184,424.978,47531,107.050690
39,185,745.747,47531,167.709759
39,186,2.400,47531,0.230080
39,187,630.486,47531,187.164930
39,188,277.095,47531,362.853339
39,189,1368.730,47531,334.408587
39,190,488.443,47531,174.310693
39,191,545.367,47531,66.893435
39,192,362.047,47531,45.497093
39,193,108.377,47531,21.257418
39,194,394.944,47531,52.524222
39,195,655.420,47531,136.523865
39,196,221.533,47531,43.083365
39,197,668.954,47531,85.072052
39,198,380.774,47531,66.721512
39,199,596.985,47531,65.164959
39,200,633.194,47531,174.168494
39,201,1581.724,47531,236.696066
39,202,2065.669,47531,536.613564
39,203,997.355,47531,286.511742
39,204,276.505,47531,61.675037
39,205,3889.675,47531,1645.470882
39,206,39.483,47531,4.866256
39,207,410.416,47531,67.330055
39,208,4160.015,47531,1612.653559
39,209,127.689,47531,13.592453
39,210,2933.186,47531,598.821556
39,211,6.600,47531,0.630027
39,212,226.800,47531,54.985253
39,213,424.339,47531,118.270500
39,214,128.258,47531,14.102470
39,215,2428.173,47531,719.841463
39,216,2426.864,47531,714.710812
39,217,49.673,47531,7.064733
39,218,82.737,47531,8.716913
39,219,0.000,47531,0.000000
39,220,404.911,47531,122.670533
39,221,2906.183,47531,668.693658
39,222,96.075,47531,18.455108
39,223,150.760,47531,28.541453
39,224,1109.246,47531,280.721790
39,225,46.800,47531,9.338422
39,226,202.191,47531,25.451475
39,227,42.542,47531,3.909370
39,228,1211.038,47531,240.818648
39,229,169.514,47531,74.708894
39,230,144.027,47531,27.194397
39,231,4931.654,47531,2115.021399
39,232,234.176,47531,33.248351
39,233,7.402,47531,0.715861
39,234,110.241,47531,10.567663
39,235,1533.880,47531,301.952340
39,236,271.393,47531,47.853915
39,237,412.344,47531,146.335051
39,238,198.441,47531,44.936799
39,239,16.800,47531,2.499494
39,240,472.051,47531,76.133303
39,241,195.203,47531,25.029471
39,242,511.750,47531,72.125049
39,243,2042.120,47531,501.671853
39,244,480.343,47531,105.093238
39,245,1.800,47531,0.274975
39,246,2071.948,47531,380.065987
39,247,431.375,47531,66.642886
39,248,53.071,47531,6.538989
39,249,0.000,47531,0.000000
39,250,360.505,47531,73.925630
39,251,0.000,47531,0.000000
39,252,219.144,47531,35.203977
39,253,74.385,47531,7.232181
39,254,455.672,47531,122.602875
39,255,601.371,47531,145.608381
39,256,711.327,47531,144.582841
39,257,566.406,47531,109.521415
39,258,6450.574,47531,2045.737164
39,259,67.726,47531,7.391095
39,260,203.406,47531,39.709760
39,261,1683.456,47531,537.237766
39,262,428.055,47531,63.280744
39,263,422.335,47531,55.991162
39,264,534.741,47531,48.552438
39,265,212.963,47531,29.939026
39,266,1511.471,47531,211.780456
39,267,1.200,47531,0.170468
39,268,1712.797,47531,509.930916
39,269,3614.060,47531,888.564844
39,270,4.200,47531,1.096742
39,271,59.400,47531,9.390461
39,272,566.519,47531,192.958089
39,273,210.665,47531,42.418699
39,274,71.602,47531,8.443118
39,275,329.397,47531,58.936946
39,276,332.921,47531,62.849073
39,277,626.274,47531,154.144775
39,278,192.452,47531,45.018219
39,279,334.690,47531,48.549744
39,280,0.000,47531,0.000000
39,281,1357.772,47531,359.419901
39,282,430.272,47531,49.730748
39,283,1143.370,47531,244.356017
39,284,1031.000,47531,215.543293
39,285,350.544,47531,62.809908
39,286,459.351,47531,70.888862
39,287,15.871,47531,1.579877
39,288,2743.616,47531,598.061076
39,289,429.941,47531,122.031552
39,290,142.238,47531,33.372894
39,291,425.528,47531,77.354481
39,292,130.264,47531,39.488419
39,293,944.971,47531,230.408586
39,294,535.913,47531,64.895090
39,295,1949.583,47531,717.199066
39,296,720.630,47531,209.400285
39,297,10.635,47531,1.816638
39,298,473.816,47531,170.830441
39,299,3.600,47531,0.864560
39,300,24.542,47531,2.728826
39,301,189.606,47531,66.260010
39,302,375.521,47531,80.745981
39,303,1880.453,47531,455.873354
39,304,865.683,47531,196.026553
39,305,131.235,47531,25.058127
39,306,251.836,47531,51.767357
39,307,798.898,47531,200.934063
39,308,509.661,47531,100.976526
39,309,42.542,47531,4.934274
39,310,137.624,47531,26.249813
39,311,399.555,47531,103.636340
39,312,849.182,47531,256.423380
39,313,948.042,47531,249.063808
39,314,408.495,47531,117.619211
39,315,25.944,47531,2.595744
39,316,0.600,47531,0.028490
39,317,629.066,47531,145.256349
39,318,497.577,47531,168.402055
39,319,785.688,47531,192.021567
39,320,0.000,47531,0.000000
39,321,0.000,47531,0.000000
39,322,1289.071,47531,220.543450
39,323,91.789,47531,10.805393
39,324,587.732,47531,118.147267
39,325,77.326,47531,8.534072
39,326,3201.811,47531,769.631109
39,327,180.696,47531,30.774574
39,328,732.959,47531,189.553883
39,329,168.696,47531,29.525761
39,330,964.239,47531,252.494984
39,331,132.643,47531,15.958915
39,332,2733.258,47531,440.427396
39,333,82.800,47531,17.628103
39,334,729.987,47531,162.870869
39,335,180.627,47531,30.558123
39,336,1288.020,47531,315.657245
39,337,412.541,47531,89.960945
39,338,0.600,47531,0.100570
39,339,364.057,47531,71.290074
39,340,1.200,47531,0.429364
39,341,796.924,47531,201.889985
39,342,16.742,47531,2.110086
39,343,82.200,47531,34.246936
39,344,79.806,47531,10.043531
39,345,0.600,47531,0.098005
39,346,1056.149,47531,342.597077
39,347,330.000,47531,79.460174
39,348,792.767,47531,194.414595
39,349,2544.287,47531,603.843898
39,350,235.089,47531,47.472493
39,351,191.363,47531,32.840081
39,352,1137.332,47531,375.648439
39,353,75.239,47531,5.650963
39,354,984.914,47531,238.997753
39,355,943.683,47531,342.865799
39,356,648.639,47531,67.953456
39,357,445.605,47531,159.092741
39,358,175.110,47531,25.652106
39,359,3277.804,47531,1144.300321
39,360,569.642,47531,130.736304
39,361,996.106,47531,278.100230
39,362,4929.058,47531,1875.961233
39,363,741.580,47531,159.078115
39,364,61.253,47531,6.708475
39,365,977.363,47531,265.475309
39,366,338.031,47531,52.246338
39,367,1168.896,47531,257.277856
39,368,1149.149,47531,359.731265
39,369,226.429,47531,35.838760
39,370,552.092,47531,100.516783
39,371,453.113,47531,77.516103
39,372,67.200,47531,11.295865
39,373,220.043,47531,20.749295
39,374,920.124,47531,99.963700
39,375,524.244,47531,129.757014
39,376,1.200,47531,0.110702
39,377,821.007,47531,230.794523
39,378,72.308,47531,22.838731
39,379,2588.419,47531,538.874824
39,380,537.496,47531,88.469964
39,381,570.760,47531,95.686958
39,382,320.708,47531,150.032145
39,383,180.305,47531,20.292247
