layer,expert,hits,layer_rows,weight
0,0,995,47531,239.979725
0,1,254,47531,38.610532
0,2,4399,47531,1002.346403
0,3,24,47531,3.772747
0,4,1341,47531,667.369649
0,5,477,47531,115.248821
0,6,27,47531,5.587530
0,7,127,47531,24.447362
0,8,488,47531,154.111792
0,9,489,47531,122.002954
0,10,1345,47531,344.626727
0,11,551,47531,94.070088
0,12,1012,47531,300.197983
0,13,1,47531,0.194458
0,14,316,47531,61.250393
0,15,872,47531,150.031968
0,16,146,47531,23.495364
0,17,664,47531,169.373125
0,18,281,47531,56.823186
0,19,38,47531,7.930261
0,20,180,47531,32.114038
0,21,158,47531,31.287433
0,22,147,47531,28.896747
0,23,148,47531,39.144118
0,24,502,47531,97.455870
0,25,206,47531,36.677094
0,26,473,47531,97.573463
0,27,159,47531,29.090041
0,28,1273,47531,276.809843
0,29,1109,47531,199.811877
0,30,1930,47531,389.694529
0,31,411,47531,82.800441
0,32,1049,47531,339.194505
0,33,359,47531,60.431108
0,34,373,47531,68.440803
0,35,4595,47531,1211.245011
0,36,673,47531,118.427588
0,37,28,47531,4.794804
0,38,688,47531,145.797936
0,39,1888,47531,377.591973
0,40,1134,47531,362.284470
0,41,1564,47531,385.498281
0,42,240,47531,59.120399
0,43,639,47531,103.054112
0,44,993,47531,172.971500
0,45,548,47531,112.797756
0,46,248,47531,39.810820
0,47,189,47531,37.658950
0,48,1278,47531,394.524089
0,49,1097,47531,224.848779
0,50,23,47531,6.124924
0,51,149,47531,22.448310
0,52,38,47531,8.845506
0,53,299,47531,45.850291
0,54,271,47531,48.921085
0,55,1689,47531,469.420030
0,56,615,47531,101.016965
0,57,258,47531,66.889321
0,58,142,47531,28.184265
0,59,843,47531,156.014282
0,60,332,47531,47.955692
0,61,737,47531,234.636213
0,62,281,47531,57.258571
0,63,214,47531,33.297145
0,64,1312,47531,326.973462
0,65,128,47531,22.572258
0,66,187,47531,35.244184
0,67,828,47531,266.045738
0,68,1206,47531,291.959123
0,69,2144,47531,493.928556
0,70,465,47531,74.955260
0,71,754,47531,141.935811
0,72,549,47531,105.077119
0,73,842,47531,209.994777
0,74,223,47531,40.874585
0,75,296,47531,58.702213
0,76,313,47531,70.247981
0,77,377,47531,145.676002
0,78,731,47531,125.871111
0,79,4,47531,0.989665
0,80,157,47531,51.976385
0,81,436,47531,77.555691
0,82,216,47531,34.951191
0,83,417,47531,93.319029
0,84,837,47531,214.077045
0,85,1374,47531,372.769699
0,86,1708,47531,460.044152
0,87,427,47531,63.455074
0,88,685,47531,109.951461
0,89,219,47531,38.496075
0,90,427,47531,62.800284
0,91,4278,47531,847.629116
0,92,321,47531,61.753744
0,93,34,47531,7.410965
0,94,901,47531,311.173765
0,95,209,47531,46.446431
0,96,383,47531,119.119524
0,97,434,47531,91.230633
0,98,649,47531,248.601427
0,99,90,47531,18.413927
0,100,69,47531,13.623821
0,101,693,47531,216.869618
0,102,495,47531,85.357683
0,103,26,47531,7.528456
0,104,769,47531,194.093234
0,105,1163,47531,247.921896
0,106,339,47531,52.593297
0,107,351,47531,63.037034
0,108,641,47531,112.895775
0,109,407,47531,83.207398
0,110,2712,47531,1015.954674
0,111,582,47531,158.321020
0,112,2176,47531,850.631728
0,113,333,47531,74.882455
0,114,169,47531,28.528770
0,115,1518,47531,410.472553
0,116,1907,47531,374.385339
0,117,366,47531,64.804870
0,118,1192,47531,272.458155
0,119,406,47531,67.841483
0,120,1699,47531,274.897524
0,121,267,47531,39.054159
0,122,1,47531,0.191447
0,123,64,47531,9.825885
0,124,1413,47531,313.091976
0,125,193,47531,30.411754
0,126,739,47531,139.544887
0,127,1153,47531,400.424755
0,128,930,47531,370.562770
0,129,402,47531,58.616750
0,130,1713,47531,498.357890
0,131,566,47531,112.571236
0,132,826,47531,130.372830
0,133,592,47531,114.313828
0,134,560,47531,186.615168
0,135,1311,47531,251.497218
0,136,491,47531,119.906705
0,137,89,47531,21.601326
0,138,1099,47531,243.464760
0,139,140,47531,34.550730
0,140,489,47531,116.543143
0,141,862,47531,193.800940
0,142,2368,47531,630.094354
0,143,768,47531,149.277774
0,144,280,47531,57.021918
0,145,638,47531,123.126533
0,146,292,47531,56.362360
0,147,564,47531,125.155641
0,148,339,47531,67.324043
0,149,926,47531,301.561585
0,150,532,47531,85.355049
0,151,347,47531,64.707609
0,152,1211,47531,269.062825
0,153,358,47531,58.978450
0,154,609,47531,168.141322
0,155,1024,47531,315.642121
0,156,773,47531,172.364666
0,157,576,47531,133.199586
0,158,948,47531,237.466290
0,159,1106,47531,219.712793
0,160,134,47531,20.506510
0,161,677,47531,118.335458
0,162,2282,47531,530.695235
0,163,149,47531,27.603594
0,164,242,47531,46.310235
0,165,612,47531,174.559067
0,166,516,47531,106.070647
0,167,825,47531,174.836652
0,168,521,47531,102.593791
0,169,646,47531,172.873888
0,170,1043,47531,297.030157
0,171,235,47531,44.920668
0,172,574,47531,205.003885
0,173,274,47531,71.831160
0,174,557,47531,199.540660
0,175,87,47531,15.670145
0,176,1350,47531,313.568895
0,177,102,47531,18.502034
0,178,204,47531,50.953276
0,179,50,47531,6.671724
0,180,1028,47531,183.230400
0,181,351,47531,71.999229
0,182,71,47531,14.400987
0,183,1465,47531,567.991559
0,184,542,47531,98.901053
0,185,675,47531,122.581750
0,186,431,47531,94.025686
0,187,239,47531,46.359968
0,188,971,47531,402.361797
0,189,565,47531,104.659901
0,190,332,47531,51.269629
0,191,451,47531,78.209450
0,192,378,47531,66.120267
0,193,482,47531,102.819951
0,194,429,47531,95.398001
0,195,332,47531,62.655092
0,196,609,47531,136.354384
0,197,1590,47531,391.754868
0,198,1927,47531,496.625162
0,199,90,47531,12.942304
0,200,436,47531,77.589817
0,201,846,47531,347.297917
0,202,19,47531,2.944047
0,203,1430,47531,495.892927
0,204,165,47531,37.592459
0,205,1106,47531,374.156060
0,206,2365,47531,668.668861
0,207,530,47531,94.168892
0,208,719,47531,149.807457
0,209,1038,47531,244.003969
0,210,22,47531,4.534816
0,211,591,47531,112.942279
0,212,2617,47531,565.846576
0,213,870,47531,301.000026
0,214,461,47531,80.189728
0,215,609,47531,130.968185
0,216,542,47531,137.942766
0,217,284,47531,42.383501
0,218,21,47531,2.729136
0,219,462,47531,93.053623
0,220,157,47531,30.350104
0,221,56,47531,12.486546
0,222,454,47531,94.347946
0,223,784,47531,150.130483
0,224,310,47531,45.045958
0,225,738,47531,163.841690
0,226,92,47531,19.942147
0,227,277,47531,47.229386
0,228,878,47531,200.060094
0,229,2402,47531,610.610065
0,230,432,47531,117.095732
0,231,569,47531,108.846148
0,232,855,47531,235.228401
0,233,21,47531,5.295966
0,234,584,47531,150.914081
0,235,125,47531,19.292199
0,236,1046,47531,229.863862
0,237,2938,47531,773.183679
0,238,1426,47531,437.722618
0,239,399,47531,61.838707
0,240,1924,47531,330.616504
0,241,831,47531,185.391036
0,242,3556,47531,865.170062
0,243,112,47531,18.046380
0,244,34,47531,6.549152
0,245,634,47531,113.584532
0,246,834,47531,141.174157
0,247,154,47531,26.771077
0,248,943,47531,239.003374
0,249,63,47531,14.949740
0,250,2027,47531,493.992453
0,251,666,47531,175.470387
0,252,266,47531,43.180562
0,253,989,47531,230.647170
0,254,745,47531,176.512015
0,255,159,47531,22.768809
0,256,602,47531,125.952619
0,257,519,47531,144.742430
0,258,617,47531,173.827966
0,259,502,47531,77.110798
0,260,941,47531,284.322100
0,261,471,47531,89.809151
0,262,1183,47531,239.338694
0,263,968,47531,247.607578
0,264,654,47531,121.257560
0,265,184,47531,29.390389
0,266,399,47531,126.319353
0,267,701,47531,193.216990
0,268,698,47531,270.226300
0,269,1955,47531,471.116959
0,270,1028,47531,383.621252
0,271,400,47531,79.359425
0,272,70,47531,13.009282
0,273,341,47531,83.015955
0,274,898,47531,266.478722
0,275,586,47531,126.089057
0,276,430,47531,95.762661
0,277,898,47531,304.793101
0,278,510,47531,136.888083
0,279,429,47531,68.592383
0,280,1135,47531,271.125418
0,281,270,47531,67.380267
0,282,1653,47531,319.221502
0,283,1052,47531,291.366562
0,284,264,47531,50.753612
0,285,960,47531,326.597313
0,286,1176,47531,308.229331
0,287,423,47531,82.743727
0,288,378,47531,71.081900
0,289,897,47531,232.117119
0,290,1450,47531,427.160681
0,291,560,47531,91.934045
0,292,1126,47531,281.516113
0,293,576,47531,177.259619
0,294,401,47531,84.960454
0,295,247,47531,81.904362
0,296,869,47531,203.001630
0,297,663,47531,155.151291
0,298,451,47531,78.687203
0,299,1778,47531,385.811862
0,300,768,47531,191.014024
0,301,551,47531,112.019252
0,302,1004,47531,379.989690
0,303,319,47531,51.776025
0,304,891,47531,164.379503
0,305,311,47531,62.096695
0,306,391,47531,98.085002
0,307,767,47531,308.461916
0,308,1354,47531,223.195229
0,309,105,47531,21.283603
0,310,1557,47531,304.368835
0,311,469,47531,125.711628
0,312,276,47531,46.858560
0,313,106,47531,15.840094
0,314,1686,47531,283.765536
0,315,165,47531,31.238105
0,316,345,47531,71.020860
0,317,1001,47531,239.042394
0,318,1039,47531,383.629639
0,319,625,47531,140.907348
0,320,472,47531,79.110907
0,321,1845,47531,375.360649
0,322,1059,47531,254.876737
0,323,1705,47531,514.209456
0,324,14883,47531,6199.906120
0,325,833,47531,174.152997
0,326,394,47531,66.968393
0,327,729,47531,133.793997
0,328,485,47531,86.900171
0,329,223,47531,56.542802
0,330,420,47531,88.336813
0,331,260,47531,48.937498
0,332,820,47531,157.516122
0,333,540,47531,118.053408
0,334,315,47531,55.766795
0,335,345,47531,93.264886
0,336,220,47531,40.584366
0,337,1064,47531,240.352476
0,338,1148,47531,270.985543
0,339,65,47531,11.687260
0,340,902,47531,219.573162
0,341,1173,47531,314.932403
0,342,599,47531,110.385276
0,343,904,47531,173.423046
0,344,233,47531,60.391635
0,345,725,47531,132.519937
0,346,272,47531,45.121811
0,347,1371,47531,653.215960
0,348,402,47531,97.264381
0,349,565,47531,123.571181
0,350,648,47531,106.040413
0,351,764,47531,160.661579
0,352,1042,47531,228.875505
0,353,963,47531,172.356883
0,354,477,47531,82.778567
0,355,840,47531,148.009077
0,356,554,47531,124.613044
0,357,702,47531,166.071357
0,358,416,47531,84.084976
0,359,357,47531,57.011027
0,360,37,47531,6.146750
0,361,830,47531,179.555015
0,362,584,47531,126.746672
0,363,602,47531,117.048428
0,364,401,47531,67.248126
0,365,309,47531,89.516546
0,366,970,47531,190.044027
0,367,1121,47531,276.498974
0,368,708,47531,201.794396
0,369,1109,47531,226.431618
0,370,1085,47531,212.400446
0,371,585,47531,98.547956
0,372,621,47531,92.942051
0,373,65,47531,15.021813
0,374,161,47531,33.207018
0,375,358,47531,100.922261
0,376,63,47531,11.240336
0,377,1601,47531,279.694335
0,378,1801,47531,706.955841
0,379,809,47531,251.833640
0,380,115,47531,18.955636
0,381,871,47531,177.851794
0,382,404,47531,70.477348
0,383,398,47531,62.481106
1,0,1037,47531,270.718402
1,1,250,47531,50.592053
1,2,218,47531,43.228218
1,3,418,47531,83.106370
1,4,1347,47531,429.164110
1,5,3142,47531,784.822846
1,6,815,47531,176.758863
1,7,354,47531,80.396775
1,8,443,47531,113.760247
1,9,4,47531,1.230856
1,10,662,47531,132.400074
1,11,508,47531,180.811144
1,12,1103,47531,361.820742
1,13,608,47531,121.021632
1,14,1167,47531,368.443027
1,15,586,47531,131.441429
1,16,324,47531,105.146099
1,17,42,47531,8.541177
1,18,116,47531,22.329905
1,19,760,47531,238.958479
1,20,505,47531,176.189231
1,21,193,47531,36.044566
1,22,1186,47531,330.058770
1,23,318,47531,63.517611
1,24,813,47531,221.759531
1,25,172,47531,31.236908
1,26,326,47531,72.012094
1,27,36,47531,7.444299
1,28,136,47531,25.399861
1,29,13,47531,2.973454
1,30,1032,47531,205.371172
1,31,297,47531,50.899310
1,32,464,47531,101.274485
1,33,470,47531,99.741624
1,34,374,47531,76.794441
1,35,745,47531,200.835995
1,36,250,47531,48.067371
1,37,139,47531,24.127680
1,38,269,47531,54.544261
1,39,276,47531,56.042318
1,40,28,47531,5.826915
1,41,197,47531,38.251461
1,42,215,47531,40.417670
1,43,1947,47531,360.030211
1,44,691,47531,139.899065
1,45,1096,47531,338.700595
1,46,195,47531,37.075977
1,47,1073,47531,226.945507
1,48,203,47531,40.046485
1,49,572,47531,159.984898
1,50,186,47531,33.880204
1,51,368,47531,76.141932
1,52,797,47531,148.471104
1,53,375,47531,56.745045
1,54,429,47531,88.284599
1,55,626,47531,123.738972
1,56,803,47531,333.576548
1,57,1477,47531,349.647773
1,58,18,47531,4.555946
1,59,607,47531,177.239208
1,60,178,47531,38.040384
1,61,344,47531,67.185555
1,62,948,47531,393.896925
1,63,261,47531,50.337267
1,64,640,47531,169.487280
1,65,1865,47531,441.416348
1,66,123,47531,32.395370
1,67,2460,47531,636.143346
1,68,314,47531,102.984591
1,69,134,47531,29.075096
1,70,359,47531,76.332878
1,71,460,47531,135.149636
1,72,1337,47531,360.903670
1,73,419,47531,105.191552
1,74,0,47531,0.000000
1,75,609,47531,266.705903
1,76,1,47531,0.209595
1,77,1288,47531,241.333204
1,78,1256,47531,290.731980
1,79,35,47531,7.025108
1,80,156,47531,31.413079
1,81,146,47531,28.321404
1,82,917,47531,215.190452
1,83,257,47531,47.150688
1,84,263,47531,49.844856
1,85,15530,47531,3234.758259
1,86,257,47531,62.522137
1,87,1657,47531,656.542615
1,88,957,47531,207.387291
1,89,1403,47531,395.693926
1,90,575,47531,130.927994
1,91,532,47531,133.647932
1,92,771,47531,203.891338
1,93,759,47531,169.435915
1,94,2132,47531,448.951317
1,95,828,47531,171.100936
1,96,181,47531,35.798478
1,97,385,47531,104.416930
1,98,1271,47531,324.511033
1,99,259,47531,48.240666
1,100,1315,47531,276.247462
1,101,1516,47531,419.446959
1,102,449,47531,93.766479
1,103,418,47531,62.771952
1,104,1101,47531,288.885320
1,105,514,47531,88.654751
1,106,1112,47531,257.177467
1,107,167,47531,33.938733
1,108,1623,47531,502.331375
1,109,396,47531,90.940610
1,110,1049,47531,286.508894
1,111,166,47531,31.884927
1,112,608,47531,137.176490
1,113,1464,47531,541.128529
1,114,1712,47531,518.611273
1,115,307,47531,69.503427
1,116,110,47531,23.703325
1,117,994,47531,260.975624
1,118,130,47531,24.206136
1,119,991,47531,437.922492
1,120,2900,47531,653.684935
1,121,274,47531,57.099170
1,122,770,47531,186.660707
1,123,97,47531,22.404571
1,124,1009,47531,325.046216
1,125,216,47531,44.306340
1,126,474,47531,92.677692
1,127,1423,47531,401.246560
1,128,859,47531,217.347242
1,129,1089,47531,312.357397
1,130,810,47531,217.532001
1,131,795,47531,221.771305
1,132,19,47531,4.333957
1,133,1527,47531,442.714666
1,134,1115,47531,285.522292
1,135,431,47531,101.266842
1,136,8710,47531,1887.345027
1,137,742,47531,256.383560
1,138,293,47531,38.549473
1,139,5,47531,1.186265
1,140,136,47531,33.811665
1,141,341,47531,74.121149
1,142,92,47531,16.815570
1,143,404,47531,103.266833
1,144,411,47531,110.903800
1,145,131,47531,24.513442
1,146,412,47531,88.331226
1,147,1130,47531,291.331575
1,148,869,47531,225.565055
1,149,1233,47531,346.817148
1,150,4538,47531,1737.249070
1,151,919,47531,346.876520
1,152,976,47531,240.602585
1,153,697,47531,159.455376
1,154,129,47531,27.709413
1,155,835,47531,204.834748
1,156,268,47531,57.458744
1,157,1032,47531,323.779790
1,158,1186,47531,376.205659
1,159,802,47531,191.910603
1,160,312,47531,67.140104
1,161,874,47531,269.800319
1,162,880,47531,175.216458
1,163,1694,47531,325.774718
1,164,1131,47531,407.475076
1,165,187,47531,34.590616
1,166,560,47531,128.050468
1,167,286,47531,52.201211
1,168,672,47531,154.891939
1,169,237,47531,43.780876
1,170,226,47531,44.128778
1,171,169,47531,33.589138
1,172,587,47531,134.548989
1,173,454,47531,116.124113
1,174,148,47531,27.819131
1,175,457,47531,125.731860
1,176,1281,47531,370.387630
1,177,1426,47531,410.669956
1,178,1228,47531,229.268178
1,179,281,47531,50.860493
1,180,523,47531,125.522765
1,181,133,47531,25.790089
1,182,154,47531,28.134606
1,183,384,47531,94.233171
1,184,876,47531,192.811690
1,185,1039,47531,191.359934
1,186,480,47531,109.165696
1,187,438,47531,112.732690
1,188,468,47531,119.997104
1,189,683,47531,143.684562
1,190,711,47531,130.930521
1,191,1229,47531,386.974265
1,192,1305,47531,449.313681
1,193,1188,47531,334.027534
1,194,792,47531,194.764372
1,195,209,47531,41.746825
1,196,13,47531,2.884856
1,197,224,47531,39.777451
1,198,2135,47531,497.878907
1,199,250,47531,47.355837
1,200,1462,47531,346.299197
1,201,273,47531,55.988302
1,202,255,47531,46.990124
1,203,450,47531,81.871307
1,204,32,47531,7.442167
1,205,4,47531,1.041362
1,206,1018,47531,213.042161
1,207,335,47531,93.023856
1,208,339,47531,68.476000
1,209,359,47531,65.188457
1,210,86,47531,16.929332
1,211,224,47531,46.989870
1,212,579,47531,115.063717
1,213,8289,47531,2038.583644
1,214,788,47531,212.120644
1,215,433,47531,97.050765
1,216,456,47531,90.663431
1,217,4683,47531,1344.410463
1,218,1156,47531,302.288312
1,219,683,47531,225.485885
1,220,288,47531,60.814490
1,221,417,47531,80.242587
1,222,594,47531,112.206001
1,223,705,47531,132.324851
1,224,507,47531,112.808463
1,225,350,47531,78.636167
1,226,213,47531,38.883392
1,227,1276,47531,288.696797
1,228,1010,47531,216.648084
1,229,125,47531,27.324139
1,230,172,47531,32.348813
1,231,415,47531,95.620294
1,232,185,47531,36.383178
1,233,79,47531,15.116589
1,234,252,47531,51.489642
1,235,184,47531,35.800088
1,236,823,47531,166.203482
1,237,150,47531,36.060795
1,238,115,47531,20.567291
1,239,308,47531,54.273440
1,240,390,47531,110.750480
1,241,239,47531,46.256705
1,242,258,47531,55.619377
1,243,57,47531,11.060663
1,244,1232,47531,476.064930
1,245,285,47531,51.946560
1,246,181,47531,36.429535
1,247,480,47531,104.911908
1,248,249,47531,54.779596
1,249,733,47531,252.056886
1,250,576,47531,179.741331
1,251,1021,47531,318.251655
1,252,215,47531,47.016897
1,253,1311,47531,349.253845
1,254,1010,47531,227.816917
1,255,366,47531,78.128745
1,256,287,47531,55.282323
1,257,273,47531,54.673134
1,258,1062,47531,236.475149
1,259,897,47531,231.358935
1,260,535,47531,112.357604
1,261,23,47531,5.871916
1,262,241,47531,45.790641
1,263,470,47531,91.587660
1,264,490,47531,118.960721
1,265,1708,47531,492.407416
1,266,380,47531,76.646005
1,267,287,47531,55.951442
1,268,188,47531,41.454813
1,269,90,47531,17.931786
1,270,803,47531,176.033479
1,271,408,47531,86.184946
1,272,1206,47531,234.712516
1,273,250,47531,48.128421
1,274,2634,47531,760.824441
1,275,226,47531,46.119626
1,276,293,47531,92.726264
1,277,577,47531,135.216079
1,278,57,47531,10.675915
1,279,1869,47531,428.837322
1,280,484,47531,101.149841
1,281,364,47531,81.066751
1,282,29,47531,6.107621
1,283,1464,47531,355.755223
1,284,664,47531,123.619932
1,285,244,47531,45.278939
1,286,235,47531,47.966620
1,287,78,47531,14.909339
1,288,167,47531,11.799529
1,289,829,47531,221.132949
1,290,386,47531,76.375731
1,291,211,47531,35.438653
1,292,240,47531,59.007646
1,293,642,47531,139.683351
1,294,537,47531,103.086998
1,295,170,47531,34.515802
1,296,400,47531,77.960284
1,297,1062,47531,221.117570
1,298,247,47531,45.891831
1,299,292,47531,54.641721
1,300,6015,47531,1333.287433
1,301,264,47531,57.933899
1,302,62,47531,13.884046
1,303,101,47531,16.077130
1,304,145,47531,24.701386
1,305,380,47531,68.549334
1,306,312,47531,77.913804
1,307,1436,47531,544.500349
1,308,3017,47531,892.448228
1,309,32,47531,8.109412
1,310,625,47531,153.293459
1,311,200,47531,38.125521
1,312,62,47531,12.932403
1,313,631,47531,107.142212
1,314,242,47531,46.547041
1,315,46,47531,11.586370
1,316,436,47531,111.863319
1,317,1853,47531,584.988898
1,318,3347,47531,855.487604
1,319,969,47531,195.914705
1,320,292,47531,57.828126
1,321,432,47531,80.705927
1,322,997,47531,216.640554
1,323,787,47531,162.389189
1,324,522,47531,112.204041
1,325,81,47531,15.189395
1,326,195,47531,50.315099
1,327,341,47531,64.992692
1,328,250,47531,50.730097
1,329,624,47531,165.012116
1,330,145,47531,30.765905
1,331,73,47531,15.213606
1,332,904,47531,179.973791
1,333,298,47531,81.459568
1,334,287,47531,57.142121
1,335,800,47531,185.767271
1,336,1925,47531,604.467749
1,337,1770,47531,396.945366
1,338,94,47531,19.288265
1,339,662,47531,151.611587
1,340,2835,47531,629.283476
1,341,396,47531,144.653558
1,342,337,47531,73.742958
1,343,677,47531,147.208379
1,344,243,47531,45.914932
1,345,600,47531,122.396722
1,346,178,47531,35.881940
1,347,291,47531,59.019912
1,348,398,47531,90.174289
1,349,1220,47531,318.874120
1,350,347,47531,82.805738
1,351,0,47531,0.000000
1,352,0,47531,0.000000
1,353,415,47531,75.829353
1,354,92,47531,17.603553
1,355,2986,47531,682.613045
1,356,280,47531,56.061183
1,357,365,47531,57.769446
1,358,234,47531,49.173072
1,359,395,47531,64.515911
1,360,256,47531,52.442255
1,361,1867,47531,471.675445
1,362,244,47531,52.222215
1,363,227,47531,40.445827
1,364,90,47531,17.538521
1,365,400,47531,118.794878
1,366,242,47531,46.088362
1,367,716,47531,181.617641
1,368,326,47531,65.811681
1,369,1100,47531,269.679459
1,370,2714,47531,631.183684
1,371,1261,47531,255.996884
1,372,354,47531,87.732977
1,373,440,47531,103.557986
1,374,1157,47531,325.386603
1,375,1147,47531,416.270220
1,376,197,47531,41.769311
1,377,1013,47531,254.639276
1,378,1056,47531,205.881680
1,379,1421,47531,515.821154
1,380,280,47531,57.442488
1,381,1078,47531,226.445424
1,382,2194,47531,965.279898
1,383,136,47531,30.431798
2,0,111,47531,25.010410
2,1,526,47531,121.847878
2,2,338,47531,72.474729
2,3,335,47531,87.466187
2,4,267,47531,46.314735
2,5,88,47531,19.063976
2,6,489,47531,112.892596
2,7,1153,47531,254.087232
2,8,618,47531,124.122354
2,9,335,47531,73.998135
2,10,986,47531,285.008992
2,11,1169,47531,305.499940
2,12,281,47531,59.215785
2,13,305,47531,57.548510
2,14,1456,47531,325.395749
2,15,1023,47531,276.039182
2,16,203,47531,41.625356
2,17,14,47531,2.602012
2,18,25,47531,5.214934
2,19,138,47531,28.329024
2,20,1574,47531,279.981415
2,21,73,47531,15.262595
2,22,295,47531,92.873408
2,23,96,47531,19.967240
2,24,254,47531,43.139204
2,25,577,47531,116.149357
2,26,945,47531,233.017791
2,27,3376,47531,795.588571
2,28,49,47531,11.135798
2,29,127,47531,21.571783
2,30,331,47531,62.290664
2,31,679,47531,125.113821
2,32,1304,47531,276.908391
2,33,300,47531,60.654392
2,34,27,47531,5.441460
2,35,2166,47531,575.512087
2,36,702,47531,155.399456
2,37,5749,47531,1455.082374
2,38,18,47531,5.100324
2,39,128,47531,22.106216
2,40,486,47531,92.947017
2,41,1486,47531,324.877099
2,42,2060,47531,492.234379
2,43,45,47531,8.351511
2,44,300,47531,66.461467
2,45,472,47531,144.711555
2,46,127,47531,25.348020
2,47,382,47531,89.250818
2,48,310,47531,62.541113
2,49,1420,47531,489.234371
2,50,538,47531,141.953917
2,51,85,47531,14.772729
2,52,194,47531,35.613560
2,53,4718,47531,1349.115403
2,54,388,47531,70.420054
2,55,138,47531,27.966327
2,56,839,47531,276.307816
2,57,54,47531,10.126644
2,58,2824,47531,697.790575
2,59,810,47531,174.185257
2,60,124,47531,21.603152
2,61,243,47531,38.939165
2,62,13,47531,2.529512
2,63,5,47531,1.025882
2,64,34,47531,7.400490
2,65,169,47531,32.698403
2,66,188,47531,36.068415
2,67,186,47531,39.324837
2,68,827,47531,174.766253
2,69,1494,47531,321.151894
2,70,197,47531,49.780421
2,71,289,47531,52.493451
2,72,437,47531,89.774375
2,73,98,47531,18.451765
2,74,524,47531,107.162112
2,75,75,47531,14.151301
2,76,291,47531,53.243777
2,77,580,47531,125.789912
2,78,276,47531,56.070518
2,79,1025,47531,222.375808
2,80,54,47531,10.320100
2,81,174,47531,33.988270
2,82,1526,47531,310.103771
2,83,34,47531,6.339034
2,84,798,47531,144.027374
2,85,177,47531,29.379417
2,86,35,47531,6.370334
2,87,1498,47531,436.304463
2,88,214,47531,43.202349
2,89,369,47531,109.009542
2,90,30,47531,5.853016
2,91,6359,47531,1181.297617
2,92,420,47531,95.526537
2,93,5389,47531,1299.980545
2,94,106,47531,23.695448
2,95,417,47531,89.880111
2,96,1345,47531,316.719552
2,97,565,47531,131.501108
2,98,1616,47531,332.037624
2,99,931,47531,175.200234
2,100,173,47531,29.915946
2,101,334,47531,73.365084
2,102,269,47531,70.019113
2,103,337,47531,63.618716
2,104,408,47531,87.870039
2,105,2464,47531,633.380531
2,106,140,47531,26.160193
2,107,692,47531,154.740657
2,108,308,47531,82.454125
2,109,384,47531,122.015972
2,110,696,47531,149.207292
2,111,484,47531,105.319953
2,112,934,47531,177.903677
2,113,27,47531,4.941804
2,114,1294,47531,436.055995
2,115,991,47531,218.546958
2,116,249,47531,47.416368
2,117,253,47531,46.283786
2,118,365,47531,76.568304
2,119,216,47531,47.575508
2,120,6880,47531,1625.531140
2,121,1160,47531,338.642454
2,122,157,47531,33.032774
2,123,94,47531,19.874289
2,124,1292,47531,364.010364
2,125,160,47531,38.381175
2,126,147,47531,27.924170
2,127,185,47531,44.742681
2,128,258,47531,49.995692
2,129,258,47531,44.672728
2,130,1870,47531,737.781315
2,131,3037,47531,637.071575
2,132,1345,47531,406.049930
2,133,283,47531,52.164349
2,134,696,47531,224.240578
2,135,602,47531,133.987716
2,136,588,47531,150.375907
2,137,240,47531,53.309268
2,138,882,47531,228.526927
2,139,277,47531,60.822575
2,140,432,47531,82.038075
2,141,975,47531,250.267929
2,142,1604,47531,464.486653
2,143,92,47531,15.496984
2,144,1826,47531,416.322384
2,145,356,47531,81.994272
2,146,379,47531,76.230809
2,147,806,47531,188.604492
2,148,236,47531,51.981664
2,149,953,47531,235.634809
2,150,69,47531,13.036605
2,151,716,47531,160.334717
2,152,1516,47531,511.192915
2,153,65,47531,15.550468
2,154,17858,47531,5712.321922
2,155,150,47531,27.464599
2,156,118,47531,19.377568
2,157,326,47531,57.647152
2,158,923,47531,227.392494
2,159,7,47531,1.171607
2,160,788,47531,142.471072
2,161,829,47531,198.189300
2,162,275,47531,57.811100
2,163,391,47531,85.534316
2,164,2,47531,0.531927
2,165,220,47531,40.983416
2,166,2278,47531,559.382455
2,167,117,47531,20.987980
2,168,75,47531,12.856299
2,169,215,47531,45.335631
2,170,1003,47531,328.749414
2,171,26,47531,5.491742
2,172,1160,47531,339.424276
2,173,171,47531,35.590894
2,174,1389,47531,467.782809
2,175,243,47531,48.349601
2,176,443,47531,117.078980
2,177,515,47531,117.852956
2,178,756,47531,214.631811
2,179,311,47531,59.818175
2,180,774,47531,208.010147
2,181,497,47531,109.795250
2,182,120,47531,39.408895
2,183,241,47531,44.341341
2,184,1670,47531,346.017046
2,185,328,47531,67.544699
2,186,141,47531,25.338233
2,187,263,47531,53.723089
2,188,6,47531,1.205855
2,189,367,47531,72.233169
2,190,863,47531,234.734544
2,191,104,47531,20.716043
2,192,243,47531,36.427015
2,193,180,47531,39.296882
2,194,2146,47531,550.501011
2,195,394,47531,101.382372
2,196,521,47531,120.414172
2,197,27,47531,5.998418
2,198,41,47531,7.568394
2,199,807,47531,193.365254
2,200,675,47531,188.744748
2,201,132,47531,26.236271
2,202,428,47531,77.823114
2,203,1306,47531,337.787818
2,204,232,47531,47.072913
2,205,264,47531,66.776416
2,206,1451,47531,281.712259
2,207,798,47531,145.179716
2,208,295,47531,57.945869
2,209,438,47531,104.180181
2,210,545,47531,139.964507
2,211,45,47531,9.201262
2,212,1651,47531,352.531092
2,213,872,47531,200.826022
2,214,1005,47531,233.056877
2,215,352,47531,67.207068
2,216,2923,47531,833.203415
2,217,1422,47531,334.610777
2,218,612,47531,121.042761
2,219,47,47531,10.004615
2,220,1762,47531,296.712903
2,221,130,47531,30.522068
2,222,2653,47531,860.996417
2,223,261,47531,73.290760
2,224,939,47531,284.854152
2,225,88,47531,20.289207
2,226,535,47531,122.046828
2,227,125,47531,26.562100
2,228,3462,47531,1020.577026
2,229,318,47531,60.605390
2,230,1750,47531,401.554106
2,231,32,47531,6.031699
2,232,198,47531,39.830945
2,233,1226,47531,463.715511
2,234,1319,47531,337.215125
2,235,207,47531,36.253748
2,236,256,47531,63.230769
2,237,23,47531,3.589509
2,238,236,47531,45.172532
2,239,190,47531,37.660383
2,240,66,47531,13.576529
2,241,1469,47531,369.547964
2,242,463,47531,127.553485
2,243,182,47531,54.761235
2,244,20,47531,3.708817
2,245,120,47531,23.650312
2,246,814,47531,218.761233
2,247,1119,47531,276.037888
2,248,383,47531,70.359702
2,249,2434,47531,474.458953
2,250,1151,47531,195.126337
2,251,197,47531,31.185637
2,252,535,47531,98.478580
2,253,94,47531,17.291066
2,254,927,47531,229.498496
2,255,1003,47531,239.946087
2,256,1102,47531,272.760755
2,257,170,47531,29.025163
2,258,204,47531,38.186222
2,259,26,47531,5.132250
2,260,764,47531,212.163324
2,261,424,47531,95.523926
2,262,371,47531,76.637475
2,263,3,47531,0.665126
2,264,37,47531,6.279605
2,265,802,47531,159.935830
2,266,184,47531,39.710705
2,267,388,47531,104.887410
2,268,1125,47531,200.667378
2,269,587,47531,164.821144
2,270,436,47531,90.909668
2,271,1658,47531,462.306966
2,272,927,47531,162.252126
2,273,88,47531,17.523273
2,274,117,47531,24.373951
2,275,64,47531,18.445213
2,276,146,47531,28.275536
2,277,67,47531,13.159693
2,278,503,47531,152.350918
2,279,1013,47531,363.925162
2,280,558,47531,121.636260
2,281,346,47531,72.250727
2,282,526,47531,113.247768
2,283,502,47531,145.239458
2,284,465,47531,101.014572
2,285,476,47531,81.098791
2,286,514,47531,111.974718
2,287,18,47531,4.200495
2,288,129,47531,22.768876
2,289,2141,47531,434.264899
2,290,772,47531,169.725605
2,291,1203,47531,246.788916
2,292,207,47531,37.501945
2,293,1052,47531,290.526621
2,294,73,47531,13.242166
2,295,293,47531,60.201128
2,296,1440,47531,314.434895
2,297,1633,47531,419.202718
2,298,769,47531,197.112241
2,299,956,47531,233.000290
2,300,60,47531,10.914482
2,301,276,47531,53.963210
2,302,134,47531,24.871925
2,303,2845,47531,757.211544
2,304,528,47531,93.146810
2,305,8190,47531,3152.613281
2,306,344,47531,63.562401
2,307,1071,47531,357.064591
2,308,359,47531,66.255153
2,309,21,47531,4.176856
2,310,1,47531,0.170802
2,311,958,47531,199.849236
2,312,207,47531,81.008987
2,313,194,47531,46.140819
2,314,930,47531,220.693930
2,315,3327,47531,573.644835
2,316,1222,47531,323.061624
2,317,26,47531,5.131239
2,318,166,47531,31.119115
2,319,548,47531,102.758652
2,320,606,47531,117.324745
2,321,801,47531,225.119600
2,322,163,47531,29.300102
2,323,3402,47531,758.939675
2,324,2771,47531,772.810580
2,325,14,47531,3.201165
2,326,635,47531,134.866042
2,327,1295,47531,328.712566
2,328,648,47531,143.414869
2,329,151,47531,25.239854
2,330,553,47531,111.957700
2,331,82,47531,16.703427
2,332,647,47531,136.528521
2,333,1766,47531,362.994452
2,334,144,47531,27.411841
2,335,194,47531,35.137860
2,336,424,47531,68.910579
2,337,1065,47531,411.796641
2,338,45,47531,9.890069
2,339,103,47531,17.743507
2,340,218,47531,41.053416
2,341,80,47531,15.591039
2,342,216,47531,47.130164
2,343,47,47531,9.716504
2,344,1050,47531,231.342763
2,345,64,47531,14.710310
2,346,0,47531,0.000000
2,347,628,47531,150.509522
2,348,654,47531,172.614391
2,349,58,47531,12.241587
2,350,0,47531,0.000000
2,351,1064,47531,270.328707
2,352,1576,47531,328.202787
2,353,1387,47531,380.547731
2,354,400,47531,81.967967
2,355,372,47531,99.314013
2,356,51,47531,10.943869
2,357,786,47531,224.442521
2,358,722,47531,214.394903
2,359,247,47531,46.400918
2,360,102,47531,20.781804
2,361,76,47531,12.745051
2,362,2637,47531,897.249560
2,363,192,47531,39.270867
2,364,660,47531,131.807280
2,365,1482,47531,342.727606
2,366,109,47531,21.734593
2,367,198,47531,46.549771
2,368,243,47531,41.517703
2,369,183,47531,40.065011
2,370,445,47531,105.375071
2,371,4,47531,1.221611
2,372,48,47531,9.426164
2,373,270,47531,61.601553
2,374,46,47531,9.130915
2,375,2255,47531,667.254198
2,376,232,47531,40.024934
2,377,343,47531,72.568410
2,378,207,47531,36.642183
2,379,48,47531,9.884492
2,380,1744,47531,443.900367
2,381,108,47531,19.818433
2,382,736,47531,166.921662
2,383,1609,47531,316.628247
3,0,20,47531,3.844958
3,1,113,47531,20.984200
3,2,219,47531,41.535051
3,3,20,47531,3.350238
3,4,550,47531,121.247999
3,5,841,47531,202.530603
3,6,692,47531,127.763888
3,7,365,47531,62.327309
3,8,407,47531,69.189775
3,9,99,47531,13.918239
3,10,126,47531,21.575845
3,11,1430,47531,553.658647
3,12,1786,47531,297.840254
3,13,2687,47531,654.243150
3,14,169,47531,33.429190
3,15,1327,47531,413.273939
3,16,299,47531,48.441667
3,17,3056,47531,611.700090
3,18,416,47531,96.455408
3,19,39,47531,7.628741
3,20,84,47531,22.388633
3,21,2851,47531,510.461073
3,22,962,47531,271.935137
3,23,65,47531,10.524526
3,24,495,47531,119.107718
3,25,24,47531,3.870660
3,26,2471,47531,648.523740
3,27,55,47531,11.705897
3,28,248,47531,56.406623
3,29,54,47531,9.414427
3,30,190,47531,46.947434
3,31,850,47531,196.256413
3,32,290,47531,70.312342
3,33,493,47531,72.679575
3,34,680,47531,181.836401
3,35,282,47531,58.188935
3,36,30,47531,6.079233
3,37,1810,47531,446.130162
3,38,3199,47531,965.788983
3,39,2104,47531,469.860732
3,40,191,47531,37.899855
3,41,6,47531,2.476382
3,42,130,47531,23.341500
3,43,302,47531,55.469514
3,44,130,47531,22.479247
3,45,349,47531,91.960952
3,46,216,47531,46.096610
3,47,6,47531,1.105873
3,48,970,47531,197.269121
3,49,390,47531,104.472053
3,50,300,47531,51.861311
3,51,382,47531,90.340604
3,52,162,47531,26.706050
3,53,51,47531,9.169953
3,54,2813,47531,513.222961
3,55,780,47531,176.139477
3,56,1017,47531,277.720710
3,57,241,47531,66.707496
3,58,69,47531,13.864022
3,59,208,47531,47.596301
3,60,43,47531,8.056572
3,61,4149,47531,951.762342
3,62,564,47531,103.128890
3,63,95,47531,17.285249
3,64,662,47531,147.344656
3,65,125,47531,18.470130
3,66,388,47531,89.195751
3,67,1564,47531,472.903394
3,68,18,47531,2.625514
3,69,304,47531,79.798125
3,70,928,47531,321.341813
3,71,52,47531,9.158652
3,72,40,47531,5.673033
3,73,205,47531,31.859602
3,74,155,47531,33.367797
3,75,148,47531,21.049184
3,76,220,47531,65.324777
3,77,27,47531,5.507416
3,78,81,47531,16.413557
3,79,86,47531,16.970139
3,80,675,47531,259.359916
3,81,315,47531,73.173052
3,82,143,47531,36.309243
3,83,375,47531,131.280743
3,84,32,47531,5.121348
3,85,199,47531,52.424192
3,86,148,47531,25.113479
3,87,1075,47531,308.373585
3,88,306,47531,70.256495
3,89,795,47531,146.252281
3,90,1342,47531,312.520756
3,91,567,47531,147.264477
3,92,1364,47531,384.702541
3,93,280,47531,63.022142
3,94,228,47531,51.704231
3,95,331,47531,69.071175
3,96,2007,47531,458.501215
3,97,410,47531,103.010799
3,98,106,47531,17.212504
3,99,205,47531,53.829212
3,100,76,47531,13.827512
3,101,404,47531,94.399992
3,102,972,47531,291.104773
3,103,416,47531,152.303888
3,104,385,47531,79.191604
3,105,236,47531,48.308350
3,106,610,47531,117.569633
3,107,1647,47531,421.888713
3,108,237,47531,40.148376
3,109,336,47531,71.280170
3,110,1342,47531,369.544087
3,111,140,47531,27.603521
3,112,1073,47531,258.853242
3,113,134,47531,27.267533
3,114,1380,47531,327.371667
3,115,44,47531,7.209699
3,116,239,47531,35.156655
3,117,329,47531,79.908523
3,118,1569,47531,310.838792
3,119,630,47531,188.798836
3,120,59,47531,11.630428
3,121,75,47531,11.857838
3,122,1615,47531,537.004382
3,123,893,47531,189.366948
3,124,10,47531,1.503560
3,125,155,47531,28.096499
3,126,610,47531,125.627567
3,127,5,47531,1.030623
3,128,225,47531,42.993999
3,129,891,47531,197.817634
3,130,264,47531,46.842627
3,131,2492,47531,461.159568
3,132,387,47531,79.153100
3,133,30,47531,4.710575
3,134,61,47531,8.625651
3,135,108,47531,22.977177
3,136,1411,47531,392.015728
3,137,1154,47531,246.570161
3,138,819,47531,194.029654
3,139,19,47531,3.822843
3,140,249,47531,64.195547
3,141,645,47531,97.702660
3,142,895,47531,212.142715
3,143,624,47531,112.478463
3,144,623,47531,212.362112
3,145,896,47531,285.805833
3,146,683,47531,166.686818
3,147,2088,47531,455.178049
3,148,957,47531,222.587753
3,149,835,47531,217.429198
3,150,1043,47531,444.804969
3,151,875,47531,145.132024
3,152,67,47531,10.277332
3,153,9214,47531,2636.536351
3,154,1146,47531,509.569328
3,155,812,47531,305.763866
3,156,184,47531,31.894436
3,157,80,47531,16.094628
3,158,80,47531,10.901315
3,159,753,47531,206.041492
3,160,294,47531,107.326856
3,161,898,47531,205.571284
3,162,13,47531,2.398297
3,163,239,47531,41.687954
3,164,99,47531,18.143873
3,165,1190,47531,224.903318
3,166,447,47531,130.120861
3,167,3197,47531,792.756804
3,168,2035,47531,440.156730
3,169,339,47531,69.858377
3,170,664,47531,185.452260
3,171,190,47531,40.425213
3,172,1282,47531,427.826954
3,173,3853,47531,952.225369
3,174,36,47531,6.347318
3,175,96,47531,18.436125
3,176,168,47531,33.371554
3,177,389,47531,78.283322
3,178,288,47531,46.902289
3,179,289,47531,46.455627
3,180,356,47531,95.613204
3,181,34,47531,8.363440
3,182,434,47531,71.150820
3,183,768,47531,188.357826
3,184,335,47531,97.024954
3,185,113,47531,20.417470
3,186,1015,47531,221.501827
3,187,130,47531,43.866395
3,188,46,47531,7.486588
3,189,1071,47531,247.364219
3,190,327,47531,54.613644
3,191,934,47531,207.939095
3,192,577,47531,243.111245
3,193,1059,47531,349.799300
3,194,661,47531,163.580462
3,195,289,47531,56.399182
3,196,47,47531,8.235634
3,197,717,47531,207.449714
3,198,159,47531,28.382422
3,199,344,47531,62.808843
3,200,775,47531,150.048456
3,201,310,47531,66.814991
3,202,905,47531,306.496544
3,203,19,47531,3.001797
3,204,150,47531,27.915353
3,205,1624,47531,639.723481
3,206,947,47531,290.780609
3,207,1430,47531,653.962252
3,208,8,47531,1.161500
3,209,97,47531,26.942568
3,210,76,47531,14.188280
3,211,275,47531,52.912566
3,212,29,47531,5.001483
3,213,189,47531,30.212435
3,214,1099,47531,346.351997
3,215,105,47531,17.637130
3,216,158,47531,29.180040
3,217,109,47531,25.674357
3,218,1646,47531,488.132849
3,219,44,47531,7.060838
3,220,1213,47531,252.822015
3,221,125,47531,25.405920
3,222,1514,47531,406.625882
3,223,5,47531,0.854813
3,224,5081,47531,996.949779
3,225,65,47531,12.931688
3,226,1101,47531,229.387613
3,227,2,47531,0.417662
3,228,949,47531,352.648151
3,229,203,47531,38.307283
3,230,272,47531,45.180610
3,231,66,47531,10.752647
3,232,362,47531,129.660419
3,233,1118,47531,345.772403
3,234,129,47531,20.138137
3,235,113,47531,35.902916
3,236,581,47531,94.199310
3,237,845,47531,226.192644
3,238,25,47531,5.490084
3,239,812,47531,249.935006
3,240,722,47531,169.828836
3,241,112,47531,20.859273
3,242,15,47531,3.187297
3,243,498,47531,87.183332
3,244,103,47531,20.997593
3,245,310,47531,66.523551
3,246,1497,47531,377.599992
3,247,407,47531,120.296277
3,248,12,47531,2.025341
3,249,141,47531,27.798231
3,250,500,47531,110.755118
3,251,163,47531,47.874840
3,252,469,47531,92.651055
3,253,85,47531,13.792610
3,254,1103,47531,405.246683
3,255,72,47531,11.349261
3,256,97,47531,22.675627
3,257,9162,47531,2150.677385
3,258,841,47531,279.969918
3,259,140,47531,28.027009
3,260,737,47531,296.354364
3,261,107,47531,21.375907
3,262,6668,47531,1580.187289
3,263,7,47531,1.204462
3,264,57,47531,10.692751
3,265,742,47531,242.436891
3,266,1652,47531,461.160012
3,267,1181,47531,338.934375
3,268,925,47531,290.959025
3,269,846,47531,172.275707
3,270,717,47531,172.854484
3,271,753,47531,174.438045
3,272,162,47531,22.900276
3,273,498,47531,84.150281
3,274,527,47531,131.289563
3,275,2454,47531,559.777729
3,276,46,47531,8.339031
3,277,586,47531,136.727943
3,278,60,47531,9.093877
3,279,424,47531,110.655524
3,280,44,47531,8.848934
3,281,120,47531,23.383690
3,282,1476,47531,317.334507
3,283,1492,47531,561.057887
3,284,34,47531,6.335393
3,285,142,47531,25.177680
3,286,200,47531,49.556885
3,287,18,47531,3.209522
3,288,1815,47531,534.832005
3,289,248,47531,38.895655
3,290,76,47531,12.417696
3,291,3524,47531,1021.634024
3,292,5,47531,0.964408
3,293,1414,47531,423.734746
3,294,350,47531,86.690743
3,295,470,47531,156.654294
3,296,29,47531,5.388371
3,297,581,47531,117.301833
3,298,1157,47531,261.704558
3,299,520,47531,78.377033
3,300,603,47531,98.414193
3,301,193,47531,45.687317
3,302,325,47531,91.989423
3,303,1236,47531,288.348458
3,304,914,47531,269.339464
3,305,1263,47531,465.769430
3,306,111,47531,17.229052
3,307,380,47531,87.417926
3,308,3136,47531,731.543943
3,309,1233,47531,303.099555
3,310,31,47531,6.456586
3,311,72,47531,13.163852
3,312,1079,47531,331.785815
3,313,132,47531,23.008270
3,314,245,47531,36.938958
3,315,36,47531,6.159326
3,316,211,47531,58.949245
3,317,4954,47531,1066.336432
3,318,291,47531,50.465336
3,319,71,47531,11.757190
3,320,273,47531,45.045081
3,321,1051,47531,151.738133
3,322,149,47531,29.739262
3,323,528,47531,84.127253
3,324,1169,47531,232.451813
3,325,1746,47531,291.557026
3,326,3830,47531,919.133965
3,327,603,47531,173.154256
3,328,113,47531,19.496408
3,329,2293,47531,472.335204
3,330,5855,47531,1690.275769
3,331,845,47531,129.561241
3,332,402,47531,136.308553
3,333,317,47531,70.585779
3,334,424,47531,71.488611
3,335,531,47531,112.255233
3,336,968,47531,244.441994
3,337,1171,47531,328.655740
3,338,363,47531,74.219471
3,339,390,47531,64.901339
3,340,57,47531,11.304657
3,341,313,47531,84.851231
3,342,7,47531,1.405258
3,343,1839,47531,391.332081
3,344,135,47531,21.912574
3,345,55,47531,8.688374
3,346,200,47531,34.186856
3,347,37,47531,6.557105
3,348,103,47531,18.360243
3,349,5596,47531,1352.605734
3,350,256,47531,56.736646
3,351,342,47531,65.641448
3,352,266,47531,43.134796
3,353,538,47531,189.783517
3,354,87,47531,13.750331
3,355,7956,47531,1990.664760
3,356,117,47531,17.670320
3,357,4037,47531,994.974829
3,358,203,47531,48.287185
3,359,1124,47531,540.639655
3,360,1063,47531,557.902262
3,361,260,47531,96.897266
3,362,259,47531,60.311069
3,363,205,47531,34.237942
3,364,236,47531,64.192572
3,365,1431,47531,500.158527
3,366,196,47531,47.784716
3,367,172,47531,39.322969
3,368,2599,47531,600.890791
3,369,918,47531,178.291987
3,370,376,47531,69.459867
3,371,66,47531,12.838749
3,372,61,47531,11.653125
3,373,346,47531,76.216419
3,374,29,47531,4.554399
3,375,12,47531,2.803046
3,376,2004,47531,372.118121
3,377,1228,47531,264.701217
3,378,860,47531,234.111853
3,379,1146,47531,261.876595
3,380,81,47531,12.864227
3,381,704,47531,222.539362
3,382,1126,47531,225.263360
3,383,93,47531,16.177726
4,0,775,47531,195.226944
4,1,57,47531,10.361653
4,2,123,47531,19.682492
4,3,2290,47531,546.319408
4,4,42,47531,7.797102
4,5,857,47531,185.385351
4,6,101,47531,17.934376
4,7,412,47531,89.043849
4,8,586,47531,216.812458
4,9,844,47531,202.278046
4,10,1857,47531,509.229980
4,11,42,47531,8.092201
4,12,1404,47531,296.237475
4,13,353,47531,75.046414
4,14,204,47531,40.435280
4,15,104,47531,18.993751
4,16,280,47531,60.684023
4,17,1573,47531,473.894522
4,18,1000,47531,297.049800
4,19,3150,47531,1035.589950
4,20,408,47531,115.011364
4,21,861,47531,306.865390
4,22,182,47531,30.021975
4,23,1077,47531,237.863185
4,24,80,47531,16.086672
4,25,688,47531,171.075529
4,26,1323,47531,459.496400
4,27,13,47531,2.276240
4,28,205,47531,41.588892
4,29,785,47531,144.950934
4,30,188,47531,42.818126
4,31,817,47531,193.676612
4,32,211,47531,49.113869
4,33,227,47531,48.044723
4,34,212,47531,40.281593
4,35,892,47531,290.529821
4,36,71,47531,18.722934
4,37,1755,47531,436.132420
4,38,668,47531,162.451290
4,39,375,47531,88.244932
4,40,466,47531,92.214611
4,41,102,47531,18.419825
4,42,317,47531,65.928304
4,43,176,47531,34.001042
4,44,1483,47531,327.601254
4,45,507,47531,103.271787
4,46,551,47531,144.881747
4,47,286,47531,47.049266
4,48,306,47531,64.777913
4,49,722,47531,165.283486
4,50,272,47531,51.651766
4,51,1922,47531,436.899754
4,52,71,47531,12.159280
4,53,810,47531,164.374968
4,54,1146,47531,301.634711
4,55,181,47531,38.186566
4,56,328,47531,99.128925
4,57,111,47531,19.572879
4,58,1178,47531,290.331419
4,59,1977,47531,415.556146
4,60,52,47531,11.990432
4,61,945,47531,225.114905
4,62,1720,47531,560.037829
4,63,256,47531,49.313995
4,64,65,47531,11.680327
4,65,159,47531,30.205065
4,66,14324,47531,4030.357201
4,67,20,47531,3.893690
4,68,522,47531,103.952383
4,69,306,47531,76.190101
4,70,772,47531,218.965838
4,71,16,47531,2.903555
4,72,1559,47531,378.926974
4,73,1313,47531,449.921611
4,74,70,47531,14.211721
4,75,1199,47531,373.989293
4,76,157,47531,41.982715
4,77,175,47531,40.641120
4,78,302,47531,73.606424
4,79,227,47531,45.224824
4,80,318,47531,55.505572
4,81,89,47531,15.033580
4,82,881,47531,269.634761
4,83,795,47531,241.354422
4,84,112,47531,24.308860
4,85,1272,47531,265.672257
4,86,864,47531,182.843267
4,87,170,47531,35.186728
4,88,907,47531,206.443569
4,89,2471,47531,693.864559
4,90,308,47531,58.303563
4,91,38,47531,7.662778
4,92,155,47531,35.002105
4,93,318,47531,70.677470
4,94,5738,47531,1471.961309
4,95,367,47531,83.161581
4,96,118,47531,33.031133
4,97,226,47531,39.978774
4,98,13,47531,2.382141
4,99,140,47531,27.644980
4,100,364,47531,59.461768
4,101,129,47531,26.829939
4,102,1207,47531,284.397451
4,103,345,47531,61.181949
4,104,167,47531,39.873455
4,105,135,47531,27.382555
4,106,370,47531,68.800869
4,107,1234,47531,305.762736
4,108,66,47531,14.025755
4,109,71,47531,12.378280
4,110,1342,47531,356.628785
4,111,442,47531,83.728876
4,112,2650,47531,777.737189
4,113,318,47531,68.173966
4,114,171,47531,32.221706
4,115,167,47531,31.960606
4,116,245,47531,44.287745
4,117,47,47531,9.768255
4,118,12,47531,2.427604
4,119,1108,47531,275.002453
4,120,441,47531,121.148524
4,121,212,47531,37.040009
4,122,7885,47531,1770.549945
4,123,516,47531,131.160927
4,124,1416,47531,330.844965
4,125,313,47531,70.833068
4,126,1084,47531,268.550939
4,127,3297,47531,722.255402
4,128,922,47531,246.242904
4,129,13,47531,2.568375
4,130,57,47531,12.383452
4,131,195,47531,37.711272
4,132,1884,47531,501.563646
4,133,52,47531,9.026363
4,134,1393,47531,291.768415
4,135,968,47531,228.246805
4,136,440,47531,91.821676
4,137,241,47531,58.104529
4,138,60,47531,12.069043
4,139,127,47531,29.673910
4,140,2205,47531,610.240794
4,141,2798,47531,757.564523
4,142,267,47531,61.695054
4,143,337,47531,65.774366
4,144,1444,47531,383.955167
4,145,742,47531,185.880781
4,146,823,47531,212.081802
4,147,1375,47531,392.929154
4,148,833,47531,181.971449
4,149,43,47531,8.009925
4,150,330,47531,76.426009
4,151,416,47531,91.557304
4,152,850,47531,182.158888
4,153,121,47531,23.609798
4,154,1122,47531,314.825841
4,155,148,47531,26.982347
4,156,3379,47531,629.270243
4,157,1372,47531,396.369255
4,158,150,47531,30.501342
4,159,126,47531,25.975897
4,160,126,47531,21.507913
4,161,1083,47531,256.079747
4,162,39,47531,6.432216
4,163,101,47531,18.675483
4,164,329,47531,57.460879
4,165,69,47531,15.951577
4,166,466,47531,111.560803
4,167,235,47531,47.028719
4,168,341,47531,84.233007
4,169,713,47531,159.531155
4,170,579,47531,147.867897
4,171,333,47531,71.746639
4,172,46,47531,7.961916
4,173,770,47531,185.816428
4,174,491,47531,109.459053
4,175,95,47531,17.368335
4,176,678,47531,178.577653
4,177,1007,47531,307.870114
4,178,458,47531,90.579583
4,179,922,47531,256.896097
4,180,407,47531,89.870242
4,181,1093,47531,349.179127
4,182,160,47531,32.585596
4,183,87,47531,15.429537
4,184,1230,47531,250.557277
4,185,92,47531,19.136938
4,186,3,47531,0.576340
4,187,438,47531,93.359010
4,188,222,47531,43.818301
4,189,634,47531,204.068328
4,190,172,47531,54.834078
4,191,2684,47531,711.116833
4,192,1175,47531,222.338898
4,193,94,47531,14.672495
4,194,2845,47531,672.976867
4,195,5248,47531,1440.586851
4,196,756,47531,179.334159
4,197,273,47531,50.025681
4,198,1085,47531,301.141014
4,199,2079,47531,422.784834
4,200,366,47531,62.765948
4,201,1337,47531,393.714837
4,202,1349,47531,278.763842
4,203,393,47531,69.761088
4,204,428,47531,79.962221
4,205,83,47531,15.322822
4,206,1002,47531,254.987916
4,207,309,47531,60.782189
4,208,835,47531,231.609078
4,209,180,47531,32.014352
4,210,2401,47531,483.758993
4,211,1160,47531,312.092034
4,212,180,47531,31.450250
4,213,268,47531,50.843577
4,214,1115,47531,236.975645
4,215,211,47531,39.224565
4,216,523,47531,96.620315
4,217,348,47531,67.882439
4,218,179,47531,32.154397
4,219,1386,47531,383.626802
4,220,557,47531,140.735885
4,221,4248,47531,994.547251
4,222,49,47531,8.633856
4,223,310,47531,63.841345
4,224,1192,47531,273.020417
4,225,471,47531,103.836855
4,226,151,47531,31.303893
4,227,199,47531,39.852776
4,228,53,47531,8.984877
4,229,161,47531,29.244691
4,230,350,47531,79.367941
4,231,374,47531,85.169616
4,232,79,47531,12.161096
4,233,89,47531,18.856570
4,234,99,47531,18.493667
4,235,260,47531,57.015442
4,236,747,47531,183.111710
4,237,416,47531,106.196976
4,238,76,47531,13.701021
4,239,694,47531,147.845227
4,240,58,47531,11.276873
4,241,52,47531,9.374913
4,242,64,47531,9.895450
4,243,145,47531,28.448289
4,244,224,47531,40.372559
4,245,67,47531,13.355567
4,246,217,47531,40.414901
4,247,331,47531,78.922879
4,248,482,47531,101.370916
4,249,211,47531,62.021781
4,250,248,47531,61.555449
4,251,371,47531,67.118206
4,252,120,47531,20.572998
4,253,284,47531,69.497311
4,254,1107,47531,285.959448
4,255,260,47531,35.139347
4,256,26,47531,4.953649
4,257,1396,47531,393.706265
4,258,1181,47531,429.102185
4,259,183,47531,33.413448
4,260,1818,47531,549.498862
4,261,85,47531,14.778613
4,262,1382,47531,409.825737
4,263,29,47531,5.212147
4,264,620,47531,208.870424
4,265,1414,47531,382.353158
4,266,458,47531,94.303399
4,267,350,47531,91.384690
4,268,2037,47531,433.849527
4,269,62,47531,10.814867
4,270,726,47531,157.942428
4,271,2103,47531,517.016188
4,272,170,47531,36.985846
4,273,422,47531,111.298544
4,274,36,47531,6.974924
4,275,92,47531,15.548507
4,276,785,47531,229.154786
4,277,126,47531,20.940434
4,278,3102,47531,853.723995
4,279,1186,47531,332.313936
4,280,1553,47531,459.522829
4,281,383,47531,78.254831
4,282,602,47531,105.246169
4,283,4,47531,0.924349
4,284,179,47531,36.052213
4,285,586,47531,209.797809
4,286,2717,47531,483.052932
4,287,110,47531,21.084037
4,288,1627,47531,523.290496
4,289,590,47531,136.188871
4,290,165,47531,52.248221
4,291,4409,47531,1180.870958
4,292,1625,47531,349.892153
4,293,1264,47531,330.775600
4,294,2070,47531,660.404530
4,295,57,47531,10.130503
4,296,688,47531,193.913227
4,297,1524,47531,270.591803
4,298,662,47531,254.007301
4,299,129,47531,29.965022
4,300,374,47531,91.343822
4,301,825,47531,204.026776
4,302,315,47531,77.443001
4,303,95,47531,18.832044
4,304,287,47531,64.473188
4,305,4,47531,0.702315
4,306,476,47531,97.730423
4,307,704,47531,158.176565
4,308,64,47531,11.301622
4,309,150,47531,28.568560
4,310,815,47531,257.573276
4,311,813,47531,249.473452
4,312,922,47531,183.657849
4,313,560,47531,123.582306
4,314,396,47531,91.891496
4,315,1407,47531,308.418080
4,316,469,47531,92.406542
4,317,167,47531,22.343804
4,318,3205,47531,643.766031
4,319,1382,47531,500.265977
4,320,78,47531,14.384266
4,321,44,47531,6.995267
4,322,1138,47531,319.985459
4,323,768,47531,141.368622
4,324,51,47531,11.416198
4,325,121,47531,21.229375
4,326,1178,47531,232.411279
4,327,76,47531,15.456529
4,328,59,47531,9.829137
4,329,3753,47531,1079.043474
4,330,500,47531,98.359752
4,331,48,47531,8.295802
4,332,76,47531,14.615076
4,333,564,47531,116.016219
4,334,50,47531,9.920488
4,335,3197,47531,835.207182
4,336,538,47531,126.907723
4,337,1629,47531,454.954672
4,338,728,47531,135.098754
4,339,294,47531,69.025289
4,340,1126,47531,336.112567
4,341,8,47531,1.395034
4,342,2109,47531,670.678673
4,343,1406,47531,298.266543
4,344,155,47531,26.170415
4,345,16,47531,3.158993
4,346,787,47531,165.201580
4,347,1370,47531,309.931523
4,348,134,47531,24.057958
4,349,17,47531,3.317367
4,350,1698,47531,566.523523
4,351,235,47531,49.333308
4,352,43,47531,6.993705
4,353,702,47531,195.438422
4,354,349,47531,56.219199
4,355,250,47531,57.681714
4,356,44,47531,7.406932
4,357,1288,47531,254.366811
4,358,1078,47531,209.726168
4,359,719,47531,209.688774
4,360,430,47531,92.857870
4,361,477,47531,82.941032
4,362,109,47531,21.328168
4,363,92,47531,15.021888
4,364,260,47531,70.801611
4,365,112,47531,25.836958
4,366,35,47531,6.728430
4,367,2737,47531,589.197898
4,368,108,47531,21.047264
4,369,444,47531,84.483125
4,370,618,47531,141.965432
4,371,338,47531,81.778111
4,372,789,47531,207.373437
4,373,482,47531,116.639308
4,374,136,47531,27.916519
4,375,400,47531,101.754076
4,376,356,47531,75.896873
4,377,164,47531,30.115235
4,378,1301,47531,445.442808
4,379,1112,47531,342.328425
4,380,850,47531,180.741510
4,381,166,47531,32.748981
4,382,1316,47531,410.515508
4,383,790,47531,205.750470
5,0,99,47531,16.881362
5,1,741,47531,205.157123
5,2,287,47531,60.246309
5,3,106,47531,18.469947
5,4,249,47531,63.635652
5,5,923,47531,207.885378
5,6,534,47531,118.256924
5,7,1306,47531,360.968357
5,8,2335,47531,557.106143
5,9,696,47531,168.931552
5,10,309,47531,69.040423
5,11,187,47531,38.970936
5,12,83,47531,16.760342
5,13,1519,47531,292.951941
5,14,35,47531,7.527803
5,15,252,47531,40.730794
5,16,455,47531,90.239764
5,17,35,47531,6.189850
5,18,934,47531,228.718457
5,19,1315,47531,324.566757
5,20,51,47531,11.835220
5,21,4720,47531,1310.815523
5,22,126,47531,31.988555
5,23,132,47531,24.261467
5,24,803,47531,177.456149
5,25,218,47531,45.035618
5,26,1277,47531,316.448712
5,27,12,47531,2.305185
5,28,234,47531,51.120491
5,29,651,47531,155.844204
5,30,56,47531,10.418715
5,31,427,47531,87.038784
5,32,475,47531,122.298440
5,33,1602,47531,391.811419
5,34,1381,47531,336.415643
5,35,564,47531,117.271205
5,36,1415,47531,330.631607
5,37,7778,47531,1807.093236
5,38,78,47531,13.071647
5,39,481,47531,106.465865
5,40,12927,47531,3677.781212
5,41,482,47531,121.050571
5,42,2645,47531,597.085969
5,43,88,47531,18.445937
5,44,725,47531,165.538662
5,45,485,47531,109.932993
5,46,937,47531,339.166334
5,47,159,47531,28.668263
5,48,905,47531,247.536324
5,49,177,47531,33.600120
5,50,59,47531,12.548064
5,51,240,47531,42.684692
5,52,201,47531,43.847154
5,53,1589,47531,423.760300
5,54,1133,47531,293.060940
5,55,669,47531,131.069619
5,56,107,47531,17.944279
5,57,2527,47531,637.523941
5,58,693,47531,159.672768
5,59,24,47531,4.915815
5,60,384,47531,82.410968
5,61,431,47531,128.436122
5,62,149,47531,36.889498
5,63,685,47531,150.314904
5,64,3,47531,0.578736
5,65,594,47531,135.761179
5,66,666,47531,151.805288
5,67,84,47531,17.443623
5,68,995,47531,305.330159
5,69,2311,47531,713.396461
5,70,78,47531,14.488176
5,71,20,47531,4.274126
5,72,397,47531,94.680787
5,73,243,47531,60.883893
5,74,87,47531,16.053615
5,75,4,47531,0.863756
5,76,206,47531,39.212698
5,77,143,47531,35.296757
5,78,251,47531,47.628758
5,79,2764,47531,843.179573
5,80,127,47531,23.940369
5,81,1520,47531,355.946655
5,82,650,47531,170.567854
5,83,389,47531,96.054144
5,84,361,47531,83.072986
5,85,245,47531,70.145295
5,86,469,47531,126.186294
5,87,216,47531,52.652838
5,88,101,47531,29.618741
5,89,547,47531,127.226623
5,90,452,47531,94.722765
5,91,14,47531,4.025065
5,92,71,47531,14.861637
5,93,3575,47531,922.051349
5,94,846,47531,200.743895
5,95,302,47531,111.672686
5,96,122,47531,19.925003
5,97,165,47531,32.865291
5,98,488,47531,80.823904
5,99,305,47531,73.882137
5,100,553,47531,169.162246
5,101,103,47531,25.559089
5,102,52,47531,9.338263
5,103,28,47531,5.182787
5,104,1377,47531,288.151030
5,105,393,47531,89.082276
5,106,310,47531,59.168570
5,107,376,47531,98.163074
5,108,29,47531,5.133543
5,109,1781,47531,418.773152
5,110,51,47531,9.733414
5,111,41,47531,7.114000
5,112,653,47531,137.404070
5,113,1654,47531,304.576233
5,114,31,47531,5.287921
5,115,729,47531,169.891708
5,116,352,47531,77.132126
5,117,1379,47531,323.345974
5,118,143,47531,27.985369
5,119,1696,47531,390.527233
5,120,44,47531,8.929198
5,121,1182,47531,287.932352
5,122,156,47531,31.161914
5,123,137,47531,27.898058
5,124,504,47531,123.769050
5,125,736,47531,204.615775
5,126,11,47531,2.857979
5,127,672,47531,192.464929
5,128,1327,47531,272.084728
5,129,1103,47531,261.690494
5,130,364,47531,91.456354
5,131,154,47531,32.399669
5,132,225,47531,39.324616
5,133,194,47531,33.745162
5,134,587,47531,123.581849
5,135,413,47531,84.336865
5,136,4690,47531,1084.419271
5,137,2874,47531,756.099273
5,138,489,47531,115.082704
5,139,526,47531,149.847380
5,140,144,47531,32.535657
5,141,1163,47531,320.574931
5,142,536,47531,114.842997
5,143,125,47531,27.100335
5,144,959,47531,231.740775
5,145,60,47531,11.343519
5,146,376,47531,73.863309
5,147,901,47531,179.042024
5,148,190,47531,58.054032
5,149,985,47531,246.745959
5,150,217,47531,29.586288
5,151,329,47531,65.860289
5,152,1216,47531,366.326059
5,153,674,47531,132.410346
5,154,943,47531,323.281665
5,155,147,47531,33.508548
5,156,970,47531,267.367381
5,157,488,47531,163.051176
5,158,716,47531,147.407295
5,159,842,47531,197.485387
5,160,1676,47531,456.913602
5,161,206,47531,42.261034
5,162,150,47531,29.978810
5,163,453,47531,98.702147
5,164,1513,47531,385.761548
5,165,479,47531,104.810630
5,166,48,47531,8.490254
5,167,2561,47531,831.375479
5,168,173,47531,32.217232
5,169,1951,47531,407.350102
5,170,576,47531,114.111193
5,171,100,47531,17.857107
5,172,341,47531,68.352902
5,173,101,47531,18.010772
5,174,244,47531,52.732249
5,175,99,47531,16.499037
5,176,311,47531,58.210777
5,177,627,47531,178.307770
5,178,208,47531,50.111345
5,179,4865,47531,1243.312681
5,180,89,47531,15.825360
5,181,293,47531,71.030454
5,182,365,47531,84.037496
5,183,794,47531,246.543102
5,184,229,47531,40.221497
5,185,710,47531,204.616728
5,186,498,47531,99.137858
5,187,5258,47531,1799.153688
5,188,526,47531,128.983000
5,189,133,47531,33.845710
5,190,154,47531,29.493054
5,191,166,47531,30.440164
5,192,524,47531,98.083860
5,193,1219,47531,434.589914
5,194,3064,47531,790.168264
5,195,240,47531,51.718656
5,196,485,47531,111.657608
5,197,125,47531,24.007175
5,198,1012,47531,261.472269
5,199,126,47531,31.268454
5,200,721,47531,137.096793
5,201,140,47531,23.596702
5,202,422,47531,92.854047
5,203,1895,47531,456.727766
5,204,257,47531,50.402731
5,205,490,47531,108.165733
5,206,470,47531,118.560248
5,207,252,47531,55.781282
5,208,2216,47531,613.520272
5,209,195,47531,38.294992
5,210,823,47531,164.968917
5,211,207,47531,44.198741
5,212,458,47531,104.807288
5,213,91,47531,20.216027
5,214,1828,47531,388.132631
5,215,619,47531,204.303291
5,216,875,47531,207.980246
5,217,81,47531,14.390131
5,218,193,47531,40.799174
5,219,1964,47531,573.788759
5,220,170,47531,37.858312
5,221,960,47531,278.050614
5,222,262,47531,58.507450
5,223,265,47531,59.229022
5,224,649,47531,190.532327
5,225,1560,47531,455.052854
5,226,582,47531,172.717969
5,227,115,47531,23.561943
5,228,1820,47531,576.080980
5,229,165,47531,30.290628
5,230,89,47531,20.285173
5,231,1106,47531,264.838673
5,232,1980,47531,485.322427
5,233,55,47531,9.681307
5,234,989,47531,222.615598
5,235,1603,47531,338.944874
5,236,180,47531,30.302122
5,237,420,47531,87.523151
5,238,163,47531,27.592613
5,239,388,47531,87.198765
5,240,112,47531,18.536000
5,241,265,47531,49.999146
5,242,864,47531,271.165668
5,243,164,47531,26.192613
5,244,39,47531,7.072767
5,245,166,47531,32.762984
5,246,33,47531,5.454293
5,247,959,47531,232.651745
5,248,1055,47531,231.369419
5,249,83,47531,15.528786
5,250,1711,47531,395.602458
5,251,1043,47531,299.409771
5,252,82,47531,14.028209
5,253,154,47531,44.962418
5,254,104,47531,16.866242
5,255,206,47531,38.106690
5,256,1040,47531,234.034728
5,257,236,47531,42.369875
5,258,991,47531,252.574069
5,259,637,47531,118.164434
5,260,759,47531,192.662855
5,261,123,47531,21.302198
5,262,359,47531,83.377559
5,263,3273,47531,780.593155
5,264,488,47531,134.488061
5,265,189,47531,54.878972
5,266,14,47531,2.634717
5,267,203,47531,40.265843
5,268,328,47531,81.744021
5,269,248,47531,42.276030
5,270,30,47531,5.350977
5,271,24,47531,4.596857
5,272,271,47531,55.974647
5,273,563,47531,112.478052
5,274,50,47531,9.329197
5,275,177,47531,38.948680
5,276,129,47531,25.006427
5,277,80,47531,14.740703
5,278,379,47531,62.487312
5,279,29,47531,5.144126
5,280,762,47531,161.552771
5,281,181,47531,30.451496
5,282,1669,47531,349.949487
5,283,489,47531,125.957422
5,284,606,47531,139.869524
5,285,1134,47531,338.009168
5,286,969,47531,230.288647
5,287,21,47531,4.061819
5,288,785,47531,218.613865
5,289,261,47531,57.833050
5,290,226,47531,48.594880
5,291,782,47531,192.892914
5,292,355,47531,88.611234
5,293,2676,47531,675.501430
5,294,605,47531,130.848599
5,295,185,47531,34.258843
5,296,209,47531,49.087040
5,297,59,47531,12.919539
5,298,381,47531,91.133406
5,299,260,47531,57.234978
5,300,63,47531,11.228020
5,301,92,47531,18.652118
5,302,1473,47531,383.306239
5,303,1140,47531,297.358042
5,304,9770,47531,2564.260115
5,305,5817,47531,1548.502986
5,306,1136,47531,318.660302
5,307,51,47531,8.753997
5,308,84,47531,16.721823
5,309,644,47531,155.231340
5,310,886,47531,310.399972
5,311,164,47531,28.383895
5,312,1228,47531,245.883530
5,313,201,47531,39.742447
5,314,1706,47531,380.019342
5,315,2864,47531,672.947638
5,316,465,47531,105.430473
5,317,1588,47531,454.493423
5,318,57,47531,10.709499
5,319,547,47531,144.783052
5,320,38,47531,7.830061
5,321,486,47531,117.200207
5,322,1723,47531,476.035879
5,323,560,47531,127.091560
5,324,64,47531,12.732622
5,325,331,47531,63.589200
5,326,783,47531,171.231519
5,327,212,47531,45.687199
5,328,646,47531,166.938982
5,329,961,47531,298.217870
5,330,38,47531,9.639054
5,331,353,47531,90.241041
5,332,60,47531,10.952222
5,333,19,47531,3.722846
5,334,1055,47531,232.833152
5,335,852,47531,228.362739
5,336,72,47531,16.681944
5,337,5589,47531,1479.767317
5,338,1615,47531,491.424104
5,339,887,47531,183.908993
5,340,78,47531,15.001848
5,341,345,47531,64.137794
5,342,450,47531,95.062690
5,343,168,47531,41.523563
5,344,265,47531,62.570885
5,345,116,47531,24.081027
5,346,184,47531,37.163560
5,347,124,47531,24.486403
5,348,54,47531,8.562976
5,349,1111,47531,243.753317
5,350,415,47531,91.634371
5,351,975,47531,234.890428
5,352,2205,47531,563.796905
5,353,160,47531,28.143497
5,354,446,47531,93.728997
5,355,1269,47531,282.328562
5,356,146,47531,27.914007
5,357,234,47531,39.157261
5,358,466,47531,124.813808
5,359,262,47531,57.634565
5,360,757,47531,201.043688
5,361,2643,47531,724.390973
5,362,67,47531,12.517758
5,363,243,47531,55.966681
5,364,54,47531,10.804582
5,365,1244,47531,306.642638
5,366,208,47531,43.863319
5,367,100,47531,20.979926
5,368,938,47531,234.874404
5,369,872,47531,201.714077
5,370,73,47531,17.395334
5,371,790,47531,152.428768
5,372,114,47531,21.329589
5,373,103,47531,18.296607
5,374,1087,47531,297.971546
5,375,224,47531,59.624673
5,376,984,47531,196.407778
5,377,146,47531,26.288629
5,378,159,47531,31.963057
5,379,2779,47531,619.849757
5,380,687,47531,149.804875
5,381,965,47531,277.604171
5,382,48,47531,8.148637
5,383,210,47531,42.259440
6,0,10,47531,1.297102
6,1,908,47531,215.518167
6,2,309,47531,53.886986
6,3,394,47531,94.374741
6,4,53,47531,7.366122
6,5,3870,47531,981.433828
6,6,36,47531,7.338253
6,7,570,47531,142.193164
6,8,252,47531,52.333653
6,9,12,47531,2.482490
6,10,1180,47531,329.110945
6,11,50,47531,10.975927
6,12,437,47531,124.285454
6,13,162,47531,37.874375
6,14,150,47531,32.517741
6,15,368,47531,87.848421
6,16,14,47531,2.742746
6,17,1874,47531,447.795984
6,18,1295,47531,324.865673
6,19,21,47531,3.324000
6,20,2498,47531,459.033395
6,21,53,47531,7.536407
6,22,755,47531,216.312205
6,23,344,47531,75.130646
6,24,191,47531,45.057989
6,25,23,47531,3.369673
6,26,393,47531,82.756294
6,27,881,47531,186.661540
6,28,1376,47531,339.191148
6,29,141,47531,33.169026
6,30,41,47531,8.832193
6,31,1634,47531,326.121315
6,32,358,47531,67.040783
6,33,843,47531,228.390760
6,34,153,47531,27.559481
6,35,80,47531,12.859126
6,36,263,47531,48.849030
6,37,598,47531,119.545600
6,38,59,47531,11.618993
6,39,181,47531,28.512541
6,40,481,47531,81.621439
6,41,1,47531,0.156130
6,42,61,47531,10.832057
6,43,41,47531,6.776817
6,44,244,47531,46.413585
6,45,36,47531,6.257078
6,46,446,47531,118.780224
6,47,306,47531,54.621431
6,48,871,47531,179.377091
6,49,95,47531,12.975256
6,50,349,47531,61.871639
6,51,4186,47531,1347.361808
6,52,67,47531,12.270463
6,53,571,47531,163.905924
6,54,78,47531,14.951145
6,55,153,47531,24.985168
6,56,2694,47531,619.809543
6,57,4,47531,0.565043
6,58,361,47531,78.544863
6,59,1765,47531,439.635489
6,60,78,47531,19.984915
6,61,239,47531,44.011875
6,62,101,47531,18.677720
6,63,1085,47531,225.985339
6,64,68,47531,16.088499
6,65,217,47531,29.523319
6,66,950,47531,229.553764
6,67,675,47531,164.502644
6,68,14,47531,3.114829
6,69,106,47531,20.861558
6,70,89,47531,14.762067
6,71,188,47531,49.630067
6,72,889,47531,240.184883
6,73,713,47531,142.184835
6,74,58,47531,10.273539
6,75,139,47531,25.146949
6,76,204,47531,53.467736
6,77,117,47531,22.708219
6,78,108,47531,14.702018
6,79,814,47531,199.385385
6,80,22,47531,3.693715
6,81,932,47531,270.353905
6,82,442,47531,89.773010
6,83,160,47531,27.841580
6,84,237,47531,63.718634
6,85,157,47531,24.521951
6,86,175,47531,36.784416
6,87,5,47531,0.810044
6,88,188,47531,47.080199
6,89,163,47531,33.047710
6,90,479,47531,120.685275
6,91,833,47531,163.041425
6,92,498,47531,131.219603
6,93,505,47531,114.432671
6,94,99,47531,18.582771
6,95,13,47531,2.448090
6,96,147,47531,28.638339
6,97,79,47531,21.368033
6,98,1426,47531,364.293611
6,99,871,47531,241.779202
6,100,757,47531,142.531728
6,101,865,47531,168.624791
6,102,685,47531,133.729487
6,103,452,47531,88.825415
6,104,5398,47531,1588.307122
6,105,147,47531,25.478571
6,106,72,47531,10.603510
6,107,427,47531,112.674396
6,108,235,47531,41.331546
6,109,73,47531,12.230317
6,110,857,47531,250.142656
6,111,272,47531,55.871128
6,112,1453,47531,402.617750
6,113,114,47531,25.075672
6,114,258,47531,45.803624
6,115,188,47531,32.641285
6,116,395,47531,87.220427
6,117,4498,47531,1106.251341
6,118,391,47531,98.288691
6,119,49,47531,7.418040
6,120,1843,47531,447.052850
6,121,34,47531,5.312116
6,122,11205,47531,2642.208146
6,123,11,47531,2.264659
6,124,799,47531,209.604562
6,125,1496,47531,307.579498
6,126,111,47531,19.660116
6,127,125,47531,18.643426
6,128,499,47531,105.228499
6,129,744,47531,165.602483
6,130,8,47531,1.386121
6,131,13,47531,2.483828
6,132,57,47531,12.402595
6,133,391,47531,83.909227
6,134,1093,47531,310.269368
6,135,1343,47531,320.224952
6,136,81,47531,15.326365
6,137,509,47531,154.819774
6,138,49,47531,7.249716
6,139,40,47531,6.002896
6,140,6148,47531,1642.408844
6,141,505,47531,108.180711
6,142,28,47531,7.055825
6,143,74,47531,16.708641
6,144,782,47531,180.533375
6,145,38,47531,7.335064
6,146,1235,47531,294.670129
6,147,190,47531,39.626236
6,148,585,47531,137.289037
6,149,566,47531,110.443883
6,150,202,47531,43.286649
6,151,298,47531,48.389134
6,152,635,47531,137.749999
6,153,1997,47531,469.076189
6,154,1038,47531,255.166023
6,155,12,47531,2.383613
6,156,8,47531,1.178030
6,157,442,47531,95.074868
6,158,579,47531,121.005848
6,159,1005,47531,234.721437
6,160,943,47531,200.139115
6,161,128,47531,32.954769
6,162,345,47531,71.071500
6,163,32,47531,8.291636
6,164,261,47531,60.320865
6,165,62,47531,9.444661
6,166,649,47531,163.674544
6,167,762,47531,197.051715
6,168,168,47531,40.084806
6,169,37,47531,6.667326
6,170,50,47531,9.014690
6,171,239,47531,39.675942
6,172,208,47531,57.688291
6,173,174,47531,29.344205
6,174,1781,47531,356.946518
6,175,554,47531,126.581713
6,176,301,47531,59.338559
6,177,467,47531,105.250574
6,178,239,47531,51.158509
6,179,8,47531,1.786619
6,180,222,47531,44.243032
6,181,941,47531,224.164972
6,182,66,47531,11.605284
6,183,852,47531,217.298066
6,184,1231,47531,267.705491
6,185,304,47531,53.618309
6,186,19,47531,3.159427
6,187,262,47531,53.600473
6,188,11,47531,2.399131
6,189,1091,47531,270.522647
6,190,1745,47531,391.482299
6,191,316,47531,80.544573
6,192,1593,47531,448.006748
6,193,74,47531,12.230173
6,194,659,47531,155.548108
6,195,274,47531,67.909687
6,196,1057,47531,237.400703
6,197,83,47531,17.810805
6,198,25,47531,6.252980
6,199,486,47531,114.417321
6,200,3340,47531,932.433404
6,201,442,47531,123.854842
6,202,125,47531,22.936121
6,203,731,47531,151.492132
6,204,1063,47531,204.612257
6,205,212,47531,29.217652
6,206,1146,47531,275.067951
6,207,832,47531,145.386696
6,208,597,47531,159.971717
6,209,1746,47531,395.207839
6,210,1491,47531,419.137910
6,211,169,47531,36.575290
6,212,180,47531,33.876167
6,213,90,47531,16.126614
6,214,372,47531,72.758434
6,215,509,47531,111.053501
6,216,459,47531,81.160055
6,217,738,47531,114.695973
6,218,50,47531,9.382082
6,219,448,47531,98.308356
6,220,49,47531,8.386794
6,221,152,47531,22.962561
6,222,46,47531,10.200293
6,223,225,47531,42.047121
6,224,1716,47531,400.887283
6,225,2031,47531,410.304123
6,226,177,47531,38.627946
6,227,1746,47531,459.247814
6,228,494,47531,91.188614
6,229,219,47531,38.934821
6,230,2572,47531,651.587911
6,231,1104,47531,298.316922
6,232,61,47531,17.024105
6,233,188,47531,51.508594
6,234,234,47531,36.700826
6,235,170,47531,34.913135
6,236,267,47531,63.535362
6,237,215,47531,47.596136
6,238,41,47531,7.754792
6,239,43,47531,8.016430
6,240,354,47531,86.627079
6,241,77,47531,13.694578
6,242,185,47531,46.375604
6,243,4997,47531,1379.081919
6,244,4903,47531,1332.858637
6,245,110,47531,23.034850
6,246,620,47531,157.382771
6,247,138,47531,25.764528
6,248,138,47531,28.190294
6,249,2312,47531,546.619227
6,250,37,47531,6.807673
6,251,6390,47531,1642.110193
6,252,256,47531,52.003545
6,253,217,47531,37.191791
6,254,1105,47531,276.859364
6,255,2061,47531,478.619467
6,256,97,47531,13.892853
6,257,5978,47531,1586.098045
6,258,363,47531,93.667760
6,259,268,47531,52.460266
6,260,232,47531,48.008744
6,261,575,47531,160.194218
6,262,388,47531,73.491494
6,263,541,47531,153.116547
6,264,424,47531,102.218154
6,265,28,47531,4.878874
6,266,29,47531,6.755258
6,267,73,47531,14.775901
6,268,144,47531,25.866067
6,269,48,47531,10.157102
6,270,77,47531,14.050999
6,271,29,47531,5.397851
6,272,959,47531,189.104559
6,273,501,47531,150.830308
6,274,319,47531,64.044238
6,275,6193,47531,1505.976911
6,276,95,47531,22.899632
6,277,513,47531,133.946768
6,278,153,47531,24.559746
6,279,206,47531,45.690863
6,280,2119,47531,569.871320
6,281,111,47531,17.611748
6,282,1761,47531,430.761471
6,283,1926,47531,502.123244
6,284,659,47531,163.164938
6,285,15,47531,3.203597
6,286,154,47531,25.598718
6,287,207,47531,27.502402
6,288,480,47531,109.545192
6,289,102,47531,14.257053
6,290,936,47531,172.578308
6,291,248,47531,48.659987
6,292,1024,47531,207.404467
6,293,1163,47531,270.664811
6,294,320,47531,51.380756
6,295,106,47531,19.821757
6,296,210,47531,47.458398
6,297,209,47531,67.035196
6,298,230,47531,43.164239
6,299,152,47531,43.374651
6,300,1318,47531,278.410857
6,301,334,47531,64.298366
6,302,975,47531,285.935484
6,303,362,47531,80.013973
6,304,87,47531,15.616615
6,305,1008,47531,223.483060
6,306,691,47531,162.619004
6,307,1178,47531,242.781730
6,308,408,47531,73.480425
6,309,13924,47531,5607.241277
6,310,169,47531,34.706662
6,311,1642,47531,397.909494
6,312,1140,47531,300.520792
6,313,53,47531,8.746219
6,314,136,47531,26.170702
6,315,461,47531,85.645549
6,316,113,47531,18.841751
6,317,1856,47531,480.933612
6,318,171,47531,34.675728
6,319,657,47531,132.731761
6,320,113,47531,22.228022
6,321,92,47531,17.664273
6,322,542,47531,101.634301
6,323,430,47531,91.606119
6,324,55,47531,10.251052
6,325,78,47531,12.030441
6,326,172,47531,34.332059
6,327,246,47531,35.427123
6,328,209,47531,44.520966
6,329,106,47531,24.929715
6,330,359,47531,74.410494
6,331,91,47531,16.792430
6,332,936,47531,268.581402
6,333,2772,47531,875.892353
6,334,35,47531,6.563610
6,335,19,47531,2.976739
6,336,21,47531,4.217932
6,337,2175,47531,556.924450
6,338,75,47531,14.511815
6,339,1443,47531,327.702736
6,340,375,47531,91.875639
6,341,301,47531,66.502366
6,342,968,47531,233.144503
6,343,1233,47531,355.640840
6,344,19,47531,3.375582
6,345,1349,47531,253.989308
6,346,169,47531,33.205989
6,347,55,47531,8.167801
6,348,609,47531,128.878003
6,349,2202,47531,554.540100
6,350,397,47531,68.361181
6,351,1041,47531,243.882202
6,352,25,47531,3.856120
6,353,457,47531,86.321729
6,354,694,47531,114.162469
6,355,8,47531,1.623863
6,356,678,47531,140.513087
6,357,546,47531,123.214405
6,358,1132,47531,342.143794
6,359,257,47531,62.501585
6,360,9293,47531,2106.542935
6,361,1370,47531,425.112326
6,362,12,47531,2.605626
6,363,84,47531,12.762096
6,364,56,47531,11.260124
6,365,44,47531,7.933827
6,366,51,47531,9.239975
6,367,4387,47531,1060.535293
6,368,6231,47531,2098.538244
6,369,926,47531,190.491881
6,370,1221,47531,311.845402
6,371,3076,47531,676.594062
6,372,1556,47531,416.475164
6,373,707,47531,169.517583
6,374,295,47531,76.019675
6,375,60,47531,15.506106
6,376,932,47531,169.408679
6,377,291,47531,84.853169
6,378,590,47531,145.853072
6,379,38,47531,6.049567
6,380,367,47531,67.738947
6,381,49,47531,8.543519
6,382,439,47531,92.618332
6,383,143,47531,23.830031
7,0,998,47531,233.875595
7,1,17,47531,4.551401
7,2,265,47531,65.335339
7,3,252,47531,48.250114
7,4,557,47531,117.371533
7,5,234,47531,43.671384
7,6,575,47531,123.966438
7,7,3377,47531,677.650148
7,8,363,47531,95.662505
7,9,178,47531,45.635723
7,10,753,47531,156.154432
7,11,241,47531,79.065389
7,12,788,47531,239.172156
7,13,1736,47531,363.291509
7,14,135,47531,24.336845
7,15,52,47531,11.436241
7,16,104,47531,19.769203
7,17,37,47531,5.041895
7,18,114,47531,16.776927
7,19,2287,47531,733.421343
7,20,1615,47531,385.547567
7,21,748,47531,226.950785
7,22,137,47531,25.029440
7,23,201,47531,36.753489
7,24,102,47531,29.169742
7,25,95,47531,26.438041
7,26,392,47531,86.889882
7,27,219,47531,39.804415
7,28,89,47531,18.433073
7,29,1889,47531,478.549178
7,30,289,47531,67.035042
7,31,278,47531,52.948191
7,32,2041,47531,559.239142
7,33,87,47531,13.905025
7,34,109,47531,17.845674
7,35,801,47531,167.445001
7,36,241,47531,60.419493
7,37,58,47531,8.404647
7,38,144,47531,25.317577
7,39,900,47531,249.495311
7,40,163,47531,25.908390
7,41,113,47531,18.750354
7,42,160,47531,40.450728
7,43,249,47531,39.774245
7,44,2721,47531,605.432171
7,45,55,47531,10.067338
7,46,237,47531,36.427644
7,47,130,47531,24.161481
7,48,654,47531,156.653998
7,49,123,47531,21.931457
7,50,274,47531,57.174469
7,51,3293,47531,755.274689
7,52,59,47531,11.099696
7,53,2492,47531,548.010972
7,54,82,47531,13.250762
7,55,407,47531,80.640884
7,56,348,47531,71.437342
7,57,53,47531,9.791190
7,58,1185,47531,303.096923
7,59,53,47531,10.386833
7,60,141,47531,28.977965
7,61,119,47531,29.496782
7,62,1694,47531,409.550271
7,63,997,47531,315.935523
7,64,32,47531,7.323829
7,65,791,47531,195.416690
7,66,54,47531,8.533571
7,67,403,47531,75.257013
7,68,218,47531,37.781316
7,69,515,47531,150.853250
7,70,66,47531,13.983274
7,71,52,47531,8.358478
7,72,435,47531,111.454840
7,73,437,47531,79.737148
7,74,103,47531,36.427602
7,75,1126,47531,276.977211
7,76,18,47531,3.471101
7,77,296,47531,59.055083
7,78,273,47531,73.621538
7,79,134,47531,28.323689
7,80,191,47531,41.197418
7,81,640,47531,145.199252
7,82,123,47531,29.862920
7,83,109,47531,26.732315
7,84,689,47531,133.380768
7,85,381,47531,62.686406
7,86,1170,47531,215.514660
7,87,4,47531,0.771285
7,88,405,47531,59.601292
7,89,687,47531,137.444703
7,90,8816,47531,2750.653353
7,91,17,47531,3.655206
7,92,364,47531,50.823432
7,93,939,47531,203.731984
7,94,2583,47531,634.939968
7,95,7,47531,0.991694
7,96,249,47531,44.575566
7,97,249,47531,60.407904
7,98,6115,47531,1767.293180
7,99,53,47531,10.824320
7,100,223,47531,45.776063
7,101,174,47531,28.250574
7,102,3296,47531,799.184740
7,103,71,47531,9.720211
7,104,347,47531,64.746865
7,105,127,47531,27.731238
7,106,680,47531,159.165571
7,107,859,47531,230.561700
7,108,727,47531,187.068274
7,109,268,47531,49.667169
7,110,114,47531,14.545852
7,111,310,47531,90.213206
7,112,282,47531,68.893825
7,113,215,47531,40.933118
7,114,2965,47531,823.841662
7,115,1300,47531,309.593038
7,116,259,47531,42.449131
7,117,357,47531,64.567230
7,118,1661,47531,373.814358
7,119,55,47531,8.875379
7,120,179,47531,31.643539
7,121,82,47531,15.864414
7,122,1575,47531,421.212948
7,123,1311,47531,418.977421
7,124,791,47531,237.865607
7,125,1735,47531,402.001622
7,126,15,47531,2.325907
7,127,90,47531,18.734285
7,128,53,47531,11.480792
7,129,218,47531,40.270302
7,130,292,47531,58.752223
7,131,1558,47531,314.968711
7,132,577,47531,144.591608
7,133,37,47531,7.788876
7,134,467,47531,95.553693
7,135,87,47531,13.440582
7,136,900,47531,223.388335
7,137,2540,47531,584.248811
7,138,173,47531,31.098955
7,139,726,47531,181.618580
7,140,641,47531,168.892194
7,141,455,47531,76.048890
7,142,183,47531,33.580681
7,143,420,47531,125.735589
7,144,1849,47531,457.544863
7,145,207,47531,37.390954
7,146,167,47531,29.685062
7,147,460,47531,95.784987
7,148,5076,47531,1598.763315
7,149,47,47531,8.564490
7,150,1217,47531,330.294155
7,151,244,47531,58.225686
7,152,711,47531,140.654509
7,153,445,47531,88.042676
7,154,6307,47531,1720.042804
7,155,288,47531,56.768371
7,156,854,47531,157.904976
7,157,7128,47531,1926.717605
7,158,613,47531,149.474470
7,159,22,47531,2.749560
7,160,739,47531,160.931539
7,161,293,47531,52.354590
7,162,668,47531,101.145022
7,163,434,47531,80.613407
7,164,1485,47531,521.840037
7,165,2890,47531,708.204834
7,166,63,47531,13.908369
7,167,359,47531,75.726517
7,168,64,47531,11.141704
7,169,656,47531,167.092874
7,170,956,47531,176.008158
7,171,2265,47531,578.346483
7,172,385,47531,87.981727
7,173,641,47531,133.640876
7,174,22,47531,3.494153
7,175,1731,47531,337.127252
7,176,549,47531,154.897159
7,177,173,47531,41.469776
7,178,152,47531,32.037264
7,179,307,47531,66.025896
7,180,203,47531,37.626375
7,181,604,47531,148.414644
7,182,536,47531,117.232566
7,183,37,47531,6.319415
7,184,201,47531,48.465331
7,185,10,47531,1.998722
7,186,12,47531,2.055321
7,187,1268,47531,351.875693
7,188,258,47531,66.229045
7,189,779,47531,131.564205
7,190,57,47531,12.769077
7,191,146,47531,24.075369
7,192,157,47531,30.606373
7,193,1125,47531,223.509320
7,194,72,47531,12.173891
7,195,275,47531,54.323126
7,196,2114,47531,533.617988
7,197,75,47531,13.883887
7,198,553,47531,94.543782
7,199,27,47531,6.219916
7,200,1633,47531,462.140841
7,201,3734,47531,921.373892
7,202,638,47531,130.395721
7,203,203,47531,51.740059
7,204,886,47531,206.702833
7,205,1029,47531,246.963512
7,206,438,47531,112.876823
7,207,14119,47531,4410.959559
7,208,3696,47531,898.335312
7,209,3,47531,0.618005
7,210,19,47531,2.908905
7,211,222,47531,27.743156
7,212,1051,47531,218.725983
7,213,337,47531,75.551641
7,214,38,47531,5.452949
7,215,2016,47531,504.916933
7,216,159,47531,28.864365
7,217,606,47531,125.840500
7,218,401,47531,76.743085
7,219,93,47531,16.941512
7,220,375,47531,92.043367
7,221,191,47531,35.415850
7,222,203,47531,69.176906
7,223,63,47531,12.174985
7,224,202,47531,62.761307
7,225,973,47531,230.064739
7,226,140,47531,22.683564
7,227,199,47531,65.903258
7,228,1204,47531,277.210010
7,229,646,47531,196.905838
7,230,27,47531,6.016017
7,231,887,47531,243.578026
7,232,215,47531,28.946496
7,233,778,47531,138.312662
7,234,489,47531,102.549254
7,235,791,47531,184.533606
7,236,405,47531,90.186612
7,237,13,47531,2.692764
7,238,172,47531,28.495983
7,239,225,47531,40.501189
7,240,711,47531,179.655246
7,241,630,47531,147.283334
7,242,650,47531,153.573031
7,243,783,47531,163.181142
7,244,141,47531,28.191689
7,245,13522,47531,3397.801429
7,246,56,47531,9.850009
7,247,519,47531,104.815642
7,248,1633,47531,371.228109
7,249,73,47531,15.218430
7,250,2876,47531,619.334979
7,251,129,47531,22.813811
7,252,295,47531,55.576568
7,253,189,47531,31.200420
7,254,108,47531,25.772369
7,255,863,47531,228.298065
7,256,29,47531,4.137657
7,257,301,47531,50.762884
7,258,125,47531,22.589944
7,259,99,47531,15.744495
7,260,193,47531,44.424627
7,261,68,47531,13.589528
7,262,149,47531,27.797277
7,263,3522,47531,866.188789
7,264,54,47531,10.567997
7,265,668,47531,149.188414
7,266,352,47531,87.490812
7,267,276,47531,52.940230
7,268,908,47531,179.114523
7,269,30,47531,4.950067
7,270,827,47531,227.438541
7,271,352,47531,66.905964
7,272,664,47531,193.393270
7,273,166,47531,31.000544
7,274,90,47531,17.160343
7,275,925,47531,212.654894
7,276,40,47531,5.886137
7,277,29,47531,5.614284
7,278,2034,47531,476.320811
7,279,354,47531,60.360887
7,280,122,47531,23.250330
7,281,140,47531,21.881778
7,282,427,47531,80.792660
7,283,212,47531,54.648600
7,284,283,47531,54.942102
7,285,26,47531,6.029738
7,286,69,47531,13.072445
7,287,4585,47531,1437.942577
7,288,261,47531,55.498988
7,289,287,47531,59.834799
7,290,73,47531,12.502670
7,291,2579,47531,748.437074
7,292,391,47531,82.192624
7,293,147,47531,26.999191
7,294,190,47531,55.450723
7,295,617,47531,150.348998
7,296,1169,47531,324.086345
7,297,535,47531,127.075880
7,298,250,47531,50.432253
7,299,631,47531,134.904862
7,300,344,47531,70.313922
7,301,4,47531,0.778651
7,302,100,47531,18.012955
7,303,118,47531,18.218022
7,304,5,47531,0.790284
7,305,545,47531,115.593100
7,306,798,47531,174.527041
7,307,81,47531,16.442456
7,308,43,47531,7.409032
7,309,2172,47531,417.939968
7,310,345,47531,94.945700
7,311,544,47531,119.019882
7,312,234,47531,47.664443
7,313,822,47531,160.455319
7,314,337,47531,42.379554
7,315,35,47531,5.741209
7,316,826,47531,198.539152
7,317,1027,47531,261.449709
7,318,17,47531,2.980625
7,319,27,47531,4.272217
7,320,779,47531,185.975986
7,321,60,47531,13.426972
7,322,421,47531,86.818868
7,323,1354,47531,360.093775
7,324,3028,47531,707.529439
7,325,322,47531,85.383152
7,326,220,47531,58.780777
7,327,46,47531,8.041829
7,328,560,47531,136.726422
7,329,547,47531,119.556431
7,330,56,47531,10.902520
7,331,782,47531,149.330772
7,332,170,47531,27.916470
7,333,66,47531,9.756108
7,334,1,47531,0.159160
7,335,3085,47531,852.682278
7,336,577,47531,135.492749
7,337,5833,47531,1972.338987
7,338,71,47531,11.788521
7,339,196,47531,42.886879
7,340,1238,47531,247.511645
7,341,127,47531,20.953162
7,342,131,47531,23.870254
7,343,2122,47531,621.067764
7,344,285,47531,44.036746
7,345,90,47531,13.249978
7,346,54,47531,7.818983
7,347,63,47531,12.521032
7,348,319,47531,66.292847
7,349,27,47531,4.512135
7,350,3219,47531,781.663005
7,351,210,47531,45.437875
7,352,141,47531,23.824598
7,353,1593,47531,433.177511
7,354,1390,47531,356.187762
7,355,26,47531,3.883714
7,356,200,47531,39.278376
7,357,4741,47531,1277.297498
7,358,1147,47531,296.972822
7,359,169,47531,38.432906
7,360,408,47531,112.226736
7,361,194,47531,36.583521
7,362,16,47531,2.664977
7,363,87,47531,15.205056
7,364,265,47531,97.995891
7,365,172,47531,37.437775
7,366,752,47531,183.184351
7,367,32,47531,5.316468
7,368,243,47531,55.797776
7,369,38,47531,6.978396
7,370,777,47531,183.076322
7,371,23,47531,4.028881
7,372,125,47531,18.940267
7,373,83,47531,14.863069
7,374,120,47531,21.917527
7,375,7,47531,1.303854
7,376,48,47531,9.728120
7,377,787,47531,165.447123
7,378,11,47531,1.601599
7,379,1915,47531,460.668275
7,380,118,47531,21.186157
7,381,73,47531,10.740255
7,382,126,47531,19.710017
7,383,515,47531,112.169821
8,0,1503,47531,367.266198
8,1,1126,47531,293.521124
8,2,503,47531,100.922899
8,3,757,47531,163.665481
8,4,657,47531,154.928702
8,5,133,47531,22.951662
8,6,387,47531,74.751154
8,7,211,47531,41.880449
8,8,3316,47531,675.994260
8,9,567,47531,127.145196
8,10,63,47531,10.778669
8,11,460,47531,96.371824
8,12,71,47531,10.823268
8,13,128,47531,24.634602
8,14,1488,47531,341.445061
8,15,644,47531,129.573063
8,16,2481,47531,527.084536
8,17,307,47531,91.613805
8,18,349,47531,61.822415
8,19,133,47531,21.407839
8,20,252,47531,49.286708
8,21,157,47531,24.920660
8,22,2226,47531,579.006039
8,23,134,47531,22.056982
8,24,985,47531,279.960326
8,25,185,47531,50.121521
8,26,227,47531,49.978840
8,27,127,47531,26.044808
8,28,226,47531,49.354423
8,29,9935,47531,3031.520190
8,30,86,47531,18.790075
8,31,47,47531,8.802454
8,32,15,47531,2.078072
8,33,149,47531,24.656895
8,34,1179,47531,372.218341
8,35,31,47531,5.893642
8,36,320,47531,74.309159
8,37,80,47531,14.638766
8,38,275,47531,54.050337
8,39,437,47531,90.232038
8,40,32,47531,5.055160
8,41,494,47531,144.551214
8,42,1066,47531,309.291668
8,43,193,47531,31.517352
8,44,184,47531,29.635891
8,45,889,47531,237.228281
8,46,159,47531,25.967582
8,47,421,47531,95.048237
8,48,148,47531,22.328621
8,49,479,47531,96.284545
8,50,700,47531,186.832702
8,51,377,47531,55.296179
8,52,18,47531,3.107422
8,53,701,47531,156.506798
8,54,1094,47531,241.477003
8,55,447,47531,106.997204
8,56,34,47531,5.173666
8,57,1332,47531,304.303049
8,58,1103,47531,303.564875
8,59,76,47531,15.235862
8,60,334,47531,92.655806
8,61,593,47531,131.077800
8,62,397,47531,87.975572
8,63,332,47531,73.043758
8,64,554,47531,124.005728
8,65,176,47531,42.276978
8,66,1038,47531,215.514062
8,67,4210,47531,1045.299940
8,68,53,47531,10.362240
8,69,97,47531,22.398873
8,70,264,47531,52.208975
8,71,624,47531,120.946338
8,72,61,47531,11.531231
8,73,1144,47531,402.607147
8,74,150,47531,28.568117
8,75,431,47531,97.588354
8,76,85,47531,14.073545
8,77,154,47531,33.900791
8,78,584,47531,144.161637
8,79,33,47531,6.698339
8,80,62,47531,16.414126
8,81,1079,47531,238.887278
8,82,5,47531,1.038815
8,83,258,47531,49.763513
8,84,428,47531,66.117051
8,85,96,47531,20.536525
8,86,36,47531,5.109169
8,87,947,47531,187.360153
8,88,45,47531,7.259836
8,89,629,47531,174.945475
8,90,3075,47531,792.082794
8,91,460,47531,135.855930
8,92,1276,47531,270.430844
8,93,44,47531,9.961981
8,94,3402,47531,789.935512
8,95,392,47531,104.357431
8,96,116,47531,18.718025
8,97,945,47531,215.302597
8,98,142,47531,34.454284
8,99,239,47531,61.429870
8,100,407,47531,89.508347
8,101,732,47531,163.530387
8,102,942,47531,262.534531
8,103,801,47531,128.877994
8,104,1828,47531,609.645621
8,105,504,47531,106.301496
8,106,9,47531,1.369478
8,107,72,47531,13.858702
8,108,31,47531,4.773461
8,109,559,47531,117.795551
8,110,420,47531,119.691228
8,111,1090,47531,266.080964
8,112,2022,47531,562.818420
8,113,710,47531,105.448188
8,114,326,47531,82.536403
8,115,796,47531,183.950441
8,116,98,47531,16.346479
8,117,471,47531,109.397417
8,118,474,47531,94.220906
8,119,475,47531,106.021523
8,120,32,47531,6.893733
8,121,1518,47531,422.609264
8,122,393,47531,105.335839
8,123,603,47531,169.953963
8,124,121,47531,22.584615
8,125,12,47531,1.981406
8,126,306,47531,82.492883
8,127,1531,47531,422.899733
8,128,536,47531,91.521384
8,129,1109,47531,177.733148
8,130,90,47531,12.800863
8,131,207,47531,53.082086
8,132,20,47531,3.166783
8,133,219,47531,42.383857
8,134,685,47531,170.447943
8,135,518,47531,87.225507
8,136,62,47531,10.474473
8,137,1409,47531,328.484204
8,138,191,47531,30.277892
8,139,51,47531,9.348094
8,140,45,47531,11.161966
8,141,735,47531,134.162930
8,142,1554,47531,340.718687
8,143,277,47531,62.513268
8,144,1420,47531,265.489426
8,145,129,47531,33.548656
8,146,307,47531,76.006901
8,147,17,47531,3.020503
8,148,65,47531,9.636045
8,149,485,47531,111.389223
8,150,70,47531,11.612709
8,151,150,47531,29.508971
8,152,588,47531,133.619039
8,153,196,47531,51.687475
8,154,570,47531,103.598504
8,155,477,47531,100.987325
8,156,733,47531,215.182510
8,157,351,47531,69.397332
8,158,2002,47531,559.552268
8,159,32,47531,5.096016
8,160,246,47531,68.772995
8,161,1078,47531,236.413775
8,162,24,47531,3.417584
8,163,928,47531,274.740819
8,164,1884,47531,388.884794
8,165,738,47531,165.407585
8,166,0,47531,0.000000
8,167,9,47531,1.487252
8,168,766,47531,221.808368
8,169,918,47531,230.192199
8,170,87,47531,15.185002
8,171,1690,47531,374.441123
8,172,594,47531,128.794742
8,173,723,47531,166.941175
8,174,430,47531,99.675729
8,175,245,47531,42.960981
8,176,14,47531,1.972698
8,177,706,47531,157.756725
8,178,3404,47531,927.026440
8,179,1508,47531,365.541705
8,180,62,47531,9.127560
8,181,607,47531,139.675533
8,182,1204,47531,386.453512
8,183,183,47531,43.285145
8,184,278,47531,32.400640
8,185,3042,47531,778.728586
8,186,4871,47531,1691.907124
8,187,219,47531,39.583215
8,188,49,47531,10.685038
8,189,498,47531,113.194808
8,190,175,47531,38.436090
8,191,569,47531,130.661796
8,192,3400,47531,675.133118
8,193,851,47531,231.121040
8,194,262,47531,57.926486
8,195,444,47531,98.894675
8,196,98,47531,23.146501
8,197,735,47531,182.840566
8,198,113,47531,26.539358
8,199,40,47531,7.077614
8,200,552,47531,141.364376
8,201,65,47531,9.200545
8,202,313,47531,68.951290
8,203,209,47531,52.514630
8,204,482,47531,135.439827
8,205,551,47531,138.429165
8,206,49,47531,12.755544
8,207,198,47531,33.564421
8,208,838,47531,196.355657
8,209,1130,47531,248.690190
8,210,5960,47531,1609.072629
8,211,1628,47531,455.293046
8,212,3544,47531,834.491977
8,213,436,47531,56.581118
8,214,235,47531,42.497446
8,215,197,47531,53.156214
8,216,2199,47531,621.891687
8,217,703,47531,184.815516
8,218,618,47531,139.877525
8,219,431,47531,84.922634
8,220,596,47531,147.457432
8,221,340,47531,84.813796
8,222,7867,47531,2016.082159
8,223,1712,47531,553.736006
8,224,682,47531,170.504252
8,225,492,47531,112.425414
8,226,5701,47531,1729.486714
8,227,451,47531,96.315684
8,228,1901,47531,593.035818
8,229,4482,47531,1191.817962
8,230,26,47531,3.952389
8,231,274,47531,74.733717
8,232,490,47531,131.106055
8,233,2232,47531,687.665587
8,234,1067,47531,273.337254
8,235,207,47531,33.909573
8,236,114,47531,25.214820
8,237,782,47531,327.783779
8,238,35,47531,5.180656
8,239,61,47531,8.731335
8,240,203,47531,38.428537
8,241,390,47531,56.942196
8,242,39,47531,6.455686
8,243,34,47531,6.914070
8,244,45,47531,7.092017
8,245,802,47531,241.838096
8,246,3608,47531,813.322453
8,247,42,47531,6.327769
8,248,1376,47531,365.595247
8,249,11,47531,2.394052
8,250,277,47531,65.371354
8,251,222,47531,59.721472
8,252,160,47531,39.131625
8,253,47,47531,7.361662
8,254,420,47531,115.016088
8,255,440,47531,107.415888
8,256,1686,47531,443.884243
8,257,88,47531,18.483659
8,258,2738,47531,623.036863
8,259,113,47531,18.477141
8,260,401,47531,133.691336
8,261,495,47531,141.409385
8,262,387,47531,103.574494
8,263,166,47531,32.188351
8,264,3,47531,0.397843
8,265,1952,47531,399.002137
8,266,60,47531,11.312314
8,267,142,47531,39.814338
8,268,242,47531,49.620383
8,269,374,47531,94.042742
8,270,2091,47531,450.733841
8,271,2043,47531,486.750421
8,272,76,47531,17.193363
8,273,192,47531,36.084217
8,274,74,47531,11.850563
8,275,59,47531,10.892228
8,276,383,47531,96.095339
8,277,3053,47531,833.174444
8,278,283,47531,75.034914
8,279,1105,47531,297.488111
8,280,937,47531,227.057369
8,281,14,47531,3.423388
8,282,2507,47531,707.001448
8,283,568,47531,117.843400
8,284,61,47531,12.841615
8,285,20,47531,2.949246
8,286,1296,47531,174.706912
8,287,88,47531,19.258376
8,288,7816,47531,2155.933136
8,289,4314,47531,1181.114943
8,290,12,47531,1.995279
8,291,687,47531,198.735012
8,292,165,47531,42.382829
8,293,479,47531,119.259455
8,294,626,47531,144.787968
8,295,797,47531,184.772742
8,296,1390,47531,316.928440
8,297,1021,47531,226.024867
8,298,323,47531,74.498372
8,299,570,47531,102.544726
8,300,252,47531,53.415348
8,301,98,47531,21.819136
8,302,185,47531,36.677162
8,303,35,47531,5.918495
8,304,1689,47531,359.416850
8,305,2243,47531,502.582892
8,306,394,47531,76.827770
8,307,134,47531,27.439563
8,308,1042,47531,282.381407
8,309,7,47531,1.035143
8,310,1837,47531,406.702571
8,311,225,47531,39.607264
8,312,14,47531,1.968660
8,313,192,47531,27.347470
8,314,450,47531,87.597016
8,315,70,47531,15.541598
8,316,957,47531,295.472216
8,317,203,47531,37.240923
8,318,102,47531,23.628406
8,319,1067,47531,280.285962
8,320,637,47531,150.545137
8,321,177,47531,45.304627
8,322,31,47531,5.320099
8,323,1753,47531,388.729359
8,324,1524,47531,397.770682
8,325,836,47531,215.442933
8,326,277,47531,48.814125
8,327,18,47531,2.719120
8,328,80,47531,22.448667
8,329,104,47531,19.965722
8,330,87,47531,15.833323
8,331,669,47531,168.675921
8,332,1005,47531,253.284704
8,333,738,47531,164.999078
8,334,171,47531,29.304405
8,335,13,47531,2.503098
8,336,1822,47531,409.323764
8,337,462,47531,94.569345
8,338,331,47531,75.864891
8,339,19,47531,3.556830
8,340,346,47531,63.004974
8,341,446,47531,110.777942
8,342,474,47531,93.409339
8,343,81,47531,21.548874
8,344,3,47531,0.608678
8,345,18,47531,3.043654
8,346,205,47531,44.785785
8,347,818,47531,212.159007
8,348,557,47531,111.867166
8,349,859,47531,221.800211
8,350,1034,47531,245.890056
8,351,214,47531,50.708298
8,352,2123,47531,469.333329
8,353,764,47531,195.948264
8,354,107,47531,15.638559
8,355,71,47531,18.282434
8,356,416,47531,95.893011
8,357,508,47531,128.491858
8,358,52,47531,11.331830
8,359,232,47531,38.189638
8,360,1181,47531,275.484120
8,361,6222,47531,1930.020288
8,362,524,47531,121.728211
8,363,26,47531,3.640381
8,364,32,47531,6.476390
8,365,67,47531,12.220671
8,366,408,47531,109.399290
8,367,173,47531,32.216488
8,368,18,47531,3.184715
8,369,79,47531,13.257661
8,370,471,47531,83.192263
8,371,4124,47531,1241.966613
8,372,415,47531,117.867916
8,373,619,47531,113.628876
8,374,1332,47531,356.871121
8,375,110,47531,15.154947
8,376,931,47531,217.700518
8,377,172,47531,40.374388
8,378,828,47531,224.468795
8,379,229,47531,41.365151
8,380,1636,47531,313.390669
8,381,359,47531,88.237144
8,382,391,47531,80.827296
8,383,129,47531,27.158184
9,0,4,47531,0.696481
9,1,64,47531,13.050978
9,2,201,47531,37.333002
9,3,2636,47531,633.592280
9,4,284,47531,46.463190
9,5,591,47531,167.221516
9,6,30,47531,5.548585
9,7,154,47531,29.459458
9,8,271,47531,65.220934
9,9,1778,47531,450.090897
9,10,4371,47531,1240.069194
9,11,409,47531,98.303639
9,12,213,47531,48.820738
9,13,1184,47531,303.695186
9,14,92,47531,14.487265
9,15,141,47531,31.694852
9,16,2209,47531,539.876204
9,17,410,47531,85.225615
9,18,393,47531,97.059373
9,19,37,47531,8.915463
9,20,1028,47531,235.304484
9,21,66,47531,10.970230
9,22,2666,47531,664.711079
9,23,29,47531,4.438353
9,24,202,47531,53.774067
9,25,199,47531,38.738610
9,26,631,47531,146.291383
9,27,74,47531,14.712094
9,28,528,47531,151.345338
9,29,33,47531,5.679683
9,30,167,47531,26.742963
9,31,1020,47531,219.322457
9,32,222,47531,50.251216
9,33,1447,47531,330.204987
9,34,198,47531,39.679042
9,35,965,47531,201.227191
9,36,190,47531,33.855268
9,37,962,47531,260.710793
9,38,15,47531,2.820717
9,39,207,47531,38.923862
9,40,546,47531,144.738108
9,41,1746,47531,427.017530
9,42,909,47531,238.033346
9,43,18,47531,3.218887
9,44,33,47531,5.679856
9,45,65,47531,13.745750
9,46,2340,47531,484.937421
9,47,2107,47531,489.257535
9,48,143,47531,25.219638
9,49,1568,47531,387.655050
9,50,656,47531,126.268857
9,51,1596,47531,386.844791
9,52,769,47531,185.627684
9,53,2153,47531,456.703920
9,54,190,47531,42.918244
9,55,106,47531,23.964900
9,56,687,47531,145.643793
9,57,82,47531,15.207221
9,58,839,47531,228.887447
9,59,88,47531,21.433665
9,60,33,47531,5.720408
9,61,306,47531,62.998976
9,62,347,47531,85.393413
9,63,578,47531,118.860583
9,64,80,47531,13.519188
9,65,11,47531,1.873846
9,66,2766,47531,580.887635
9,67,82,47531,23.985315
9,68,403,47531,93.259227
9,69,786,47531,169.310171
9,70,1015,47531,195.347797
9,71,1458,47531,466.771127
9,72,6,47531,1.754699
9,73,801,47531,226.397732
9,74,103,47531,27.814757
9,75,947,47531,268.363170
9,76,971,47531,249.021222
9,77,2974,47531,798.499511
9,78,78,47531,17.713609
9,79,1220,47531,312.815164
9,80,171,47531,45.895844
9,81,400,47531,90.180125
9,82,5710,47531,1753.727066
9,83,41,47531,8.007324
9,84,72,47531,18.098590
9,85,75,47531,25.024757
9,86,4174,47531,1082.038006
9,87,1817,47531,443.351227
9,88,107,47531,20.490218
9,89,70,47531,12.805543
9,90,695,47531,144.259643
9,91,511,47531,126.468629
9,92,85,47531,14.776257
9,93,1069,47531,279.059307
9,94,146,47531,32.869452
9,95,4,47531,0.693856
9,96,91,47531,19.953089
9,97,3174,47531,602.591519
9,98,839,47531,192.739370
9,99,456,47531,119.897177
9,100,231,47531,46.586346
9,101,212,47531,60.962179
9,102,2310,47531,608.687898
9,103,42,47531,9.103554
9,104,62,47531,11.483362
9,105,119,47531,27.124371
9,106,325,47531,83.553188
9,107,2449,47531,643.079442
9,108,910,47531,163.740384
9,109,94,47531,21.600232
9,110,1771,47531,451.256479
9,111,531,47531,127.753263
9,112,155,47531,25.914068
9,113,36,47531,7.881354
9,114,177,47531,25.728939
9,115,1684,47531,494.285817
9,116,906,47531,225.990239
9,117,494,47531,120.048001
9,118,437,47531,105.368220
9,119,778,47531,212.710292
9,120,1560,47531,370.116210
9,121,330,47531,73.597093
9,122,29,47531,4.775427
9,123,14,47531,2.667954
9,124,1276,47531,342.200292
9,125,786,47531,207.808311
9,126,28,47531,5.873756
9,127,672,47531,175.490123
9,128,271,47531,70.713867
9,129,495,47531,125.217643
9,130,100,47531,15.379196
9,131,1188,47531,304.802941
9,132,913,47531,214.933350
9,133,91,47531,16.145349
9,134,6474,47531,1643.892255
9,135,494,47531,147.537066
9,136,1292,47531,307.102200
9,137,2422,47531,480.061174
9,138,1556,47531,370.320999
9,139,280,47531,55.582658
9,140,799,47531,177.209043
9,141,507,47531,139.592150
9,142,435,47531,103.380028
9,143,206,47531,40.451292
9,144,186,47531,38.706320
9,145,70,47531,9.767519
9,146,688,47531,157.988832
9,147,976,47531,229.066626
9,148,517,47531,115.431389
9,149,1525,47531,428.992004
9,150,1011,47531,241.619307
9,151,140,47531,35.758516
9,152,205,47531,47.038019
9,153,260,47531,64.342585
9,154,208,47531,40.000812
9,155,1897,47531,458.716621
9,156,2414,47531,649.401277
9,157,26,47531,5.603613
9,158,436,47531,110.580804
9,159,40,47531,6.965211
9,160,762,47531,186.850618
9,161,362,47531,77.772271
9,162,32,47531,5.223124
9,163,197,47531,47.849379
9,164,194,47531,46.899603
9,165,101,47531,14.848625
9,166,297,47531,60.262193
9,167,414,47531,75.538923
9,168,912,47531,245.061180
9,169,464,47531,83.882441
9,170,969,47531,256.365305
9,171,30,47531,5.142078
9,172,31,47531,5.090786
9,173,310,47531,64.203284
9,174,187,47531,34.788824
9,175,124,47531,21.257183
9,176,287,47531,69.809887
9,177,743,47531,191.716289
9,178,129,47531,18.234254
9,179,91,47531,19.821391
9,180,1630,47531,374.064884
9,181,20,47531,4.448894
9,182,213,47531,47.796180
9,183,1148,47531,243.664516
9,184,670,47531,188.726025
9,185,55,47531,8.784371
9,186,172,47531,37.200066
9,187,1033,47531,218.734048
9,188,1874,47531,479.844763
9,189,741,47531,194.491472
9,190,251,47531,51.016006
9,191,507,47531,116.777934
9,192,27,47531,4.921106
9,193,102,47531,24.704419
9,194,0,47531,0.000000
9,195,1489,47531,335.753493
9,196,265,47531,66.551971
9,197,7936,47531,1878.031883
9,198,49,47531,10.759945
9,199,729,47531,148.419243
9,200,732,47531,191.554821
9,201,819,47531,198.544610
9,202,1780,47531,437.812836
9,203,176,47531,37.883598
9,204,35,47531,6.948536
9,205,678,47531,157.669722
9,206,188,47531,51.056581
9,207,158,47531,39.239112
9,208,1448,47531,368.829799
9,209,202,47531,47.747733
9,210,7,47531,1.537456
9,211,182,47531,34.712979
9,212,557,47531,123.436454
9,213,104,47531,22.470948
9,214,71,47531,11.055951
9,215,136,47531,20.206384
9,216,443,47531,111.355094
9,217,691,47531,167.314686
9,218,171,47531,30.024811
9,219,186,47531,30.203834
9,220,723,47531,158.747436
9,221,166,47531,31.411558
9,222,716,47531,193.363710
9,223,1031,47531,242.876716
9,224,4170,47531,972.134824
9,225,115,47531,20.437931
9,226,47,47531,6.760766
9,227,209,47531,36.926819
9,228,117,47531,20.252128
9,229,112,47531,25.439478
9,230,42,47531,9.121600
9,231,1280,47531,238.668677
9,232,902,47531,214.518390
9,233,1151,47531,286.893245
9,234,459,47531,98.029822
9,235,364,47531,77.826265
9,236,321,47531,64.614286
9,237,201,47531,43.014563
9,238,2038,47531,486.538636
9,239,135,47531,24.956367
9,240,86,47531,12.288480
9,241,203,47531,42.733159
9,242,602,47531,118.951311
9,243,547,47531,131.906548
9,244,815,47531,169.863953
9,245,633,47531,164.373767
9,246,1206,47531,304.014188
9,247,111,47531,26.384074
9,248,733,47531,169.345368
9,249,1545,47531,362.976406
9,250,331,47531,114.550567
9,251,541,47531,156.039502
9,252,233,47531,47.211150
9,253,13,47531,2.681466
9,254,486,47531,140.136244
9,255,359,47531,60.418533
9,256,1473,47531,348.256642
9,257,1853,47531,510.973482
9,258,829,47531,206.284153
9,259,59,47531,12.265991
9,260,170,47531,47.204940
9,261,15,47531,2.472886
9,262,372,47531,83.806975
9,263,15973,47531,5461.791608
9,264,982,47531,216.906582
9,265,756,47531,210.273919
9,266,1862,47531,401.229608
9,267,70,47531,12.827550
9,268,19,47531,3.604710
9,269,572,47531,126.540195
9,270,1108,47531,202.549965
9,271,181,47531,37.081493
9,272,342,47531,63.361564
9,273,460,47531,97.795313
9,274,578,47531,137.881580
9,275,50,47531,7.913277
9,276,0,47531,0.000000
9,277,32,47531,5.282189
9,278,585,47531,118.657894
9,279,203,47531,49.550302
9,280,85,47531,17.386949
9,281,69,47531,12.925415
9,282,1128,47531,293.739988
9,283,267,47531,49.471784
9,284,65,47531,10.361972
9,285,1404,47531,360.604868
9,286,926,47531,248.165885
9,287,297,47531,56.594487
9,288,1437,47531,372.342816
9,289,883,47531,258.048102
9,290,49,47531,6.823689
9,291,345,47531,63.535947
9,292,153,47531,21.794211
9,293,34,47531,7.356534
9,294,2600,47531,727.842730
9,295,291,47531,69.148429
9,296,225,47531,52.834193
9,297,2566,47531,646.370645
9,298,78,47531,16.123687
9,299,105,47531,18.218941
9,300,46,47531,10.638420
9,301,150,47531,40.980388
9,302,1318,47531,350.980543
9,303,3406,47531,833.926979
9,304,9,47531,1.736015
9,305,2560,47531,696.962660
9,306,495,47531,98.835834
9,307,13,47531,2.677174
9,308,2932,47531,749.172033
9,309,212,47531,41.468431
9,310,367,47531,77.048763
9,311,1291,47531,188.810647
9,312,6545,47531,1656.877529
9,313,18,47531,3.702074
9,314,675,47531,161.410908
9,315,874,47531,226.304103
9,316,69,47531,22.304854
9,317,208,47531,41.971813
9,318,1140,47531,300.054788
9,319,919,47531,285.121523
9,320,809,47531,214.049564
9,321,487,47531,112.935205
9,322,467,47531,105.903250
9,323,278,47531,71.781365
9,324,908,47531,248.627243
9,325,142,47531,30.202588
9,326,402,47531,93.596988
9,327,1008,47531,222.337898
9,328,467,47531,102.891306
9,329,851,47531,194.904045
9,330,318,47531,117.297906
9,331,883,47531,207.352397
9,332,61,47531,10.021464
9,333,2689,47531,746.785780
9,334,141,47531,27.056873
9,335,1924,47531,501.230383
9,336,112,47531,34.197773
9,337,420,47531,89.141510
9,338,525,47531,203.234048
9,339,1230,47531,323.881741
9,340,11,47531,1.946298
9,341,1608,47531,435.360808
9,342,764,47531,200.114805
9,343,3178,47531,997.711744
9,344,393,47531,95.950923
9,345,1628,47531,417.161191
9,346,93,47531,15.669891
9,347,186,47531,28.939232
9,348,297,47531,63.553611
9,349,95,47531,19.140533
9,350,1188,47531,309.319101
9,351,364,47531,68.126564
9,352,174,47531,33.931444
9,353,138,47531,28.620634
9,354,756,47531,197.007458
9,355,160,47531,42.324847
9,356,146,47531,34.239116
9,357,84,47531,15.043319
9,358,31,47531,7.063584
9,359,31,47531,4.413729
9,360,82,47531,17.554148
9,361,19,47531,3.503104
9,362,1109,47531,283.795436
9,363,97,47531,15.604900
9,364,363,47531,80.197767
9,365,58,47531,9.804804
9,366,733,47531,165.250979
9,367,828,47531,245.336168
9,368,576,47531,140.621190
9,369,685,47531,163.121472
9,370,148,47531,31.263696
9,371,763,47531,127.317836
9,372,37,47531,6.463363
9,373,781,47531,180.499497
9,374,525,47531,90.293719
9,375,46,47531,7.964636
9,376,279,47531,42.307935
9,377,1753,47531,408.996974
9,378,3317,47531,921.377889
9,379,412,47531,93.061777
9,380,31,47531,6.353685
9,381,615,47531,108.684464
9,382,269,47531,79.445454
9,383,187,47531,37.644582
10,0,44,47531,7.939086
10,1,616,47531,105.762852
10,2,848,47531,203.738274
10,3,240,47531,52.578094
10,4,124,47531,19.980441
10,5,527,47531,136.819857
10,6,82,47531,19.902170
10,7,1337,47531,335.998575
10,8,1593,47531,374.320090
10,9,320,47531,66.023323
10,10,70,47531,12.610304
10,11,618,47531,154.596448
10,12,81,47531,14.835995
10,13,2811,47531,923.753915
10,14,437,47531,77.005131
10,15,353,47531,67.510091
10,16,82,47531,13.082441
10,17,637,47531,152.274769
10,18,55,47531,11.417240
10,19,625,47531,143.142090
10,20,153,47531,24.461949
10,21,94,47531,23.122225
10,22,243,47531,62.882386
10,23,260,47531,51.826259
10,24,1572,47531,429.610390
10,25,601,47531,160.630877
10,26,2506,47531,541.862462
10,27,349,47531,87.379970
10,28,38,47531,8.772010
10,29,109,47531,31.801429
10,30,174,47531,41.600513
10,31,70,47531,12.550575
10,32,3960,47531,910.724899
10,33,240,47531,59.324645
10,34,595,47531,122.080986
10,35,795,47531,191.259583
10,36,96,47531,18.359744
10,37,184,47531,39.352631
10,38,46,47531,7.786439
10,39,895,47531,226.747056
10,40,165,47531,24.266350
10,41,825,47531,197.112663
10,42,251,47531,50.554096
10,43,568,47531,154.325120
10,44,945,47531,232.371018
10,45,662,47531,155.286785
10,46,30,47531,6.552443
10,47,1101,47531,272.667162
10,48,350,47531,72.698957
10,49,769,47531,163.469903
10,50,481,47531,128.793643
10,51,399,47531,105.310442
10,52,451,47531,117.316483
10,53,341,47531,96.266966
10,54,756,47531,185.978965
10,55,7,47531,1.160525
10,56,802,47531,184.471959
10,57,2220,47531,592.899792
10,58,455,47531,94.532203
10,59,1944,47531,470.606202
10,60,270,47531,54.067311
10,61,1570,47531,282.065066
10,62,720,47531,180.017419
10,63,2701,47531,614.575394
10,64,30,47531,7.359579
10,65,45,47531,7.368887
10,66,1171,47531,210.788217
10,67,783,47531,188.201232
10,68,66,47531,12.311792
10,69,354,47531,87.503385
10,70,854,47531,234.558495
10,71,308,47531,60.664759
10,72,453,47531,100.846673
10,73,59,47531,8.820563
10,74,3655,47531,795.268579
10,75,944,47531,232.685142
10,76,791,47531,162.762477
10,77,236,47531,45.645680
10,78,400,47531,85.031997
10,79,400,47531,65.500627
10,80,1052,47531,252.271352
10,81,22,47531,3.761206
10,82,260,47531,43.977390
10,83,42,47531,5.904172
10,84,562,47531,159.565143
10,85,350,47531,77.405333
10,86,364,47531,64.256044
10,87,1070,47531,261.551903
10,88,21,47531,5.426966
10,89,174,47531,48.986330
10,90,244,47531,48.143758
10,91,964,47531,248.472525
10,92,1127,47531,272.034376
10,93,1346,47531,319.261769
10,94,321,47531,82.860282
10,95,2589,47531,661.641009
10,96,1080,47531,285.190408
10,97,892,47531,205.686278
10,98,312,47531,60.710788
10,99,193,47531,39.007910
10,100,249,47531,51.089489
10,101,565,47531,125.384221
10,102,224,47531,209.786503
10,103,213,47531,18.915240
10,104,394,47531,78.945949
10,105,149,47531,29.637985
10,106,116,47531,20.002323
10,107,350,47531,63.455165
10,108,63,47531,10.980390
10,109,943,47531,235.709634
10,110,1469,47531,311.550719
10,111,546,47531,130.997634
10,112,7,47531,1.184644
10,113,443,47531,113.449312
10,114,1713,47531,364.613285
10,115,211,47531,54.839719
10,116,126,47531,28.923580
10,117,117,47531,30.567861
10,118,49,47531,7.787880
10,119,74,47531,15.425641
10,120,358,47531,97.620833
10,121,98,47531,16.738770
10,122,144,47531,32.631048
10,123,292,47531,68.119741
10,124,854,47531,190.135234
10,125,525,47531,124.256390
10,126,485,47531,86.825996
10,127,6188,47531,1542.918302
10,128,1263,47531,290.664096
10,129,280,47531,46.533513
10,130,132,47531,23.769800
10,131,13,47531,2.605477
10,132,489,47531,120.462615
10,133,88,47531,24.585200
10,134,1451,47531,453.561413
10,135,78,47531,18.186771
10,136,377,47531,44.479465
10,137,112,47531,25.142371
10,138,138,47531,23.850930
10,139,60,47531,13.722036
10,140,1774,47531,447.447624
10,141,632,47531,105.618272
10,142,788,47531,200.906413
10,143,556,47531,113.544896
10,144,178,47531,35.716641
10,145,512,47531,116.722424
10,146,1001,47531,282.616018
10,147,361,47531,75.143795
10,148,847,47531,159.344143
10,149,396,47531,95.978033
10,150,46,47531,12.409325
10,151,1134,47531,320.186882
10,152,454,47531,92.191989
10,153,77,47531,15.657842
10,154,897,47531,212.964317
10,155,551,47531,126.804702
10,156,199,47531,50.447121
10,157,1357,47531,273.710917
10,158,943,47531,222.600916
10,159,346,47531,61.516850
10,160,113,47531,23.104006
10,161,610,47531,126.613121
10,162,1743,47531,446.135957
10,163,454,47531,105.350491
10,164,6,47531,1.115972
10,165,5216,47531,1474.418640
10,166,681,47531,181.167603
10,167,995,47531,252.846135
10,168,544,47531,139.369513
10,169,490,47531,129.741342
10,170,472,47531,108.597311
10,171,271,47531,57.966918
10,172,49,47531,7.736803
10,173,1722,47531,349.673148
10,174,203,47531,30.416503
10,175,16,47531,2.976804
10,176,3,47531,0.430425
10,177,22,47531,5.390942
10,178,817,47531,155.178750
10,179,1210,47531,324.680277
10,180,289,47531,77.356658
10,181,2582,47531,735.580587
10,182,3288,47531,964.632037
10,183,8,47531,1.518031
10,184,230,47531,36.491011
10,185,190,47531,50.000365
10,186,120,47531,27.870276
10,187,154,47531,40.031865
10,188,464,47531,110.545434
10,189,24,47531,5.190295
10,190,234,47531,51.721465
10,191,384,47531,65.467639
10,192,188,47531,43.340506
10,193,860,47531,216.602287
10,194,51,47531,9.194499
10,195,1213,47531,295.022188
10,196,329,47531,59.212976
10,197,2242,47531,642.318850
10,198,9,47531,1.564474
10,199,169,47531,27.285901
10,200,206,47531,37.959106
10,201,3104,47531,731.814942
10,202,2341,47531,425.463488
10,203,278,47531,61.685190
10,204,53,47531,10.236322
10,205,529,47531,131.752263
10,206,89,47531,17.140140
10,207,171,47531,35.157589
10,208,387,47531,97.694723
10,209,351,47531,86.024941
10,210,1455,47531,402.255424
10,211,1033,47531,179.348976
10,212,254,47531,41.170530
10,213,67,47531,13.015131
10,214,235,47531,41.080778
10,215,25,47531,4.436869
10,216,751,47531,181.080462
10,217,10,47531,2.210606
10,218,259,47531,60.787273
10,219,242,47531,74.294497
10,220,218,47531,35.532063
10,221,85,47531,20.420675
10,222,299,47531,51.889524
10,223,1103,47531,266.965772
10,224,738,47531,117.595983
10,225,120,47531,31.143131
10,226,29,47531,6.403978
10,227,1013,47531,269.324167
10,228,115,47531,21.539983
10,229,879,47531,199.702443
10,230,440,47531,98.606946
10,231,28,47531,4.274167
10,232,618,47531,163.787542
10,233,605,47531,173.857947
10,234,520,47531,151.013665
10,235,427,47531,95.454348
10,236,261,47531,51.701477
10,237,4041,47531,1032.641890
10,238,343,47531,73.308083
10,239,18,47531,3.628733
10,240,92,47531,19.010915
10,241,17,47531,2.798287
10,242,276,47531,38.872023
10,243,279,47531,52.602155
10,244,428,47531,101.724822
10,245,502,47531,117.228266
10,246,163,47531,30.035099
10,247,826,47531,167.048176
10,248,166,47531,34.753135
10,249,128,47531,26.700848
10,250,223,47531,34.531091
10,251,2994,47531,703.908508
10,252,674,47531,165.942020
10,253,961,47531,215.061212
10,254,893,47531,223.837366
10,255,813,47531,207.472128
10,256,894,47531,258.574763
10,257,673,47531,164.883040
10,258,1528,47531,386.129324
10,259,14,47531,1.988214
10,260,148,47531,33.166774
10,261,109,47531,20.346390
10,262,192,47531,49.235459
10,263,4207,47531,1090.816632
10,264,584,47531,148.820300
10,265,196,47531,30.960027
10,266,12985,47531,4452.137858
10,267,532,47531,132.258020
10,268,198,47531,39.367032
10,269,502,47531,105.980988
10,270,101,47531,24.206640
10,271,889,47531,195.637084
10,272,38,47531,6.478946
10,273,710,47531,165.591329
10,274,1649,47531,424.162651
10,275,58,47531,11.694951
10,276,1585,47531,298.175568
10,277,564,47531,123.646172
10,278,418,47531,101.959131
10,279,774,47531,195.578714
10,280,423,47531,97.477848
10,281,905,47531,183.744995
10,282,48,47531,7.295647
10,283,45,47531,8.426489
10,284,2648,47531,750.051435
10,285,66,47531,15.287246
10,286,839,47531,200.454887
10,287,3099,47531,900.953803
10,288,333,47531,77.652323
10,289,109,47531,18.241913
10,290,19,47531,3.062429
10,291,154,47531,30.232264
10,292,8561,47531,2547.689629
10,293,244,47531,37.560174
10,294,63,47531,11.527253
10,295,703,47531,144.395106
10,296,931,47531,226.767975
10,297,2003,47531,491.434286
10,298,921,47531,198.636497
10,299,618,47531,162.225520
10,300,51,47531,9.618798
10,301,29,47531,5.328525
10,302,776,47531,174.097454
10,303,336,47531,67.650553
10,304,368,47531,83.195745
10,305,1092,47531,256.411147
10,306,528,47531,179.620387
10,307,627,47531,132.093831
10,308,636,47531,149.645947
10,309,106,47531,17.873972
10,310,364,47531,64.875821
10,311,281,47531,49.433330
10,312,445,47531,95.064775
10,313,674,47531,173.360683
10,314,820,47531,158.194037
10,315,108,47531,18.379106
10,316,350,47531,70.447605
10,317,1198,47531,306.671448
10,318,579,47531,141.739838
10,319,14,47531,2.690490
10,320,820,47531,187.634312
10,321,435,47531,80.418036
10,322,4360,47531,1367.763713
10,323,3462,47531,788.432511
10,324,1624,47531,428.274911
10,325,89,47531,15.472276
10,326,1097,47531,257.484282
10,327,427,47531,108.186855
10,328,144,47531,31.786335
10,329,76,47531,17.800436
10,330,276,47531,58.584078
10,331,316,47531,65.133995
10,332,831,47531,225.787753
10,333,495,47531,112.504926
10,334,362,47531,87.038514
10,335,2476,47531,645.162316
10,336,745,47531,193.999024
10,337,233,47531,44.324785
10,338,583,47531,149.917838
10,339,4065,47531,1069.495633
10,340,1008,47531,233.705797
10,341,3410,47531,890.961575
10,342,3451,47531,994.240277
10,343,793,47531,187.567042
10,344,135,47531,34.078585
10,345,67,47531,11.218301
10,346,818,47531,194.898020
10,347,59,47531,15.758813
10,348,69,47531,11.831334
10,349,1646,47531,404.096940
10,350,48,47531,10.908839
10,351,4,47531,0.797297
10,352,985,47531,230.046224
10,353,298,47531,65.600755
10,354,18,47531,3.155909
10,355,785,47531,170.110876
10,356,207,47531,54.250111
10,357,243,47531,65.941355
10,358,1072,47531,236.473371
10,359,9,47531,1.679517
10,360,414,47531,106.562617
10,361,103,47531,21.701150
10,362,1202,47531,315.501033
10,363,245,47531,39.913097
10,364,48,47531,10.299936
10,365,752,47531,165.575285
10,366,17,47531,4.126359
10,367,258,47531,94.186620
10,368,316,47531,49.004133
10,369,190,47531,35.401179
10,370,261,47531,60.754627
10,371,390,47531,82.475179
10,372,191,47531,47.182126
10,373,778,47531,203.885616
10,374,688,47531,178.637778
10,375,740,47531,178.816404
10,376,976,47531,263.537578
10,377,1142,47531,285.749914
10,378,469,47531,119.983759
10,379,145,47531,35.312613
10,380,1006,47531,224.247051
10,381,11471,47531,3134.354489
10,382,410,47531,97.933970
10,383,139,47531,22.926777
11,0,460,47531,116.245158
11,1,164,47531,35.740704
11,2,258,47531,57.361491
11,3,13,47531,2.171655
11,4,196,47531,41.498004
11,5,837,47531,187.788234
11,6,311,47531,62.807390
11,7,344,47531,93.081106
11,8,161,47531,44.728701
11,9,388,47531,84.588061
11,10,186,47531,37.213041
11,11,878,47531,174.470623
11,12,207,47531,44.708713
11,13,8666,47531,2178.181236
11,14,917,47531,179.625584
11,15,501,47531,117.129546
11,16,467,47531,107.114919
11,17,538,47531,122.874363
11,18,339,47531,61.819975
11,19,860,47531,210.038691
11,20,3823,47531,1156.024782
11,21,1018,47531,263.515270
11,22,1420,47531,411.962685
11,23,116,47531,22.692692
11,24,6718,47531,2273.888180
11,25,556,47531,173.938226
11,26,506,47531,108.502684
11,27,357,47531,82.153741
11,28,777,47531,191.319539
11,29,233,47531,48.042176
11,30,1220,47531,258.728907
11,31,1246,47531,332.498217
11,32,352,47531,78.369482
11,33,239,47531,62.826031
11,34,286,47531,63.055269
11,35,5423,47531,1134.964202
11,36,435,47531,109.789269
11,37,755,47531,196.021922
11,38,10,47531,2.125123
11,39,291,47531,59.146672
11,40,48,47531,9.208124
11,41,875,47531,211.670166
11,42,570,47531,132.295685
11,43,369,47531,81.231173
11,44,133,47531,25.354949
11,45,80,47531,14.504299
11,46,437,47531,104.011154
11,47,1514,47531,459.469387
11,48,603,47531,141.536276
11,49,321,47531,66.667706
11,50,1082,47531,271.787553
11,51,24,47531,3.930775
11,52,892,47531,216.806956
11,53,70,47531,16.236777
11,54,682,47531,118.089235
11,55,333,47531,62.280424
11,56,5966,47531,1506.392483
11,57,347,47531,94.959852
11,58,73,47531,16.558785
11,59,33,47531,5.478761
11,60,7466,47531,2360.588994
11,61,15,47531,2.734353
11,62,61,47531,11.810333
11,63,41,47531,7.657788
11,64,676,47531,153.757551
11,65,1010,47531,251.113418
11,66,772,47531,176.526491
11,67,90,47531,15.975220
11,68,367,47531,111.482450
11,69,19,47531,3.240660
11,70,643,47531,145.064556
11,71,109,47531,20.101947
11,72,155,47531,33.687417
11,73,755,47531,183.364905
11,74,582,47531,128.817206
11,75,348,47531,87.588305
11,76,117,47531,22.556891
11,77,325,47531,66.545486
11,78,359,47531,88.420822
11,79,267,47531,56.474323
11,80,70,47531,11.552465
11,81,571,47531,133.061606
11,82,2148,47531,545.946009
11,83,759,47531,210.993514
11,84,716,47531,130.354566
11,85,342,47531,63.717066
11,86,130,47531,22.821531
11,87,1329,47531,244.806384
11,88,667,47531,151.581059
11,89,85,47531,14.732561
11,90,493,47531,115.572420
11,91,277,47531,68.325311
11,92,545,47531,119.783571
11,93,92,47531,17.078403
11,94,1384,47531,408.592423
11,95,204,47531,58.186884
11,96,1293,47531,322.286345
11,97,466,47531,86.600950
11,98,2932,47531,886.586419
11,99,2031,47531,508.028566
11,100,661,47531,130.694500
11,101,101,47531,22.983516
11,102,2432,47531,711.764198
11,103,775,47531,179.772274
11,104,31,47531,5.524612
11,105,202,47531,47.017865
11,106,102,47531,19.745318
11,107,62,47531,15.989629
11,108,873,47531,169.080360
11,109,436,47531,121.008810
11,110,370,47531,59.443053
11,111,2356,47531,657.053561
11,112,542,47531,120.971007
11,113,8,47531,1.290475
11,114,1241,47531,319.884559
11,115,11,47531,1.811947
11,116,431,47531,110.839509
11,117,174,47531,32.135961
11,118,34,47531,6.106854
11,119,357,47531,82.812998
11,120,203,47531,35.176516
11,121,449,47531,93.517560
11,122,726,47531,168.564857
11,123,131,47531,28.394499
11,124,1464,47531,336.533304
11,125,810,47531,161.127127
11,126,176,47531,38.233251
11,127,45,47531,7.614545
11,128,665,47531,148.731719
11,129,456,47531,93.832873
11,130,1725,47531,420.762506
11,131,2258,47531,610.092115
11,132,564,47531,140.107466
11,133,130,47531,33.659998
11,134,16,47531,2.817709
11,135,210,47531,44.779024
11,136,140,47531,26.212741
11,137,92,47531,21.218407
11,138,777,47531,131.799273
11,139,54,47531,10.038141
11,140,411,47531,113.647683
11,141,2962,47531,687.553704
11,142,547,47531,140.763445
11,143,616,47531,136.446396
11,144,157,47531,36.812123
11,145,143,47531,28.702042
11,146,149,47531,41.338231
11,147,1590,47531,422.371729
11,148,1489,47531,366.700976
11,149,675,47531,168.089588
11,150,1964,47531,475.116841
11,151,42,47531,6.619170
11,152,2485,47531,607.187239
11,153,286,47531,52.412812
11,154,249,47531,51.365797
11,155,109,47531,20.187625
11,156,54,47531,8.568781
11,157,57,47531,16.113725
11,158,391,47531,63.884340
11,159,22,47531,5.408979
11,160,252,47531,46.662353
11,161,89,47531,15.089935
11,162,670,47531,172.979055
11,163,438,47531,101.501080
11,164,854,47531,210.545657
11,165,734,47531,151.970218
11,166,1915,47531,496.040610
11,167,869,47531,189.985165
11,168,1099,47531,297.275761
11,169,173,47531,42.184191
11,170,445,47531,96.175755
11,171,614,47531,135.779850
11,172,356,47531,81.034529
11,173,711,47531,172.585088
11,174,1577,47531,354.385560
11,175,3755,47531,851.463577
11,176,561,47531,123.447653
11,177,662,47531,168.001773
11,178,4528,47531,959.046788
11,179,67,47531,10.601073
11,180,860,47531,213.297133
11,181,928,47531,286.581651
11,182,616,47531,132.666752
11,183,533,47531,104.291329
11,184,358,47531,70.605623
11,185,12,47531,2.319348
11,186,215,47531,55.925934
11,187,2638,47531,783.461565
11,188,96,47531,22.099704
11,189,1016,47531,253.581789
11,190,96,47531,15.025224
11,191,1397,47531,371.657072
11,192,270,47531,53.584906
11,193,1,47531,0.180531
11,194,313,47531,59.394815
11,195,689,47531,179.305099
11,196,6756,47531,1741.281277
11,197,87,47531,13.353313
11,198,327,47531,72.261298
11,199,25,47531,6.427579
11,200,370,47531,94.505027
11,201,1474,47531,363.719209
11,202,158,47531,35.277863
11,203,2501,47531,652.366693
11,204,19,47531,3.028691
11,205,270,47531,52.859432
11,206,16,47531,2.585367
11,207,358,47531,94.039670
11,208,1326,47531,339.395805
11,209,1245,47531,284.637372
11,210,40,47531,7.285182
11,211,1096,47531,255.578391
11,212,548,47531,144.700013
11,213,469,47531,142.511223
11,214,1449,47531,253.001361
11,215,400,47531,93.694844
11,216,766,47531,173.428571
11,217,55,47531,11.339496
11,218,734,47531,169.620718
11,219,55,47531,10.397874
11,220,268,47531,59.064113
11,221,1881,47531,442.531331
11,222,388,47531,83.363797
11,223,52,47531,10.268402
11,224,1835,47531,538.521177
11,225,985,47531,231.462849
11,226,2428,47531,528.009590
11,227,3401,47531,844.377110
11,228,242,47531,80.440574
11,229,222,47531,52.256118
11,230,1303,47531,298.879662
11,231,1467,47531,448.346474
11,232,732,47531,227.737070
11,233,2326,47531,681.900052
11,234,151,47531,27.170150
11,235,618,47531,152.946529
11,236,575,47531,117.858938
11,237,720,47531,163.533208
11,238,99,47531,26.183605
11,239,107,47531,27.590649
11,240,337,47531,73.027805
11,241,340,47531,66.198702
11,242,693,47531,185.481901
11,243,451,47531,121.851313
11,244,253,47531,67.123589
11,245,1055,47531,251.516085
11,246,97,47531,17.614563
11,247,357,47531,74.753273
11,248,280,47531,68.474554
11,249,107,47531,25.165743
11,250,383,47531,71.321072
11,251,1178,47531,336.172003
11,252,519,47531,160.298046
11,253,580,47531,143.426183
11,254,2480,47531,665.903490
11,255,856,47531,184.965357
11,256,455,47531,91.094063
11,257,61,47531,10.928920
11,258,636,47531,133.855132
11,259,1544,47531,365.815313
11,260,440,47531,98.090180
11,261,643,47531,181.424319
11,262,1203,47531,299.026421
11,263,1676,47531,475.684448
11,264,389,47531,74.195676
11,265,1232,47531,282.381167
11,266,954,47531,217.095576
11,267,262,47531,57.691836
11,268,252,47531,51.935981
11,269,65,47531,10.968631
11,270,238,47531,53.648560
11,271,511,47531,97.521037
11,272,158,47531,39.417038
11,273,846,47531,247.877994
11,274,59,47531,13.393778
11,275,869,47531,248.138063
11,276,73,47531,16.183051
11,277,79,47531,13.527133
11,278,108,47531,25.353712
11,279,663,47531,160.289785
11,280,1373,47531,332.839490
11,281,182,47531,38.510806
11,282,139,47531,26.006849
11,283,238,47531,59.390063
11,284,601,47531,137.732860
11,285,1938,47531,516.243449
11,286,661,47531,132.390979
11,287,989,47531,238.007325
11,288,363,47531,86.417803
11,289,272,47531,69.732341
11,290,1649,47531,446.700001
11,291,774,47531,197.161849
11,292,433,47531,81.096516
11,293,41,47531,7.831658
11,294,5481,47531,1374.020220
11,295,1314,47531,422.109757
11,296,6,47531,0.960232
11,297,920,47531,241.094529
11,298,251,47531,58.938018
11,299,83,47531,20.409167
11,300,51,47531,11.577611
11,301,151,47531,28.920169
11,302,794,47531,199.938313
11,303,83,47531,14.920497
11,304,1309,47531,323.529787
11,305,336,47531,60.152672
11,306,294,47531,59.930642
11,307,467,47531,115.929157
11,308,769,47531,189.053776
11,309,616,47531,147.900109
11,310,417,47531,109.461340
11,311,178,47531,31.693493
11,312,8,47531,1.645525
11,313,786,47531,191.050061
11,314,1088,47531,231.609502
11,315,502,47531,132.045129
11,316,60,47531,10.249665
11,317,251,47531,38.714673
11,318,24,47531,4.739693
11,319,318,47531,66.756388
11,320,1639,47531,433.459201
11,321,1051,47531,257.566462
11,322,86,47531,13.180347
11,323,77,47531,15.020340
11,324,61,47531,10.988707
11,325,526,47531,137.723972
11,326,600,47531,123.633512
11,327,797,47531,183.306089
11,328,952,47531,213.187599
11,329,1266,47531,349.338144
11,330,91,47531,18.688268
11,331,67,47531,11.455423
11,332,1801,47531,497.307126
11,333,760,47531,194.612428
11,334,328,47531,73.042876
11,335,30,47531,6.070056
11,336,117,47531,25.312852
11,337,759,47531,195.575914
11,338,429,47531,93.145271
11,339,259,47531,51.746687
11,340,275,47531,57.895044
11,341,15,47531,2.645360
11,342,0,47531,0.000000
11,343,3665,47531,965.314811
11,344,384,47531,95.997724
11,345,4531,47531,1337.143571
11,346,1000,47531,219.463295
11,347,91,47531,15.427240
11,348,169,47531,44.167673
11,349,1261,47531,291.159087
11,350,37,47531,6.329015
11,351,513,47531,113.055669
11,352,489,47531,136.755199
11,353,2728,47531,772.400724
11,354,33,47531,8.080238
11,355,881,47531,217.108954
11,356,1073,47531,287.687149
11,357,384,47531,89.612571
11,358,113,47531,22.756415
11,359,476,47531,120.410774
11,360,136,47531,21.254192
11,361,284,47531,68.941905
11,362,395,47531,110.962686
11,363,1217,47531,321.713534
11,364,138,47531,33.270515
11,365,501,47531,118.038160
11,366,26,47531,4.386372
11,367,280,47531,78.273756
11,368,171,47531,38.745015
11,369,1122,47531,269.746591
11,370,175,47531,42.516405
11,371,1683,47531,380.382375
11,372,13,47531,2.945656
11,373,36,47531,6.162959
11,374,1554,47531,375.933943
11,375,345,47531,72.385881
11,376,296,47531,72.316723
11,377,70,47531,12.500123
11,378,64,47531,11.781957
11,379,1378,47531,367.594151
11,380,129,47531,25.999992
11,381,168,47531,30.211973
11,382,493,47531,125.159443
11,383,32,47531,7.012951
12,0,639,47531,177.391242
12,1,313,47531,72.461636
12,2,71,47531,15.527996
12,3,100,47531,18.683007
12,4,409,47531,96.203800
12,5,999,47531,234.717046
12,6,1277,47531,383.119851
12,7,209,47531,56.612640
12,8,159,47531,36.611065
12,9,327,47531,57.983678
12,10,582,47531,151.519646
12,11,1149,47531,310.076096
12,12,2127,47531,533.186208
12,13,69,47531,15.014335
12,14,535,47531,121.625523
12,15,78,47531,17.068019
12,16,658,47531,152.886275
12,17,182,47531,35.952358
12,18,819,47531,219.979974
12,19,1593,47531,335.477761
12,20,850,47531,214.671243
12,21,3143,47531,755.248022
12,22,277,47531,50.413055
12,23,1387,47531,307.973680
12,24,111,47531,18.826449
12,25,1594,47531,385.169355
12,26,55,47531,9.259851
12,27,1109,47531,292.211245
12,28,180,47531,47.469681
12,29,546,47531,136.263744
12,30,142,47531,35.138212
12,31,562,47531,127.951386
12,32,2382,47531,655.034506
12,33,621,47531,150.879995
12,34,609,47531,128.174693
12,35,357,47531,95.862129
12,36,972,47531,272.186543
12,37,241,47531,55.112158
12,38,253,47531,52.495254
12,39,392,47531,86.195707
12,40,1343,47531,335.031642
12,41,433,47531,104.673044
12,42,951,47531,264.561369
12,43,455,47531,92.540113
12,44,1121,47531,291.397691
12,45,93,47531,18.565485
12,46,815,47531,180.620703
12,47,100,47531,17.087914
12,48,2785,47531,650.408325
12,49,2254,47531,590.480569
12,50,972,47531,262.452785
12,51,344,47531,81.805320
12,52,27,47531,5.346739
12,53,1231,47531,329.240756
12,54,104,47531,21.553305
12,55,1156,47531,295.478281
12,56,62,47531,12.527030
12,57,252,47531,67.614839
12,58,1032,47531,253.647924
12,59,1390,47531,266.476643
12,60,76,47531,12.159777
12,61,160,47531,46.278761
12,62,776,47531,190.640340
12,63,279,47531,55.798165
12,64,1260,47531,373.419383
12,65,130,47531,32.751904
12,66,852,47531,222.467133
12,67,1397,47531,356.353123
12,68,7,47531,1.178796
12,69,322,47531,80.302371
12,70,25,47531,3.793407
12,71,1736,47531,476.783812
12,72,681,47531,167.616904
12,73,3454,47531,869.868764
12,74,382,47531,90.096364
12,75,608,47531,159.020891
12,76,215,47531,42.022283
12,77,1088,47531,278.317821
12,78,215,47531,51.326019
12,79,153,47531,36.425261
12,80,638,47531,125.460016
12,81,39,47531,10.264059
12,82,30,47531,5.719214
12,83,436,47531,94.922157
12,84,18,47531,3.281889
12,85,506,47531,126.434163
12,86,375,47531,83.712352
12,87,1847,47531,481.434047
12,88,1008,47531,329.015237
12,89,218,47531,37.150051
12,90,1773,47531,443.257539
12,91,477,47531,112.286345
12,92,291,47531,72.933722
12,93,833,47531,195.450270
12,94,848,47531,221.329902
12,95,1637,47531,373.775905
12,96,1058,47531,273.164755
12,97,1963,47531,515.691176
12,98,1380,47531,435.873681
12,99,139,47531,22.217456
12,100,1108,47531,318.254851
12,101,967,47531,257.598284
12,102,635,47531,146.109802
12,103,235,47531,51.036841
12,104,299,47531,68.633398
12,105,681,47531,169.512841
12,106,591,47531,128.326405
12,107,262,47531,40.278454
12,108,268,47531,58.934491
12,109,1548,47531,463.928184
12,110,351,47531,75.946872
12,111,906,47531,250.854493
12,112,3,47531,0.674855
12,113,294,47531,66.710045
12,114,174,47531,46.848285
12,115,33,47531,7.466985
12,116,229,47531,50.103304
12,117,36,47531,6.894148
12,118,750,47531,181.491549
12,119,118,47531,24.038982
12,120,107,47531,19.896540
12,121,135,47531,39.432367
12,122,6821,47531,2545.494647
12,123,1930,47531,503.723709
12,124,1120,47531,257.587440
12,125,182,47531,31.899960
12,126,884,47531,200.317745
12,127,376,47531,87.546397
12,128,438,47531,90.322846
12,129,484,47531,121.518802
12,130,58,47531,7.855438
12,131,904,47531,206.942637
12,132,230,47531,48.288044
12,133,611,47531,136.888656
12,134,1206,47531,319.043293
12,135,832,47531,217.444867
12,136,1380,47531,274.176121
12,137,293,47531,68.688616
12,138,513,47531,122.419244
12,139,2166,47531,536.395652
12,140,150,47531,32.039290
12,141,1001,47531,262.103004
12,142,339,47531,59.008396
12,143,1439,47531,336.290661
12,144,1201,47531,233.511867
12,145,266,47531,44.615871
12,146,198,47531,39.341232
12,147,158,47531,29.278865
12,148,6,47531,1.116775
12,149,13,47531,2.332138
12,150,222,47531,50.626814
12,151,11516,47531,3004.791119
12,152,149,47531,29.068534
12,153,308,47531,49.315089
12,154,3341,47531,907.005248
12,155,621,47531,146.418718
12,156,610,47531,137.393189
12,157,145,47531,29.690731
12,158,551,47531,130.252428
12,159,1663,47531,452.352555
12,160,122,47531,27.858142
12,161,886,47531,211.100686
12,162,3469,47531,822.433912
12,163,1242,47531,319.084543
12,164,25,47531,3.376464
12,165,799,47531,197.585584
12,166,112,47531,13.313930
12,167,208,47531,54.719379
12,168,514,47531,135.774965
12,169,538,47531,124.634614
12,170,80,47531,13.904104
12,171,1271,47531,267.447108
12,172,16,47531,2.762022
12,173,275,47531,64.022690
12,174,239,47531,47.458563
12,175,133,47531,30.386152
12,176,969,47531,270.972629
12,177,36,47531,9.317142
12,178,65,47531,13.010184
12,179,510,47531,106.491365
12,180,1171,47531,256.132733
12,181,569,47531,150.204925
12,182,419,47531,114.708684
12,183,549,47531,136.864189
12,184,39,47531,7.900389
12,185,131,47531,33.766928
12,186,433,47531,143.640090
12,187,337,47531,91.283340
12,188,62,47531,14.092068
12,189,893,47531,226.111363
12,190,112,47531,29.649931
12,191,132,47531,23.486197
12,192,824,47531,217.016831
12,193,19,47531,4.078074
12,194,2473,47531,633.212466
12,195,248,47531,52.218698
12,196,464,47531,109.820406
12,197,8,47531,1.065607
12,198,500,47531,117.093763
12,199,210,47531,36.982108
12,200,437,47531,120.674567
12,201,2427,47531,462.872151
12,202,512,47531,91.629437
12,203,2,47531,0.367208
12,204,28,47531,4.660030
12,205,143,47531,32.364128
12,206,1198,47531,315.504035
12,207,3036,47531,830.821143
12,208,907,47531,238.464191
12,209,1293,47531,363.116766
12,210,392,47531,84.062086
12,211,199,47531,42.413072
12,212,498,47531,155.709038
12,213,740,47531,200.001270
12,214,799,47531,195.562688
12,215,645,47531,150.905290
12,216,295,47531,59.992862
12,217,1035,47531,254.552652
12,218,310,47531,80.814723
12,219,715,47531,156.912827
12,220,99,47531,27.355748
12,221,1082,47531,321.594749
12,222,500,47531,140.293501
12,223,1088,47531,240.529412
12,224,1836,47531,514.608626
12,225,1897,47531,453.135185
12,226,71,47531,12.533005
12,227,113,47531,21.600172
12,228,170,47531,37.897729
12,229,2109,47531,537.557910
12,230,1254,47531,324.003020
12,231,101,47531,18.975581
12,232,214,47531,49.546678
12,233,414,47531,109.705759
12,234,118,47531,19.545919
12,235,523,47531,149.471098
12,236,270,47531,60.869089
12,237,56,47531,9.989574
12,238,929,47531,205.500065
12,239,299,47531,67.745676
12,240,786,47531,217.803418
12,241,225,47531,86.609345
12,242,512,47531,106.101436
12,243,685,47531,148.468397
12,244,93,47531,22.068524
12,245,23,47531,4.091695
12,246,421,47531,103.842619
12,247,1136,47531,274.177922
12,248,1248,47531,340.671132
12,249,707,47531,171.759208
12,250,233,47531,45.794835
12,251,644,47531,153.138097
12,252,1177,47531,285.914465
12,253,1267,47531,314.934570
12,254,2390,47531,637.260997
12,255,1163,47531,288.866913
12,256,117,47531,19.681315
12,257,144,47531,22.803810
12,258,118,47531,20.290753
12,259,106,47531,18.549520
12,260,243,47531,26.964983
12,261,6237,47531,1511.164664
12,262,368,47531,76.558318
12,263,621,47531,149.657445
12,264,319,47531,70.821312
12,265,437,47531,102.119305
12,266,335,47531,69.852768
12,267,1690,47531,428.011079
12,268,36,47531,7.916003
12,269,486,47531,112.551020
12,270,758,47531,164.624571
12,271,231,47531,50.011214
12,272,987,47531,243.903208
12,273,168,47531,40.617337
12,274,54,47531,8.941379
12,275,1147,47531,360.871148
12,276,256,47531,63.665681
12,277,363,47531,68.111476
12,278,783,47531,199.377194
12,279,1782,47531,487.409180
12,280,1301,47531,311.817526
12,281,146,47531,36.650932
12,282,288,47531,79.186952
12,283,1585,47531,395.479918
12,284,224,47531,57.532804
12,285,615,47531,104.047100
12,286,257,47531,57.325267
12,287,1578,47531,398.524670
12,288,206,47531,49.936861
12,289,79,47531,20.040215
12,290,232,47531,56.692899
12,291,654,47531,151.685943
12,292,373,47531,77.724075
12,293,934,47531,230.141797
12,294,142,47531,31.965392
12,295,863,47531,237.495141
12,296,3456,47531,1103.223503
12,297,13,47531,3.040743
12,298,383,47531,97.620217
12,299,1189,47531,231.017071
12,300,639,47531,145.573807
12,301,395,47531,78.272343
12,302,812,47531,226.966049
12,303,530,47531,118.477179
12,304,42,47531,7.175859
12,305,188,47531,42.645989
12,306,1138,47531,299.885352
12,307,337,47531,80.688721
12,308,1325,47531,337.158332
12,309,46,47531,11.036956
12,310,2368,47531,569.930836
12,311,490,47531,123.287654
12,312,362,47531,82.964197
12,313,178,47531,43.532031
12,314,310,47531,70.013297
12,315,94,47531,25.407016
12,316,1693,47531,424.948668
12,317,752,47531,178.525333
12,318,1122,47531,234.240689
12,319,831,47531,201.260142
12,320,614,47531,153.783696
12,321,1302,47531,346.785130
12,322,90,47531,20.708563
12,323,159,47531,38.529191
12,324,696,47531,119.020939
12,325,34,47531,6.531083
12,326,1000,47531,230.700189
12,327,767,47531,206.670837
12,328,2339,47531,574.075323
12,329,1132,47531,258.751768
12,330,284,47531,61.565608
12,331,623,47531,160.295463
12,332,195,47531,46.554186
12,333,155,47531,35.105003
12,334,1504,47531,270.420348
12,335,650,47531,175.889813
12,336,1450,47531,389.716179
12,337,816,47531,226.000790
12,338,414,47531,89.302881
12,339,597,47531,153.918392
12,340,2705,47531,701.980365
12,341,525,47531,114.357333
12,342,75,47531,13.940478
12,343,374,47531,51.069221
12,344,107,47531,29.069791
12,345,1511,47531,416.084759
12,346,7,47531,1.301502
12,347,252,47531,58.755220
12,348,1466,47531,324.431502
12,349,557,47531,130.444857
12,350,246,47531,47.303656
12,351,30,47531,5.260355
12,352,202,47531,55.913800
12,353,115,47531,24.999644
12,354,270,47531,77.294669
12,355,9,47531,1.934340
12,356,73,47531,17.094251
12,357,30,47531,5.707459
12,358,226,47531,49.028282
12,359,260,47531,52.708382
12,360,717,47531,171.193484
12,361,931,47531,205.471494
12,362,437,47531,108.123943
12,363,862,47531,156.151457
12,364,337,47531,66.440973
12,365,100,47531,13.947937
12,366,2424,47531,644.266350
12,367,89,47531,16.524968
12,368,572,47531,115.174966
12,369,1944,47531,492.056217
12,370,115,47531,27.067198
12,371,18,47531,3.343849
12,372,71,47531,11.996402
12,373,2222,47531,595.687236
12,374,476,47531,84.439718
12,375,111,47531,28.389380
12,376,2812,47531,640.230244
12,377,555,47531,182.739535
12,378,48,47531,9.808022
12,379,594,47531,133.963877
12,380,1613,47531,472.287477
12,381,1181,47531,319.801493
12,382,1051,47531,269.257054
12,383,5140,47531,1130.952952
13,0,937,47531,222.458727
13,1,855,47531,261.669835
13,2,438,47531,87.547189
13,3,2164,47531,449.292584
13,4,453,47531,98.760117
13,5,394,47531,111.171356
13,6,747,47531,197.966468
13,7,136,47531,26.586113
13,8,934,47531,214.569597
13,9,60,47531,13.875611
13,10,3271,47531,712.106632
13,11,932,47531,263.199623
13,12,173,47531,33.583719
13,13,259,47531,62.654938
13,14,1065,47531,268.020063
13,15,765,47531,180.248906
13,16,186,47531,29.976134
13,17,22,47531,3.627391
13,18,1552,47531,415.236135
13,19,3124,47531,827.909717
13,20,790,47531,203.904226
13,21,411,47531,110.805278
13,22,1337,47531,264.994591
13,23,668,47531,185.494499
13,24,456,47531,130.416418
13,25,30,47531,4.269199
13,26,1182,47531,317.236482
13,27,206,47531,44.424658
13,28,1420,47531,320.904105
13,29,204,47531,45.129545
13,30,54,47531,9.347007
13,31,205,47531,35.058268
13,32,130,47531,22.895123
13,33,638,47531,187.615390
13,34,646,47531,152.186482
13,35,466,47531,116.393202
13,36,833,47531,228.911150
13,37,238,47531,44.977200
13,38,2052,47531,565.245089
13,39,432,47531,97.217829
13,40,1071,47531,346.937362
13,41,276,47531,71.156191
13,42,1431,47531,378.916169
13,43,248,47531,49.640118
13,44,608,47531,152.758692
13,45,446,47531,99.448678
13,46,550,47531,129.964893
13,47,655,47531,165.262808
13,48,112,47531,26.146745
13,49,113,47531,18.984871
13,50,750,47531,221.711152
13,51,639,47531,204.575810
13,52,55,47531,9.105603
13,53,297,47531,82.196778
13,54,1150,47531,290.994394
13,55,84,47531,14.439679
13,56,270,47531,69.008542
13,57,783,47531,192.899567
13,58,1245,47531,335.839607
13,59,955,47531,229.401754
13,60,201,47531,44.428792
13,61,370,47531,81.738665
13,62,60,47531,10.938224
13,63,946,47531,220.339115
13,64,328,47531,85.250815
13,65,320,47531,75.322975
13,66,1302,47531,407.792284
13,67,429,47531,96.370801
13,68,21,47531,3.118691
13,69,541,47531,134.160798
13,70,439,47531,116.919575
13,71,1387,47531,293.269419
13,72,54,47531,6.987521
13,73,1225,47531,269.808901
13,74,247,47531,59.788516
13,75,568,47531,98.246765
13,76,606,47531,129.488424
13,77,861,47531,210.231894
13,78,1219,47531,305.436191
13,79,543,47531,107.962990
13,80,33,47531,6.163304
13,81,599,47531,114.700100
13,82,536,47531,183.726472
13,83,2920,47531,523.215726
13,84,351,47531,111.032877
13,85,68,47531,12.166697
13,86,657,47531,188.713903
13,87,1210,47531,339.806897
13,88,677,47531,164.434648
13,89,569,47531,128.168443
13,90,444,47531,102.497001
13,91,214,47531,50.224487
13,92,804,47531,202.462888
13,93,246,47531,48.288532
13,94,882,47531,207.988910
13,95,890,47531,204.570186
13,96,412,47531,89.486004
13,97,69,47531,13.794718
13,98,286,47531,77.838288
13,99,351,47531,80.861908
13,100,10,47531,1.582919
13,101,94,47531,20.444479
13,102,137,47531,22.571242
13,103,518,47531,89.226975
13,104,570,47531,124.254894
13,105,294,47531,72.199548
13,106,668,47531,188.397599
13,107,79,47531,12.997423
13,108,75,47531,12.320527
13,109,914,47531,227.050019
13,110,75,47531,11.261835
13,111,376,47531,97.934930
13,112,418,47531,102.285944
13,113,459,47531,122.108465
13,114,1068,47531,294.015515
13,115,485,47531,120.339347
13,116,253,47531,46.000681
13,117,72,47531,18.310071
13,118,487,47531,78.312521
13,119,5,47531,1.308918
13,120,323,47531,76.078518
13,121,3047,47531,842.778644
13,122,171,47531,44.071093
13,123,1411,47531,434.216787
13,124,872,47531,197.600628
13,125,642,47531,131.610982
13,126,114,47531,30.100587
13,127,597,47531,138.741311
13,128,363,47531,80.799193
13,129,640,47531,146.049147
13,130,66,47531,10.710819
13,131,998,47531,217.372654
13,132,830,47531,224.172435
13,133,30,47531,5.506491
13,134,299,47531,49.090490
13,135,29,47531,5.786075
13,136,615,47531,122.367122
13,137,1410,47531,359.276544
13,138,16,47531,2.990494
13,139,2414,47531,647.464959
13,140,797,47531,164.845132
13,141,91,47531,16.452603
13,142,405,47531,91.382494
13,143,1873,47531,784.323954
13,144,49,47531,8.519256
13,145,628,47531,120.070029
13,146,15,47531,2.407160
13,147,373,47531,92.089440
13,148,6109,47531,1557.812658
13,149,120,47531,27.198968
13,150,817,47531,217.409624
13,151,938,47531,226.528199
13,152,707,47531,154.445420
13,153,1234,47531,304.779023
13,154,618,47531,152.564577
13,155,22,47531,4.544541
13,156,104,47531,17.744603
13,157,3280,47531,795.725497
13,158,192,47531,17.033114
13,159,998,47531,262.233258
13,160,361,47531,90.178443
13,161,318,47531,73.696140
13,162,74,47531,12.973477
13,163,83,47531,13.280619
13,164,228,47531,60.672117
13,165,202,47531,41.280209
13,166,1404,47531,398.237986
13,167,337,47531,91.012703
13,168,299,47531,72.403214
13,169,533,47531,163.478085
13,170,58,47531,10.192156
13,171,62,47531,10.849382
13,172,463,47531,103.067836
13,173,218,47531,43.717779
13,174,1893,47531,421.650593
13,175,1604,47531,437.417944
13,176,208,47531,39.683623
13,177,526,47531,107.616603
13,178,240,47531,49.370588
13,179,47,47531,8.687944
13,180,842,47531,208.709686
13,181,214,47531,41.010189
13,182,2558,47531,1004.524003
13,183,34,47531,6.160360
13,184,543,47531,123.560839
13,185,74,47531,12.280138
13,186,18,47531,3.651261
13,187,165,47531,37.175142
13,188,3059,47531,699.117779
13,189,75,47531,10.481406
13,190,345,47531,94.603456
13,191,645,47531,148.114538
13,192,544,47531,134.909257
13,193,777,47531,264.258785
13,194,289,47531,79.280079
13,195,994,47531,230.752932
13,196,253,47531,25.032044
13,197,641,47531,138.951491
13,198,152,47531,37.409041
13,199,400,47531,94.170769
13,200,71,47531,16.729703
13,201,1550,47531,372.443005
13,202,278,47531,56.860068
13,203,1176,47531,295.712430
13,204,918,47531,201.052950
13,205,553,47531,134.466717
13,206,989,47531,255.492352
13,207,1497,47531,360.330802
13,208,166,47531,34.570380
13,209,468,47531,110.565366
13,210,1156,47531,280.609955
13,211,385,47531,90.048382
13,212,1032,47531,309.966042
13,213,241,47531,41.712638
13,214,235,47531,49.505381
13,215,585,47531,132.985925
13,216,73,47531,13.324170
13,217,199,47531,58.090696
13,218,1561,47531,309.990902
13,219,370,47531,72.249492
13,220,956,47531,272.043892
13,221,6326,47531,1607.739669
13,222,1071,47531,318.949360
13,223,794,47531,191.879173
13,224,2124,47531,494.215963
13,225,425,47531,90.989364
13,226,1128,47531,281.632329
13,227,588,47531,135.811837
13,228,694,47531,150.670670
13,229,560,47531,105.236372
13,230,118,47531,38.502592
13,231,281,47531,43.525340
13,232,541,47531,134.384977
13,233,25,47531,4.459513
13,234,3750,47531,953.936060
13,235,2515,47531,667.815484
13,236,879,47531,195.948268
13,237,1094,47531,226.037995
13,238,86,47531,15.513349
13,239,213,47531,48.644457
13,240,124,47531,22.521754
13,241,787,47531,173.189525
13,242,902,47531,201.104844
13,243,712,47531,166.274157
13,244,63,47531,11.953930
13,245,586,47531,121.673454
13,246,856,47531,179.421357
13,247,688,47531,145.872466
13,248,2380,47531,607.570243
13,249,649,47531,173.810964
13,250,62,47531,14.856770
13,251,694,47531,174.052051
13,252,602,47531,153.917249
13,253,848,47531,222.717368
13,254,464,47531,113.481850
13,255,811,47531,193.939512
13,256,63,47531,10.936634
13,257,118,47531,16.516677
13,258,2974,47531,636.792141
13,259,359,47531,67.510255
13,260,1198,47531,306.208478
13,261,736,47531,170.335355
13,262,2041,47531,530.529221
13,263,748,47531,164.796464
13,264,223,47531,42.771040
13,265,493,47531,73.495386
13,266,3260,47531,1231.920496
13,267,424,47531,115.797872
13,268,85,47531,15.389620
13,269,543,47531,110.381585
13,270,22,47531,3.703130
13,271,761,47531,209.302202
13,272,1533,47531,371.267382
13,273,1061,47531,280.569891
13,274,1337,47531,378.742704
13,275,245,47531,56.215577
13,276,264,47531,54.380102
13,277,1295,47531,303.323476
13,278,1368,47531,321.379547
13,279,591,47531,147.095879
13,280,586,47531,151.181177
13,281,1935,47531,566.311045
13,282,7297,47531,2024.616697
13,283,730,47531,170.749056
13,284,55,47531,11.198609
13,285,2223,47531,580.006891
13,286,328,47531,86.794536
13,287,854,47531,229.001571
13,288,133,47531,36.221620
13,289,182,47531,39.466705
13,290,105,47531,20.726508
13,291,650,47531,114.976416
13,292,1036,47531,304.209613
13,293,4177,47531,942.757047
13,294,46,47531,7.357511
13,295,885,47531,241.239750
13,296,4984,47531,1263.341423
13,297,1157,47531,335.999686
13,298,949,47531,236.048277
13,299,50,47531,7.913961
13,300,531,47531,103.766248
13,301,68,47531,12.423123
13,302,43,47531,9.953083
13,303,289,47531,71.379762
13,304,132,47531,24.476275
13,305,970,47531,254.536343
13,306,497,47531,119.501530
13,307,488,47531,102.182733
13,308,281,47531,56.219967
13,309,959,47531,262.121342
13,310,491,47531,122.275214
13,311,112,47531,26.794565
13,312,286,47531,59.822792
13,313,960,47531,239.722820
13,314,409,47531,97.512765
13,315,617,47531,140.527009
13,316,517,47531,126.628099
13,317,10,47531,1.727191
13,318,996,47531,246.205213
13,319,180,47531,46.146931
13,320,41,47531,10.380587
13,321,252,47531,53.758223
13,322,363,47531,70.963487
13,323,696,47531,173.402794
13,324,680,47531,161.514994
13,325,177,47531,28.462105
13,326,734,47531,192.540726
13,327,636,47531,155.292796
13,328,223,47531,43.240514
13,329,439,47531,84.078427
13,330,95,47531,19.403639
13,331,363,47531,42.824657
13,332,295,47531,72.713549
13,333,197,47531,41.893774
13,334,238,47531,38.728153
13,335,820,47531,197.374233
13,336,1286,47531,408.301671
13,337,423,47531,106.069980
13,338,1377,47531,381.370901
13,339,93,47531,17.474220
13,340,535,47531,111.242599
13,341,119,47531,20.163122
13,342,609,47531,119.383651
13,343,19,47531,2.819682
13,344,1250,47531,324.735489
13,345,1287,47531,313.315397
13,346,1025,47531,260.021262
13,347,36,47531,7.497229
13,348,636,47531,154.469544
13,349,33,47531,5.724112
13,350,10,47531,1.583076
13,351,165,47531,29.443533
13,352,380,47531,78.221352
13,353,5107,47531,1527.650321
13,354,419,47531,45.037949
13,355,240,47531,52.676561
13,356,1301,47531,302.913697
13,357,260,47531,56.555314
13,358,1141,47531,267.447207
13,359,452,47531,94.967398
13,360,492,47531,119.500129
13,361,564,47531,123.321439
13,362,42,47531,7.179558
13,363,454,47531,127.919952
13,364,235,47531,55.745632
13,365,18,47531,2.774595
13,366,356,47531,77.300370
13,367,990,47531,253.655235
13,368,1226,47531,267.933982
13,369,467,47531,119.628252
13,370,1140,47531,241.386110
13,371,626,47531,175.835326
13,372,988,47531,309.329782
13,373,648,47531,119.413719
13,374,1767,47531,478.677373
13,375,95,47531,17.655145
13,376,2930,47531,721.307531
13,377,8714,47531,2321.916740
13,378,97,47531,21.849089
13,379,63,47531,17.092752
13,380,495,47531,142.665222
13,381,286,47531,76.501353
13,382,418,47531,79.260883
13,383,202,47531,22.130029
14,0,309,47531,86.752125
14,1,6438,47531,2154.229693
14,2,398,47531,93.297331
14,3,715,47531,179.035363
14,4,112,47531,21.977838
14,5,245,47531,59.845843
14,6,492,47531,129.567789
14,7,264,47531,56.335063
14,8,150,47531,22.700088
14,9,31,47531,5.468417
14,10,722,47531,165.006759
14,11,599,47531,158.786450
14,12,426,47531,63.049373
14,13,163,47531,30.323262
14,14,454,47531,94.620385
14,15,11,47531,2.042917
14,16,1357,47531,356.394749
14,17,499,47531,137.483947
14,18,1427,47531,358.873917
14,19,429,47531,91.207184
14,20,1035,47531,254.745204
14,21,157,47531,43.329549
14,22,1508,47531,499.165926
14,23,218,47531,51.134409
14,24,255,47531,55.632518
14,25,314,47531,84.046077
14,26,558,47531,133.485743
14,27,479,47531,105.690516
14,28,642,47531,155.055122
14,29,1313,47531,317.340480
14,30,1653,47531,398.394144
14,31,713,47531,189.462522
14,32,1074,47531,285.965538
14,33,444,47531,105.897535
14,34,152,47531,26.083597
14,35,157,47531,26.724255
14,36,590,47531,140.706669
14,37,1245,47531,330.179640
14,38,106,47531,20.157636
14,39,142,47531,30.748721
14,40,903,47531,218.485260
14,41,318,47531,86.590890
14,42,109,47531,20.647121
14,43,462,47531,130.725186
14,44,77,47531,15.665508
14,45,1109,47531,264.585084
14,46,583,47531,147.065026
14,47,421,47531,89.271758
14,48,993,47531,247.492928
14,49,115,47531,21.814129
14,50,862,47531,199.136303
14,51,1148,47531,292.009175
14,52,97,47531,21.423341
14,53,38,47531,6.677570
14,54,166,47531,34.076841
14,55,56,47531,10.569191
14,56,571,47531,152.598825
14,57,775,47531,168.253459
14,58,550,47531,131.533721
14,59,641,47531,192.749932
14,60,213,47531,40.280211
14,61,279,47531,72.603198
14,62,549,47531,157.922234
14,63,617,47531,155.048337
14,64,5915,47531,1314.885137
14,65,310,47531,67.913563
14,66,18,47531,5.486505
14,67,577,47531,154.265333
14,68,94,47531,22.331318
14,69,121,47531,32.528854
14,70,3941,47531,1157.261005
14,71,508,47531,120.841431
14,72,1641,47531,406.029070
14,73,162,47531,35.841606
14,74,176,47531,35.290716
14,75,92,47531,18.863154
14,76,394,47531,92.492586
14,77,221,47531,50.503360
14,78,617,47531,150.166338
14,79,169,47531,30.733642
14,80,1914,47531,463.158983
14,81,19,47531,3.345984
14,82,253,47531,61.957695
14,83,457,47531,121.003497
14,84,1064,47531,294.316173
14,85,1020,47531,303.652338
14,86,37,47531,6.643533
14,87,91,47531,15.758951
14,88,4236,47531,1163.608185
14,89,188,47531,47.215013
14,90,566,47531,150.866918
14,91,207,47531,39.021969
14,92,344,47531,87.666140
14,93,544,47531,159.679976
14,94,106,47531,25.399204
14,95,118,47531,28.534049
14,96,699,47531,152.748339
14,97,323,47531,67.143416
14,98,305,47531,67.042694
14,99,393,47531,85.414694
14,100,243,47531,53.800501
14,101,261,47531,69.677110
14,102,195,47531,44.293597
14,103,288,47531,68.245876
14,104,303,47531,61.721663
14,105,13,47531,2.191693
14,106,484,47531,105.890440
14,107,354,47531,79.464640
14,108,99,47531,20.759734
14,109,798,47531,196.697870
14,110,369,47531,85.248711
14,111,10,47531,1.823862
14,112,348,47531,67.825172
14,113,375,47531,87.149310
14,114,371,47531,157.598944
14,115,18,47531,3.365109
14,116,2254,47531,693.037032
14,117,1009,47531,228.338617
14,118,475,47531,113.184808
14,119,26,47531,4.785896
14,120,6,47531,1.169147
14,121,429,47531,89.457145
14,122,619,47531,145.508064
14,123,171,47531,34.187094
14,124,247,47531,57.082492
14,125,114,47531,15.421915
14,126,517,47531,133.895024
14,127,861,47531,215.674566
14,128,620,47531,140.809168
14,129,703,47531,167.242925
14,130,556,47531,118.532518
14,131,335,47531,71.892330
14,132,463,47531,107.267997
14,133,41,47531,7.085224
14,134,530,47531,127.733448
14,135,4411,47531,1137.902159
14,136,60,47531,9.877052
14,137,2480,47531,512.002457
14,138,286,47531,72.865809
14,139,931,47531,219.348649
14,140,950,47531,170.034761
14,141,753,47531,168.789382
14,142,78,47531,18.942148
14,143,111,47531,24.168219
14,144,60,47531,10.215693
14,145,531,47531,126.259607
14,146,9925,47531,2096.888030
14,147,544,47531,128.787225
14,148,97,47531,22.723011
14,149,965,47531,237.426211
14,150,96,47531,24.306390
14,151,191,47531,42.733258
14,152,1145,47531,290.548378
14,153,645,47531,169.849656
14,154,22,47531,3.781108
14,155,80,47531,17.821869
14,156,318,47531,80.555052
14,157,1863,47531,392.631900
14,158,345,47531,90.832846
14,159,596,47531,117.334774
14,160,889,47531,208.788677
14,161,476,47531,97.350847
14,162,1100,47531,247.742027
14,163,129,47531,33.384322
14,164,397,47531,81.225429
14,165,1807,47531,454.861528
14,166,88,47531,15.785389
14,167,620,47531,141.953389
14,168,563,47531,121.254398
14,169,1813,47531,684.967376
14,170,579,47531,149.636185
14,171,374,47531,119.356510
14,172,648,47531,149.291610
14,173,152,47531,33.607677
14,174,79,47531,17.163240
14,175,282,47531,46.080548
14,176,909,47531,252.685752
14,177,126,47531,30.838389
14,178,52,47531,9.560040
14,179,283,47531,67.512480
14,180,457,47531,101.036300
14,181,937,47531,213.175045
14,182,2654,47531,714.731609
14,183,230,47531,55.275583
14,184,107,47531,22.639325
14,185,640,47531,132.445501
14,186,93,47531,13.932906
14,187,63,47531,13.019549
14,188,79,47531,22.315981
14,189,347,47531,77.666185
14,190,204,47531,48.854235
14,191,134,47531,21.983576
14,192,180,47531,39.463213
14,193,860,47531,211.591415
14,194,480,47531,106.165231
14,195,686,47531,158.783034
14,196,118,47531,19.711507
14,197,957,47531,238.732335
14,198,276,47531,64.426811
14,199,1138,47531,368.348674
14,200,254,47531,45.942168
14,201,1128,47531,296.748629
14,202,1350,47531,406.249406
14,203,237,47531,52.011678
14,204,650,47531,139.007195
14,205,6,47531,1.011330
14,206,64,47531,13.575995
14,207,563,47531,104.481043
14,208,163,47531,29.868264
14,209,61,47531,13.353848
14,210,1886,47531,415.276581
14,211,23,47531,4.239684
14,212,1156,47531,375.040159
14,213,730,47531,187.529654
14,214,1038,47531,310.080484
14,215,195,47531,43.413553
14,216,3558,47531,895.393208
14,217,1382,47531,349.445332
14,218,398,47531,116.191173
14,219,160,47531,28.486327
14,220,75,47531,18.927445
14,221,1500,47531,372.655379
14,222,117,47531,24.527575
14,223,631,47531,137.776711
14,224,65,47531,11.565909
14,225,394,47531,81.960940
14,226,2126,47531,465.484940
14,227,224,47531,47.595576
14,228,852,47531,261.556177
14,229,73,47531,16.377604
14,230,109,47531,21.787106
14,231,4583,47531,1119.542015
14,232,859,47531,225.144011
14,233,1845,47531,476.843545
14,234,631,47531,143.874502
14,235,3752,47531,844.684445
14,236,216,47531,40.177546
14,237,94,47531,20.074379
14,238,536,47531,115.858351
14,239,1819,47531,444.226481
14,240,341,47531,90.250505
14,241,578,47531,167.704357
14,242,379,47531,99.965093
14,243,691,47531,174.101338
14,244,502,47531,112.341723
14,245,1015,47531,259.332258
14,246,27,47531,3.882471
14,247,156,47531,37.285114
14,248,674,47531,167.437190
14,249,4643,47531,1272.401501
14,250,925,47531,267.763586
14,251,1767,47531,363.549620
14,252,915,47531,216.291516
14,253,178,47531,11.255822
14,254,1082,47531,243.431799
14,255,1308,47531,349.720443
14,256,1806,47531,425.882925
14,257,127,47531,26.381494
14,258,495,47531,159.524692
14,259,1545,47531,410.172819
14,260,97,47531,18.358296
14,261,317,47531,56.059694
14,262,1291,47531,325.893856
14,263,408,47531,105.527405
14,264,1,47531,0.168008
14,265,670,47531,170.616265
14,266,8,47531,1.751425
14,267,505,47531,120.242186
14,268,168,47531,39.767481
14,269,72,47531,14.557679
14,270,450,47531,124.652895
14,271,39,47531,5.899920
14,272,9,47531,1.980828
14,273,2496,47531,619.724905
14,274,273,47531,24.674499
14,275,210,47531,47.160396
14,276,425,47531,97.974616
14,277,363,47531,96.740650
14,278,799,47531,154.398777
14,279,334,47531,93.496907
14,280,452,47531,110.382494
14,281,102,47531,19.047480
14,282,291,47531,68.500559
14,283,1179,47531,317.099952
14,284,179,47531,43.110464
14,285,4,47531,0.695454
14,286,67,47531,12.504966
14,287,373,47531,101.568644
14,288,571,47531,110.147132
14,289,1334,47531,354.106958
14,290,62,47531,12.983898
14,291,2851,47531,691.332669
14,292,848,47531,216.632662
14,293,252,47531,65.678287
14,294,159,47531,33.256303
14,295,2124,47531,570.469524
14,296,25,47531,4.776483
14,297,137,47531,29.781842
14,298,13,47531,2.491718
14,299,1433,47531,346.517982
14,300,52,47531,9.034628
14,301,226,47531,49.845736
14,302,398,47531,80.241351
14,303,749,47531,195.144884
14,304,989,47531,207.433513
14,305,725,47531,170.340780
14,306,589,47531,154.310839
14,307,810,47531,188.571803
14,308,787,47531,166.484294
14,309,23,47531,5.372167
14,310,1083,47531,269.505119
14,311,90,47531,32.280129
14,312,40,47531,7.029599
14,313,669,47531,175.038237
14,314,219,47531,55.746262
14,315,826,47531,224.476090
14,316,102,47531,33.491695
14,317,1329,47531,364.071304
14,318,616,47531,182.109803
14,319,95,47531,20.046425
14,320,1349,47531,291.810806
14,321,871,47531,234.695270
14,322,349,47531,86.737922
14,323,1218,47531,313.232736
14,324,252,47531,58.395795
14,325,872,47531,285.143815
14,326,8,47531,1.478643
14,327,214,47531,50.866069
14,328,536,47531,113.740291
14,329,348,47531,82.080910
14,330,1226,47531,294.453659
14,331,1068,47531,279.027434
14,332,686,47531,156.620316
14,333,138,47531,40.046711
14,334,427,47531,89.443764
14,335,688,47531,154.750364
14,336,40,47531,7.342497
14,337,2850,47531,764.790123
14,338,5,47531,1.122095
14,339,114,47531,21.722753
14,340,496,47531,106.101388
14,341,147,47531,31.986132
14,342,129,47531,25.966719
14,343,942,47531,236.375484
14,344,12,47531,2.356945
14,345,711,47531,181.580598
14,346,2610,47531,675.831415
14,347,131,47531,36.872624
14,348,52,47531,10.851636
14,349,2085,47531,533.652456
14,350,1114,47531,281.690326
14,351,60,47531,11.462953
14,352,1158,47531,281.093799
14,353,1071,47531,328.317388
14,354,1435,47531,434.443259
14,355,682,47531,199.598713
14,356,30,47531,5.535827
14,357,894,47531,216.324608
14,358,4751,47531,1052.893320
14,359,912,47531,192.613165
14,360,875,47531,196.570659
14,361,1535,47531,457.635656
14,362,61,47531,12.343836
14,363,447,47531,70.653089
14,364,247,47531,86.470305
14,365,1405,47531,400.703026
14,366,607,47531,168.451099
14,367,489,47531,130.624097
14,368,4242,47531,945.143440
14,369,191,47531,43.204852
14,370,240,47531,52.903463
14,371,4378,47531,1379.814530
14,372,15,47531,2.654117
14,373,1282,47531,399.769108
14,374,17,47531,2.921953
14,375,9433,47531,2249.554867
14,376,1123,47531,300.998437
14,377,457,47531,116.163824
14,378,578,47531,149.845125
14,379,2290,47531,560.003900
14,380,2082,47531,530.577602
14,381,788,47531,201.046399
14,382,649,47531,150.937934
14,383,1127,47531,306.678793
15,0,1892,47531,489.144706
15,1,747,47531,187.473064
15,2,359,47531,65.089512
15,3,554,47531,82.022684
15,4,4324,47531,1842.326094
15,5,301,47531,67.220303
15,6,637,47531,140.396736
15,7,633,47531,147.701310
15,8,1851,47531,312.372059
15,9,385,47531,119.451469
15,10,36,47531,5.856578
15,11,353,47531,79.326938
15,12,481,47531,110.574669
15,13,222,47531,37.803410
15,14,477,47531,158.000203
15,15,1330,47531,430.189669
15,16,1108,47531,513.055731
15,17,335,47531,76.998161
15,18,613,47531,153.277980
15,19,1229,47531,426.337268
15,20,814,47531,218.030312
15,21,852,47531,282.711926
15,22,535,47531,126.443480
15,23,2706,47531,422.401749
15,24,1,47531,0.270108
15,25,1240,47531,303.413159
15,26,2217,47531,491.028063
15,27,748,47531,126.027733
15,28,554,47531,87.005863
15,29,127,47531,49.516540
15,30,47,47531,6.135463
15,31,147,47531,19.802674
15,32,228,47531,80.732066
15,33,920,47531,258.947370
15,34,305,47531,72.632088
15,35,352,47531,87.821893
15,36,396,47531,88.394435
15,37,201,47531,33.120799
15,38,948,47531,286.412816
15,39,303,47531,84.230255
15,40,1309,47531,341.746820
15,41,89,47531,39.865022
15,42,1019,47531,236.808115
15,43,807,47531,231.127860
15,44,777,47531,201.617746
15,45,705,47531,218.533365
15,46,3067,47531,888.853625
15,47,96,47531,31.283872
15,48,165,47531,74.336012
15,49,484,47531,83.029116
15,50,890,47531,281.841426
15,51,1923,47531,297.828385
15,52,351,47531,63.668645
15,53,60,47531,7.234374
15,54,366,47531,106.129021
15,55,21,47531,3.541723
15,56,77,47531,13.286314
15,57,490,47531,191.051257
15,58,517,47531,200.664012
15,59,488,47531,136.017834
15,60,388,47531,93.291367
15,61,6893,47531,2699.785968
15,62,604,47531,255.148708
15,63,162,47531,30.117601
15,64,29,47531,3.876139
15,65,699,47531,239.539373
15,66,4036,47531,1208.684027
15,67,209,47531,41.927966
15,68,240,47531,49.655626
15,69,2239,47531,627.460222
15,70,871,47531,112.062979
15,71,21,47531,2.873187
15,72,175,47531,37.492721
15,73,960,47531,216.296696
15,74,721,47531,135.519957
15,75,374,47531,83.426745
15,76,1037,47531,316.406274
15,77,8,47531,2.096522
15,78,108,47531,21.120526
15,79,1647,47531,440.213201
15,80,274,47531,41.384323
15,81,327,47531,56.196476
15,82,364,47531,68.832698
15,83,1968,47531,306.075677
15,84,147,47531,15.888800
15,85,852,47531,200.063687
15,86,738,47531,229.115978
15,87,1149,47531,392.500601
15,88,517,47531,193.927737
15,89,953,47531,217.910787
15,90,652,47531,139.181883
15,91,1048,47531,156.533478
15,92,482,47531,123.196029
15,93,1055,47531,286.352879
15,94,66,47531,9.836296
15,95,1136,47531,176.729045
15,96,303,47531,66.123550
15,97,288,47531,44.882655
15,98,432,47531,83.960834
15,99,1190,47531,400.742603
15,100,832,47531,228.583870
15,101,24,47531,3.804360
15,102,1165,47531,286.391434
15,103,904,47531,231.416051
15,104,366,47531,104.143192
15,105,120,47531,14.073649
15,106,3288,47531,992.669894
15,107,43,47531,13.113035
15,108,37,47531,5.740095
15,109,117,47531,15.187639
15,110,578,47531,64.865167
15,111,956,47531,285.438926
15,112,564,47531,136.679258
15,113,710,47531,91.074902
15,114,227,47531,45.507698
15,115,497,47531,181.749321
15,116,231,47531,37.836647
15,117,293,47531,64.881427
15,118,973,47531,325.303884
15,119,989,47531,218.448003
15,120,23,47531,4.718796
15,121,532,47531,96.182175
15,122,341,47531,133.781898
15,123,947,47531,176.214185
15,124,655,47531,156.826584
15,125,426,47531,133.973180
15,126,449,47531,124.642029
15,127,0,47531,0.000000
15,128,27,47531,4.054426
15,129,1926,47531,461.306403
15,130,705,47531,153.557608
15,131,487,47531,209.314074
15,132,116,47531,24.368826
15,133,3051,47531,739.596683
15,134,555,47531,73.331952
15,135,219,47531,37.812170
15,136,1089,47531,256.928823
15,137,1844,47531,444.084835
15,138,329,47531,76.825709
15,139,1099,47531,349.571734
15,140,622,47531,188.847605
15,141,825,47531,220.165449
15,142,66,47531,24.255032
15,143,878,47531,232.808033
15,144,544,47531,152.678132
15,145,326,47531,40.946393
15,146,2404,47531,548.276656
15,147,63,47531,11.197996
15,148,964,47531,266.546542
15,149,116,47531,16.316205
15,150,2194,47531,338.726788
15,151,320,47531,53.923794
15,152,541,47531,173.729060
15,153,214,47531,31.910945
15,154,1275,47531,483.238342
15,155,398,47531,60.820314
15,156,217,47531,42.971078
15,157,452,47531,91.943832
15,158,461,47531,162.422291
15,159,626,47531,214.485186
15,160,533,47531,153.661550
15,161,365,47531,141.968685
15,162,779,47531,202.565525
15,163,107,47531,14.334872
15,164,472,47531,57.118157
15,165,7182,47531,1548.973991
15,166,576,47531,144.913629
15,167,1353,47531,357.952454
15,168,778,47531,116.863354
15,169,572,47531,138.275194
15,170,967,47531,237.831162
15,171,553,47531,151.045029
15,172,2039,47531,556.399461
15,173,10,47531,1.235599
15,174,698,47531,172.630618
15,175,191,47531,60.022644
15,176,540,47531,106.326942
15,177,2452,47531,554.167613
15,178,923,47531,280.474789
15,179,323,47531,123.770143
15,180,615,47531,124.371785
15,181,108,47531,12.938878
15,182,259,47531,68.496772
15,183,45,47531,5.439928
15,184,542,47531,81.724229
15,185,213,47531,54.670628
15,186,748,47531,315.513882
15,187,873,47531,149.928376
15,188,642,47531,189.217897
15,189,476,47531,77.718796
15,190,223,47531,49.160857
15,191,38,47531,5.252793
15,192,2583,47531,303.579956
15,193,730,47531,137.190235
15,194,493,47531,111.126170
15,195,1845,47531,494.560791
15,196,914,47531,214.669301
15,197,908,47531,254.760303
15,198,537,47531,101.868060
15,199,524,47531,163.468140
15,200,6892,47531,1241.596232
15,201,283,47531,55.450530
15,202,402,47531,59.324925
15,203,85,47531,10.629224
15,204,6,47531,0.837610
15,205,347,47531,63.824290
15,206,1090,47531,314.807996
15,207,641,47531,127.031701
15,208,731,47531,168.586240
15,209,348,47531,85.187196
15,210,778,47531,161.962643
15,211,579,47531,188.764428
15,212,846,47531,157.779823
15,213,1219,47531,193.272952
15,214,478,47531,123.921509
15,215,1876,47531,375.736167
15,216,436,47531,55.355848
15,217,116,47531,27.262084
15,218,376,47531,54.133530
15,219,645,47531,143.801435
15,220,676,47531,197.121581
15,221,1294,47531,205.893531
15,222,778,47531,182.851063
15,223,859,47531,244.090309
15,224,284,47531,74.398890
15,225,18,47531,2.710871
15,226,568,47531,74.188196
15,227,383,47531,65.350815
15,228,420,47531,67.547045
15,229,905,47531,146.472160
15,230,65,47531,15.547066
15,231,390,47531,72.490588
15,232,627,47531,185.324481
15,233,276,47531,33.528852
15,234,65,47531,4.621015
15,235,990,47531,162.286433
15,236,594,47531,163.228097
15,237,410,47531,54.405784
15,238,39,47531,5.236289
15,239,411,47531,63.876082
15,240,51,47531,8.950730
15,241,385,47531,89.960394
15,242,815,47531,214.407809
15,243,348,47531,46.970095
15,244,31,47531,5.146746
15,245,550,47531,141.095642
15,246,818,47531,153.809625
15,247,58,47531,9.458225
15,248,663,47531,224.593928
15,249,115,47531,38.655989
15,250,846,47531,201.562052
15,251,366,47531,99.077981
15,252,789,47531,186.704467
15,253,21,47531,3.958887
15,254,416,47531,100.316559
15,255,508,47531,89.908868
15,256,104,47531,13.404257
15,257,657,47531,142.430490
15,258,484,47531,155.168396
15,259,605,47531,142.470455
15,260,32,47531,4.295223
15,261,413,47531,63.828864
15,262,318,47531,44.514492
15,263,31,47531,4.753646
15,264,63,47531,9.521781
15,265,126,47531,18.458892
15,266,351,47531,105.749695
15,267,1017,47531,244.173528
15,268,1211,47531,195.085152
15,269,423,47531,118.072110
15,270,636,47531,215.984300
15,271,1332,47531,235.843368
15,272,3212,47531,1389.540265
15,273,162,47531,18.420255
15,274,625,47531,206.464793
15,275,235,47531,45.832843
15,276,572,47531,113.796653
15,277,9,47531,2.163534
15,278,3,47531,0.902438
15,279,19,47531,5.236136
15,280,622,47531,171.662264
15,281,957,47531,406.928256
15,282,116,47531,17.638510
15,283,903,47531,266.276865
15,284,261,47531,104.643150
15,285,131,47531,14.048699
15,286,35,47531,5.591244
15,287,2386,47531,554.163680
15,288,741,47531,158.178784
15,289,457,47531,155.346424
15,290,11,47531,2.015287
15,291,1055,47531,224.832333
15,292,1855,47531,348.458565
15,293,435,47531,121.261993
15,294,1257,47531,649.128678
15,295,72,47531,11.646405
15,296,159,47531,21.348235
15,297,836,47531,164.054956
15,298,548,47531,199.617374
15,299,1148,47531,304.533723
15,300,103,47531,14.497703
15,301,767,47531,128.224755
15,302,523,47531,143.956672
15,303,3976,47531,809.510279
15,304,1829,47531,541.679038
15,305,403,47531,82.344884
15,306,179,47531,44.069107
15,307,1350,47531,322.334206
15,308,342,47531,108.578061
15,309,496,47531,145.180328
15,310,778,47531,106.175554
15,311,60,47531,7.753661
15,312,943,47531,178.996030
15,313,556,47531,217.154628
15,314,516,47531,90.440187
15,315,163,47531,32.743710
15,316,771,47531,343.735554
15,317,730,47531,146.217170
15,318,479,47531,101.513271
15,319,608,47531,165.142233
15,320,275,47531,62.280816
15,321,1276,47531,451.484507
15,322,500,47531,80.917149
15,323,308,47531,30.901006
15,324,1340,47531,486.142222
15,325,313,47531,46.817112
15,326,2111,47531,700.432363
15,327,395,47531,67.115919
15,328,1015,47531,227.696976
15,329,374,47531,74.057596
15,330,540,47531,142.872417
15,331,735,47531,232.142333
15,332,945,47531,130.516917
15,333,301,47531,89.240965
15,334,1797,47531,328.241263
15,335,201,47531,31.354234
15,336,498,47531,170.291068
15,337,845,47531,282.048254
15,338,128,47531,39.403486
15,339,347,47531,48.202942
15,340,5,47531,0.653454
15,341,1024,47531,328.154577
15,342,603,47531,145.151827
15,343,215,47531,32.733368
15,344,403,47531,54.754762
15,345,300,47531,49.437509
15,346,615,47531,126.620663
15,347,285,47531,58.524713
15,348,802,47531,157.485909
15,349,709,47531,170.659463
15,350,287,47531,36.866708
15,351,4382,47531,870.460669
15,352,1684,47531,307.359757
15,353,123,47531,18.401360
15,354,442,47531,97.471474
15,355,479,47531,307.051511
15,356,4063,47531,957.287319
15,357,535,47531,82.293745
15,358,279,47531,43.999722
15,359,1058,47531,164.302111
15,360,801,47531,239.567432
15,361,858,47531,276.807475
15,362,246,47531,37.240691
15,363,602,47531,173.275113
15,364,168,47531,23.494407
15,365,660,47531,79.789398
15,366,158,47531,27.952838
15,367,2036,47531,428.825401
15,368,944,47531,343.240729
15,369,5273,47531,1158.031779
15,370,343,47531,93.626004
15,371,339,47531,40.433499
15,372,432,47531,222.086590
15,373,444,47531,125.295508
15,374,666,47531,237.116768
15,375,727,47531,222.532972
15,376,100,47531,23.530358
15,377,330,47531,132.152252
15,378,535,47531,147.406936
15,379,506,47531,103.878543
15,380,57,47531,7.154600
15,381,204,47531,31.161796
15,382,918,47531,198.958566
15,383,1559,47531,377.369710
16,0,1135,47531,325.760976
16,1,671,47531,157.059493
16,2,580,47531,120.010921
16,3,3078,47531,1212.582456
16,4,332,47531,74.784047
16,5,452,47531,102.195106
16,6,1896,47531,408.890818
16,7,38,47531,9.059603
16,8,1408,47531,376.959887
16,9,116,47531,24.423713
16,10,1218,47531,294.965031
16,11,514,47531,116.416297
16,12,18,47531,3.038367
16,13,20,47531,4.169416
16,14,28,47531,5.624866
16,15,173,47531,35.843645
16,16,19,47531,3.076580
16,17,645,47531,148.439249
16,18,1085,47531,255.842085
16,19,127,47531,24.971080
16,20,6638,47531,1797.659933
16,21,1962,47531,457.592448
16,22,801,47531,141.587691
16,23,141,47531,34.195230
16,24,240,47531,60.053313
16,25,3013,47531,764.205576
16,26,1144,47531,295.290726
16,27,737,47531,178.206347
16,28,1208,47531,293.520449
16,29,567,47531,128.989131
16,30,923,47531,237.303880
16,31,110,47531,26.055605
16,32,196,47531,43.168213
16,33,156,47531,27.399074
16,34,395,47531,94.432597
16,35,340,47531,75.922124
16,36,169,47531,44.146062
16,37,172,47531,33.321136
16,38,158,47531,36.387189
16,39,553,47531,121.910546
16,40,722,47531,180.981194
16,41,1781,47531,376.936446
16,42,99,47531,24.800593
16,43,863,47531,224.461518
16,44,13,47531,3.021883
16,45,113,47531,27.437508
16,46,1447,47531,375.269014
16,47,451,47531,101.271455
16,48,2550,47531,684.961414
16,49,86,47531,16.764927
16,50,156,47531,45.580627
16,51,759,47531,193.439183
16,52,508,47531,117.529364
16,53,45,47531,9.903347
16,54,1296,47531,318.860407
16,55,487,47531,135.449448
16,56,502,47531,112.175487
16,57,0,47531,0.000000
16,58,159,47531,32.004569
16,59,64,47531,11.057268
16,60,771,47531,197.813090
16,61,372,47531,84.695909
16,62,1555,47531,412.206894
16,63,178,47531,6.695439
16,64,1242,47531,326.241911
16,65,99,47531,17.472128
16,66,1297,47531,330.254530
16,67,142,47531,32.781483
16,68,598,47531,159.303502
16,69,96,47531,21.373561
16,70,3977,47531,947.028559
16,71,201,47531,52.710582
16,72,1271,47531,378.134607
16,73,1109,47531,251.811665
16,74,939,47531,225.728379
16,75,59,47531,15.972528
16,76,76,47531,17.392168
16,77,1114,47531,261.374746
16,78,1019,47531,247.889329
16,79,431,47531,84.722849
16,80,180,47531,40.628093
16,81,441,47531,96.753833
16,82,367,47531,67.256287
16,83,101,47531,20.282296
16,84,943,47531,251.920966
16,85,829,47531,201.139992
16,86,2843,47531,616.396853
16,87,3,47531,0.565734
16,88,732,47531,158.847072
16,89,1878,47531,509.186972
16,90,272,47531,62.418972
16,91,204,47531,46.533557
16,92,33,47531,6.965827
16,93,266,47531,52.338832
16,94,195,47531,35.863148
16,95,215,47531,40.977768
16,96,354,47531,94.871949
16,97,4648,47531,1150.864568
16,98,827,47531,221.422735
16,99,426,47531,101.258636
16,100,716,47531,176.123057
16,101,243,47531,59.131075
16,102,571,47531,141.776492
16,103,400,47531,102.535533
16,104,60,47531,15.024324
16,105,214,47531,54.282344
16,106,106,47531,21.840043
16,107,277,47531,71.378941
16,108,958,47531,253.267390
16,109,3199,47531,649.646133
16,110,450,47531,93.668469
16,111,3136,47531,782.223931
16,112,33,47531,5.561698
16,113,264,47531,58.388077
16,114,26,47531,4.660656
16,115,579,47531,154.797651
16,116,630,47531,141.611219
16,117,3442,47531,898.025915
16,118,187,47531,10.155444
16,119,911,47531,235.020862
16,120,1284,47531,345.579840
16,121,33,47531,5.822061
16,122,1804,47531,461.523960
16,123,563,47531,126.446741
16,124,849,47531,212.267722
16,125,286,47531,60.106813
16,126,515,47531,126.114365
16,127,189,47531,48.131029
16,128,564,47531,141.372011
16,129,75,47531,15.288318
16,130,1014,47531,204.941478
16,131,76,47531,17.086435
16,132,239,47531,57.614308
16,133,616,47531,141.573740
16,134,263,47531,60.403406
16,135,6,47531,1.254811
16,136,774,47531,178.365131
16,137,923,47531,212.646765
16,138,60,47531,10.521759
16,139,1892,47531,455.475709
16,140,340,47531,45.567892
16,141,22,47531,3.675730
16,142,1456,47531,373.192922
16,143,45,47531,9.908251
16,144,134,47531,30.207879
16,145,3,47531,0.671906
16,146,973,47531,226.565600
16,147,710,47531,143.613624
16,148,18,47531,4.238240
16,149,1631,47531,460.849968
16,150,286,47531,76.628915
16,151,81,47531,17.236643
16,152,664,47531,177.650218
16,153,50,47531,9.855811
16,154,33,47531,7.993259
16,155,18,47531,3.842767
16,156,241,47531,57.995264
16,157,756,47531,184.484457
16,158,2,47531,0.388505
16,159,20,47531,3.338904
16,160,1699,47531,417.906453
16,161,1183,47531,238.049332
16,162,336,47531,81.679564
16,163,4980,47531,1235.193391
16,164,199,47531,64.646325
16,165,104,47531,24.290746
16,166,1074,47531,250.502601
16,167,335,47531,68.837148
16,168,12,47531,2.073322
16,169,228,47531,44.307174
16,170,188,47531,46.907601
16,171,94,47531,26.631069
16,172,1448,47531,368.237162
16,173,424,47531,83.979879
16,174,314,47531,72.206275
16,175,114,47531,21.715112
16,176,595,47531,148.377354
16,177,1026,47531,283.109605
16,178,1124,47531,267.960283
16,179,1710,47531,403.902031
16,180,86,47531,18.672418
16,181,320,47531,75.042213
16,182,30,47531,6.517703
16,183,188,47531,41.600277
16,184,527,47531,128.210544
16,185,853,47531,195.767070
16,186,426,47531,126.515197
16,187,316,47531,79.397969
16,188,29,47531,5.177154
16,189,1152,47531,379.466411
16,190,334,47531,71.214983
16,191,2614,47531,526.702633
16,192,1331,47531,316.218697
16,193,199,47531,49.282803
16,194,240,47531,60.452855
16,195,336,47531,63.495552
16,196,137,47531,31.785389
16,197,242,47531,60.106640
16,198,190,47531,43.733342
16,199,450,47531,110.737795
16,200,307,47531,67.913488
16,201,184,47531,52.003461
16,202,2739,47531,778.461214
16,203,868,47531,211.503948
16,204,1904,47531,366.913491
16,205,146,47531,24.848945
16,206,1160,47531,271.998020
16,207,12,47531,3.061591
16,208,390,47531,85.404445
16,209,1674,47531,377.602956
16,210,2453,47531,678.301993
16,211,939,47531,214.212367
16,212,3020,47531,710.848165
16,213,56,47531,11.266743
16,214,138,47531,33.159692
16,215,76,47531,12.641069
16,216,799,47531,202.101983
16,217,369,47531,79.873112
16,218,129,47531,29.197637
16,219,899,47531,257.947408
16,220,147,47531,34.155046
16,221,25,47531,4.846836
16,222,132,47531,37.613754
16,223,5386,47531,1510.844067
16,224,162,47531,38.607740
16,225,106,47531,24.946812
16,226,1017,47531,248.824684
16,227,13,47531,2.496571
16,228,958,47531,229.676108
16,229,184,47531,35.428886
16,230,179,47531,41.606102
16,231,835,47531,200.919675
16,232,394,47531,96.130739
16,233,26,47531,4.582804
16,234,677,47531,154.938812
16,235,88,47531,15.948648
16,236,149,47531,35.813095
16,237,1746,47531,417.465238
16,238,621,47531,149.898092
16,239,4573,47531,1463.143241
16,240,41,47531,8.218492
16,241,117,47531,19.441888
16,242,463,47531,113.140868
16,243,548,47531,140.004145
16,244,173,47531,31.127724
16,245,5173,47531,1383.173320
16,246,106,47531,21.118673
16,247,466,47531,108.153453
16,248,936,47531,233.921486
16,249,18,47531,3.530060
16,250,187,47531,40.119347
16,251,62,47531,11.058574
16,252,1155,47531,284.525680
16,253,132,47531,29.133965
16,254,148,47531,34.365254
16,255,87,47531,20.527008
16,256,224,47531,45.136208
16,257,206,47531,40.679602
16,258,73,47531,14.809130
16,259,54,47531,10.383953
16,260,85,47531,21.090980
16,261,288,47531,47.237172
16,262,962,47531,256.630130
16,263,6460,47531,1964.903600
16,264,179,47531,41.209421
16,265,3998,47531,1052.210060
16,266,86,47531,19.029463
16,267,894,47531,239.147139
16,268,824,47531,206.069643
16,269,622,47531,153.389865
16,270,34,47531,7.054905
16,271,34,47531,9.122319
16,272,47,47531,10.368465
16,273,168,47531,39.480743
16,274,56,47531,12.406712
16,275,407,47531,99.548833
16,276,35,47531,8.587073
16,277,46,47531,9.206646
16,278,167,47531,40.850198
16,279,812,47531,187.428980
16,280,1110,47531,249.597112
16,281,392,47531,91.403724
16,282,149,47531,31.331908
16,283,711,47531,196.536967
16,284,498,47531,73.632248
16,285,45,47531,10.373459
16,286,913,47531,225.308149
16,287,64,47531,10.622088
16,288,1013,47531,248.242989
16,289,386,47531,60.591825
16,290,97,47531,16.207786
16,291,328,47531,85.910716
16,292,28,47531,7.486092
16,293,1278,47531,333.003739
16,294,1050,47531,290.787836
16,295,138,47531,27.689870
16,296,36,47531,9.171870
16,297,263,47531,58.761942
16,298,6,47531,1.207782
16,299,925,47531,263.750476
16,300,5189,47531,1298.225445
16,301,98,47531,25.301486
16,302,337,47531,77.604068
16,303,1,47531,0.205045
16,304,7904,47531,1920.149350
16,305,331,47531,87.060130
16,306,234,47531,56.615752
16,307,260,47531,49.697198
16,308,835,47531,251.039852
16,309,1660,47531,391.077416
16,310,88,47531,23.310439
16,311,179,47531,41.758295
16,312,1801,47531,412.345865
16,313,490,47531,129.401928
16,314,665,47531,154.947048
16,315,12,47531,1.860746
16,316,1,47531,0.174195
16,317,175,47531,38.040361
16,318,542,47531,138.158044
16,319,1114,47531,263.785008
16,320,5,47531,0.865489
16,321,302,47531,69.031809
16,322,365,47531,88.654556
16,323,745,47531,191.494416
16,324,327,47531,69.619423
16,325,463,47531,105.650921
16,326,7,47531,1.567629
16,327,212,47531,50.683951
16,328,639,47531,166.407551
16,329,627,47531,153.884625
16,330,108,47531,22.428688
16,331,2104,47531,555.117497
16,332,3805,47531,1144.077588
16,333,598,47531,145.663234
16,334,3185,47531,886.784172
16,335,181,47531,56.414474
16,336,1935,47531,467.321454
16,337,685,47531,176.242317
16,338,297,47531,71.021697
16,339,693,47531,163.396439
16,340,126,47531,25.477125
16,341,62,47531,15.854008
16,342,78,47531,16.971579
16,343,1297,47531,352.786218
16,344,1331,47531,385.742277
16,345,609,47531,137.396877
16,346,201,47531,40.061262
16,347,621,47531,85.922554
16,348,148,47531,30.827805
16,349,1312,47531,222.403998
16,350,641,47531,155.639969
16,351,40,47531,8.821355
16,352,5917,47531,1629.914734
16,353,129,47531,26.673993
16,354,1057,47531,323.799807
16,355,653,47531,171.547307
16,356,226,47531,46.751717
16,357,544,47531,120.325857
16,358,65,47531,17.820052
16,359,513,47531,118.454927
16,360,35,47531,5.929129
16,361,258,47531,60.721390
16,362,299,47531,68.659748
16,363,78,47531,15.327290
16,364,2653,47531,617.932845
16,365,710,47531,186.283732
16,366,39,47531,6.897534
16,367,471,47531,97.010413
16,368,2311,47531,566.656990
16,369,96,47531,14.363989
16,370,712,47531,169.242505
16,371,1455,47531,362.577330
16,372,2,47531,0.336328
16,373,374,47531,88.812141
16,374,157,47531,30.011963
16,375,168,47531,6.880856
16,376,69,47531,12.234052
16,377,304,47531,90.510051
16,378,2847,47531,651.424282
16,379,520,47531,117.098382
16,380,14,47531,2.313170
16,381,745,47531,158.567258
16,382,2320,47531,587.273336
16,383,1420,47531,347.211192
17,0,652,47531,116.506159
17,1,22,47531,4.310010
17,2,1381,47531,354.330353
17,3,641,47531,162.875602
17,4,34,47531,7.090370
17,5,972,47531,239.842831
17,6,350,47531,93.844670
17,7,155,47531,40.037088
17,8,122,47531,17.749489
17,9,42,47531,7.420474
17,10,415,47531,65.713180
17,11,175,47531,38.495759
17,12,594,47531,162.763912
17,13,210,47531,61.069655
17,14,481,47531,131.661963
17,15,216,47531,52.583436
17,16,414,47531,101.804169
17,17,699,47531,129.573461
17,18,634,47531,107.586247
17,19,1452,47531,408.364896
17,20,758,47531,169.877435
17,21,14,47531,2.915540
17,22,1041,47531,186.046408
17,23,668,47531,135.660473
17,24,1944,47531,438.955516
17,25,1339,47531,316.808119
17,26,815,47531,199.504259
17,27,1295,47531,477.410341
17,28,174,47531,40.548099
17,29,16,47531,3.016046
17,30,1463,47531,353.597763
17,31,394,47531,73.905976
17,32,754,47531,167.430925
17,33,163,47531,30.458064
17,34,273,47531,29.011034
17,35,83,47531,10.102606
17,36,1340,47531,343.652047
17,37,220,47531,60.966816
17,38,581,47531,137.212693
17,39,1070,47531,245.540754
17,40,537,47531,141.874350
17,41,704,47531,241.634868
17,42,621,47531,141.661757
17,43,886,47531,211.284840
17,44,427,47531,94.192731
17,45,681,47531,163.584201
17,46,203,47531,48.968159
17,47,1334,47531,319.048656
17,48,174,47531,38.250748
17,49,553,47531,94.145420
17,50,125,47531,25.400056
17,51,146,47531,33.221894
17,52,59,47531,12.095702
17,53,21,47531,4.529331
17,54,772,47531,192.156939
17,55,876,47531,262.872796
17,56,349,47531,83.561108
17,57,1090,47531,271.886337
17,58,412,47531,100.070230
17,59,565,47531,150.475807
17,60,91,47531,19.175749
17,61,931,47531,243.314571
17,62,856,47531,171.622830
17,63,373,47531,66.129340
17,64,1123,47531,288.626877
17,65,103,47531,20.461082
17,66,44,47531,7.935758
17,67,2239,47531,641.142003
17,68,1237,47531,288.746196
17,69,604,47531,80.575039
17,70,373,47531,81.394182
17,71,1422,47531,349.795009
17,72,169,47531,39.475925
17,73,367,47531,99.028908
17,74,98,47531,20.407241
17,75,297,47531,71.067822
17,76,209,47531,41.414263
17,77,153,47531,34.107109
17,78,1047,47531,171.990727
17,79,144,47531,31.581890
17,80,188,47531,37.671444
17,81,224,47531,53.537076
17,82,1491,47531,338.942028
17,83,266,47531,72.007789
17,84,191,47531,36.529005
17,85,69,47531,12.990217
17,86,19,47531,3.527056
17,87,32,47531,6.952153
17,88,1766,47531,389.680340
17,89,672,47531,164.745283
17,90,320,47531,74.701791
17,91,197,47531,47.879386
17,92,67,47531,16.776507
17,93,684,47531,153.635446
17,94,45,47531,9.756523
17,95,113,47531,24.466923
17,96,233,47531,37.498881
17,97,522,47531,135.158392
17,98,319,47531,44.151307
17,99,1063,47531,257.168456
17,100,220,47531,57.612083
17,101,406,47531,95.070383
17,102,856,47531,201.409010
17,103,74,47531,13.159659
17,104,34,47531,9.013909
17,105,66,47531,13.328121
17,106,364,47531,67.099955
17,107,649,47531,148.643323
17,108,10,47531,2.644588
17,109,1030,47531,234.917990
17,110,658,47531,171.793591
17,111,38,47531,6.462382
17,112,52,47531,13.009930
17,113,471,47531,85.466697
17,114,240,47531,78.819995
17,115,692,47531,170.441060
17,116,4539,47531,1360.758677
17,117,435,47531,88.931011
17,118,475,47531,111.555414
17,119,106,47531,19.751308
17,120,666,47531,163.622249
17,121,387,47531,88.078999
17,122,1084,47531,275.181459
17,123,345,47531,91.459542
17,124,774,47531,312.595678
17,125,25,47531,5.583348
17,126,241,47531,59.867492
17,127,209,47531,43.084878
17,128,224,47531,49.379306
17,129,357,47531,73.490728
17,130,270,47531,59.573370
17,131,1744,47531,410.226342
17,132,551,47531,109.954186
17,133,629,47531,151.143804
17,134,4093,47531,902.284743
17,135,759,47531,185.637125
17,136,506,47531,126.113817
17,137,382,47531,89.677246
17,138,140,47531,28.000503
17,139,265,47531,51.008120
17,140,341,47531,78.358391
17,141,484,47531,111.875965
17,142,240,47531,60.804273
17,143,612,47531,132.096037
17,144,377,47531,88.531186
17,145,240,47531,49.668428
17,146,9614,47531,2941.544611
17,147,148,47531,38.121565
17,148,490,47531,99.058049
17,149,819,47531,213.199003
17,150,306,47531,75.542983
17,151,5022,47531,1469.225120
17,152,1594,47531,322.492637
17,153,202,47531,44.909670
17,154,152,47531,30.133987
17,155,79,47531,16.906397
17,156,265,47531,69.071441
17,157,323,47531,87.995396
17,158,565,47531,131.640472
17,159,494,47531,124.288159
17,160,746,47531,193.021360
17,161,5480,47531,1426.508486
17,162,46,47531,9.673365
17,163,1246,47531,343.552227
17,164,611,47531,155.360288
17,165,1442,47531,359.548720
17,166,152,47531,40.782036
17,167,530,47531,167.970077
17,168,3266,47531,847.918850
17,169,651,47531,175.911568
17,170,1067,47531,246.350847
17,171,630,47531,163.170320
17,172,412,47531,78.767562
17,173,156,47531,37.694053
17,174,1164,47531,308.322757
17,175,719,47531,186.384889
17,176,119,47531,28.922427
17,177,764,47531,137.136094
17,178,1395,47531,219.795816
17,179,398,47531,86.982068
17,180,765,47531,186.156608
17,181,138,47531,26.152909
17,182,314,47531,74.936032
17,183,239,47531,52.416609
17,184,1263,47531,288.963838
17,185,105,47531,18.886229
17,186,50,47531,10.306672
17,187,81,47531,15.742468
17,188,90,47531,16.044961
17,189,231,47531,44.185048
17,190,201,47531,56.816294
17,191,11,47531,2.127651
17,192,25,47531,4.107424
17,193,657,47531,159.295170
17,194,36,47531,6.352618
17,195,5794,47531,1419.928923
17,196,203,47531,38.140123
17,197,2185,47531,564.569880
17,198,191,47531,47.505569
17,199,464,47531,111.314155
17,200,111,47531,20.332123
17,201,1123,47531,261.345077
17,202,442,47531,98.663857
17,203,1834,47531,492.256078
17,204,615,47531,156.666130
17,205,600,47531,164.278222
17,206,154,47531,30.752735
17,207,1104,47531,253.526602
17,208,493,47531,119.260525
17,209,1493,47531,399.565316
17,210,198,47531,36.213171
17,211,534,47531,117.836600
17,212,3156,47531,653.778719
17,213,1336,47531,362.280320
17,214,92,47531,20.644151
17,215,0,47531,0.000000
17,216,69,47531,14.913111
17,217,102,47531,25.551572
17,218,384,47531,72.557264
17,219,11,47531,2.207033
17,220,1479,47531,404.298282
17,221,239,47531,46.627444
17,222,702,47531,161.198446
17,223,530,47531,133.420487
17,224,386,47531,108.921614
17,225,640,47531,138.178183
17,226,354,47531,61.394126
17,227,525,47531,129.848447
17,228,500,47531,105.471054
17,229,42,47531,7.468597
17,230,613,47531,117.553113
17,231,103,47531,18.757136
17,232,182,47531,40.140956
17,233,654,47531,197.954844
17,234,792,47531,184.274261
17,235,1327,47531,357.640352
17,236,761,47531,177.043652
17,237,728,47531,149.102874
17,238,563,47531,122.749943
17,239,1061,47531,275.300248
17,240,111,47531,24.281328
17,241,271,47531,67.679323
17,242,48,47531,13.581288
17,243,419,47531,93.588478
17,244,534,47531,123.868985
17,245,859,47531,210.618990
17,246,232,47531,43.760614
17,247,106,47531,19.274683
17,248,562,47531,140.762546
17,249,11,47531,2.110401
17,250,1484,47531,396.642232
17,251,762,47531,195.619653
17,252,121,47531,27.197594
17,253,638,47531,166.018790
17,254,84,47531,17.471547
17,255,489,47531,115.055188
17,256,675,47531,169.307035
17,257,101,47531,18.406135
17,258,7,47531,1.393881
17,259,333,47531,69.795924
17,260,405,47531,97.560804
17,261,53,47531,11.526727
17,262,692,47531,175.880225
17,263,174,47531,33.673068
17,264,574,47531,167.049370
17,265,60,47531,10.861618
17,266,836,47531,292.472883
17,267,2208,47531,487.580860
17,268,172,47531,32.177811
17,269,49,47531,13.435154
17,270,1179,47531,301.898777
17,271,50,47531,11.736261
17,272,859,47531,206.777518
17,273,541,47531,111.410305
17,274,2568,47531,615.529504
17,275,9007,47531,2185.149102
17,276,159,47531,37.973221
17,277,619,47531,148.019017
17,278,463,47531,116.017085
17,279,68,47531,16.787506
17,280,127,47531,24.548413
17,281,871,47531,204.066737
17,282,213,47531,37.537622
17,283,356,47531,87.726592
17,284,586,47531,154.377453
17,285,231,47531,56.386879
17,286,812,47531,211.456274
17,287,803,47531,182.048199
17,288,337,47531,51.218406
17,289,4066,47531,1189.975694
17,290,225,47531,46.610860
17,291,74,47531,12.734495
17,292,302,47531,57.068955
17,293,172,47531,30.691897
17,294,1546,47531,384.547028
17,295,362,47531,83.069879
17,296,1155,47531,285.300416
17,297,994,47531,226.637442
17,298,255,47531,70.100975
17,299,2391,47531,770.313598
17,300,154,47531,32.884527
17,301,116,47531,25.373396
17,302,1170,47531,278.608228
17,303,205,47531,39.375584
17,304,267,47531,70.944006
17,305,1505,47531,363.670493
17,306,1814,47531,441.759714
17,307,273,47531,52.770894
17,308,369,47531,97.017476
17,309,753,47531,188.969810
17,310,387,47531,35.654072
17,311,1290,47531,474.172203
17,312,7091,47531,1837.799956
17,313,86,47531,16.885317
17,314,232,47531,56.178265
17,315,102,47531,20.568299
17,316,1003,47531,229.025419
17,317,200,47531,33.736152
17,318,174,47531,48.891945
17,319,105,47531,19.865610
17,320,52,47531,11.683803
17,321,54,47531,10.613635
17,322,181,47531,42.703444
17,323,1092,47531,261.756562
17,324,777,47531,198.185452
17,325,234,47531,38.838258
17,326,104,47531,28.291219
17,327,566,47531,108.519146
17,328,214,47531,39.206283
17,329,7004,47531,1682.720120
17,330,243,47531,75.329456
17,331,3758,47531,967.153428
17,332,575,47531,131.167501
17,333,205,47531,48.919610
17,334,2539,47531,501.745867
17,335,559,47531,145.206002
17,336,1368,47531,355.435670
17,337,1261,47531,229.974867
17,338,11,47531,2.363740
17,339,672,47531,152.805195
17,340,119,47531,24.627197
17,341,181,47531,44.348825
17,342,256,47531,46.625752
17,343,118,47531,22.527141
17,344,191,47531,32.921642
17,345,163,47531,19.183850
17,346,2396,47531,579.134841
17,347,170,47531,35.419678
17,348,242,47531,59.778574
17,349,191,47531,34.708615
17,350,199,47531,43.613048
17,351,3367,47531,845.542479
17,352,576,47531,156.508536
17,353,777,47531,179.500950
17,354,0,47531,0.000000
17,355,1237,47531,289.847058
17,356,538,47531,170.689487
17,357,879,47531,169.080376
17,358,252,47531,56.172300
17,359,283,47531,54.149838
17,360,6047,47531,1546.889612
17,361,405,47531,106.642776
17,362,185,47531,33.007873
17,363,263,47531,51.137411
17,364,199,47531,14.685418
17,365,1644,47531,550.023345
17,366,227,47531,58.416467
17,367,132,47531,33.569176
17,368,10,47531,1.785424
17,369,194,47531,43.502103
17,370,4734,47531,1142.637149
17,371,751,47531,198.882359
17,372,65,47531,12.045976
17,373,851,47531,200.649754
17,374,238,47531,64.310555
17,375,317,47531,63.692913
17,376,25,47531,5.328082
17,377,1600,47531,392.222908
17,378,7478,47531,2910.950964
17,379,186,47531,34.115302
17,380,901,47531,156.638710
17,381,335,47531,70.539342
17,382,63,47531,11.884267
17,383,511,47531,123.481869
18,0,330,47531,76.224664
18,1,139,47531,25.030284
18,2,39,47531,6.186945
18,3,159,47531,41.445217
18,4,788,47531,203.827248
18,5,200,47531,35.396254
18,6,33,47531,8.654146
18,7,0,47531,0.000000
18,8,7,47531,1.224698
18,9,1025,47531,241.550169
18,10,411,47531,101.142435
18,11,1728,47531,426.153815
18,12,1020,47531,241.073131
18,13,1897,47531,469.383625
18,14,747,47531,184.739626
18,15,247,47531,48.280375
18,16,85,47531,19.183703
18,17,713,47531,138.929181
18,18,1953,47531,414.111314
18,19,732,47531,201.100205
18,20,351,47531,84.109959
18,21,430,47531,116.930879
18,22,1063,47531,277.919751
18,23,109,47531,21.434193
18,24,804,47531,208.705278
18,25,989,47531,256.280163
18,26,286,47531,52.879210
18,27,2408,47531,659.717410
18,28,239,47531,31.185085
18,29,65,47531,9.362400
18,30,499,47531,130.377571
18,31,121,47531,32.221600
18,32,58,47531,13.433071
18,33,113,47531,22.722175
18,34,2028,47531,525.102373
18,35,132,47531,23.207613
18,36,756,47531,212.443194
18,37,364,47531,125.734292
18,38,1087,47531,322.405023
18,39,312,47531,50.979080
18,40,35,47531,7.310133
18,41,597,47531,109.175967
18,42,445,47531,105.623530
18,43,311,47531,72.630252
18,44,2400,47531,531.822570
18,45,1141,47531,295.864296
18,46,467,47531,106.250520
18,47,849,47531,210.452877
18,48,108,47531,24.618244
18,49,63,47531,11.073403
18,50,94,47531,15.327682
18,51,783,47531,199.066175
18,52,692,47531,154.166184
18,53,437,47531,78.699533
18,54,2317,47531,622.930186
18,55,838,47531,177.998044
18,56,338,47531,78.506612
18,57,30,47531,4.517759
18,58,50,47531,8.842191
18,59,53,47531,11.477543
18,60,1035,47531,258.980137
18,61,217,47531,53.690770
18,62,352,47531,98.957550
18,63,21,47531,3.407620
18,64,129,47531,31.342797
18,65,1101,47531,285.699156
18,66,205,47531,41.381085
18,67,800,47531,245.556902
18,68,40,47531,10.665980
18,69,1721,47531,406.259162
18,70,187,47531,33.827819
18,71,448,47531,96.403076
18,72,5255,47531,1143.051179
18,73,99,47531,22.181262
18,74,1006,47531,221.365531
18,75,336,47531,97.581315
18,76,577,47531,136.446360
18,77,852,47531,228.249912
18,78,171,47531,39.004782
18,79,520,47531,167.784759
18,80,176,47531,30.933986
18,81,36,47531,6.382790
18,82,112,47531,33.263745
18,83,628,47531,146.454282
18,84,416,47531,111.872658
18,85,266,47531,36.842257
18,86,2600,47531,729.554810
18,87,723,47531,161.125037
18,88,274,47531,72.959676
18,89,237,47531,46.537000
18,90,3764,47531,977.161371
18,91,1440,47531,260.345666
18,92,145,47531,32.236773
18,93,1,47531,0.187307
18,94,915,47531,256.045397
18,95,1379,47531,353.563037
18,96,1481,47531,337.683268
18,97,1357,47531,382.387322
18,98,250,47531,57.549825
18,99,1434,47531,325.941547
18,100,120,47531,22.758094
18,101,218,47531,54.609741
18,102,79,47531,13.080619
18,103,110,47531,26.669061
18,104,301,47531,70.485442
18,105,404,47531,75.943554
18,106,2854,47531,705.532539
18,107,476,47531,113.376788
18,108,2442,47531,606.620888
18,109,132,47531,29.163089
18,110,648,47531,200.434915
18,111,280,47531,51.061867
18,112,908,47531,256.313875
18,113,427,47531,101.302752
18,114,2219,47531,568.030262
18,115,233,47531,51.931061
18,116,2840,47531,736.143327
18,117,774,47531,189.518703
18,118,69,47531,14.192394
18,119,648,47531,149.707226
18,120,54,47531,10.330094
18,121,683,47531,171.855777
18,122,177,47531,40.613614
18,123,1183,47531,268.002741
18,124,30,47531,3.853946
18,125,621,47531,139.185831
18,126,48,47531,7.822668
18,127,854,47531,223.331886
18,128,44,47531,8.507074
18,129,39,47531,7.959893
18,130,81,47531,18.028414
18,131,171,47531,33.617086
18,132,299,47531,64.472219
18,133,1915,47531,463.851490
18,134,155,47531,27.821298
18,135,429,47531,70.316076
18,136,34,47531,7.177990
18,137,214,47531,46.129601
18,138,1321,47531,294.131843
18,139,22,47531,3.532735
18,140,446,47531,87.152714
18,141,902,47531,208.410070
18,142,34,47531,5.603577
18,143,1894,47531,501.125031
18,144,4415,47531,1101.728545
18,145,183,47531,40.502728
18,146,156,47531,22.088521
18,147,11519,47531,4888.932824
18,148,258,47531,21.290924
18,149,5,47531,0.837420
18,150,429,47531,78.301748
18,151,61,47531,18.703929
18,152,738,47531,168.655862
18,153,111,47531,25.849003
18,154,1219,47531,313.639487
18,155,453,47531,105.076846
18,156,1261,47531,312.394853
18,157,7,47531,1.351902
18,158,280,47531,53.158493
18,159,440,47531,107.070654
18,160,214,47531,44.087570
18,161,776,47531,259.212233
18,162,640,47531,183.785439
18,163,21,47531,3.984067
18,164,615,47531,158.252417
18,165,225,47531,62.726703
18,166,348,47531,81.458157
18,167,2436,47531,621.065773
18,168,5240,47531,1371.592665
18,169,3422,47531,869.123203
18,170,1571,47531,444.302176
18,171,797,47531,185.633104
18,172,38,47531,6.289062
18,173,387,47531,106.064668
18,174,707,47531,182.945565
18,175,1003,47531,235.783783
18,176,998,47531,330.691046
18,177,104,47531,22.239070
18,178,15,47531,2.669793
18,179,757,47531,223.460053
18,180,779,47531,174.868670
18,181,230,47531,56.568825
18,182,887,47531,232.360238
18,183,1257,47531,303.141578
18,184,199,47531,31.588473
18,185,174,47531,29.838131
18,186,342,47531,74.428545
18,187,463,47531,89.605876
18,188,739,47531,163.278345
18,189,23,47531,3.891603
18,190,372,47531,93.400081
18,191,484,47531,97.015651
18,192,418,47531,84.538858
18,193,1245,47531,327.028998
18,194,265,47531,49.075458
18,195,849,47531,201.389389
18,196,885,47531,211.280357
18,197,4,47531,0.848370
18,198,104,47531,24.997189
18,199,469,47531,104.217731
18,200,119,47531,21.257650
18,201,805,47531,209.896042
18,202,331,47531,82.721664
18,203,1909,47531,525.645721
18,204,128,47531,22.035616
18,205,483,47531,93.808234
18,206,1042,47531,262.390971
18,207,806,47531,223.396161
18,208,407,47531,103.241668
18,209,595,47531,142.886880
18,210,18,47531,3.905095
18,211,52,47531,13.354321
18,212,27,47531,7.385050
18,213,140,47531,28.217301
18,214,392,47531,109.361355
18,215,102,47531,16.789969
18,216,2284,47531,650.354362
18,217,811,47531,180.488695
18,218,1030,47531,317.017295
18,219,751,47531,162.831131
18,220,1575,47531,366.024572
18,221,464,47531,110.746714
18,222,269,47531,62.698285
18,223,164,47531,34.913012
18,224,847,47531,198.654977
18,225,1433,47531,364.255105
18,226,393,47531,92.998405
18,227,239,47531,67.385052
18,228,29,47531,7.087490
18,229,830,47531,209.079529
18,230,46,47531,9.076226
18,231,1837,47531,388.749152
18,232,731,47531,160.240458
18,233,234,47531,59.346107
18,234,937,47531,235.572925
18,235,464,47531,119.285523
18,236,639,47531,209.701518
18,237,314,47531,58.172942
18,238,642,47531,126.118094
18,239,39,47531,7.023782
18,240,430,47531,86.326027
18,241,433,47531,116.325586
18,242,2796,47531,678.433666
18,243,538,47531,157.373116
18,244,1132,47531,293.588213
18,245,1972,47531,638.194160
18,246,120,47531,22.650245
18,247,206,47531,44.386425
18,248,673,47531,111.474326
18,249,1146,47531,198.896594
18,250,177,47531,33.569704
18,251,2661,47531,695.668510
18,252,169,47531,32.773870
18,253,67,47531,10.072821
18,254,22,47531,2.364046
18,255,1781,47531,436.344293
18,256,366,47531,77.204619
18,257,368,47531,67.527286
18,258,234,47531,46.774173
18,259,280,47531,60.237361
18,260,55,47531,10.700949
18,261,629,47531,144.009834
18,262,67,47531,9.719974
18,263,343,47531,83.600246
18,264,272,47531,58.234222
18,265,1457,47531,312.880609
18,266,4000,47531,1429.000210
18,267,8881,47531,2194.508454
18,268,886,47531,243.822273
18,269,49,47531,11.015366
18,270,444,47531,93.146871
18,271,222,47531,36.926539
18,272,620,47531,135.340513
18,273,1336,47531,298.404409
18,274,389,47531,88.109980
18,275,697,47531,183.382611
18,276,808,47531,207.856350
18,277,579,47531,141.388629
18,278,124,47531,22.271373
18,279,789,47531,199.456317
18,280,933,47531,247.990788
18,281,510,47531,134.288065
18,282,84,47531,15.205601
18,283,260,47531,47.898743
18,284,922,47531,230.400989
18,285,144,47531,21.061367
18,286,821,47531,216.098365
18,287,107,47531,27.104379
18,288,270,47531,67.214951
18,289,405,47531,87.179236
18,290,769,47531,203.334416
18,291,375,47531,72.593041
18,292,537,47531,116.832938
18,293,482,47531,111.730478
18,294,24,47531,4.315059
18,295,634,47531,152.295939
18,296,13,47531,2.836824
18,297,282,47531,64.112004
18,298,148,47531,29.242548
18,299,274,47531,62.944036
18,300,705,47531,164.924740
18,301,42,47531,11.396714
18,302,934,47531,244.989658
18,303,276,47531,54.498528
18,304,1347,47531,342.126648
18,305,1732,47531,382.512255
18,306,42,47531,8.129292
18,307,712,47531,142.448916
18,308,146,47531,35.125379
18,309,93,47531,26.826621
18,310,380,47531,81.741703
18,311,1122,47531,294.003626
18,312,737,47531,114.420359
18,313,150,47531,25.700538
18,314,407,47531,84.740758
18,315,42,47531,6.190701
18,316,66,47531,14.612791
18,317,1607,47531,418.348769
18,318,488,47531,134.044959
18,319,1566,47531,432.734335
18,320,1119,47531,274.286643
18,321,1355,47531,319.921720
18,322,529,47531,109.232915
18,323,296,47531,71.029541
18,324,26,47531,4.487844
18,325,416,47531,100.272256
18,326,36,47531,9.082790
18,327,777,47531,186.814557
18,328,450,47531,121.320882
18,329,1205,47531,318.288753
18,330,78,47531,14.327435
18,331,145,47531,25.677662
18,332,648,47531,173.042186
18,333,300,47531,66.959148
18,334,273,47531,51.679704
18,335,1194,47531,272.561754
18,336,750,47531,169.888216
18,337,172,47531,40.961400
18,338,598,47531,137.023249
18,339,324,47531,87.965808
18,340,241,47531,18.310514
18,341,1007,47531,235.142487
18,342,93,47531,19.268818
18,343,2814,47531,593.721017
18,344,620,47531,139.784986
18,345,8101,47531,1810.891637
18,346,473,47531,113.770410
18,347,146,47531,25.216956
18,348,1840,47531,341.546607
18,349,28,47531,5.390044
18,350,420,47531,289.684848
18,351,441,47531,99.978785
18,352,449,47531,89.462397
18,353,6,47531,0.996305
18,354,5404,47531,1095.768768
18,355,1043,47531,282.371527
18,356,150,47531,28.032621
18,357,288,47531,71.363530
18,358,123,47531,22.495280
18,359,1918,47531,450.994763
18,360,317,47531,58.234326
18,361,308,47531,74.953706
18,362,124,47531,25.340057
18,363,20,47531,5.406035
18,364,1682,47531,445.527929
18,365,186,47531,29.068189
18,366,181,47531,42.468570
18,367,96,47531,24.327554
18,368,120,47531,26.314316
18,369,410,47531,83.875696
18,370,1198,47531,250.867352
18,371,1358,47531,327.567066
18,372,101,47531,17.405778
18,373,1131,47531,231.638335
18,374,227,47531,34.994616
18,375,6445,47531,1312.055149
18,376,99,47531,16.108575
18,377,96,47531,12.320653
18,378,302,47531,57.795157
18,379,902,47531,238.329020
18,380,189,47531,47.196810
18,381,364,47531,98.267964
18,382,17,47531,3.320599
18,383,763,47531,205.798734
19,0,696,47531,167.944785
19,1,171,47531,23.481716
19,2,1145,47531,271.695116
19,3,556,47531,115.603680
19,4,1004,47531,205.573985
19,5,834,47531,260.135457
19,6,863,47531,206.668064
19,7,208,47531,36.927243
19,8,1193,47531,369.615685
19,9,676,47531,163.344065
19,10,3854,47531,914.493034
19,11,155,47531,39.080309
19,12,48,47531,7.532465
19,13,135,47531,19.640433
19,14,934,47531,197.426258
19,15,2701,47531,630.950485
19,16,702,47531,172.361638
19,17,1205,47531,302.168219
19,18,290,47531,46.047660
19,19,222,47531,42.636117
19,20,1527,47531,411.690867
19,21,185,47531,35.677073
19,22,414,47531,115.301057
19,23,18,47531,2.020525
19,24,76,47531,9.789739
19,25,174,47531,25.734746
19,26,10,47531,1.439663
19,27,380,47531,77.548672
19,28,1609,47531,430.426696
19,29,644,47531,132.304161
19,30,592,47531,162.354557
19,31,468,47531,129.866567
19,32,742,47531,172.356780
19,33,2409,47531,696.070844
19,34,1153,47531,278.057465
19,35,783,47531,199.992182
19,36,62,47531,9.230864
19,37,1121,47531,250.224246
19,38,20,47531,2.684062
19,39,95,47531,13.223766
19,40,1183,47531,282.606518
19,41,13,47531,1.792273
19,42,902,47531,167.404878
19,43,1410,47531,270.422165
19,44,165,47531,58.504867
19,45,437,47531,93.907384
19,46,377,47531,87.584056
19,47,2043,47531,610.595402
19,48,653,47531,173.308490
19,49,1518,47531,376.812664
19,50,1417,47531,303.297324
19,51,864,47531,202.927126
19,52,91,47531,13.514133
19,53,901,47531,240.033620
19,54,334,47531,54.451898
19,55,13,47531,2.252085
19,56,735,47531,212.205779
19,57,54,47531,6.960154
19,58,473,47531,125.570233
19,59,1390,47531,334.754233
19,60,27,47531,4.293589
19,61,1077,47531,232.267538
19,62,1315,47531,450.600447
19,63,827,47531,219.814435
19,64,733,47531,187.914013
19,65,57,47531,8.977716
19,66,697,47531,113.647237
19,67,1140,47531,291.018920
19,68,590,47531,161.055483
19,69,1400,47531,304.149110
19,70,24,47531,3.828167
19,71,360,47531,59.076437
19,72,44,47531,5.067161
19,73,723,47531,258.704810
19,74,806,47531,201.155842
19,75,1069,47531,235.329774
19,76,337,47531,68.004134
19,77,631,47531,146.153414
19,78,85,47531,11.819247
19,79,368,47531,79.704518
19,80,1175,47531,288.919552
19,81,536,47531,99.298737
19,82,290,47531,55.358474
19,83,515,47531,120.709417
19,84,465,47531,86.328387
19,85,14,47531,1.319405
19,86,389,47531,74.033351
19,87,506,47531,109.462811
19,88,268,47531,67.895529
19,89,1125,47531,284.668186
19,90,11,47531,1.867929
19,91,118,47531,38.585438
19,92,1091,47531,255.280707
19,93,578,47531,127.770201
19,94,1079,47531,277.829289
19,95,45,47531,7.124559
19,96,61,47531,7.389191
19,97,1,47531,0.187353
19,98,1773,47531,452.150618
19,99,959,47531,210.482129
19,100,682,47531,158.380094
19,101,1276,47531,311.994134
19,102,1935,47531,467.023855
19,103,889,47531,206.670271
19,104,143,47531,39.955866
19,105,387,47531,86.474382
19,106,2682,47531,690.513708
19,107,721,47531,150.808746
19,108,347,47531,52.305936
19,109,1269,47531,279.374439
19,110,703,47531,172.548162
19,111,62,47531,11.765949
19,112,1371,47531,317.954900
19,113,828,47531,237.496271
19,114,812,47531,206.660738
19,115,84,47531,12.817382
19,116,31,47531,6.435001
19,117,489,47531,122.340413
19,118,5413,47531,1413.974466
19,119,19,47531,2.433239
19,120,952,47531,295.286752
19,121,1134,47531,241.027912
19,122,628,47531,149.010661
19,123,397,47531,85.122006
19,124,1130,47531,336.041766
19,125,181,47531,28.558797
19,126,246,47531,58.190362
19,127,534,47531,126.707867
19,128,1298,47531,294.097915
19,129,1681,47531,352.212000
19,130,3459,47531,700.413692
19,131,1117,47531,286.395443
19,132,9,47531,1.531624
19,133,1004,47531,264.287101
19,134,343,47531,62.985663
19,135,614,47531,156.984231
19,136,344,47531,94.922419
19,137,501,47531,136.285600
19,138,802,47531,193.433307
19,139,105,47531,18.046674
19,140,787,47531,195.664030
19,141,106,47531,15.583293
19,142,170,47531,21.416504
19,143,1079,47531,238.901260
19,144,0,47531,0.000000
19,145,697,47531,168.514209
19,146,83,47531,16.336922
19,147,1198,47531,275.325536
19,148,852,47531,226.668192
19,149,43,47531,7.051480
19,150,852,47531,201.101624
19,151,244,47531,40.650083
19,152,719,47531,248.356480
19,153,95,47531,6.835802
19,154,677,47531,141.176547
19,155,606,47531,154.759474
19,156,735,47531,209.133959
19,157,467,47531,107.315580
19,158,417,47531,103.817018
19,159,216,47531,56.478217
19,160,803,47531,192.165217
19,161,60,47531,10.352786
19,162,1711,47531,398.467952
19,163,570,47531,165.121280
19,164,268,47531,40.083228
19,165,2270,47531,553.420366
19,166,543,47531,108.398813
19,167,335,47531,93.777145
19,168,638,47531,141.064570
19,169,720,47531,167.620820
19,170,535,47531,118.274017
19,171,929,47531,246.292065
19,172,215,47531,42.329242
19,173,29,47531,3.898608
19,174,626,47531,149.407602
19,175,566,47531,157.803256
19,176,1004,47531,263.620126
19,177,1338,47531,202.271734
19,178,1945,47531,522.591990
19,179,954,47531,229.800110
19,180,214,47531,28.607594
19,181,135,47531,21.554770
19,182,262,47531,68.432278
19,183,1196,47531,282.999585
19,184,423,47531,62.693167
19,185,243,47531,49.769423
19,186,47,47531,5.331166
19,187,76,47531,10.317261
19,188,677,47531,163.470306
19,189,938,47531,244.013079
19,190,1259,47531,329.167548
19,191,2244,47531,594.806601
19,192,1220,47531,266.055674
19,193,207,47531,35.134280
19,194,595,47531,127.930617
19,195,2144,47531,465.228480
19,196,420,47531,87.583668
19,197,546,47531,145.725431
19,198,411,47531,71.183361
19,199,171,47531,41.075468
19,200,184,47531,37.902524
19,201,665,47531,189.266958
19,202,114,47531,16.563701
19,203,700,47531,199.969707
19,204,1160,47531,274.698206
19,205,108,47531,25.335687
19,206,12,47531,2.444701
19,207,2484,47531,379.293900
19,208,44,47531,6.305511
19,209,38,47531,5.275446
19,210,1457,47531,386.621393
19,211,208,47531,22.873060
19,212,1041,47531,238.021308
19,213,1185,47531,307.885706
19,214,474,47531,124.399979
19,215,1170,47531,332.335622
19,216,1981,47531,362.889342
19,217,1302,47531,311.219648
19,218,1125,47531,319.965099
19,219,248,47531,35.977425
19,220,501,47531,128.371470
19,221,817,47531,249.206467
19,222,334,47531,64.060348
19,223,883,47531,137.484199
19,224,220,47531,30.581774
19,225,290,47531,40.953147
19,226,156,47531,30.238449
19,227,760,47531,204.713001
19,228,1136,47531,276.582290
19,229,666,47531,157.815008
19,230,200,47531,44.058195
19,231,20,47531,3.273798
19,232,662,47531,195.039136
19,233,472,47531,129.375290
19,234,1074,47531,249.393220
19,235,678,47531,174.416740
19,236,123,47531,22.456319
19,237,268,47531,43.563546
19,238,176,47531,24.674379
19,239,8,47531,1.057569
19,240,260,47531,55.031199
19,241,528,47531,122.710001
19,242,22,47531,3.291369
19,243,158,47531,31.623274
19,244,166,47531,30.400452
19,245,234,47531,37.728798
19,246,40,47531,3.342368
19,247,1476,47531,286.629877
19,248,221,47531,44.318077
19,249,515,47531,118.779974
19,250,788,47531,200.029030
19,251,551,47531,172.174813
19,252,1047,47531,250.643240
19,253,423,47531,103.850291
19,254,386,47531,103.595267
19,255,2195,47531,491.199464
19,256,495,47531,85.396914
19,257,29,47531,3.688116
19,258,447,47531,92.364819
19,259,1354,47531,347.351653
19,260,1254,47531,389.911784
19,261,213,47531,47.185013
19,262,872,47531,197.258796
19,263,76,47531,9.320406
19,264,5173,47531,1551.376923
19,265,928,47531,182.070688
19,266,601,47531,129.940778
19,267,117,47531,24.213008
19,268,355,47531,64.300482
19,269,295,47531,87.643886
19,270,544,47531,147.997948
19,271,740,47531,183.559690
19,272,515,47531,127.441914
19,273,799,47531,212.497338
19,274,102,47531,12.917044
19,275,633,47531,141.509642
19,276,1778,47531,438.783304
19,277,88,47531,12.025792
19,278,863,47531,161.966634
19,279,142,47531,39.258582
19,280,1283,47531,417.020971
19,281,1040,47531,362.805486
19,282,452,47531,75.564834
19,283,457,47531,116.399759
19,284,251,47531,64.269479
19,285,7892,47531,1819.223726
19,286,4,47531,0.673758
19,287,149,47531,25.497251
19,288,369,47531,103.532790
19,289,2223,47531,1468.905024
19,290,43,47531,5.555287
19,291,574,47531,129.961269
19,292,341,47531,89.680205
19,293,857,47531,196.153188
19,294,4,47531,0.663172
19,295,1816,47531,529.994324
19,296,454,47531,120.391467
19,297,1546,47531,393.483235
19,298,1430,47531,278.958364
19,299,1058,47531,234.269777
19,300,964,47531,226.711171
19,301,92,47531,15.431562
19,302,83,47531,12.179886
19,303,414,47531,97.024369
19,304,3180,47531,787.082148
19,305,689,47531,214.257260
19,306,1128,47531,305.395384
19,307,1200,47531,265.267403
19,308,359,47531,106.334624
19,309,2547,47531,566.269334
19,310,711,47531,180.454359
19,311,625,47531,126.456020
19,312,612,47531,135.667463
19,313,187,47531,33.898656
19,314,1190,47531,285.992121
19,315,82,47531,10.210977
19,316,714,47531,155.949630
19,317,50,47531,5.202825
19,318,61,47531,10.279603
19,319,1330,47531,331.709643
19,320,752,47531,198.641965
19,321,48,47531,6.775717
19,322,535,47531,114.870685
19,323,4,47531,0.775677
19,324,655,47531,153.230108
19,325,354,47531,57.946796
19,326,258,47531,44.273512
19,327,231,47531,51.809242
19,328,380,47531,85.047174
19,329,1209,47531,282.558608
19,330,1600,47531,482.918415
19,331,176,47531,21.390721
19,332,63,47531,8.232172
19,333,670,47531,167.410733
19,334,154,47531,17.382418
19,335,875,47531,274.793940
19,336,157,47531,30.131295
19,337,776,47531,211.164712
19,338,141,47531,21.115558
19,339,708,47531,161.754650
19,340,111,47531,24.805241
19,341,607,47531,159.909622
19,342,1309,47531,191.537608
19,343,301,47531,49.749599
19,344,256,47531,86.599849
19,345,118,47531,16.982512
19,346,89,47531,12.649459
19,347,92,47531,14.236151
19,348,808,47531,180.444318
19,349,888,47531,181.420697
19,350,5368,47531,1195.167204
19,351,1198,47531,254.564372
19,352,851,47531,206.917587
19,353,886,47531,238.605952
19,354,152,47531,15.178192
19,355,424,47531,82.900193
19,356,56,47531,11.315743
19,357,93,47531,12.468109
19,358,150,47531,21.446497
19,359,385,47531,77.287756
19,360,1444,47531,394.132558
19,361,492,47531,120.648635
19,362,740,47531,113.292194
19,363,164,47531,35.493514
19,364,2845,47531,546.164880
19,365,917,47531,228.136803
19,366,855,47531,222.855319
19,367,1385,47531,296.746126
19,368,1633,47531,443.815925
19,369,1581,47531,461.454960
19,370,3829,47531,3023.534238
19,371,1846,47531,408.100111
19,372,31,47531,3.819931
19,373,17,47531,2.001132
19,374,1192,47531,291.765966
19,375,439,47531,145.341084
19,376,1401,47531,330.683589
19,377,178,47531,20.507410
19,378,298,47531,72.756129
19,379,764,47531,208.525148
19,380,459,47531,107.331177
19,381,1782,47531,418.482110
19,382,1154,47531,312.534521
19,383,316,47531,75.434187
20,0,30,47531,5.011255
20,1,207,47531,53.922447
20,2,19,47531,2.881974
20,3,1202,47531,349.506827
20,4,342,47531,96.553071
20,5,8,47531,1.366393
20,6,323,47531,93.620373
20,7,891,47531,229.455340
20,8,893,47531,202.784197
20,9,78,47531,13.419949
20,10,2210,47531,555.702877
20,11,128,47531,31.843113
20,12,507,47531,159.342361
20,13,1076,47531,244.985478
20,14,2332,47531,554.854460
20,15,1066,47531,260.126076
20,16,544,47531,95.427178
20,17,67,47531,13.460351
20,18,604,47531,157.447648
20,19,7387,47531,1637.478396
20,20,43,47531,8.540100
20,21,22,47531,3.715450
20,22,434,47531,115.592529
20,23,493,47531,128.072675
20,24,768,47531,175.129224
20,25,288,47531,86.913012
20,26,12,47531,2.582515
20,27,1401,47531,328.812952
20,28,574,47531,132.754089
20,29,584,47531,143.971324
20,30,516,47531,122.095335
20,31,1265,47531,306.394176
20,32,1792,47531,336.260788
20,33,293,47531,74.454798
20,34,218,47531,55.809221
20,35,344,47531,97.109859
20,36,237,47531,56.209848
20,37,586,47531,168.805524
20,38,182,47531,38.006301
20,39,224,47531,47.089349
20,40,56,47531,10.569332
20,41,788,47531,186.855276
20,42,1356,47531,353.640832
20,43,394,47531,84.067244
20,44,1896,47531,572.179329
20,45,397,47531,82.161638
20,46,782,47531,253.405080
20,47,3499,47531,799.749531
20,48,1488,47531,353.364563
20,49,305,47531,56.916993
20,50,50,47531,12.172718
20,51,18906,47531,4365.536198
20,52,136,47531,46.051282
20,53,25,47531,4.168537
20,54,455,47531,111.365007
20,55,132,47531,24.989050
20,56,131,47531,28.823376
20,57,13,47531,2.098928
20,58,448,47531,70.914852
20,59,206,47531,48.771790
20,60,57,47531,11.900324
20,61,466,47531,128.728890
20,62,44,47531,8.604197
20,63,40,47531,7.547902
20,64,1094,47531,345.523498
20,65,794,47531,188.171199
20,66,7,47531,1.161174
20,67,1362,47531,400.577394
20,68,391,47531,89.258764
20,69,976,47531,210.448052
20,70,2159,47531,500.655473
20,71,665,47531,188.095888
20,72,1170,47531,289.980424
20,73,32,47531,5.361065
20,74,82,47531,15.907954
20,75,199,47531,34.503971
20,76,139,47531,26.085615
20,77,727,47531,148.944099
20,78,505,47531,113.429387
20,79,1180,47531,333.217376
20,80,926,47531,263.682186
20,81,3016,47531,768.070250
20,82,102,47531,25.151900
20,83,834,47531,198.538039
20,84,159,47531,33.647072
20,85,1437,47531,367.010016
20,86,482,47531,124.972848
20,87,491,47531,123.022878
20,88,64,47531,12.662987
20,89,453,47531,102.279056
20,90,221,47531,51.510792
20,91,191,47531,60.772507
20,92,45,47531,9.433297
20,93,46,47531,8.353366
20,94,793,47531,281.147698
20,95,332,47531,78.446091
20,96,699,47531,144.067355
20,97,652,47531,187.255424
20,98,57,47531,9.825288
20,99,154,47531,37.822146
20,100,99,47531,19.061735
20,101,2439,47531,545.092807
20,102,125,47531,29.995713
20,103,1357,47531,275.133080
20,104,852,47531,244.846069
20,105,237,47531,53.501132
20,106,175,47531,48.715459
20,107,404,47531,100.582988
20,108,726,47531,219.841269
20,109,6516,47531,1931.547536
20,110,1407,47531,392.204862
20,111,173,47531,37.987694
20,112,419,47531,102.053605
20,113,400,47531,106.604832
20,114,86,47531,16.203019
20,115,51,47531,10.671218
20,116,815,47531,207.852062
20,117,26,47531,6.688460
20,118,1568,47531,390.560217
20,119,1,47531,0.129221
20,120,129,47531,29.011382
20,121,1467,47531,393.382534
20,122,171,47531,3.385476
20,123,137,47531,35.568650
20,124,1606,47531,454.016317
20,125,114,47531,25.341765
20,126,553,47531,127.861295
20,127,1053,47531,321.538667
20,128,36,47531,7.580745
20,129,1505,47531,382.249085
20,130,2799,47531,669.674821
20,131,321,47531,58.142172
20,132,1012,47531,271.765251
20,133,417,47531,77.769664
20,134,230,47531,53.580005
20,135,376,47531,89.302595
20,136,133,47531,24.632495
20,137,124,47531,25.132889
20,138,308,47531,75.093244
20,139,473,47531,87.136820
20,140,670,47531,162.127627
20,141,9,47531,1.521266
20,142,1045,47531,320.680941
20,143,667,47531,150.376328
20,144,2419,47531,691.608249
20,145,926,47531,235.964015
20,146,354,47531,57.152713
20,147,373,47531,95.393989
20,148,982,47531,317.399066
20,149,141,47531,29.446259
20,150,517,47531,137.224648
20,151,141,47531,37.179012
20,152,112,47531,20.101773
20,153,1160,47531,301.918852
20,154,564,47531,136.514848
20,155,18,47531,3.632360
20,156,1327,47531,339.948942
20,157,94,47531,22.079216
20,158,436,47531,86.329916
20,159,162,47531,41.200935
20,160,1,47531,0.201330
20,161,1279,47531,316.342233
20,162,741,47531,191.717388
20,163,816,47531,242.084779
20,164,1940,47531,430.985824
20,165,451,47531,104.780587
20,166,187,47531,37.311563
20,167,1443,47531,387.975395
20,168,215,47531,44.598621
20,169,220,47531,57.702585
20,170,1648,47531,401.499581
20,171,255,47531,69.856211
20,172,17,47531,3.090448
20,173,20,47531,3.389491
20,174,191,47531,35.366451
20,175,88,47531,16.814333
20,176,874,47531,243.356192
20,177,595,47531,142.332742
20,178,684,47531,203.687725
20,179,23,47531,3.530319
20,180,1848,47531,848.550530
20,181,382,47531,89.372178
20,182,89,47531,15.316758
20,183,657,47531,157.270405
20,184,177,47531,30.455170
20,185,3744,47531,979.116215
20,186,390,47531,90.688284
20,187,735,47531,182.446016
20,188,6,47531,1.307741
20,189,456,47531,121.958424
20,190,537,47531,141.277813
20,191,466,47531,88.224744
20,192,585,47531,134.482109
20,193,263,47531,65.541703
20,194,103,47531,17.878125
20,195,1,47531,0.283923
20,196,5114,47531,1183.714013
20,197,181,47531,27.193771
20,198,1638,47531,360.590693
20,199,42,47531,8.585459
20,200,174,47531,40.512355
20,201,1429,47531,342.895787
20,202,558,47531,151.533056
20,203,142,47531,32.389041
20,204,197,47531,33.612145
20,205,286,47531,62.143470
20,206,1039,47531,326.084198
20,207,46,47531,8.235398
20,208,64,47531,13.155418
20,209,178,47531,36.104730
20,210,2771,47531,646.031454
20,211,20,47531,3.858704
20,212,85,47531,15.538993
20,213,641,47531,186.417190
20,214,444,47531,124.297338
20,215,432,47531,101.786661
20,216,963,47531,330.023493
20,217,770,47531,230.083332
20,218,750,47531,153.456199
20,219,52,47531,8.870326
20,220,882,47531,219.057182
20,221,343,47531,82.221786
20,222,136,47531,24.202454
20,223,998,47531,230.966108
20,224,831,47531,194.827460
20,225,496,47531,109.706698
20,226,236,47531,58.083892
20,227,1543,47531,332.784986
20,228,543,47531,121.405494
20,229,493,47531,119.411527
20,230,1347,47531,359.593684
20,231,497,47531,116.328462
20,232,98,47531,21.138796
20,233,1966,47531,518.968514
20,234,63,47531,13.018739
20,235,49,47531,9.239069
20,236,221,47531,50.969305
20,237,101,47531,19.354766
20,238,329,47531,75.204442
20,239,1537,47531,384.773787
20,240,52,47531,8.001400
20,241,539,47531,153.387643
20,242,289,47531,63.167396
20,243,43,47531,7.358679
20,244,45,47531,14.318210
20,245,257,47531,43.175096
20,246,393,47531,105.115287
20,247,88,47531,16.583149
20,248,120,47531,31.562957
20,249,202,47531,35.919191
20,250,70,47531,12.708894
20,251,30,47531,4.822404
20,252,372,47531,66.989394
20,253,933,47531,254.472354
20,254,211,47531,34.604024
20,255,539,47531,141.041993
20,256,257,47531,59.719053
20,257,633,47531,167.045481
20,258,166,47531,31.266954
20,259,627,47531,134.847494
20,260,181,47531,55.836807
20,261,1047,47531,279.388305
20,262,1652,47531,520.213659
20,263,145,47531,25.303657
20,264,10,47531,1.487062
20,265,390,47531,96.402913
20,266,65,47531,14.727763
20,267,242,47531,68.037572
20,268,101,47531,19.602782
20,269,17,47531,3.099501
20,270,204,47531,36.394048
20,271,318,47531,75.475801
20,272,915,47531,225.024057
20,273,18,47531,3.014393
20,274,981,47531,263.130978
20,275,451,47531,104.758977
20,276,847,47531,228.703045
20,277,168,47531,43.852705
20,278,1750,47531,421.608553
20,279,7999,47531,1742.865223
20,280,8489,47531,2444.321558
20,281,672,47531,169.895220
20,282,6532,47531,1703.219257
20,283,76,47531,12.804445
20,284,211,47531,54.154092
20,285,365,47531,63.005287
20,286,2311,47531,555.138680
20,287,201,47531,50.099530
20,288,39,47531,6.335147
20,289,26,47531,4.296837
20,290,641,47531,165.691635
20,291,7,47531,1.110278
20,292,1660,47531,438.770851
20,293,183,47531,48.674151
20,294,10,47531,1.687247
20,295,1205,47531,413.910711
20,296,1443,47531,352.623074
20,297,274,47531,51.402325
20,298,55,47531,7.288739
20,299,965,47531,230.989408
20,300,310,47531,68.953112
20,301,492,47531,150.550897
20,302,22,47531,3.879017
20,303,116,47531,23.474334
20,304,823,47531,226.763997
20,305,577,47531,107.184986
20,306,141,47531,27.821970
20,307,2607,47531,515.827886
20,308,178,47531,36.922937
20,309,704,47531,199.572650
20,310,70,47531,13.399949
20,311,11,47531,1.956823
20,312,15,47531,2.760496
20,313,993,47531,256.756598
20,314,993,47531,260.510481
20,315,234,47531,57.248729
20,316,439,47531,116.971265
20,317,495,47531,130.147424
20,318,227,47531,45.995537
20,319,2,47531,0.449133
20,320,553,47531,103.619160
20,321,1198,47531,270.886609
20,322,949,47531,316.662916
20,323,8,47531,1.235424
20,324,350,47531,66.021482
20,325,776,47531,205.841933
20,326,1562,47531,461.283775
20,327,591,47531,151.926581
20,328,238,47531,70.748840
20,329,695,47531,177.800781
20,330,9,47531,1.758318
20,331,748,47531,194.830465
20,332,149,47531,35.568515
20,333,461,47531,136.406882
20,334,619,47531,129.213207
20,335,813,47531,213.617612
20,336,1198,47531,371.591267
20,337,530,47531,144.332745
20,338,1595,47531,303.861415
20,339,1164,47531,289.615712
20,340,948,47531,265.575405
20,341,553,47531,163.124289
20,342,1355,47531,309.075942
20,343,336,47531,65.577513
20,344,880,47531,225.934478
20,345,326,47531,80.844230
20,346,5,47531,0.956589
20,347,439,47531,106.877403
20,348,3643,47531,949.169765
20,349,1309,47531,274.721824
20,350,66,47531,11.376977
20,351,2489,47531,493.987084
20,352,1657,47531,441.140474
20,353,364,47531,94.605180
20,354,91,47531,17.909179
20,355,1298,47531,360.198508
20,356,0,47531,0.000000
20,357,3088,47531,723.029295
20,358,1976,47531,509.393758
20,359,721,47531,189.705770
20,360,1342,47531,334.156797
20,361,65,47531,11.766343
20,362,562,47531,142.432635
20,363,871,47531,239.251357
20,364,6,47531,0.924367
20,365,724,47531,187.540250
20,366,56,47531,11.919126
20,367,317,47531,70.091468
20,368,29,47531,4.265767
20,369,93,47531,17.374353
20,370,543,47531,157.856912
20,371,73,47531,14.678200
20,372,432,47531,101.927923
20,373,37,47531,6.850888
20,374,26,47531,4.670876
20,375,110,47531,21.266923
20,376,858,47531,202.479323
20,377,203,47531,49.390041
20,378,325,47531,88.304844
20,379,2394,47531,603.111594
20,380,571,47531,155.980633
20,381,442,47531,97.970865
20,382,240,47531,43.986557
20,383,231,47531,41.185050
21,0,275,47531,48.302047
21,1,241,47531,43.877791
21,2,936,47531,365.091395
21,3,66,47531,12.765710
21,4,276,47531,61.561507
21,5,830,47531,196.591433
21,6,928,47531,208.588806
21,7,624,47531,150.354137
21,8,569,47531,112.505970
21,9,2147,47531,511.736052
21,10,739,47531,164.268954
21,11,467,47531,120.259831
21,12,287,47531,66.864337
21,13,392,47531,96.066286
21,14,563,47531,149.987236
21,15,473,47531,143.323760
21,16,250,47531,78.561477
21,17,32,47531,4.994618
21,18,2609,47531,631.704216
21,19,862,47531,170.029394
21,20,249,47531,46.377615
21,21,951,47531,258.446676
21,22,1896,47531,447.873087
21,23,404,47531,94.909849
21,24,1259,47531,313.058209
21,25,740,47531,168.114632
21,26,627,47531,196.642808
21,27,133,47531,32.051158
21,28,460,47531,91.657430
21,29,4351,47531,1010.764597
21,30,666,47531,152.181699
21,31,770,47531,159.487010
21,32,239,47531,62.990389
21,33,535,47531,129.511395
21,34,43,47531,8.542767
21,35,338,47531,76.664016
21,36,979,47531,203.113506
21,37,1570,47531,287.953747
21,38,16,47531,2.665480
21,39,134,47531,22.246873
21,40,409,47531,100.874146
21,41,970,47531,269.211528
21,42,540,47531,141.047970
21,43,88,47531,14.747632
21,44,948,47531,184.283253
21,45,1012,47531,231.405671
21,46,391,47531,102.614476
21,47,1507,47531,388.579684
21,48,608,47531,136.058755
21,49,42,47531,8.556466
21,50,1004,47531,235.967913
21,51,708,47531,193.327849
21,52,1077,47531,226.567140
21,53,32,47531,7.208428
21,54,898,47531,270.204065
21,55,468,47531,127.225219
21,56,330,47531,86.390278
21,57,255,47531,57.292936
21,58,302,47531,86.544169
21,59,1469,47531,302.537588
21,60,450,47531,119.287550
21,61,7402,47531,2060.825510
21,62,713,47531,195.937017
21,63,360,47531,77.706640
21,64,531,47531,114.482778
21,65,382,47531,95.644598
21,66,414,47531,92.900231
21,67,394,47531,79.973116
21,68,59,47531,11.154474
21,69,1003,47531,284.430450
21,70,1009,47531,254.560180
21,71,201,47531,35.232505
21,72,372,47531,81.909497
21,73,238,47531,54.652331
21,74,113,47531,30.647994
21,75,76,47531,16.249392
21,76,380,47531,82.438670
21,77,286,47531,70.881422
21,78,60,47531,10.213181
21,79,25,47531,3.882096
21,80,439,47531,72.148092
21,81,33,47531,6.606619
21,82,323,47531,60.396449
21,83,8,47531,1.297285
21,84,401,47531,95.067227
21,85,20,47531,3.253826
21,86,292,47531,72.653653
21,87,1795,47531,468.166287
21,88,281,47531,75.661190
21,89,6873,47531,1723.167606
21,90,105,47531,23.436009
21,91,181,47531,37.688793
21,92,43,47531,7.749627
21,93,906,47531,262.910229
21,94,7,47531,1.086648
21,95,42,47531,7.272930
21,96,15,47531,2.258998
21,97,802,47531,212.556888
21,98,141,47531,38.792720
21,99,173,47531,47.984237
21,100,92,47531,28.720161
21,101,1270,47531,345.879736
21,102,793,47531,223.186404
21,103,100,47531,27.866805
21,104,876,47531,279.071386
21,105,442,47531,51.544483
21,106,1552,47531,346.406718
21,107,1270,47531,270.464983
21,108,430,47531,134.563059
21,109,134,47531,23.112084
21,110,697,47531,165.971189
21,111,67,47531,11.983596
21,112,427,47531,113.611987
21,113,251,47531,59.064263
21,114,16,47531,3.005959
21,115,765,47531,171.026280
21,116,1072,47531,360.352067
21,117,419,47531,90.502562
21,118,218,47531,37.496338
21,119,71,47531,14.274017
21,120,1120,47531,267.204421
21,121,272,47531,64.916654
21,122,378,47531,68.347611
21,123,2886,47531,817.620003
21,124,1749,47531,486.767828
21,125,762,47531,263.068210
21,126,369,47531,88.117867
21,127,228,47531,45.829303
21,128,101,47531,25.884184
21,129,240,47531,45.651757
21,130,428,47531,97.917282
21,131,3511,47531,831.761994
21,132,229,47531,59.082967
21,133,2801,47531,700.644437
21,134,553,47531,144.930460
21,135,366,47531,95.466173
21,136,850,47531,200.919501
21,137,1102,47531,199.841920
21,138,616,47531,110.938495
21,139,411,47531,76.907881
21,140,246,47531,48.918111
21,141,761,47531,179.268362
21,142,433,47531,97.987374
21,143,627,47531,151.336197
21,144,104,47531,19.781020
21,145,131,47531,23.431968
21,146,782,47531,189.914788
21,147,295,47531,77.258767
21,148,493,47531,125.830964
21,149,191,47531,42.088610
21,150,19,47531,3.415527
21,151,1223,47531,285.627614
21,152,173,47531,34.776554
21,153,31,47531,5.553925
21,154,119,47531,24.363567
21,155,1233,47531,300.722064
21,156,9,47531,1.579644
21,157,48,47531,8.865870
21,158,1014,47531,230.783089
21,159,309,47531,76.362512
21,160,956,47531,245.270618
21,161,757,47531,200.058885
21,162,73,47531,15.313288
21,163,363,47531,112.479128
21,164,1234,47531,270.371927
21,165,2491,47531,683.082313
21,166,63,47531,11.017752
21,167,376,47531,106.677961
21,168,313,47531,73.637688
21,169,759,47531,225.686987
21,170,1220,47531,259.792085
21,171,1169,47531,222.140431
21,172,332,47531,88.411375
21,173,431,47531,88.028270
21,174,4,47531,0.812991
21,175,222,47531,53.325196
21,176,2029,47531,488.939299
21,177,8010,47531,2086.973869
21,178,592,47531,127.927056
21,179,634,47531,142.065231
21,180,338,47531,67.269271
21,181,528,47531,106.078490
21,182,482,47531,106.399120
21,183,279,47531,53.360282
21,184,1705,47531,457.642574
21,185,1238,47531,354.252008
21,186,713,47531,163.218046
21,187,481,47531,105.427579
21,188,431,47531,113.816222
21,189,50,47531,8.262880
21,190,1370,47531,265.742278
21,191,296,47531,82.633473
21,192,1055,47531,302.562905
21,193,541,47531,138.594709
21,194,283,47531,59.490222
21,195,417,47531,95.898203
21,196,421,47531,95.687298
21,197,259,47531,57.660101
21,198,89,47531,14.322566
21,199,56,47531,10.758719
21,200,616,47531,180.834635
21,201,190,47531,47.792894
21,202,147,47531,28.495917
21,203,784,47531,134.692061
21,204,6,47531,0.856999
21,205,488,47531,60.559639
21,206,1005,47531,247.393112
21,207,1,47531,0.420405
21,208,2340,47531,445.061003
21,209,1380,47531,340.402264
21,210,656,47531,145.133713
21,211,536,47531,140.359981
21,212,7,47531,1.473248
21,213,8,47531,1.381393
21,214,489,47531,143.146562
21,215,3627,47531,1125.382659
21,216,0,47531,0.000000
21,217,84,47531,22.183148
21,218,4,47531,0.555464
21,219,163,47531,30.121726
21,220,76,47531,13.116230
21,221,1567,47531,348.724694
21,222,70,47531,15.766605
21,223,95,47531,21.210270
21,224,140,47531,23.919311
21,225,4303,47531,867.656260
21,226,261,47531,68.714828
21,227,736,47531,190.460331
21,228,371,47531,89.504678
21,229,1031,47531,280.765589
21,230,26,47531,4.454861
21,231,390,47531,91.463337
21,232,394,47531,95.740629
21,233,105,47531,22.237389
21,234,1206,47531,267.976632
21,235,88,47531,15.770576
21,236,777,47531,194.616959
21,237,253,47531,68.760110
21,238,2,47531,0.278688
21,239,491,47531,103.718274
21,240,861,47531,214.334646
21,241,2,47531,0.353103
21,242,64,47531,14.249966
21,243,439,47531,113.564650
21,244,83,47531,14.273482
21,245,75,47531,15.129800
21,246,289,47531,71.653549
21,247,1106,47531,278.492224
21,248,562,47531,96.301695
21,249,131,47531,21.334822
21,250,983,47531,271.505809
21,251,7505,47531,2002.135252
21,252,916,47531,211.925006
21,253,56,47531,12.504220
21,254,1039,47531,241.586330
21,255,1226,47531,244.004769
21,256,579,47531,147.171892
21,257,4817,47531,1490.966316
21,258,652,47531,203.005741
21,259,49,47531,8.203389
21,260,962,47531,270.546223
21,261,318,47531,59.855732
21,262,416,47531,60.766116
21,263,592,47531,176.594887
21,264,340,47531,90.849376
21,265,1055,47531,273.302034
21,266,297,47531,40.636129
21,267,3,47531,0.530123
21,268,124,47531,23.315018
21,269,651,47531,172.646526
21,270,1110,47531,287.233818
21,271,13,47531,2.206983
21,272,658,47531,128.863280
21,273,221,47531,48.492760
21,274,751,47531,194.357545
21,275,492,47531,126.743355
21,276,242,47531,60.619515
21,277,228,47531,40.282963
21,278,514,47531,120.662678
21,279,23,47531,5.231541
21,280,409,47531,89.654186
21,281,489,47531,96.659416
21,282,1100,47531,221.268673
21,283,70,47531,14.385157
21,284,589,47531,164.565010
21,285,1187,47531,280.129200
21,286,336,47531,122.278157
21,287,143,47531,26.422477
21,288,206,47531,46.085839
21,289,714,47531,151.565321
21,290,707,47531,206.035745
21,291,256,47531,46.452037
21,292,395,47531,102.010647
21,293,1328,47531,282.227233
21,294,440,47531,112.570250
21,295,47,47531,10.680974
21,296,593,47531,134.606714
21,297,54,47531,13.492791
21,298,10,47531,1.851210
21,299,1402,47531,386.867236
21,300,1424,47531,362.146782
21,301,295,47531,71.509486
21,302,1213,47531,281.875551
21,303,1,47531,0.189399
21,304,10382,47531,3153.327768
21,305,67,47531,12.773173
21,306,13,47531,2.288979
21,307,10,47531,1.530063
21,308,150,47531,26.823961
21,309,155,47531,35.117448
21,310,514,47531,94.903480
21,311,561,47531,117.044923
21,312,607,47531,156.353740
21,313,279,47531,64.677062
21,314,182,47531,42.969921
21,315,1573,47531,485.346828
21,316,843,47531,179.710663
21,317,1096,47531,330.203655
21,318,516,47531,163.925708
21,319,348,47531,80.904626
21,320,1043,47531,716.059546
21,321,119,47531,22.318926
21,322,135,47531,23.220972
21,323,532,47531,106.735306
21,324,828,47531,207.126554
21,325,51,47531,8.990038
21,326,156,47531,29.925313
21,327,3299,47531,734.716337
21,328,18,47531,3.617700
21,329,2496,47531,579.342348
21,330,498,47531,85.535766
21,331,515,47531,93.196606
21,332,176,47531,35.629018
21,333,19,47531,3.264422
21,334,1414,47531,319.714302
21,335,804,47531,228.983926
21,336,313,47531,77.231217
21,337,169,47531,36.589075
21,338,1068,47531,247.176990
21,339,96,47531,16.398056
21,340,13,47531,2.200729
21,341,1041,47531,233.727585
21,342,118,47531,20.203939
21,343,2725,47531,919.566000
21,344,28,47531,10.119357
21,345,26,47531,4.158276
21,346,415,47531,83.759022
21,347,421,47531,104.373591
21,348,141,47531,39.352683
21,349,633,47531,154.499422
21,350,465,47531,161.088095
21,351,339,47531,67.642802
21,352,216,47531,45.235500
21,353,1003,47531,256.828443
21,354,74,47531,18.919185
21,355,745,47531,180.451027
21,356,448,47531,108.664817
21,357,848,47531,206.879859
21,358,534,47531,129.118784
21,359,920,47531,220.486395
21,360,20,47531,3.812899
21,361,220,47531,42.413918
21,362,1681,47531,414.344877
21,363,1544,47531,419.213285
21,364,704,47531,193.048705
21,365,343,47531,99.950218
21,366,5316,47531,1547.576751
21,367,8685,47531,2135.024922
21,368,2962,47531,653.429880
21,369,157,47531,32.013528
21,370,73,47531,20.245928
21,371,796,47531,197.771347
21,372,112,47531,33.607902
21,373,897,47531,196.186359
21,374,69,47531,13.588361
21,375,1595,47531,355.290896
21,376,538,47531,132.107416
21,377,268,47531,43.521674
21,378,39,47531,7.364003
21,379,781,47531,183.408433
21,380,3039,47531,570.579338
21,381,439,47531,154.371555
21,382,631,47531,152.552384
21,383,1747,47531,435.683161
22,0,577,47531,145.184357
22,1,307,47531,74.490056
22,2,174,47531,35.753907
22,3,81,47531,14.999146
22,4,422,47531,78.561362
22,5,20,47531,3.805820
22,6,2037,47531,432.031232
22,7,97,47531,25.216676
22,8,287,47531,75.113366
22,9,345,47531,99.473706
22,10,359,47531,58.240300
22,11,21,47531,3.323900
22,12,1969,47531,449.367986
22,13,766,47531,189.097526
22,14,99,47531,31.206158
22,15,162,47531,42.000237
22,16,306,47531,50.522155
22,17,96,47531,16.749766
22,18,332,47531,86.446257
22,19,997,47531,296.720656
22,20,1026,47531,260.991650
22,21,116,47531,20.986029
22,22,405,47531,65.662829
22,23,999,47531,260.539428
22,24,100,47531,22.083659
22,25,5,47531,1.009014
22,26,84,47531,15.104111
22,27,269,47531,44.844295
22,28,1570,47531,358.520566
22,29,169,47531,25.976610
22,30,301,47531,63.675766
22,31,31,47531,6.990494
22,32,726,47531,172.760372
22,33,23,47531,4.121566
22,34,784,47531,178.967146
22,35,131,47531,22.868591
22,36,1272,47531,310.511824
22,37,4,47531,0.822721
22,38,293,47531,79.351650
22,39,313,47531,64.641019
22,40,113,47531,19.473508
22,41,47,47531,7.274250
22,42,472,47531,62.596760
22,43,261,47531,77.867827
22,44,1322,47531,319.184453
22,45,97,47531,20.574508
22,46,117,47531,30.933552
22,47,224,47531,81.727667
22,48,2419,47531,589.975834
22,49,362,47531,77.218382
22,50,191,47531,45.328501
22,51,53,47531,13.529714
22,52,2658,47531,709.019512
22,53,1468,47531,418.430836
22,54,406,47531,101.293281
22,55,812,47531,191.267933
22,56,82,47531,27.128078
22,57,171,47531,32.173898
22,58,406,47531,120.630891
22,59,107,47531,14.444094
22,60,574,47531,155.404904
22,61,499,47531,115.349656
22,62,400,47531,76.499998
22,63,862,47531,190.839159
22,64,607,47531,151.601637
22,65,3878,47531,916.479350
22,66,30,47531,5.249678
22,67,531,47531,125.377101
22,68,292,47531,60.956133
22,69,926,47531,175.467007
22,70,198,47531,43.290397
22,71,0,47531,0.000000
22,72,581,47531,122.113538
22,73,174,47531,47.051885
22,74,1211,47531,304.626810
22,75,53,47531,9.387448
22,76,14,47531,2.610623
22,77,400,47531,89.300517
22,78,1293,47531,295.642404
22,79,432,47531,109.267134
22,80,275,47531,81.473838
22,81,880,47531,181.350787
22,82,284,47531,57.955171
22,83,387,47531,100.822397
22,84,877,47531,248.195484
22,85,725,47531,183.866053
22,86,312,47531,74.175226
22,87,1025,47531,258.339490
22,88,16,47531,3.266484
22,89,19,47531,5.471932
22,90,335,47531,77.602997
22,91,244,47531,53.618746
22,92,32,47531,4.019991
22,93,356,47531,62.949031
22,94,4,47531,0.619856
22,95,202,47531,48.921794
22,96,655,47531,183.551097
22,97,412,47531,101.313678
22,98,156,47531,35.639603
22,99,551,47531,114.861722
22,100,440,47531,83.060031
22,101,130,47531,23.427190
22,102,17,47531,2.160582
22,103,9,47531,1.986671
22,104,499,47531,145.213070
22,105,201,47531,45.185455
22,106,8,47531,1.475046
22,107,3299,47531,914.795057
22,108,93,47531,21.644048
22,109,444,47531,99.728019
22,110,272,47531,68.531995
22,111,471,47531,117.964446
22,112,964,47531,213.879341
22,113,296,47531,55.103389
22,114,991,47531,186.573047
22,115,419,47531,108.257139
22,116,119,47531,18.479968
22,117,883,47531,184.301102
22,118,1956,47531,524.016485
22,119,69,47531,14.433342
22,120,2043,47531,447.694302
22,121,6616,47531,1920.209710
22,122,3,47531,0.458302
22,123,677,47531,169.409055
22,124,32,47531,4.008193
22,125,992,47531,289.750122
22,126,874,47531,208.659823
22,127,593,47531,137.745886
22,128,190,47531,65.197438
22,129,53,47531,18.192797
22,130,315,47531,84.396863
22,131,1986,47531,325.877171
22,132,83,47531,16.067550
22,133,1278,47531,236.529972
22,134,19,47531,4.737254
22,135,26,47531,4.617835
22,136,414,47531,97.768098
22,137,131,47531,23.812077
22,138,278,47531,62.126741
22,139,897,47531,154.693281
22,140,1285,47531,240.300833
22,141,1422,47531,281.389820
22,142,278,47531,45.244004
22,143,4,47531,0.588455
22,144,475,47531,75.355066
22,145,418,47531,96.462968
22,146,362,47531,98.254094
22,147,303,47531,56.204590
22,148,374,47531,95.042514
22,149,722,47531,171.135763
22,150,2412,47531,553.406765
22,151,792,47531,130.787958
22,152,250,47531,62.688411
22,153,39,47531,8.033088
22,154,1611,47531,246.112624
22,155,1210,47531,265.611797
22,156,1021,47531,255.141134
22,157,1454,47531,268.386864
22,158,3460,47531,787.249914
22,159,666,47531,136.721090
22,160,862,47531,202.847250
22,161,41,47531,8.030914
22,162,159,47531,42.751661
22,163,769,47531,199.551472
22,164,33,47531,3.468959
22,165,0,47531,0.000000
22,166,135,47531,29.206726
22,167,649,47531,153.816445
22,168,148,47531,37.227466
22,169,420,47531,104.675807
22,170,44,47531,10.122953
22,171,813,47531,184.078552
22,172,667,47531,163.851881
22,173,623,47531,157.434957
22,174,397,47531,73.048389
22,175,94,47531,23.595434
22,176,617,47531,158.939650
22,177,534,47531,163.520401
22,178,186,47531,29.990671
22,179,560,47531,110.145937
22,180,636,47531,166.020216
22,181,853,47531,217.960888
22,182,397,47531,85.267012
22,183,49,47531,9.443733
22,184,10989,47531,3439.770336
22,185,525,47531,79.245040
22,186,27,47531,4.359925
22,187,129,47531,33.202554
22,188,55,47531,10.909924
22,189,198,47531,35.368272
22,190,24,47531,5.373692
22,191,15,47531,2.510637
22,192,844,47531,221.089906
22,193,239,47531,43.570490
22,194,60,47531,9.802360
22,195,549,47531,112.875821
22,196,19,47531,3.812231
22,197,57,47531,11.000921
22,198,359,47531,80.457327
22,199,749,47531,182.329558
22,200,1133,47531,250.020620
22,201,439,47531,104.433473
22,202,5,47531,0.983984
22,203,1579,47531,361.271416
22,204,414,47531,97.322820
22,205,482,47531,102.823554
22,206,421,47531,110.112379
22,207,1271,47531,349.828826
22,208,1270,47531,284.626747
22,209,1259,47531,315.252510
22,210,1736,47531,424.751364
22,211,6,47531,1.012787
22,212,143,47531,34.621802
22,213,811,47531,149.725013
22,214,319,47531,61.344102
22,215,172,47531,28.321708
22,216,1338,47531,378.120140
22,217,326,47531,71.889256
22,218,730,47531,165.655217
22,219,2395,47531,497.450432
22,220,470,47531,104.018485
22,221,210,47531,45.066242
22,222,0,47531,0.000000
22,223,175,47531,38.964421
22,224,194,47531,27.889329
22,225,817,47531,199.117182
22,226,557,47531,153.072239
22,227,146,47531,25.265947
22,228,3306,47531,844.813621
22,229,101,47531,15.555970
22,230,851,47531,191.674348
22,231,1250,47531,297.988990
22,232,173,47531,30.219547
22,233,962,47531,256.933187
22,234,1178,47531,235.996184
22,235,1079,47531,264.449500
22,236,489,47531,134.326037
22,237,53,47531,7.512466
22,238,2074,47531,389.299576
22,239,982,47531,221.441629
22,240,120,47531,24.391505
22,241,632,47531,159.130450
22,242,299,47531,80.194234
22,243,17,47531,2.736950
22,244,1774,47531,411.662001
22,245,196,47531,25.038369
22,246,75,47531,11.493336
22,247,225,47531,60.339915
22,248,158,47531,28.050271
22,249,456,47531,123.007306
22,250,254,47531,75.246884
22,251,205,47531,63.746740
22,252,2,47531,0.276512
22,253,387,47531,115.323635
22,254,183,47531,41.100322
22,255,31,47531,5.596686
22,256,296,47531,67.125566
22,257,32,47531,6.642775
22,258,2724,47531,738.813829
22,259,3027,47531,765.999590
22,260,123,47531,21.311320
22,261,283,47531,49.384908
22,262,68,47531,16.038624
22,263,517,47531,95.102616
22,264,440,47531,90.488368
22,265,91,47531,20.561086
22,266,349,47531,91.911227
22,267,1176,47531,249.010601
22,268,43,47531,6.152975
22,269,676,47531,173.513887
22,270,40,47531,7.318006
22,271,461,47531,81.590836
22,272,730,47531,167.296392
22,273,158,47531,42.150870
22,274,533,47531,119.834329
22,275,119,47531,23.774545
22,276,73,47531,13.193001
22,277,16745,47531,6721.247932
22,278,513,47531,105.492571
22,279,260,47531,70.047191
22,280,261,47531,75.958088
22,281,378,47531,80.893107
22,282,168,47531,27.384338
22,283,364,47531,82.852837
22,284,184,47531,37.780236
22,285,271,47531,54.886165
22,286,540,47531,124.529303
22,287,373,47531,71.994561
22,288,9287,47531,2635.346493
22,289,678,47531,97.845215
22,290,217,47531,50.266342
22,291,75,47531,10.047648
22,292,413,47531,95.633421
22,293,567,47531,125.142349
22,294,645,47531,141.345508
22,295,402,47531,98.280155
22,296,679,47531,86.565138
22,297,441,47531,105.432980
22,298,54,47531,8.531212
22,299,279,47531,63.498297
22,300,589,47531,167.573441
22,301,1084,47531,187.500860
22,302,1017,47531,309.314689
22,303,96,47531,20.244782
22,304,120,47531,24.448969
22,305,315,47531,87.904237
22,306,213,47531,35.066461
22,307,439,47531,104.681721
22,308,164,47531,24.226897
22,309,58,47531,10.449603
22,310,0,47531,0.000000
22,311,50,47531,10.672621
22,312,36,47531,6.119660
22,313,3543,47531,743.265013
22,314,3533,47531,904.123685
22,315,39,47531,8.696763
22,316,114,47531,19.752524
22,317,1270,47531,326.238519
22,318,1355,47531,348.543411
22,319,704,47531,191.370050
22,320,679,47531,137.898837
22,321,1825,47531,378.667220
22,322,76,47531,15.650593
22,323,515,47531,123.137273
22,324,48,47531,7.770080
22,325,469,47531,94.228809
22,326,408,47531,78.410474
22,327,334,47531,76.778056
22,328,136,47531,17.921181
22,329,310,47531,71.359872
22,330,3951,47531,841.066943
22,331,790,47531,181.135082
22,332,9,47531,1.680824
22,333,1445,47531,362.784960
22,334,300,47531,85.421290
22,335,3644,47531,989.656254
22,336,2621,47531,777.575916
22,337,352,47531,66.569221
22,338,1410,47531,359.781513
22,339,111,47531,15.388775
22,340,593,47531,138.563114
22,341,295,47531,68.656997
22,342,1431,47531,355.654765
22,343,386,47531,86.865020
22,344,677,47531,160.348880
22,345,431,47531,68.742840
22,346,76,47531,13.409923
22,347,323,47531,61.179336
22,348,604,47531,140.418060
22,349,587,47531,107.582398
22,350,798,47531,192.918231
22,351,2004,47531,378.914007
22,352,276,47531,56.681468
22,353,15,47531,2.373182
22,354,394,47531,107.398974
22,355,1568,47531,372.718224
22,356,385,47531,74.033643
22,357,272,47531,45.035635
22,358,57,47531,9.616392
22,359,42,47531,7.566951
22,360,414,47531,95.221704
22,361,5,47531,0.882007
22,362,1186,47531,359.081039
22,363,3259,47531,632.205908
22,364,620,47531,179.451543
22,365,750,47531,183.678723
22,366,592,47531,132.521983
22,367,1347,47531,424.481938
22,368,261,47531,53.802227
22,369,94,47531,12.910741
22,370,218,47531,33.626119
22,371,1210,47531,274.914757
22,372,937,47531,218.072781
22,373,3088,47531,694.529880
22,374,1486,47531,307.418020
22,375,371,47531,87.159745
22,376,2076,47531,412.908731
22,377,15218,47531,4185.227089
22,378,326,47531,79.411710
22,379,100,47531,16.027377
22,380,279,47531,72.897752
22,381,224,47531,65.032120
22,382,147,47531,24.301171
22,383,782,47531,159.955392
23,0,454,47531,137.906398
23,1,203,47531,36.135153
23,2,28,47531,3.499599
23,3,252,47531,42.467505
23,4,318,47531,59.074527
23,5,839,47531,191.574372
23,6,252,47531,60.613994
23,7,472,47531,93.639709
23,8,44,47531,5.613726
23,9,216,47531,30.664534
23,10,483,47531,116.607323
23,11,478,47531,107.119411
23,12,396,47531,104.480176
23,13,530,47531,146.825696
23,14,371,47531,101.469386
23,15,400,47531,98.298188
23,16,1921,47531,429.727659
23,17,1671,47531,368.418297
23,18,767,47531,210.936310
23,19,445,47531,73.030639
23,20,611,47531,113.598434
23,21,11,47531,1.521828
23,22,232,47531,53.187446
23,23,2278,47531,493.298252
23,24,640,47531,183.174050
23,25,1589,47531,386.692092
23,26,320,47531,58.769252
23,27,560,47531,150.560141
23,28,366,47531,74.784506
23,29,1995,47531,477.295544
23,30,959,47531,227.454991
23,31,3,47531,0.637712
23,32,556,47531,162.207739
23,33,262,47531,41.895541
23,34,636,47531,113.726934
23,35,630,47531,108.733237
23,36,103,47531,21.927046
23,37,66,47531,10.487923
23,38,187,47531,31.976378
23,39,102,47531,20.955398
23,40,244,47531,98.420063
23,41,423,47531,86.251309
23,42,35,47531,7.518262
23,43,655,47531,124.247979
23,44,49,47531,17.279897
23,45,615,47531,154.539211
23,46,1704,47531,334.438911
23,47,507,47531,114.934945
23,48,831,47531,224.334353
23,49,755,47531,214.561915
23,50,2338,47531,397.738841
23,51,81,47531,12.645517
23,52,767,47531,234.535020
23,53,125,47531,20.705925
23,54,1213,47531,275.816132
23,55,1150,47531,305.750289
23,56,1191,47531,355.123690
23,57,487,47531,143.955585
23,58,36,47531,5.686494
23,59,232,47531,50.343579
23,60,875,47531,231.506522
23,61,48,47531,8.726819
23,62,231,47531,63.852828
23,63,293,47531,46.459702
23,64,417,47531,101.845716
23,65,1791,47531,376.610628
23,66,612,47531,166.074184
23,67,1885,47531,523.636253
23,68,933,47531,215.877845
23,69,615,47531,157.880661
23,70,177,47531,37.646653
23,71,35,47531,6.504084
23,72,526,47531,86.861377
23,73,152,47531,24.354478
23,74,40,47531,6.199022
23,75,533,47531,130.823802
23,76,980,47531,252.594987
23,77,665,47531,131.938080
23,78,491,47531,184.420279
23,79,1005,47531,297.249379
23,80,646,47531,130.974028
23,81,4114,47531,1062.047869
23,82,630,47531,161.693797
23,83,6,47531,0.766862
23,84,55,47531,7.691114
23,85,120,47531,20.247198
23,86,429,47531,117.883237
23,87,684,47531,216.891444
23,88,1040,47531,323.314430
23,89,260,47531,60.985154
23,90,835,47531,126.612418
23,91,764,47531,138.998518
23,92,430,47531,90.643324
23,93,1404,47531,338.301667
23,94,462,47531,108.088266
23,95,2579,47531,622.560677
23,96,256,47531,15.424422
23,97,2578,47531,543.594335
23,98,206,47531,41.334308
23,99,38,47531,6.496585
23,100,241,47531,57.995137
23,101,47,47531,7.652746
23,102,124,47531,17.773057
23,103,1124,47531,264.416276
23,104,395,47531,50.745234
23,105,23,47531,3.363244
23,106,679,47531,127.839105
23,107,42,47531,7.335118
23,108,206,47531,32.135848
23,109,607,47531,185.373237
23,110,589,47531,183.597148
23,111,1032,47531,234.295134
23,112,226,47531,58.749945
23,113,640,47531,179.577847
23,114,25,47531,3.437927
23,115,625,47531,171.828953
23,116,1105,47531,271.042438
23,117,191,47531,18.786068
23,118,503,47531,133.795779
23,119,1103,47531,323.344722
23,120,557,47531,94.544273
23,121,487,47531,144.147341
23,122,290,47531,50.093944
23,123,691,47531,152.150176
23,124,153,47531,26.219897
23,125,335,47531,75.889054
23,126,386,47531,88.238110
23,127,1270,47531,295.391383
23,128,476,47531,91.543360
23,129,553,47531,139.808043
23,130,527,47531,115.844233
23,131,1284,47531,339.964641
23,132,908,47531,271.483260
23,133,437,47531,112.526023
23,134,593,47531,141.055736
23,135,396,47531,109.994120
23,136,110,47531,27.600769
23,137,401,47531,72.153805
23,138,2,47531,0.331276
23,139,521,47531,149.493673
23,140,1530,47531,613.249315
23,141,109,47531,11.584820
23,142,550,47531,92.162234
23,143,918,47531,229.118184
23,144,398,47531,97.263844
23,145,84,47531,13.388191
23,146,887,47531,257.637163
23,147,3075,47531,552.068425
23,148,357,47531,114.371938
23,149,854,47531,237.545244
23,150,1117,47531,258.294128
23,151,498,47531,138.839145
23,152,3728,47531,1101.910829
23,153,450,47531,109.748969
23,154,631,47531,164.214134
23,155,2394,47531,661.977163
23,156,563,47531,160.443501
23,157,898,47531,253.009456
23,158,235,47531,56.315660
23,159,1184,47531,302.317000
23,160,4759,47531,1091.454123
23,161,373,47531,76.653935
23,162,1132,47531,272.233677
23,163,1515,47531,330.965693
23,164,559,47531,138.318499
23,165,2288,47531,521.884791
23,166,315,47531,80.100417
23,167,1295,47531,365.459073
23,168,130,47531,22.265833
23,169,280,47531,45.764343
23,170,2109,47531,523.381425
23,171,16176,47531,6025.511215
23,172,654,47531,209.685435
23,173,783,47531,197.709837
23,174,169,47531,25.819117
23,175,450,47531,102.954336
23,176,229,47531,43.846375
23,177,10739,47531,1705.056238
23,178,324,47531,130.286676
23,179,1695,47531,393.317986
23,180,631,47531,118.601133
23,181,441,47531,137.939151
23,182,213,47531,32.423525
23,183,209,47531,69.387198
23,184,382,47531,91.149741
23,185,35,47531,5.649540
23,186,179,47531,52.013777
23,187,298,47531,75.504533
23,188,5378,47531,1432.765970
23,189,871,47531,159.049579
23,190,2386,47531,600.112781
23,191,709,47531,199.015361
23,192,690,47531,176.827949
23,193,258,47531,70.235359
23,194,13,47531,2.025624
23,195,229,47531,47.593356
23,196,1804,47531,1249.439306
23,197,150,47531,24.103514
23,198,573,47531,144.858135
23,199,357,47531,97.794039
23,200,113,47531,18.910620
23,201,806,47531,161.753106
23,202,296,47531,83.042114
23,203,4,47531,1.220187
23,204,39,47531,6.667031
23,205,2916,47531,657.141674
23,206,123,47531,20.640750
23,207,340,47531,91.558140
23,208,284,47531,86.187536
23,209,1556,47531,348.976112
23,210,707,47531,119.071043
23,211,178,47531,29.813504
23,212,316,47531,107.489146
23,213,685,47531,193.009750
23,214,487,47531,117.515216
23,215,66,47531,12.966237
23,216,1106,47531,321.628635
23,217,85,47531,12.174818
23,218,631,47531,167.775805
23,219,1441,47531,303.791889
23,220,358,47531,72.290301
23,221,101,47531,18.293391
23,222,644,47531,187.029189
23,223,250,47531,37.621040
23,224,1442,47531,287.232572
23,225,1888,47531,533.204636
23,226,276,47531,42.608092
23,227,254,47531,54.464560
23,228,238,47531,69.099100
23,229,7,47531,1.069966
23,230,507,47531,125.216022
23,231,576,47531,143.552114
23,232,239,47531,45.073587
23,233,30,47531,4.258021
23,234,40,47531,10.147890
23,235,890,47531,205.446543
23,236,358,47531,101.352794
23,237,328,47531,72.537359
23,238,237,47531,40.178228
23,239,264,47531,63.579098
23,240,11,47531,1.838863
23,241,5,47531,1.287321
23,242,317,47531,69.386024
23,243,1147,47531,247.540948
23,244,1,47531,0.231452
23,245,137,47531,23.484752
23,246,7,47531,1.185585
23,247,723,47531,215.880016
23,248,117,47531,23.423571
23,249,190,47531,37.859789
23,250,584,47531,142.943120
23,251,1141,47531,258.850294
23,252,3,47531,0.593906
23,253,52,47531,13.120367
23,254,198,47531,47.696216
23,255,738,47531,191.110219
23,256,304,47531,62.213055
23,257,369,47531,57.364608
23,258,1338,47531,321.975016
23,259,30,47531,5.286462
23,260,405,47531,87.934930
23,261,86,47531,9.726374
23,262,68,47531,10.582966
23,263,1060,47531,233.996163
23,264,652,47531,172.224018
23,265,183,47531,27.861226
23,266,1489,47531,335.094709
23,267,372,47531,88.081726
23,268,1204,47531,713.978337
23,269,762,47531,183.742943
23,270,185,47531,49.647841
23,271,1408,47531,291.550366
23,272,224,47531,37.391547
23,273,1216,47531,168.787587
23,274,1518,47531,313.075125
23,275,405,47531,60.438359
23,276,487,47531,98.141378
23,277,4040,47531,1133.842742
23,278,53,47531,19.902611
23,279,889,47531,260.140809
23,280,5,47531,0.482164
23,281,667,47531,186.009101
23,282,430,47531,95.132239
23,283,1814,47531,362.304437
23,284,576,47531,174.336136
23,285,534,47531,123.469881
23,286,826,47531,190.255645
23,287,374,47531,122.957844
23,288,20,47531,2.670198
23,289,5,47531,1.152856
23,290,401,47531,119.072959
23,291,948,47531,289.514278
23,292,1013,47531,215.533222
23,293,654,47531,168.829567
23,294,637,47531,193.949851
23,295,47,47531,8.065336
23,296,749,47531,233.133438
23,297,134,47531,27.132454
23,298,591,47531,188.476411
23,299,783,47531,214.546650
23,300,529,47531,148.021709
23,301,475,47531,103.378335
23,302,565,47531,119.200613
23,303,343,47531,83.320834
23,304,396,47531,106.026945
23,305,396,47531,141.971613
23,306,172,47531,50.078767
23,307,249,47531,51.103481
23,308,5,47531,0.754718
23,309,270,47531,50.574021
23,310,53,47531,7.242207
23,311,54,47531,8.729748
23,312,1724,47531,435.602841
23,313,258,47531,108.226810
23,314,477,47531,111.920042
23,315,315,47531,67.784808
23,316,675,47531,203.261856
23,317,1587,47531,363.149355
23,318,273,47531,59.059411
23,319,793,47531,338.941315
23,320,2744,47531,472.368971
23,321,117,47531,26.166826
23,322,766,47531,223.173876
23,323,381,47531,96.039739
23,324,371,47531,82.245442
23,325,219,47531,54.065843
23,326,605,47531,119.634498
23,327,2,47531,0.951665
23,328,20,47531,3.582249
23,329,797,47531,208.543542
23,330,231,47531,50.904803
23,331,1064,47531,286.367282
23,332,448,47531,86.777091
23,333,487,47531,104.562561
23,334,386,47531,81.892617
23,335,309,47531,60.268000
23,336,2415,47531,568.483048
23,337,65,47531,8.974458
23,338,477,47531,148.964982
23,339,686,47531,218.146260
23,340,382,47531,73.227365
23,341,270,47531,52.093368
23,342,390,47531,96.959188
23,343,574,47531,162.050428
23,344,1132,47531,292.461068
23,345,375,47531,73.186735
23,346,321,47531,25.976052
23,347,55,47531,8.479925
23,348,2449,47531,519.762556
23,349,464,47531,124.711640
23,350,230,47531,72.767910
23,351,7,47531,1.074563
23,352,317,47531,67.859455
23,353,113,47531,27.359982
23,354,646,47531,107.069235
23,355,903,47531,199.540002
23,356,2128,47531,405.504333
23,357,1090,47531,290.283412
23,358,3792,47531,829.033203
23,359,3,47531,0.950981
23,360,285,47531,66.975597
23,361,552,47531,132.576401
23,362,432,47531,89.913583
23,363,288,47531,73.864911
23,364,2096,47531,542.062845
23,365,656,47531,169.862676
23,366,3305,47531,617.121580
23,367,598,47531,103.388925
23,368,1197,47531,319.110230
23,369,28,47531,5.095718
23,370,550,47531,148.010294
23,371,177,47531,35.329563
23,372,251,47531,107.016213
23,373,4996,47531,1394.780862
23,374,3726,47531,898.992090
23,375,532,47531,147.917707
23,376,549,47531,143.064393
23,377,471,47531,109.349130
23,378,1357,47531,354.470062
23,379,85,47531,15.420015
23,380,167,47531,34.288556
23,381,235,47531,69.943579
23,382,106,47531,17.660394
23,383,207,47531,35.840590
24,0,1395,47531,376.349016
24,1,260,47531,61.552780
24,2,3393,47531,829.669585
24,3,832,47531,198.323510
24,4,631,47531,150.451925
24,5,643,47531,145.106047
24,6,1242,47531,321.421608
24,7,44,47531,7.854815
24,8,160,47531,29.118856
24,9,432,47531,107.096946
24,10,9260,47531,2085.737266
24,11,522,47531,76.339488
24,12,1034,47531,371.127290
24,13,415,47531,80.808032
24,14,486,47531,117.140116
24,15,378,47531,74.090557
24,16,313,47531,79.152327
24,17,224,47531,55.382115
24,18,79,47531,17.607958
24,19,1453,47531,277.634968
24,20,631,47531,245.523211
24,21,21,47531,3.540906
24,22,1745,47531,398.191687
24,23,360,47531,84.216751
24,24,1036,47531,243.317758
24,25,205,47531,43.993520
24,26,118,47531,19.914441
24,27,319,47531,44.584766
24,28,2481,47531,575.670518
24,29,7,47531,1.556813
24,30,640,47531,166.411141
24,31,102,47531,23.149648
24,32,494,47531,171.580052
24,33,861,47531,225.844980
24,34,203,47531,39.098206
24,35,154,47531,27.479223
24,36,601,47531,144.411194
24,37,248,47531,51.511332
24,38,4934,47531,1208.395186
24,39,889,47531,185.691514
24,40,176,47531,50.237044
24,41,1803,47531,450.254097
24,42,553,47531,149.560301
24,43,475,47531,95.715640
24,44,96,47531,18.376319
24,45,1274,47531,304.359362
24,46,554,47531,169.692284
24,47,4776,47531,1420.927263
24,48,1551,47531,306.649373
24,49,30,47531,5.873428
24,50,353,47531,35.884270
24,51,279,47531,83.121334
24,52,277,47531,53.061599
24,53,847,47531,212.568641
24,54,133,47531,23.880879
24,55,286,47531,73.295796
24,56,18,47531,3.936307
24,57,4096,47531,1024.172845
24,58,221,47531,45.580670
24,59,8,47531,1.215133
24,60,5190,47531,1581.987919
24,61,22,47531,4.460026
24,62,185,47531,46.076724
24,63,1107,47531,252.277375
24,64,451,47531,127.525164
24,65,0,47531,0.000000
24,66,2186,47531,691.042393
24,67,1526,47531,381.431208
24,68,370,47531,83.362232
24,69,34,47531,6.634639
24,70,704,47531,238.544539
24,71,76,47531,14.663943
24,72,1828,47531,377.287789
24,73,3892,47531,925.305270
24,74,140,47531,36.358466
24,75,11,47531,1.838806
24,76,587,47531,142.893717
24,77,86,47531,20.160672
24,78,88,47531,13.820321
24,79,9,47531,1.592190
24,80,125,47531,18.173120
24,81,246,47531,54.067040
24,82,343,47531,73.458900
24,83,1447,47531,374.834899
24,84,2580,47531,673.810958
24,85,59,47531,12.201529
24,86,215,47531,35.707273
24,87,519,47531,123.717833
24,88,469,47531,133.501305
24,89,132,47531,26.228935
24,90,343,47531,81.499109
24,91,681,47531,182.955565
24,92,421,47531,108.478693
24,93,208,47531,42.699131
24,94,268,47531,60.295028
24,95,36,47531,6.964663
24,96,856,47531,179.218029
24,97,984,47531,259.212000
24,98,1602,47531,394.946417
24,99,71,47531,16.509244
24,100,346,47531,65.099700
24,101,402,47531,129.143541
24,102,14,47531,2.450525
24,103,3063,47531,821.573949
24,104,169,47531,29.689436
24,105,722,47531,210.602282
24,106,492,47531,97.348395
24,107,2138,47531,362.980866
24,108,439,47531,115.981121
24,109,853,47531,206.319281
24,110,174,47531,39.056492
24,111,44,47531,8.552476
24,112,615,47531,124.936358
24,113,551,47531,116.891589
24,114,494,47531,129.982335
24,115,399,47531,107.403965
24,116,1842,47531,571.246202
24,117,466,47531,95.570248
24,118,721,47531,220.071042
24,119,189,47531,30.253534
24,120,144,47531,27.217885
24,121,403,47531,87.661802
24,122,338,47531,113.491746
24,123,476,47531,134.629708
24,124,474,47531,102.016408
24,125,80,47531,15.636297
24,126,166,47531,27.422825
24,127,816,47531,101.790484
24,128,25,47531,4.278529
24,129,191,47531,55.336391
24,130,1363,47531,370.699053
24,131,324,47531,65.215451
24,132,600,47531,151.957839
24,133,268,47531,54.594726
24,134,255,47531,50.182784
24,135,551,47531,141.983750
24,136,172,47531,43.391857
24,137,20,47531,3.887609
24,138,588,47531,145.403979
24,139,3677,47531,839.949489
24,140,5327,47531,1405.747660
24,141,640,47531,157.335055
24,142,175,47531,48.944131
24,143,2079,47531,670.098356
24,144,311,47531,70.534682
24,145,566,47531,149.322482
24,146,1530,47531,304.929094
24,147,3688,47531,1002.639711
24,148,200,47531,51.285978
24,149,308,47531,105.548513
24,150,343,47531,77.646602
24,151,55,47531,10.952979
24,152,15,47531,2.476534
24,153,141,47531,28.152842
24,154,548,47531,161.651261
24,155,171,47531,30.188430
24,156,16,47531,2.956417
24,157,586,47531,150.318342
24,158,4455,47531,969.688928
24,159,165,47531,34.735075
24,160,882,47531,277.830054
24,161,996,47531,226.089916
24,162,644,47531,175.528004
24,163,85,47531,17.298152
24,164,1015,47531,278.001588
24,165,1096,47531,257.923774
24,166,1083,47531,294.683499
24,167,929,47531,282.596943
24,168,1386,47531,280.841480
24,169,75,47531,12.523402
24,170,243,47531,61.414737
24,171,2394,47531,538.219215
24,172,118,47531,25.144488
24,173,4303,47531,1030.946361
24,174,106,47531,18.938420
24,175,82,47531,14.916726
24,176,1067,47531,291.810179
24,177,346,47531,65.117138
24,178,1247,47531,301.164142
24,179,8,47531,1.319522
24,180,54,47531,10.117744
24,181,1478,47531,389.859112
24,182,204,47531,42.302869
24,183,1369,47531,439.002223
24,184,257,47531,62.810464
24,185,2118,47531,689.602343
24,186,224,47531,44.607572
24,187,5068,47531,1275.783910
24,188,22,47531,3.919218
24,189,1208,47531,298.195181
24,190,1596,47531,393.443688
24,191,592,47531,147.548266
24,192,62,47531,12.436706
24,193,131,47531,21.859597
24,194,29,47531,4.925598
24,195,178,47531,35.648556
24,196,1310,47531,365.956358
24,197,108,47531,16.738513
24,198,258,47531,47.154883
24,199,419,47531,111.508075
24,200,688,47531,148.372685
24,201,684,47531,165.469936
24,202,990,47531,252.133916
24,203,1277,47531,329.908942
24,204,221,47531,55.380059
24,205,11,47531,1.352531
24,206,48,47531,8.663440
24,207,10,47531,2.130220
24,208,189,47531,37.035513
24,209,105,47531,18.998586
24,210,37,47531,5.508654
24,211,132,47531,28.600233
24,212,2123,47531,559.303547
24,213,892,47531,223.410147
24,214,156,47531,38.122805
24,215,271,47531,70.721255
24,216,667,47531,165.863959
24,217,1,47531,0.173427
24,218,1445,47531,327.398825
24,219,340,47531,59.222111
24,220,19,47531,4.262397
24,221,323,47531,66.176082
24,222,236,47531,54.728026
24,223,4146,47531,1193.753087
24,224,494,47531,113.646554
24,225,3874,47531,784.803781
24,226,41,47531,10.578634
24,227,557,47531,132.721410
24,228,23,47531,3.921927
24,229,161,47531,44.006493
24,230,383,47531,92.160570
24,231,1298,47531,267.676924
24,232,845,47531,175.085547
24,233,543,47531,143.847618
24,234,46,47531,7.675951
24,235,162,47531,38.715182
24,236,259,47531,45.835378
24,237,6494,47531,1247.043021
24,238,3671,47531,1085.788887
24,239,4,47531,0.801279
24,240,77,47531,14.224898
24,241,371,47531,80.344436
24,242,60,47531,10.084379
24,243,97,47531,20.530620
24,244,1674,47531,449.028991
24,245,161,47531,27.675560
24,246,106,47531,20.995361
24,247,613,47531,153.963425
24,248,411,47531,101.405638
24,249,1474,47531,325.303177
24,250,16,47531,3.146151
24,251,86,47531,19.264288
24,252,2332,47531,689.987763
24,253,897,47531,187.205653
24,254,199,47531,83.540908
24,255,103,47531,18.355932
24,256,1078,47531,262.506637
24,257,756,47531,135.890993
24,258,1163,47531,260.731089
24,259,61,47531,11.182995
24,260,68,47531,16.114052
24,261,295,47531,72.983955
24,262,439,47531,104.258504
24,263,152,47531,32.988046
24,264,372,47531,67.649637
24,265,474,47531,105.726131
24,266,715,47531,147.772521
24,267,40,47531,8.721537
24,268,257,47531,46.133899
24,269,27,47531,6.777665
24,270,0,47531,0.000000
24,271,311,47531,61.006869
24,272,746,47531,228.772926
24,273,1762,47531,332.763057
24,274,634,47531,162.522665
24,275,685,47531,165.120398
24,276,211,47531,37.675446
24,277,43,47531,6.939212
24,278,1384,47531,377.359325
24,279,14,47531,2.764861
24,280,315,47531,72.343967
24,281,711,47531,180.980582
24,282,1119,47531,263.818136
24,283,1202,47531,209.429206
24,284,1422,47531,408.636191
24,285,346,47531,103.907997
24,286,153,47531,26.512385
24,287,342,47531,65.190952
24,288,19,47531,5.050822
24,289,199,47531,93.466845
24,290,626,47531,218.370050
24,291,332,47531,79.007758
24,292,155,47531,30.967283
24,293,47,47531,9.720886
24,294,24,47531,5.197504
24,295,155,47531,39.541435
24,296,569,47531,115.615541
24,297,322,47531,73.635814
24,298,27,47531,4.100291
24,299,273,47531,69.970996
24,300,204,47531,41.905597
24,301,33,47531,5.441046
24,302,41,47531,9.440372
24,303,323,47531,65.842990
24,304,815,47531,180.827465
24,305,129,47531,35.869169
24,306,88,47531,13.951036
24,307,138,47531,23.180940
24,308,5396,47531,1497.023476
24,309,53,47531,12.258194
24,310,0,47531,0.000000
24,311,326,47531,62.057750
24,312,3,47531,0.540465
24,313,688,47531,172.147125
24,314,774,47531,187.518399
24,315,347,47531,66.079733
24,316,243,47531,45.863885
24,317,340,47531,89.333254
24,318,278,47531,63.128928
24,319,209,47531,41.931810
24,320,770,47531,173.646998
24,321,413,47531,144.755836
24,322,174,47531,29.362560
24,323,570,47531,138.532993
24,324,632,47531,138.619893
24,325,861,47531,227.635156
24,326,1164,47531,307.936651
24,327,349,47531,87.069499
24,328,187,47531,62.611634
24,329,358,47531,87.094097
24,330,376,47531,77.735177
24,331,439,47531,85.061616
24,332,2338,47531,596.517593
24,333,672,47531,124.008404
24,334,23,47531,3.772061
24,335,166,47531,30.441649
24,336,384,47531,79.814908
24,337,3270,47531,843.900163
24,338,842,47531,175.331399
24,339,813,47531,656.456849
24,340,247,47531,92.238019
24,341,532,47531,126.560429
24,342,620,47531,192.981341
24,343,659,47531,129.462605
24,344,331,47531,88.010165
24,345,1391,47531,286.486961
24,346,5011,47531,1319.582752
24,347,158,47531,34.976407
24,348,1104,47531,276.580473
24,349,252,47531,78.842010
24,350,0,47531,0.000000
24,351,194,47531,43.003794
24,352,9,47531,1.757977
24,353,1218,47531,314.103746
24,354,206,47531,39.260664
24,355,149,47531,27.274153
24,356,253,47531,49.913569
24,357,8,47531,1.788424
24,358,519,47531,144.058251
24,359,388,47531,59.800608
24,360,317,47531,51.192201
24,361,31,47531,5.722626
24,362,778,47531,208.208281
24,363,629,47531,186.611710
24,364,166,47531,41.535269
24,365,1008,47531,214.277985
24,366,247,47531,57.631200
24,367,1135,47531,375.536710
24,368,208,47531,71.403936
24,369,762,47531,162.285727
24,370,59,47531,10.454188
24,371,15,47531,3.822295
24,372,1366,47531,353.502591
24,373,36,47531,6.207281
24,374,17,47531,2.869284
24,375,847,47531,214.396820
24,376,134,47531,28.449758
24,377,621,47531,179.245484
24,378,166,47531,31.877564
24,379,137,47531,24.927248
24,380,5251,47531,1585.663853
24,381,124,47531,26.629983
24,382,82,47531,15.926645
24,383,1663,47531,477.971383
25,0,587,47531,115.561970
25,1,615,47531,136.600107
25,2,27,47531,3.053351
25,3,410,47531,90.562553
25,4,622,47531,112.335800
25,5,5987,47531,1740.585992
25,6,21,47531,3.564001
25,7,3369,47531,756.398327
25,8,76,47531,10.281676
25,9,2,47531,0.333315
25,10,251,47531,50.359404
25,11,989,47531,248.492553
25,12,308,47531,60.282991
25,13,120,47531,20.770622
25,14,54,47531,12.827761
25,15,607,47531,157.251413
25,16,989,47531,175.875346
25,17,209,47531,38.477787
25,18,1315,47531,285.883786
25,19,70,47531,17.832833
25,20,2205,47531,442.760238
25,21,4644,47531,1398.321628
25,22,5,47531,1.285127
25,23,212,47531,38.914301
25,24,90,47531,13.068658
25,25,47,47531,7.617390
25,26,472,47531,102.689823
25,27,5,47531,0.650976
25,28,691,47531,216.451822
25,29,1749,47531,457.555584
25,30,20,47531,2.562989
25,31,203,47531,40.720529
25,32,125,47531,24.053198
25,33,408,47531,98.947923
25,34,296,47531,64.544451
25,35,62,47531,8.882374
25,36,878,47531,231.618607
25,37,1530,47531,355.952117
25,38,736,47531,137.766470
25,39,15,47531,2.535014
25,40,65,47531,8.768076
25,41,189,47531,30.878945
25,42,3418,47531,877.905393
25,43,437,47531,67.435870
25,44,169,47531,29.707930
25,45,309,47531,67.886558
25,46,132,47531,20.643898
25,47,316,47531,75.264614
25,48,69,47531,10.141305
25,49,5,47531,0.630468
25,50,352,47531,78.480166
25,51,54,47531,8.969186
25,52,38,47531,5.488839
25,53,141,47531,22.006186
25,54,230,47531,51.299553
25,55,1386,47531,309.571721
25,56,179,47531,45.006640
25,57,227,47531,42.762884
25,58,1077,47531,223.654901
25,59,410,47531,66.393253
25,60,41,47531,8.269408
25,61,474,47531,104.081243
25,62,1483,47531,413.885521
25,63,780,47531,205.331493
25,64,1884,47531,536.453921
25,65,81,47531,16.810833
25,66,89,47531,14.785070
25,67,1184,47531,224.351489
25,68,58,47531,9.363857
25,69,77,47531,19.743716
25,70,129,47531,31.196880
25,71,18,47531,2.748762
25,72,29,47531,4.918472
25,73,378,47531,73.288700
25,74,359,47531,93.029915
25,75,2420,47531,568.929939
25,76,28,47531,2.994051
25,77,147,47531,31.479412
25,78,3,47531,0.422031
25,79,4,47531,0.218017
25,80,70,47531,13.437544
25,81,46,47531,6.604638
25,82,1081,47531,191.409467
25,83,5770,47531,1624.016653
25,84,15,47531,3.129761
25,85,1,47531,0.453481
25,86,464,47531,90.369711
25,87,24,47531,4.008093
25,88,488,47531,94.588571
25,89,229,47531,51.025195
25,90,487,47531,111.827851
25,91,19,47531,2.995463
25,92,833,47531,288.212586
25,93,706,47531,147.623454
25,94,3398,47531,658.219279
25,95,26,47531,4.293638
25,96,60,47531,10.838153
25,97,388,47531,72.452714
25,98,655,47531,142.698239
25,99,414,47531,100.088854
25,100,43,47531,7.730557
25,101,412,47531,94.557086
25,102,31,47531,3.787576
25,103,2948,47531,549.331106
25,104,58,47531,11.186834
25,105,1141,47531,257.729110
25,106,953,47531,167.823649
25,107,17,47531,3.725562
25,108,113,47531,17.956234
25,109,173,47531,48.411905
25,110,731,47531,154.634724
25,111,4778,47531,1309.413879
25,112,736,47531,149.614079
25,113,565,47531,159.995194
25,114,130,47531,24.336027
25,115,889,47531,146.609301
25,116,23,47531,2.974877
25,117,328,47531,78.785943
25,118,300,47531,50.181842
25,119,1783,47531,469.058447
25,120,1411,47531,290.148146
25,121,1030,47531,286.518912
25,122,4724,47531,724.035247
25,123,417,47531,95.687933
25,124,712,47531,142.722097
25,125,206,47531,50.191805
25,126,181,47531,31.588535
25,127,42,47531,7.208398
25,128,1236,47531,311.799082
25,129,232,47531,53.315090
25,130,2242,47531,447.872844
25,131,70,47531,13.024941
25,132,580,47531,129.614243
25,133,42,47531,6.664685
25,134,874,47531,165.405302
25,135,128,47531,20.691530
25,136,208,47531,42.105345
25,137,111,47531,20.863189
25,138,515,47531,93.544575
25,139,127,47531,22.763645
25,140,753,47531,156.176404
25,141,794,47531,231.834299
25,142,383,47531,78.941359
25,143,410,47531,63.888194
25,144,509,47531,122.475602
25,145,117,47531,20.487787
25,146,32,47531,6.102406
25,147,74,47531,12.729021
25,148,526,47531,118.123575
25,149,100,47531,16.729083
25,150,837,47531,252.350349
25,151,647,47531,115.743530
25,152,104,47531,21.734290
25,153,317,47531,67.246179
25,154,289,47531,72.696399
25,155,36,47531,9.221366
25,156,731,47531,168.279328
25,157,503,47531,101.029903
25,158,503,47531,76.969458
25,159,683,47531,171.077666
25,160,328,47531,58.448968
25,161,417,47531,75.076170
25,162,281,47531,56.932853
25,163,478,47531,77.770022
25,164,4361,47531,1166.037508
25,165,140,47531,24.254208
25,166,53,47531,7.399064
25,167,414,47531,60.501939
25,168,517,47531,110.805225
25,169,668,47531,212.859437
25,170,454,47531,97.944316
25,171,409,47531,148.130095
25,172,6,47531,1.644551
25,173,6,47531,0.985187
25,174,310,47531,50.616675
25,175,102,47531,21.873354
25,176,3955,47531,1241.575365
25,177,1229,47531,288.246508
25,178,1792,47531,428.879440
25,179,247,47531,53.268960
25,180,1273,47531,234.992791
25,181,360,47531,77.192408
25,182,439,47531,77.660491
25,183,87,47531,19.722873
25,184,176,47531,28.449786
25,185,299,47531,65.286858
25,186,191,47531,29.936233
25,187,238,47531,46.249034
25,188,574,47531,138.831168
25,189,75,47531,12.796834
25,190,184,47531,30.297648
25,191,79,47531,16.930110
25,192,402,47531,130.462386
25,193,2039,47531,527.122926
25,194,134,47531,30.241644
25,195,105,47531,17.156101
25,196,254,47531,80.683694
25,197,800,47531,202.717443
25,198,147,47531,22.105219
25,199,228,47531,43.914266
25,200,131,47531,18.701325
25,201,1,47531,0.163059
25,202,121,47531,25.849397
25,203,252,47531,56.408888
25,204,456,47531,60.615493
25,205,72,47531,12.799415
25,206,974,47531,232.757727
25,207,685,47531,211.920112
25,208,3212,47531,843.273353
25,209,361,47531,71.763588
25,210,402,47531,106.485273
25,211,7033,47531,1824.641002
25,212,8,47531,1.663103
25,213,4003,47531,981.834831
25,214,151,47531,31.337675
25,215,744,47531,117.732044
25,216,1147,47531,345.023095
25,217,37,47531,5.255185
25,218,750,47531,150.075886
25,219,369,47531,92.261097
25,220,1921,47531,679.661222
25,221,347,47531,73.562431
25,222,8,47531,1.210196
25,223,753,47531,166.034674
25,224,95,47531,15.271053
25,225,132,47531,33.497603
25,226,120,47531,21.652676
25,227,265,47531,37.220797
25,228,33,47531,5.508101
25,229,14,47531,2.153565
25,230,114,47531,26.210824
25,231,1113,47531,287.288929
25,232,1553,47531,426.380051
25,233,879,47531,213.877408
25,234,927,47531,213.213566
25,235,1287,47531,277.564689
25,236,555,47531,119.012043
25,237,1233,47531,280.901071
25,238,4880,47531,1157.542331
25,239,4161,47531,1001.673180
25,240,17,47531,2.691793
25,241,531,47531,103.760656
25,242,4159,47531,630.283749
25,243,201,47531,49.176039
25,244,2405,47531,819.456620
25,245,24,47531,4.923416
25,246,265,47531,65.050477
25,247,576,47531,86.082709
25,248,340,47531,88.839265
25,249,185,47531,35.338255
25,250,143,47531,22.170042
25,251,3512,47531,619.911413
25,252,68,47531,11.817182
25,253,821,47531,172.337633
25,254,227,47531,48.820340
25,255,2796,47531,674.409966
25,256,183,47531,24.342530
25,257,72,47531,11.555283
25,258,0,47531,0.000000
25,259,22,47531,5.487307
25,260,5367,47531,1098.469177
25,261,235,47531,40.885701
25,262,39,47531,10.410658
25,263,768,47531,182.091183
25,264,201,47531,73.519661
25,265,324,47531,59.102574
25,266,309,47531,84.964784
25,267,34,47531,5.496080
25,268,30,47531,5.680899
25,269,74,47531,13.670365
25,270,63,47531,11.034344
25,271,236,47531,62.052556
25,272,3864,47531,1083.841122
25,273,497,47531,105.965728
25,274,106,47531,16.713928
25,275,111,47531,21.350820
25,276,179,47531,40.707427
25,277,274,47531,73.158797
25,278,99,47531,18.239870
25,279,696,47531,110.167356
25,280,528,47531,141.117350
25,281,265,47531,72.653523
25,282,102,47531,25.526928
25,283,596,47531,175.508764
25,284,11,47531,2.080538
25,285,172,47531,42.677371
25,286,409,47531,72.373905
25,287,220,47531,39.260970
25,288,546,47531,96.393263
25,289,4,47531,0.669742
25,290,1686,47531,375.750515
25,291,268,47531,47.043212
25,292,38,47531,11.052873
25,293,4622,47531,1298.104565
25,294,82,47531,15.005775
25,295,733,47531,150.679034
25,296,41,47531,7.586054
25,297,559,47531,111.999932
25,298,162,47531,45.671573
25,299,444,47531,132.849234
25,300,1244,47531,296.582670
25,301,1050,47531,171.756998
25,302,186,47531,29.651537
25,303,584,47531,105.160968
25,304,203,47531,52.541024
25,305,222,47531,43.042330
25,306,77,47531,15.459739
25,307,308,47531,76.848120
25,308,61,47531,11.586409
25,309,945,47531,232.950612
25,310,316,47531,63.599969
25,311,3531,47531,912.108323
25,312,387,47531,95.591477
25,313,80,47531,18.501019
25,314,6,47531,0.902434
25,315,667,47531,170.104077
25,316,36,47531,6.247006
25,317,397,47531,99.286954
25,318,605,47531,126.255158
25,319,131,47531,31.319789
25,320,254,47531,57.039135
25,321,3530,47531,983.763275
25,322,318,47531,62.995941
25,323,4379,47531,1026.365150
25,324,134,47531,36.732988
25,325,68,47531,12.837294
25,326,494,47531,60.549463
25,327,319,47531,68.009424
25,328,1269,47531,339.163739
25,329,1,47531,0.183984
25,330,1738,47531,381.250644
25,331,853,47531,214.311394
25,332,93,47531,13.520306
25,333,475,47531,130.407068
25,334,181,47531,42.523673
25,335,55,47531,7.753433
25,336,677,47531,157.968119
25,337,2000,47531,561.079296
25,338,9,47531,1.391635
25,339,370,47531,134.557274
25,340,434,47531,106.797742
25,341,96,47531,19.678699
25,342,75,47531,16.541639
25,343,134,47531,42.809435
25,344,940,47531,163.818675
25,345,30,47531,6.441556
25,346,15,47531,1.795326
25,347,1662,47531,457.128687
25,348,2852,47531,792.906449
25,349,1176,47531,284.864328
25,350,363,47531,60.170023
25,351,689,47531,137.368098
25,352,268,47531,48.490766
25,353,196,47531,34.291749
25,354,89,47531,13.680260
25,355,1714,47531,509.212315
25,356,133,47531,17.671336
25,357,166,47531,27.795830
25,358,1366,47531,265.588589
25,359,10778,47531,4073.237632
25,360,851,47531,211.696796
25,361,1707,47531,400.427497
25,362,12315,47531,5024.273438
25,363,32,47531,5.811109
25,364,1080,47531,276.439780
25,365,1232,47531,222.886763
25,366,145,47531,41.109301
25,367,146,47531,18.457479
25,368,79,47531,11.373180
25,369,206,47531,56.321843
25,370,26,47531,5.199149
25,371,848,47531,181.202620
25,372,281,47531,115.381007
25,373,774,47531,168.644981
25,374,341,47531,82.936724
25,375,235,47531,35.012296
25,376,11,47531,1.423734
25,377,10,47531,1.242759
25,378,136,47531,34.285861
25,379,2,47531,0.466928
25,380,242,47531,44.968448
25,381,1160,47531,439.493230
25,382,33,47531,3.847737
25,383,122,47531,22.259136
26,0,355,47531,57.118964
26,1,328,47531,79.139035
26,2,296,47531,70.661415
26,3,97,47531,16.366531
26,4,492,47531,101.229844
26,5,49,47531,7.524679
26,6,87,47531,19.210490
26,7,31,47531,7.429047
26,8,167,47531,24.650637
26,9,2508,47531,641.263297
26,10,147,47531,31.426316
26,11,364,47531,61.299396
26,12,606,47531,118.952240
26,13,121,47531,21.450911
26,14,631,47531,102.459708
26,15,1001,47531,235.480417
26,16,366,47531,83.830866
26,17,6257,47531,1371.665823
26,18,192,47531,38.065535
26,19,2018,47531,715.422289
26,20,544,47531,94.906967
26,21,59,47531,14.375158
26,22,120,47531,23.537057
26,23,2,47531,0.361375
26,24,115,47531,24.499992
26,25,38,47531,4.977996
26,26,276,47531,49.018462
26,27,4021,47531,1181.871338
26,28,419,47531,126.432255
26,29,588,47531,143.979484
26,30,942,47531,235.860253
26,31,9,47531,3.092523
26,32,865,47531,231.529096
26,33,42,47531,5.567847
26,34,175,47531,32.364855
26,35,2,47531,0.613998
26,36,3400,47531,837.587782
26,37,4424,47531,1104.058158
26,38,60,47531,9.635264
26,39,1321,47531,314.977551
26,40,480,47531,88.695936
26,41,543,47531,96.401697
26,42,261,47531,57.094528
26,43,36,47531,5.991096
26,44,2869,47531,592.430481
26,45,1472,47531,234.917601
26,46,161,47531,26.019218
26,47,125,47531,29.366947
26,48,546,47531,111.173685
26,49,325,47531,65.293583
26,50,30,47531,5.358031
26,51,1970,47531,589.381590
26,52,13,47531,2.892776
26,53,10,47531,2.203939
26,54,778,47531,152.247313
26,55,122,47531,25.469249
26,56,71,47531,20.492060
26,57,1001,47531,308.067068
26,58,93,47531,22.095025
26,59,139,47531,32.355531
26,60,334,47531,66.408279
26,61,102,47531,15.814302
26,62,154,47531,28.431786
26,63,927,47531,214.213047
26,64,1583,47531,452.836442
26,65,177,47531,37.809421
26,66,194,47531,46.887614
26,67,115,47531,33.719957
26,68,38,47531,5.509121
26,69,415,47531,76.885363
26,70,753,47531,197.162833
26,71,138,47531,29.752015
26,72,39,47531,6.469519
26,73,146,47531,52.944789
26,74,252,47531,56.566084
26,75,316,47531,69.758106
26,76,761,47531,202.454291
26,77,52,47531,9.356047
26,78,517,47531,150.249486
26,79,340,47531,65.993208
26,80,402,47531,101.719541
26,81,296,47531,46.727649
26,82,1738,47531,400.413863
26,83,709,47531,146.851055
26,84,93,47531,17.992412
26,85,547,47531,133.911017
26,86,443,47531,87.204517
26,87,836,47531,151.319277
26,88,333,47531,75.101496
26,89,576,47531,142.889269
26,90,117,47531,21.076778
26,91,129,47531,26.122750
26,92,741,47531,211.571707
26,93,3058,47531,524.791491
26,94,102,47531,15.830152
26,95,377,47531,80.868770
26,96,39,47531,6.900062
26,97,709,47531,175.987352
26,98,22,47531,3.155848
26,99,32,47531,6.053925
26,100,186,47531,30.597276
26,101,1801,47531,433.025755
26,102,1362,47531,446.545440
26,103,278,47531,66.872231
26,104,96,47531,15.837361
26,105,891,47531,242.859151
26,106,550,47531,131.630727
26,107,207,47531,31.845520
26,108,162,47531,42.785296
26,109,232,47531,50.744040
26,110,597,47531,89.182407
26,111,55,47531,12.994871
26,112,228,47531,57.047066
26,113,56,47531,7.632487
26,114,375,47531,106.253308
26,115,114,47531,14.827353
26,116,12826,47531,3776.180829
26,117,12,47531,2.489498
26,118,639,47531,125.031516
26,119,214,47531,41.817540
26,120,1363,47531,344.905105
26,121,777,47531,168.914761
26,122,204,47531,36.514157
26,123,1246,47531,284.772002
26,124,1831,47531,459.656573
26,125,664,47531,148.363511
26,126,1550,47531,346.820430
26,127,4933,47531,1394.096166
26,128,419,47531,78.408152
26,129,104,47531,20.276961
26,130,13,47531,2.053331
26,131,65,47531,13.411095
26,132,3519,47531,1030.092003
26,133,397,47531,81.129957
26,134,1409,47531,323.207997
26,135,249,47531,45.129229
26,136,903,47531,226.423194
26,137,321,47531,50.623407
26,138,740,47531,184.930485
26,139,664,47531,132.118222
26,140,422,47531,139.930320
26,141,7,47531,1.118795
26,142,379,47531,72.726447
26,143,4,47531,0.655804
26,144,3047,47531,1001.848848
26,145,36,47531,5.771903
26,146,160,47531,34.523812
26,147,4945,47531,1451.394204
26,148,291,47531,47.705799
26,149,181,47531,30.297383
26,150,54,47531,11.584665
26,151,323,47531,70.585450
26,152,465,47531,102.845163
26,153,364,47531,66.417371
26,154,60,47531,11.488874
26,155,263,47531,67.552434
26,156,326,47531,73.968220
26,157,448,47531,67.486516
26,158,228,47531,72.189236
26,159,860,47531,213.467048
26,160,733,47531,150.540919
26,161,13,47531,2.917410
26,162,321,47531,70.311309
26,163,430,47531,90.783662
26,164,274,47531,59.278149
26,165,289,47531,69.262149
26,166,238,47531,47.188846
26,167,1184,47531,221.075525
26,168,555,47531,143.792224
26,169,1041,47531,309.867886
26,170,1742,47531,843.212163
26,171,450,47531,130.371154
26,172,165,47531,42.908898
26,173,1402,47531,331.596503
26,174,3142,47531,879.028999
26,175,79,47531,23.528796
26,176,483,47531,88.264157
26,177,575,47531,169.298933
26,178,171,47531,35.369428
26,179,552,47531,105.086838
26,180,121,47531,30.522787
26,181,367,47531,57.600981
26,182,109,47531,16.161998
26,183,2112,47531,510.376380
26,184,1020,47531,209.828394
26,185,1119,47531,312.003203
26,186,1349,47531,279.218085
26,187,336,47531,66.205516
26,188,2158,47531,496.885013
26,189,78,47531,13.435067
26,190,179,47531,34.027372
26,191,1048,47531,232.166688
26,192,391,47531,76.808949
26,193,41,47531,8.724332
26,194,387,47531,89.362961
26,195,832,47531,221.583807
26,196,17,47531,4.149341
26,197,38,47531,5.800173
26,198,1522,47531,305.833688
26,199,248,47531,39.830067
26,200,1366,47531,313.067525
26,201,2567,47531,594.144332
26,202,265,47531,65.383065
26,203,30,47531,3.728245
26,204,319,47531,76.458671
26,205,88,47531,13.942620
26,206,1064,47531,335.443633
26,207,774,47531,207.160941
26,208,731,47531,171.945198
26,209,794,47531,205.901271
26,210,185,47531,42.283704
26,211,1229,47531,217.044613
26,212,100,47531,14.003242
26,213,674,47531,152.541299
26,214,513,47531,125.468924
26,215,2618,47531,765.655687
26,216,136,47531,36.890750
26,217,5286,47531,1390.920555
26,218,71,47531,15.276049
26,219,3,47531,0.794773
26,220,275,47531,56.591936
26,221,36,47531,5.712679
26,222,417,47531,98.857316
26,223,309,47531,74.762251
26,224,824,47531,188.781935
26,225,603,47531,158.262373
26,226,34,47531,4.231261
26,227,326,47531,62.661912
26,228,5660,47531,1512.420350
26,229,5,47531,1.522246
26,230,98,47531,16.086650
26,231,3122,47531,823.418543
26,232,31,47531,7.123997
26,233,907,47531,231.068454
26,234,202,47531,45.940431
26,235,1597,47531,341.055271
26,236,225,47531,35.510301
26,237,730,47531,208.310949
26,238,1,47531,0.122280
26,239,1189,47531,233.875275
26,240,564,47531,150.221220
26,241,883,47531,176.578487
26,242,544,47531,105.464861
26,243,1,47531,0.473031
26,244,451,47531,114.476635
26,245,1064,47531,256.721422
26,246,84,47531,17.274274
26,247,86,47531,13.234629
26,248,942,47531,227.639231
26,249,662,47531,161.058801
26,250,531,47531,125.220200
26,251,552,47531,133.457758
26,252,188,47531,40.974788
26,253,202,47531,52.738083
26,254,297,47531,51.598398
26,255,51,47531,9.474309
26,256,1613,47531,441.595076
26,257,1241,47531,560.419962
26,258,104,47531,18.156345
26,259,805,47531,187.793850
26,260,157,47531,28.702478
26,261,32,47531,5.868854
26,262,60,47531,9.082366
26,263,1011,47531,199.320108
26,264,29,47531,5.186561
26,265,7087,47531,1934.585726
26,266,375,47531,73.742251
26,267,1788,47531,571.736143
26,268,1136,47531,249.507046
26,269,403,47531,76.345422
26,270,401,47531,76.029220
26,271,0,47531,0.000000
26,272,706,47531,161.003893
26,273,757,47531,218.530258
26,274,53,47531,13.820041
26,275,11,47531,2.399435
26,276,4752,47531,1679.496078
26,277,802,47531,94.025002
26,278,4,47531,0.913525
26,279,1792,47531,476.001886
26,280,1177,47531,298.459991
26,281,301,47531,76.630296
26,282,176,47531,44.513641
26,283,503,47531,100.885868
26,284,320,47531,64.162349
26,285,222,47531,37.175556
26,286,1987,47531,451.368284
26,287,589,47531,168.388833
26,288,140,47531,35.217908
26,289,345,47531,77.892253
26,290,479,47531,100.209153
26,291,451,47531,89.527473
26,292,416,47531,92.376589
26,293,347,47531,69.460328
26,294,5,47531,0.905353
26,295,148,47531,30.963584
26,296,638,47531,138.382113
26,297,1073,47531,194.180609
26,298,330,47531,74.650075
26,299,193,47531,35.905837
26,300,42,47531,7.126597
26,301,21,47531,3.434945
26,302,588,47531,148.749898
26,303,1325,47531,303.429946
26,304,244,47531,40.986484
26,305,766,47531,207.027465
26,306,110,47531,23.697086
26,307,1314,47531,328.371857
26,308,810,47531,152.861916
26,309,3185,47531,755.312025
26,310,163,47531,36.207824
26,311,352,47531,78.289319
26,312,32,47531,6.672408
26,313,11,47531,1.735762
26,314,62,47531,11.519643
26,315,2650,47531,758.830313
26,316,206,47531,40.031468
26,317,430,47531,69.824807
26,318,387,47531,110.464584
26,319,312,47531,40.015849
26,320,173,47531,31.694558
26,321,622,47531,186.792553
26,322,232,47531,44.575235
26,323,149,47531,34.361361
26,324,66,47531,9.301295
26,325,455,47531,107.279137
26,326,12,47531,2.321916
26,327,239,47531,37.447407
26,328,261,47531,58.923240
26,329,56,47531,11.846378
26,330,193,47531,31.467321
26,331,576,47531,150.141387
26,332,79,47531,13.313163
26,333,1385,47531,251.196886
26,334,466,47531,118.128255
26,335,52,47531,9.396587
26,336,681,47531,178.833399
26,337,118,47531,31.935398
26,338,4818,47531,1283.622796
26,339,92,47531,22.061599
26,340,5138,47531,1506.367537
26,341,5018,47531,1080.217505
26,342,45,47531,6.432004
26,343,3672,47531,879.558131
26,344,352,47531,117.042464
26,345,1251,47531,258.421265
26,346,46,47531,8.960423
26,347,1557,47531,497.402080
26,348,835,47531,345.378855
26,349,278,47531,28.272488
26,350,316,47531,60.501113
26,351,299,47531,77.783897
26,352,456,47531,106.896761
26,353,371,47531,65.074961
26,354,450,47531,94.424170
26,355,1366,47531,318.690108
26,356,194,47531,49.749358
26,357,1632,47531,365.388322
26,358,984,47531,221.307192
26,359,660,47531,155.344923
26,360,63,47531,8.714447
26,361,863,47531,106.328723
26,362,342,47531,123.175568
26,363,2121,47531,611.372771
26,364,241,47531,58.932450
26,365,304,47531,78.217029
26,366,11,47531,1.485235
26,367,466,47531,127.775851
26,368,596,47531,126.458214
26,369,1526,47531,368.593492
26,370,733,47531,164.772088
26,371,208,47531,41.978549
26,372,1017,47531,264.106052
26,373,253,47531,52.376789
26,374,1648,47531,390.195349
26,375,190,47531,30.856734
26,376,317,47531,55.658985
26,377,145,47531,44.693643
26,378,108,47531,31.227561
26,379,74,47531,13.345916
26,380,787,47531,157.498225
26,381,147,47531,26.758046
26,382,631,47531,151.779354
26,383,617,47531,147.894049
27,0,105,47531,22.157277
27,1,0,47531,0.000000
27,2,808,47531,267.776525
27,3,1220,47531,371.737071
27,4,193,47531,33.208335
27,5,1709,47531,519.516942
27,6,934,47531,256.128371
27,7,147,47531,29.092909
27,8,226,47531,37.758896
27,9,1686,47531,496.602388
27,10,1107,47531,315.251595
27,11,748,47531,195.589152
27,12,617,47531,116.601698
27,13,75,47531,12.765904
27,14,389,47531,62.725222
27,15,265,47531,70.223008
27,16,441,47531,81.834647
27,17,45,47531,9.770954
27,18,671,47531,129.553308
27,19,407,47531,111.827914
27,20,550,47531,104.059204
27,21,9,47531,1.558881
27,22,870,47531,488.718308
27,23,1821,47531,389.035940
27,24,12,47531,1.838503
27,25,2390,47531,569.075421
27,26,428,47531,104.654793
27,27,202,47531,39.653339
27,28,372,47531,102.399918
27,29,387,47531,103.821210
27,30,45,47531,7.143822
27,31,77,47531,13.917332
27,32,964,47531,264.810329
27,33,523,47531,117.313251
27,34,42,47531,6.371556
27,35,91,47531,21.903189
27,36,252,47531,62.404191
27,37,36,47531,6.495966
27,38,2,47531,0.269444
27,39,1781,47531,461.221627
27,40,1411,47531,289.611099
27,41,392,47531,78.146413
27,42,0,47531,0.000000
27,43,290,47531,118.517033
27,44,39,47531,6.725942
27,45,4115,47531,1109.283884
27,46,1144,47531,260.081658
27,47,207,47531,32.383908
27,48,620,47531,176.774506
27,49,2006,47531,434.731201
27,50,72,47531,11.336790
27,51,866,47531,175.321991
27,52,263,47531,48.350860
27,53,3864,47531,1052.078185
27,54,2381,47531,674.167514
27,55,463,47531,91.495603
27,56,180,47531,38.244115
27,57,2745,47531,767.636559
27,58,252,47531,62.432193
27,59,302,47531,78.887764
27,60,53,47531,9.664439
27,61,543,47531,126.604530
27,62,237,47531,45.049684
27,63,2424,47531,636.778081
27,64,1368,47531,336.799726
27,65,666,47531,148.415551
27,66,574,47531,108.540620
27,67,292,47531,76.886824
27,68,554,47531,127.857118
27,69,2485,47531,689.654226
27,70,136,47531,21.831586
27,71,6567,47531,2124.549279
27,72,823,47531,138.117199
27,73,25,47531,3.842753
27,74,136,47531,20.639192
27,75,756,47531,181.212660
27,76,221,47531,35.634352
27,77,2244,47531,533.464952
27,78,154,47531,34.225096
27,79,529,47531,107.438550
27,80,639,47531,165.511876
27,81,224,47531,53.496425
27,82,86,47531,26.198896
27,83,253,47531,44.548832
27,84,4406,47531,1074.659615
27,85,294,47531,60.945900
27,86,2962,47531,806.353659
27,87,1487,47531,311.846665
27,88,2189,47531,470.559015
27,89,1361,47531,358.152973
27,90,436,47531,79.485552
27,91,195,47531,30.453917
27,92,533,47531,114.753696
27,93,567,47531,123.718768
27,94,732,47531,188.770025
27,95,418,47531,63.079009
27,96,606,47531,163.246397
27,97,39,47531,6.889592
27,98,632,47531,160.238659
27,99,63,47531,9.911799
27,100,369,47531,61.414940
27,101,1031,47531,259.311161
27,102,694,47531,198.251647
27,103,1435,47531,355.410924
27,104,251,47531,54.704688
27,105,7694,47531,1977.945547
27,106,187,47531,41.023321
27,107,309,47531,73.222457
27,108,410,47531,109.018075
27,109,445,47531,106.792956
27,110,487,47531,93.708025
27,111,48,47531,12.136045
27,112,200,47531,54.744350
27,113,365,47531,95.714623
27,114,84,47531,13.220232
27,115,894,47531,192.042699
27,116,1250,47531,380.013952
27,117,49,47531,7.687583
27,118,10,47531,1.699701
27,119,50,47531,8.268907
27,120,10,47531,1.578061
27,121,1259,47531,284.449006
27,122,412,47531,101.880119
27,123,30,47531,4.995240
27,124,542,47531,79.087981
27,125,144,47531,25.887924
27,126,522,47531,127.212158
27,127,333,47531,84.260828
27,128,861,47531,166.215795
27,129,178,47531,31.752944
27,130,170,47531,26.246060
27,131,1287,47531,327.088282
27,132,63,47531,12.041461
27,133,198,47531,36.587285
27,134,155,47531,27.456497
27,135,709,47531,152.672841
27,136,1335,47531,311.622060
27,137,234,47531,56.308027
27,138,914,47531,234.983712
27,139,39,47531,10.886399
27,140,355,47531,93.700673
27,141,464,47531,108.320438
27,142,223,47531,52.407380
27,143,5877,47531,1576.366582
27,144,1767,47531,631.478305
27,145,384,47531,132.831435
27,146,452,47531,83.094554
27,147,620,47531,130.514688
27,148,1102,47531,239.532706
27,149,1102,47531,280.971132
27,150,6,47531,0.779250
27,151,188,47531,36.922499
27,152,874,47531,181.157262
27,153,451,47531,113.102021
27,154,1093,47531,280.122383
27,155,786,47531,207.082514
27,156,570,47531,148.868183
27,157,205,47531,38.395003
27,158,439,47531,105.366329
27,159,1515,47531,431.870908
27,160,176,47531,45.134634
27,161,1801,47531,503.059547
27,162,221,47531,91.778152
27,163,1028,47531,301.590001
27,164,1627,47531,325.788882
27,165,585,47531,157.089172
27,166,213,47531,55.938930
27,167,1183,47531,322.057430
27,168,533,47531,87.381983
27,169,239,47531,52.949688
27,170,373,47531,121.821119
27,171,101,47531,27.727536
27,172,69,47531,11.536773
27,173,328,47531,86.583940
27,174,423,47531,56.541660
27,175,1452,47531,417.521624
27,176,352,47531,168.098627
27,177,126,47531,25.110137
27,178,919,47531,199.499015
27,179,395,47531,74.471913
27,180,625,47531,165.877496
27,181,20,47531,5.640423
27,182,523,47531,168.697356
27,183,1209,47531,306.106047
27,184,61,47531,10.612968
27,185,1962,47531,473.471014
27,186,1634,47531,314.433986
27,187,481,47531,130.911252
27,188,207,47531,32.916839
27,189,505,47531,107.697533
27,190,9,47531,1.177916
27,191,241,47531,56.780183
27,192,673,47531,173.558377
27,193,41,47531,10.128227
27,194,493,47531,95.379562
27,195,770,47531,204.705970
27,196,70,47531,15.345078
27,197,510,47531,129.786398
27,198,684,47531,216.757555
27,199,1353,47531,287.219282
27,200,470,47531,137.764279
27,201,160,47531,23.917665
27,202,623,47531,129.696029
27,203,159,47531,30.990336
27,204,74,47531,13.237834
27,205,592,47531,159.073786
27,206,0,47531,0.000000
27,207,296,47531,48.149685
27,208,5065,47531,1311.812061
27,209,704,47531,150.933082
27,210,309,47531,66.797159
27,211,453,47531,88.783229
27,212,132,47531,36.897039
27,213,68,47531,11.091344
27,214,2050,47531,419.439577
27,215,151,47531,40.304797
27,216,261,47531,41.740927
27,217,823,47531,189.729294
27,218,133,47531,27.058104
27,219,96,47531,23.784014
27,220,144,47531,25.286801
27,221,19,47531,3.372963
27,222,207,47531,50.466740
27,223,888,47531,335.862957
27,224,2149,47531,452.949004
27,225,6355,47531,1659.637503
27,226,63,47531,11.652860
27,227,132,47531,30.767532
27,228,1467,47531,371.435125
27,229,81,47531,15.707281
27,230,628,47531,185.549784
27,231,268,47531,97.331787
27,232,94,47531,14.767973
27,233,1057,47531,287.750438
27,234,70,47531,9.398010
27,235,203,47531,42.201886
27,236,152,47531,21.856066
27,237,508,47531,171.414902
27,238,775,47531,264.806993
27,239,30,47531,4.432219
27,240,547,47531,151.533888
27,241,224,47531,60.886326
27,242,504,47531,124.003256
27,243,171,47531,28.364731
27,244,282,47531,44.652172
27,245,593,47531,110.324409
27,246,612,47531,135.170260
27,247,821,47531,231.335899
27,248,446,47531,97.991159
27,249,905,47531,208.026755
27,250,5971,47531,1305.501813
27,251,523,47531,137.122934
27,252,32,47531,3.640228
27,253,1036,47531,238.169615
27,254,989,47531,222.911128
27,255,38,47531,6.769380
27,256,1420,47531,366.263347
27,257,668,47531,125.069723
27,258,134,47531,23.326479
27,259,420,47531,84.813780
27,260,1,47531,0.556376
27,261,737,47531,221.470515
27,262,168,47531,29.130071
27,263,353,47531,62.364578
27,264,890,47531,254.659702
27,265,3117,47531,678.302626
27,266,129,47531,21.514724
27,267,2937,47531,862.427326
27,268,252,47531,43.286740
27,269,98,47531,24.007763
27,270,1001,47531,183.406765
27,271,956,47531,178.464593
27,272,1053,47531,277.498538
27,273,328,47531,57.105512
27,274,1220,47531,248.533469
27,275,37,47531,5.727385
27,276,117,47531,13.577083
27,277,178,47531,39.676471
27,278,478,47531,97.572212
27,279,2135,47531,423.856191
27,280,510,47531,123.105101
27,281,1472,47531,331.597653
27,282,1282,47531,347.777201
27,283,400,47531,71.194750
27,284,320,47531,65.266419
27,285,3039,47531,659.030692
27,286,54,47531,10.142656
27,287,49,47531,7.687532
27,288,15,47531,2.715249
27,289,510,47531,86.407265
27,290,9,47531,1.503567
27,291,808,47531,170.843179
27,292,343,47531,56.403018
27,293,435,47531,110.762701
27,294,356,47531,99.546258
27,295,40,47531,6.762579
27,296,298,47531,57.740352
27,297,1117,47531,219.667241
27,298,71,47531,9.910992
27,299,72,47531,12.514073
27,300,4,47531,0.665468
27,301,720,47531,184.462384
27,302,90,47531,15.105747
27,303,473,47531,91.053394
27,304,992,47531,345.155035
27,305,2144,47531,569.775955
27,306,879,47531,272.297958
27,307,283,47531,69.543398
27,308,1252,47531,232.793093
27,309,53,47531,11.609834
27,310,198,47531,48.321261
27,311,3,47531,0.311308
27,312,417,47531,95.692706
27,313,99,47531,17.458653
27,314,294,47531,65.818415
27,315,927,47531,149.726511
27,316,42,47531,9.641623
27,317,252,47531,45.950916
27,318,78,47531,23.956209
27,319,429,47531,101.108424
27,320,1271,47531,337.429990
27,321,2380,47531,598.178247
27,322,307,47531,77.991667
27,323,1223,47531,246.625181
27,324,993,47531,333.288184
27,325,184,47531,49.119032
27,326,263,47531,45.035050
27,327,514,47531,108.376652
27,328,854,47531,202.447717
27,329,490,47531,120.267011
27,330,27,47531,3.633682
27,331,1804,47531,459.505828
27,332,13,47531,2.014034
27,333,52,47531,8.083204
27,334,324,47531,53.807548
27,335,414,47531,86.870084
27,336,4983,47531,1509.336880
27,337,141,47531,24.419538
27,338,137,47531,30.503853
27,339,161,47531,43.857137
27,340,35,47531,6.420708
27,341,63,47531,11.080090
27,342,328,47531,106.433671
27,343,606,47531,148.960456
27,344,105,47531,17.515968
27,345,36,47531,3.908683
27,346,65,47531,10.990352
27,347,57,47531,10.585244
27,348,88,47531,18.404092
27,349,12,47531,1.496247
27,350,1079,47531,224.159480
27,351,678,47531,180.633223
27,352,72,47531,13.735515
27,353,580,47531,167.324327
27,354,1785,47531,417.367789
27,355,3216,47531,923.700891
27,356,168,47531,43.482379
27,357,51,47531,13.227714
27,358,1374,47531,373.555951
27,359,91,47531,16.714502
27,360,154,47531,22.646505
27,361,109,47531,17.450215
27,362,5839,47531,1550.630952
27,363,6323,47531,1812.100098
27,364,341,47531,75.486702
27,365,1668,47531,407.792822
27,366,318,47531,67.426003
27,367,235,47531,61.286563
27,368,4747,47531,1363.301520
27,369,415,47531,73.336359
27,370,49,47531,11.224110
27,371,1172,47531,233.501974
27,372,3,47531,0.569988
27,373,579,47531,141.799892
27,374,483,47531,87.496417
27,375,692,47531,209.738400
27,376,58,47531,9.624530
27,377,52,47531,13.611269
27,378,312,47531,66.295305
27,379,107,47531,16.674903
27,380,494,47531,100.916578
27,381,189,47531,35.761597
27,382,612,47531,110.310017
27,383,439,47531,74.801796
28,0,363,47531,118.700965
28,1,31,47531,4.143912
28,2,18,47531,4.086460
28,3,411,47531,55.613576
28,4,53,47531,6.944665
28,5,109,47531,15.908640
28,6,51,47531,7.957296
28,7,1030,47531,1003.218809
28,8,539,47531,97.083444
28,9,336,47531,81.700888
28,10,144,47531,20.019506
28,11,6123,47531,1506.891425
28,12,748,47531,158.809483
28,13,112,47531,18.550867
28,14,174,47531,44.933529
28,15,345,47531,53.868877
28,16,336,47531,76.411269
28,17,59,47531,10.480271
28,18,560,47531,111.619357
28,19,217,47531,31.929827
28,20,170,47531,35.112538
28,21,0,47531,0.000000
28,22,506,47531,105.830480
28,23,1029,47531,244.145659
28,24,37,47531,6.499169
28,25,1321,47531,255.113880
28,26,753,47531,172.448410
28,27,851,47531,231.753926
28,28,50,47531,7.508090
28,29,1459,47531,420.669250
28,30,253,47531,53.796948
28,31,220,47531,51.892372
28,32,355,47531,65.081418
28,33,189,47531,51.830586
28,34,317,47531,72.290895
28,35,72,47531,10.736256
28,36,879,47531,227.302041
28,37,25,47531,2.601408
28,38,2593,47531,813.637379
28,39,52,47531,8.866000
28,40,483,47531,91.560182
28,41,651,47531,114.488092
28,42,347,47531,89.372370
28,43,1192,47531,301.277251
28,44,3436,47531,799.824989
28,45,1383,47531,358.665780
28,46,635,47531,136.840269
28,47,2573,47531,678.452391
28,48,987,47531,245.081233
28,49,268,47531,88.562664
28,50,910,47531,244.393895
28,51,470,47531,145.683695
28,52,622,47531,169.337568
28,53,608,47531,143.713310
28,54,187,47531,41.305530
28,55,169,47531,21.255257
28,56,266,47531,41.231054
28,57,777,47531,127.529768
28,58,1775,47531,417.829213
28,59,826,47531,216.120415
28,60,424,47531,141.272749
28,61,509,47531,116.582632
28,62,24,47531,5.147109
28,63,247,47531,59.318746
28,64,2436,47531,580.293532
28,65,704,47531,248.849334
28,66,312,47531,73.878209
28,67,1485,47531,532.732375
28,68,42,47531,5.938212
28,69,175,47531,32.605793
28,70,455,47531,113.907351
28,71,871,47531,214.436028
28,72,131,47531,19.213230
28,73,1098,47531,227.346653
28,74,248,47531,63.944004
28,75,758,47531,183.679833
28,76,273,47531,40.396475
28,77,125,47531,26.264601
28,78,677,47531,107.350375
28,79,75,47531,12.841396
28,80,367,47531,61.922315
28,81,75,47531,15.464996
28,82,261,47531,34.437593
28,83,278,47531,63.398617
28,84,1149,47531,242.728082
28,85,258,47531,32.474146
28,86,709,47531,106.130160
28,87,1324,47531,241.284895
28,88,301,47531,52.923711
28,89,1240,47531,293.239030
28,90,1751,47531,299.723325
28,91,204,47531,52.467147
28,92,1473,47531,300.129467
28,93,13,47531,2.095537
28,94,897,47531,193.465206
28,95,20,47531,2.427056
28,96,80,47531,14.788526
28,97,258,47531,75.622455
28,98,2511,47531,569.216424
28,99,401,47531,124.303431
28,100,278,47531,68.896268
28,101,3331,47531,600.838988
28,102,55,47531,12.688813
28,103,48,47531,11.616298
28,104,231,47531,40.349477
28,105,6885,47531,1929.151854
28,106,6,47531,0.755894
28,107,505,47531,154.429671
28,108,792,47531,138.688608
28,109,1242,47531,302.480671
28,110,632,47531,123.270667
28,111,1693,47531,332.856448
28,112,223,47531,43.012454
28,113,149,47531,24.780984
28,114,3,47531,0.529681
28,115,215,47531,5.234768
28,116,3094,47531,562.489339
28,117,17,47531,2.560392
28,118,1375,47531,262.285063
28,119,531,47531,94.403414
28,120,78,47531,12.233323
28,121,145,47531,32.547468
28,122,216,47531,47.501544
28,123,596,47531,93.194853
28,124,1587,47531,394.656019
28,125,1332,47531,274.539654
28,126,975,47531,296.146444
28,127,661,47531,139.179897
28,128,451,47531,103.299635
28,129,713,47531,190.506424
28,130,548,47531,109.305246
28,131,220,47531,39.649847
28,132,516,47531,85.006647
28,133,33,47531,3.321947
28,134,198,47531,40.924794
28,135,580,47531,132.156801
28,136,51,47531,6.881497
28,137,3523,47531,1047.196406
28,138,853,47531,202.537798
28,139,83,47531,13.834483
28,140,100,47531,17.084901
28,141,2504,47531,609.807336
28,142,58,47531,8.906972
28,143,2162,47531,425.178470
28,144,491,47531,105.683367
28,145,118,47531,26.939064
28,146,200,47531,50.903461
28,147,983,47531,217.433877
28,148,420,47531,87.435225
28,149,29,47531,3.022907
28,150,529,47531,104.193112
28,151,170,47531,48.398824
28,152,4,47531,0.415940
28,153,2183,47531,535.324554
28,154,46,47531,7.401209
28,155,0,47531,0.000000
28,156,150,47531,45.519962
28,157,5319,47531,1197.236583
28,158,542,47531,22.132772
28,159,203,47531,28.252837
28,160,143,47531,31.173101
28,161,140,47531,20.222394
28,162,1490,47531,495.990344
28,163,450,47531,112.428150
28,164,209,47531,46.881198
28,165,1609,47531,244.923071
28,166,227,47531,47.947103
28,167,16,47531,2.975122
28,168,226,47531,83.371141
28,169,572,47531,82.539274
28,170,725,47531,52.266079
28,171,323,47531,53.029065
28,172,590,47531,129.638760
28,173,119,47531,17.542831
28,174,86,47531,10.897322
28,175,5580,47531,1463.717916
28,176,63,47531,10.388596
28,177,657,47531,161.014313
28,178,327,47531,83.833991
28,179,221,47531,44.140215
28,180,840,47531,77.931786
28,181,862,47531,257.928781
28,182,806,47531,212.061839
28,183,2514,47531,760.969621
28,184,412,47531,75.983881
28,185,55,47531,8.947129
28,186,35,47531,6.918121
28,187,206,47531,32.165595
28,188,335,47531,60.524087
28,189,584,47531,163.137192
28,190,277,47531,53.965494
28,191,3891,47531,1365.246173
28,192,337,47531,108.539461
28,193,398,47531,73.237742
28,194,286,47531,43.213975
28,195,73,47531,8.506468
28,196,135,47531,32.486678
28,197,97,47531,10.619953
28,198,510,47531,121.175872
28,199,100,47531,22.139033
28,200,375,47531,83.177102
28,201,145,47531,34.528389
28,202,190,47531,63.368081
28,203,339,47531,59.427500
28,204,89,47531,13.378551
28,205,291,47531,74.538385
28,206,173,47531,46.442140
28,207,213,47531,62.490729
28,208,177,47531,32.680517
28,209,305,47531,69.999639
28,210,29,47531,4.165666
28,211,1263,47531,255.796858
28,212,347,47531,56.217691
28,213,230,47531,45.514320
28,214,796,47531,133.620626
28,215,320,47531,61.104870
28,216,457,47531,118.587419
28,217,134,47531,37.736980
28,218,675,47531,184.272682
28,219,26,47531,3.285044
28,220,48,47531,6.301083
28,221,528,47531,84.859448
28,222,181,47531,28.069643
28,223,106,47531,18.278616
28,224,347,47531,82.481287
28,225,921,47531,268.558291
28,226,1296,47531,347.442293
28,227,126,47531,27.536698
28,228,94,47531,13.206083
28,229,502,47531,103.383578
28,230,372,47531,89.802526
28,231,36,47531,4.567032
28,232,163,47531,29.579135
28,233,439,47531,74.494869
28,234,1160,47531,241.463832
28,235,823,47531,184.650771
28,236,80,47531,11.649421
28,237,6,47531,0.707076
28,238,13,47531,2.092086
28,239,11,47531,1.950399
28,240,331,47531,74.936975
28,241,1410,47531,420.881861
28,242,328,47531,76.478895
28,243,522,47531,90.978254
28,244,534,47531,116.926223
28,245,565,47531,120.568091
28,246,1577,47531,289.783744
28,247,327,47531,40.053186
28,248,514,47531,102.708373
28,249,6836,47531,1735.003949
28,250,5,47531,1.124768
28,251,143,47531,20.416164
28,252,1100,47531,263.898987
28,253,558,47531,106.412019
28,254,158,47531,25.223514
28,255,502,47531,133.673012
28,256,118,47531,16.955200
28,257,154,47531,38.461272
28,258,544,47531,136.117269
28,259,220,47531,41.051598
28,260,188,47531,49.803054
28,261,199,47531,34.444769
28,262,4722,47531,1049.592542
28,263,285,47531,60.479991
28,264,62,47531,9.460418
28,265,2358,47531,750.735101
28,266,401,47531,77.675962
28,267,0,47531,0.000000
28,268,144,47531,27.619624
28,269,388,47531,95.179414
28,270,110,47531,14.826843
28,271,841,47531,286.320102
28,272,88,47531,11.118941
28,273,493,47531,97.712607
28,274,561,47531,81.386266
28,275,599,47531,179.914093
28,276,486,47531,111.562616
28,277,191,47531,24.743013
28,278,129,47531,17.475454
28,279,134,47531,25.559856
28,280,78,47531,12.527572
28,281,9,47531,1.403139
28,282,112,47531,22.861019
28,283,704,47531,219.056461
28,284,79,47531,9.052183
28,285,109,47531,17.250421
28,286,750,47531,167.236893
28,287,1473,47531,331.235209
28,288,361,47531,61.512679
28,289,233,47531,47.119712
28,290,143,47531,27.308134
28,291,744,47531,185.871219
28,292,30,47531,4.625053
28,293,44,47531,6.937693
28,294,628,47531,103.505476
28,295,615,47531,123.250517
28,296,2352,47531,430.763764
28,297,250,47531,52.368989
28,298,101,47531,25.338172
28,299,809,47531,255.948749
28,300,324,47531,50.903147
28,301,0,47531,0.000000
28,302,59,47531,7.778642
28,303,450,47531,76.951374
28,304,125,47531,22.462759
28,305,115,47531,16.447668
28,306,2,47531,1.228565
28,307,20,47531,3.713509
28,308,371,47531,56.915943
28,309,27,47531,4.642044
28,310,156,47531,27.493068
28,311,263,47531,44.511523
28,312,473,47531,91.162203
28,313,1051,47531,227.368887
28,314,2066,47531,515.239604
28,315,12718,47531,5077.790778
28,316,154,47531,29.650037
28,317,451,47531,116.116734
28,318,22,47531,1.559222
28,319,143,47531,40.891004
28,320,1766,47531,722.697326
28,321,448,47531,104.575429
28,322,1367,47531,411.804061
28,323,295,47531,54.155238
28,324,571,47531,156.210101
28,325,167,47531,16.310713
28,326,27,47531,3.480623
28,327,721,47531,168.281653
28,328,635,47531,81.981547
28,329,28,47531,4.537094
28,330,1439,47531,287.302439
28,331,143,47531,31.230293
28,332,7871,47531,1854.864359
28,333,318,47531,46.028460
28,334,6348,47531,1533.424912
28,335,2564,47531,690.853275
28,336,330,47531,58.065482
28,337,367,47531,90.762062
28,338,1229,47531,258.617262
28,339,30,47531,6.946621
28,340,29,47531,5.240438
28,341,210,47531,33.137282
28,342,202,47531,34.390384
28,343,197,47531,52.563944
28,344,399,47531,113.256705
28,345,1489,47531,351.706678
28,346,540,47531,141.588061
28,347,785,47531,177.740167
28,348,4218,47531,1541.004114
28,349,447,47531,98.006697
28,350,708,47531,191.162677
28,351,1996,47531,451.307706
28,352,3116,47531,672.078591
28,353,2834,47531,414.597922
28,354,182,47531,31.879067
28,355,856,47531,222.835452
28,356,402,47531,97.460799
28,357,8074,47531,2234.547742
28,358,330,47531,74.089552
28,359,262,47531,51.540981
28,360,44,47531,6.546077
28,361,490,47531,81.219182
28,362,232,47531,51.961446
28,363,97,47531,17.585717
28,364,555,47531,149.926055
28,365,349,47531,86.475943
28,366,372,47531,82.805970
28,367,1458,47531,427.147953
28,368,283,47531,53.480324
28,369,450,47531,73.973834
28,370,855,47531,258.102997
28,371,5471,47531,2064.538831
28,372,38,47531,4.858827
28,373,3,47531,0.298689
28,374,278,47531,148.343135
28,375,436,47531,65.003920
28,376,313,47531,56.994356
28,377,261,47531,44.451097
28,378,438,47531,77.170110
28,379,41,47531,6.403016
28,380,415,47531,91.898855
28,381,450,47531,140.699177
28,382,2310,47531,639.081386
28,383,847,47531,128.012127
29,0,147,47531,20.705514
29,1,153,47531,35.286740
29,2,131,47531,21.037905
29,3,820,47531,144.133540
29,4,287,47531,106.979513
29,5,19,47531,2.646522
29,6,765,47531,197.035272
29,7,425,47531,113.742113
29,8,41,47531,7.677212
29,9,819,47531,177.712203
29,10,523,47531,121.344222
29,11,337,47531,54.992209
29,12,119,47531,23.376525
29,13,984,47531,159.730716
29,14,574,47531,126.934064
29,15,31,47531,7.970470
29,16,11,47531,1.426207
29,17,1942,47531,471.051941
29,18,460,47531,103.250382
29,19,140,47531,21.051306
29,20,181,47531,53.836167
29,21,345,47531,69.586424
29,22,10053,47531,2870.209270
29,23,430,47531,76.559017
29,24,6979,47531,2209.817385
29,25,140,47531,16.976163
29,26,3484,47531,1243.725346
29,27,1546,47531,391.597305
29,28,184,47531,36.783981
29,29,323,47531,77.552500
29,30,356,47531,47.477918
29,31,315,47531,33.478261
29,32,128,47531,21.668844
29,33,944,47531,273.606378
29,34,253,47531,41.412042
29,35,3972,47531,1077.908968
29,36,141,47531,24.981810
29,37,412,47531,69.288278
29,38,110,47531,18.740894
29,39,577,47531,85.993466
29,40,705,47531,101.116718
29,41,230,47531,38.738626
29,42,318,47531,54.186957
29,43,537,47531,94.666825
29,44,237,47531,45.548561
29,45,1497,47531,316.376694
29,46,149,47531,34.801261
29,47,752,47531,219.117926
29,48,984,47531,249.395471
29,49,0,47531,0.000000
29,50,95,47531,13.786937
29,51,10,47531,1.578799
29,52,641,47531,221.832602
29,53,162,47531,27.730541
29,54,228,47531,42.480348
29,55,662,47531,126.836953
29,56,94,47531,18.406249
29,57,105,47531,25.990375
29,58,865,47531,225.513368
29,59,897,47531,220.898071
29,60,258,47531,59.092944
29,61,564,47531,92.702882
29,62,1749,47531,377.995173
29,63,513,47531,113.147327
29,64,384,47531,68.925177
29,65,52,47531,7.057730
29,66,307,47531,66.686578
29,67,404,47531,80.340402
29,68,78,47531,9.982616
29,69,238,47531,46.229092
29,70,421,47531,83.297234
29,71,534,47531,118.806765
29,72,7727,47531,1620.044148
29,73,69,47531,9.326576
29,74,35,47531,6.061190
29,75,7962,47531,3139.974837
29,76,479,47531,100.196637
29,77,2390,47531,719.624169
29,78,1581,47531,456.182960
29,79,202,47531,52.069671
29,80,796,47531,202.333809
29,81,255,47531,59.785082
29,82,36,47531,6.557074
29,83,158,47531,30.726013
29,84,700,47531,214.824619
29,85,1396,47531,392.325535
29,86,543,47531,140.796542
29,87,367,47531,64.546793
29,88,68,47531,10.237507
29,89,190,47531,43.706098
29,90,40,47531,6.415403
29,91,639,47531,72.198565
29,92,2647,47531,565.827269
29,93,65,47531,13.327304
29,94,167,47531,29.300003
29,95,479,47531,120.772718
29,96,35,47531,4.817703
29,97,1369,47531,277.809747
29,98,33,47531,6.736986
29,99,232,47531,36.364640
29,100,94,47531,12.186120
29,101,2322,47531,600.600686
29,102,186,47531,41.711546
29,103,12671,47531,3450.842927
29,104,822,47531,216.694970
29,105,1818,47531,427.010006
29,106,148,47531,42.423155
29,107,347,47531,90.886323
29,108,0,47531,0.000000
29,109,535,47531,96.437499
29,110,24,47531,3.708551
29,111,146,47531,29.338835
29,112,274,47531,74.047461
29,113,124,47531,33.697157
29,114,388,47531,87.913705
29,115,1035,47531,232.694048
29,116,417,47531,93.244564
29,117,719,47531,197.221866
29,118,174,47531,36.328528
29,119,716,47531,190.717683
29,120,433,47531,98.776884
29,121,125,47531,26.647635
29,122,2886,47531,755.647527
29,123,372,47531,68.881655
29,124,52,47531,7.765574
29,125,1867,47531,317.559454
29,126,385,47531,66.376018
29,127,132,47531,31.191278
29,128,581,47531,154.166545
29,129,457,47531,117.086304
29,130,4348,47531,1180.193089
29,131,372,47531,109.486423
29,132,19,47531,2.877620
29,133,272,47531,62.110338
29,134,194,47531,41.880497
29,135,315,47531,75.980841
29,136,188,47531,33.338367
29,137,321,47531,74.296809
29,138,240,47531,58.666872
29,139,580,47531,61.498319
29,140,231,47531,42.471125
29,141,1169,47531,308.264966
29,142,4333,47531,1125.665913
29,143,43,47531,11.348120
29,144,74,47531,14.535776
29,145,56,47531,7.128394
29,146,74,47531,15.218576
29,147,62,47531,8.101435
29,148,201,47531,29.988550
29,149,178,47531,53.859047
29,150,337,47531,94.934730
29,151,3,47531,0.394271
29,152,181,47531,22.435583
29,153,787,47531,119.143782
29,154,461,47531,102.535956
29,155,260,47531,63.254493
29,156,517,47531,58.925312
29,157,935,47531,144.058524
29,158,460,47531,79.745908
29,159,543,47531,90.310456
29,160,3862,47531,819.752381
29,161,841,47531,223.483395
29,162,150,47531,24.894783
29,163,444,47531,86.437746
29,164,831,47531,251.671272
29,165,352,47531,60.613945
29,166,2613,47531,598.101563
29,167,598,47531,93.421409
29,168,301,47531,74.212258
29,169,22,47531,2.965403
29,170,403,47531,47.698696
29,171,791,47531,350.603778
29,172,480,47531,74.490926
29,173,556,47531,126.026020
29,174,182,47531,32.158422
29,175,1295,47531,372.199808
29,176,910,47531,238.466726
29,177,324,47531,68.541600
29,178,3039,47531,894.190650
29,179,407,47531,72.269499
29,180,171,47531,29.434839
29,181,372,47531,78.756002
29,182,57,47531,9.352791
29,183,1783,47531,386.830018
29,184,886,47531,202.567735
29,185,25,47531,3.774759
29,186,623,47531,188.812309
29,187,2663,47531,460.854606
29,188,280,47531,88.858977
29,189,316,47531,76.247285
29,190,563,47531,161.873878
29,191,815,47531,239.703647
29,192,99,47531,22.566718
29,193,40,47531,5.438283
29,194,135,47531,29.377027
29,195,140,47531,26.923321
29,196,247,47531,64.341756
29,197,356,47531,88.960124
29,198,84,47531,13.969159
29,199,689,47531,178.551846
29,200,496,47531,105.040461
29,201,320,47531,100.273607
29,202,820,47531,186.283889
29,203,639,47531,156.542177
29,204,62,47531,8.500896
29,205,920,47531,219.806992
29,206,701,47531,199.448063
29,207,376,47531,61.011647
29,208,181,47531,27.158294
29,209,831,47531,158.266581
29,210,4613,47531,1129.513668
29,211,87,47531,14.288900
29,212,843,47531,164.653059
29,213,106,47531,22.332393
29,214,776,47531,217.883076
29,215,344,47531,68.144218
29,216,417,47531,68.400246
29,217,17,47531,2.021910
29,218,880,47531,225.589398
29,219,246,47531,77.539320
29,220,820,47531,248.470162
29,221,1865,47531,321.953503
29,222,39,47531,7.840423
29,223,0,47531,0.000000
29,224,289,47531,48.503829
29,225,12568,47531,3592.938618
29,226,266,47531,105.838115
29,227,20,47531,2.684063
29,228,499,47531,128.029549
29,229,162,47531,30.167379
29,230,2068,47531,686.609988
29,231,145,47531,28.384135
29,232,44,47531,5.574868
29,233,490,47531,64.664231
29,234,1044,47531,283.776253
29,235,130,47531,36.893055
29,236,196,47531,50.512881
29,237,16,47531,2.192602
29,238,95,47531,17.524672
29,239,633,47531,179.503726
29,240,413,47531,162.398452
29,241,277,47531,65.020426
29,242,16,47531,2.002172
29,243,810,47531,690.696020
29,244,246,47531,42.632487
29,245,384,47531,141.836217
29,246,143,47531,19.524007
29,247,153,47531,23.408384
29,248,264,47531,78.608573
29,249,12,47531,8.892108
29,250,344,47531,73.982550
29,251,1483,47531,426.959520
29,252,976,47531,271.256646
29,253,74,47531,14.998429
29,254,154,47531,22.667059
29,255,41,47531,6.221301
29,256,1222,47531,337.506314
29,257,1495,47531,331.161135
29,258,6890,47531,1522.629476
29,259,587,47531,123.220931
29,260,790,47531,156.023937
29,261,416,47531,71.251460
29,262,835,47531,155.445609
29,263,347,47531,66.428948
29,264,134,47531,20.440910
29,265,120,47531,17.481024
29,266,558,47531,170.895564
29,267,52,47531,7.076135
29,268,211,47531,43.370266
29,269,1273,47531,295.967585
29,270,335,47531,87.881343
29,271,645,47531,172.125251
29,272,468,47531,111.989870
29,273,158,47531,26.081713
29,274,82,47531,14.038490
29,275,189,47531,47.158750
29,276,39,47531,7.145231
29,277,2029,47531,538.068620
29,278,1399,47531,372.370541
29,279,462,47531,89.494574
29,280,458,47531,75.033352
29,281,0,47531,0.000000
29,282,43,47531,10.267649
29,283,1434,47531,267.075861
29,284,476,47531,99.265312
29,285,99,47531,18.451195
29,286,700,47531,153.505666
29,287,257,47531,48.373737
29,288,138,47531,19.470834
29,289,1069,47531,321.664696
29,290,321,47531,69.652814
29,291,261,47531,38.529617
29,292,343,47531,66.324560
29,293,203,47531,40.625754
29,294,788,47531,261.943217
29,295,19,47531,3.184107
29,296,382,47531,91.141311
29,297,126,47531,25.258241
29,298,77,47531,9.212221
29,299,37,47531,4.591915
29,300,861,47531,144.531018
29,301,425,47531,131.858685
29,302,315,47531,75.644826
29,303,5,47531,0.753072
29,304,326,47531,59.477323
29,305,831,47531,229.131480
29,306,1159,47531,394.393735
29,307,1947,47531,366.266784
29,308,6458,47531,1652.477388
29,309,331,47531,67.676699
29,310,604,47531,116.950611
29,311,4242,47531,1079.421254
29,312,179,47531,35.170355
29,313,1138,47531,273.911334
29,314,425,47531,121.905542
29,315,443,47531,115.366461
29,316,44,47531,4.351300
29,317,1004,47531,199.486574
29,318,568,47531,142.360406
29,319,2143,47531,371.215843
29,320,277,47531,84.758450
29,321,842,47531,208.705518
29,322,489,47531,129.710610
29,323,181,47531,26.282621
29,324,254,47531,50.447955
29,325,447,47531,124.597114
29,326,585,47531,108.070889
29,327,49,47531,8.651171
29,328,103,47531,17.962854
29,329,817,47531,237.912525
29,330,2126,47531,532.910550
29,331,26,47531,3.907046
29,332,20,47531,2.496950
29,333,73,47531,11.996508
29,334,452,47531,81.450874
29,335,319,47531,110.305489
29,336,1682,47531,589.771755
29,337,136,47531,23.421962
29,338,1185,47531,279.020792
29,339,289,47531,45.341018
29,340,245,47531,33.736915
29,341,115,47531,13.511729
29,342,446,47531,87.067224
29,343,15,47531,1.498271
29,344,230,47531,35.864263
29,345,785,47531,164.646021
29,346,487,47531,172.995069
29,347,442,47531,93.977431
29,348,784,47531,129.015594
29,349,356,47531,62.331492
29,350,1019,47531,202.233682
29,351,2903,47531,636.727128
29,352,379,47531,65.577356
29,353,388,47531,70.311896
29,354,81,47531,23.071787
29,355,134,47531,26.371595
29,356,321,47531,79.235811
29,357,369,47531,94.822641
29,358,564,47531,132.654945
29,359,422,47531,110.676260
29,360,240,47531,45.022677
29,361,312,47531,45.469405
29,362,418,47531,96.976445
29,363,619,47531,194.021602
29,364,33,47531,5.137539
29,365,316,47531,70.674346
29,366,287,47531,62.027781
29,367,1778,47531,438.529597
29,368,0,47531,0.000000
29,369,241,47531,50.472276
29,370,253,47531,45.294320
29,371,15,47531,3.215867
29,372,127,47531,19.784425
29,373,33,47531,4.177000
29,374,44,47531,7.324794
29,375,257,47531,41.157532
29,376,875,47531,193.124017
29,377,6,47531,0.754927
29,378,2149,47531,530.553259
29,379,689,47531,179.425414
29,380,131,47531,39.903382
29,381,172,47531,23.872285
29,382,769,47531,204.648789
29,383,636,47531,154.549439
30,0,324,47531,68.915625
30,1,3,47531,0.332704
30,2,4541,47531,1344.687060
30,3,759,47531,202.525650
30,4,310,47531,132.478463
30,5,1089,47531,291.521162
30,6,719,47531,191.333799
30,7,209,47531,53.220855
30,8,390,47531,73.564578
30,9,165,47531,38.827677
30,10,35,47531,4.932086
30,11,1788,47531,482.862824
30,12,749,47531,127.901202
30,13,1399,47531,250.919271
30,14,610,47531,140.620509
30,15,359,47531,73.763688
30,16,2447,47531,729.775263
30,17,410,47531,96.731189
30,18,1412,47531,362.395276
30,19,660,47531,185.700231
30,20,1634,47531,415.955958
30,21,328,47531,64.489140
30,22,1176,47531,379.791324
30,23,899,47531,197.446420
30,24,292,47531,62.445777
30,25,392,47531,94.386692
30,26,367,47531,101.490854
30,27,275,47531,57.457831
30,28,369,47531,71.014258
30,29,21,47531,3.775977
30,30,204,47531,42.773877
30,31,80,47531,16.780745
30,32,345,47531,75.960819
30,33,438,47531,98.799370
30,34,65,47531,12.653992
30,35,271,47531,52.078683
30,36,1699,47531,428.015856
30,37,306,47531,71.906853
30,38,245,47531,58.952988
30,39,203,47531,44.479026
30,40,4,47531,0.315883
30,41,410,47531,95.599774
30,42,2419,47531,448.006329
30,43,1726,47531,382.093509
30,44,406,47531,90.069020
30,45,1072,47531,278.964756
30,46,43,47531,6.732728
30,47,118,47531,20.343563
30,48,3137,47531,764.762997
30,49,364,47531,73.902361
30,50,4959,47531,1388.121050
30,51,287,47531,109.156030
30,52,140,47531,24.786500
30,53,334,47531,98.614090
30,54,8,47531,0.619138
30,55,1020,47531,196.743431
30,56,256,47531,40.445417
30,57,440,47531,148.771135
30,58,134,47531,45.533037
30,59,90,47531,12.825565
30,60,238,47531,37.934614
30,61,1353,47531,376.801481
30,62,1005,47531,277.691162
30,63,1214,47531,300.723746
30,64,218,47531,56.370425
30,65,368,47531,78.355562
30,66,2346,47531,837.146317
30,67,540,47531,106.559757
30,68,488,47531,115.478389
30,69,297,47531,54.292439
30,70,419,47531,98.853291
30,71,134,47531,19.823496
30,72,443,47531,76.344487
30,73,44,47531,5.949572
30,74,802,47531,215.806893
30,75,6,47531,0.842911
30,76,253,47531,52.247316
30,77,313,47531,70.368425
30,78,1146,47531,284.199594
30,79,282,47531,49.560011
30,80,70,47531,9.733341
30,81,39,47531,6.537574
30,82,813,47531,199.910188
30,83,85,47531,17.795948
30,84,350,47531,51.617808
30,85,276,47531,78.661209
30,86,301,47531,73.342070
30,87,909,47531,243.215626
30,88,558,47531,133.121145
30,89,0,47531,0.000000
30,90,660,47531,144.837356
30,91,395,47531,52.735736
30,92,67,47531,15.934286
30,93,89,47531,19.438747
30,94,420,47531,100.535414
30,95,9991,47531,2677.356223
30,96,392,47531,87.208032
30,97,303,47531,107.020836
30,98,191,47531,41.543895
30,99,10312,47531,2371.194913
30,100,783,47531,171.934232
30,101,22,47531,3.329550
30,102,51,47531,8.432594
30,103,584,47531,143.349696
30,104,76,47531,15.201757
30,105,109,47531,18.218896
30,106,621,47531,161.498164
30,107,262,47531,35.301706
30,108,548,47531,145.492895
30,109,223,47531,35.854677
30,110,393,47531,118.668147
30,111,150,47531,26.163605
30,112,1093,47531,277.072364
30,113,14,47531,1.431682
30,114,691,47531,124.796511
30,115,200,47531,26.833537
30,116,361,47531,74.704600
30,117,39,47531,9.769580
30,118,359,47531,65.216794
30,119,245,47531,46.606321
30,120,293,47531,64.572173
30,121,373,47531,102.468116
30,122,512,47531,132.029006
30,123,251,47531,87.758553
30,124,620,47531,133.257574
30,125,232,47531,32.429784
30,126,401,47531,85.574825
30,127,110,47531,21.170569
30,128,250,47531,35.310097
30,129,0,47531,0.000000
30,130,767,47531,205.950085
30,131,174,47531,32.329262
30,132,1198,47531,326.607512
30,133,638,47531,142.760130
30,134,1235,47531,297.672643
30,135,1040,47531,203.459479
30,136,884,47531,194.370849
30,137,391,47531,98.368913
30,138,358,47531,58.706708
30,139,754,47531,171.011994
30,140,5,47531,0.505071
30,141,285,47531,48.948974
30,142,367,47531,58.531774
30,143,430,47531,78.466219
30,144,170,47531,26.416529
30,145,352,47531,78.329758
30,146,1270,47531,411.593744
30,147,19,47531,2.531883
30,148,1063,47531,243.842474
30,149,956,47531,179.695266
30,150,26,47531,3.548765
30,151,112,47531,13.933770
30,152,2,47531,0.439837
30,153,342,47531,61.075765
30,154,797,47531,214.163712
30,155,39,47531,6.259461
30,156,282,47531,52.616708
30,157,114,47531,14.133625
30,158,27,47531,2.963088
30,159,685,47531,137.561041
30,160,436,47531,138.298210
30,161,7068,47531,1804.497629
30,162,101,47531,14.373668
30,163,622,47531,98.762672
30,164,383,47531,91.525974
30,165,440,47531,102.967422
30,166,225,47531,39.453969
30,167,1912,47531,445.153704
30,168,825,47531,220.319123
30,169,86,47531,12.219231
30,170,964,47531,206.649348
30,171,486,47531,109.201019
30,172,1607,47531,523.403771
30,173,737,47531,242.032420
30,174,14,47531,2.874329
30,175,3085,47531,798.834955
30,176,217,47531,43.576083
30,177,235,47531,64.555603
30,178,115,47531,18.812688
30,179,1540,47531,471.419993
30,180,116,47531,27.030363
30,181,401,47531,91.363654
30,182,1898,47531,526.361493
30,183,48,47531,7.021658
30,184,2489,47531,546.482931
30,185,456,47531,119.911775
30,186,4,47531,0.450177
30,187,3,47531,1.023125
30,188,510,47531,144.000014
30,189,2848,47531,702.437176
30,190,852,47531,221.245103
30,191,113,47531,16.128359
30,192,337,47531,56.647456
30,193,1815,47531,531.973263
30,194,156,47531,26.591400
30,195,773,47531,178.211712
30,196,76,47531,12.457253
30,197,2089,47531,449.246596
30,198,25,47531,3.885826
30,199,569,47531,117.853395
30,200,130,47531,20.668746
30,201,50,47531,5.650060
30,202,97,47531,24.595372
30,203,1251,47531,256.164934
30,204,16,47531,1.907701
30,205,497,47531,70.246599
30,206,1065,47531,209.401111
30,207,774,47531,193.872922
30,208,41,47531,7.178992
30,209,844,47531,145.873146
30,210,685,47531,132.381959
30,211,932,47531,224.171103
30,212,1451,47531,273.987763
30,213,1398,47531,382.833975
30,214,0,47531,0.000000
30,215,741,47531,146.373128
30,216,1688,47531,479.148623
30,217,197,47531,54.335337
30,218,220,47531,37.787770
30,219,1010,47531,317.443980
30,220,1104,47531,265.790189
30,221,131,47531,27.714552
30,222,605,47531,170.792728
30,223,14,47531,3.178429
30,224,4236,47531,1216.340505
30,225,2556,47531,511.703064
30,226,746,47531,161.544517
30,227,559,47531,130.781641
30,228,111,47531,15.007947
30,229,1639,47531,297.484111
30,230,87,47531,14.345981
30,231,437,47531,103.110189
30,232,295,47531,69.269954
30,233,9579,47531,2723.394061
30,234,442,47531,119.508943
30,235,3213,47531,760.963129
30,236,2233,47531,468.728548
30,237,277,47531,48.249205
30,238,14,47531,1.275572
30,239,238,47531,88.403395
30,240,753,47531,190.059909
30,241,195,47531,42.407854
30,242,629,47531,180.767305
30,243,427,47531,81.113306
30,244,61,47531,11.534133
30,245,1175,47531,321.670089
30,246,80,47531,11.361416
30,247,64,47531,17.784936
30,248,832,47531,187.459821
30,249,168,47531,35.526910
30,250,1069,47531,199.835463
30,251,1148,47531,256.920217
30,252,415,47531,62.646640
30,253,142,47531,30.988080
30,254,75,47531,10.093306
30,255,501,47531,128.789837
30,256,947,47531,252.890027
30,257,199,47531,35.259148
30,258,560,47531,131.732769
30,259,807,47531,221.685422
30,260,62,47531,11.750846
30,261,62,47531,13.084670
30,262,1480,47531,341.611294
30,263,2234,47531,539.927161
30,264,791,47531,185.932993
30,265,2086,47531,564.656007
30,266,122,47531,37.284608
30,267,333,47531,62.180452
30,268,7,47531,1.793990
30,269,465,47531,95.976183
30,270,526,47531,74.811843
30,271,8,47531,0.946023
30,272,243,47531,51.158477
30,273,144,47531,22.310855
30,274,220,47531,28.619662
30,275,312,47531,49.257099
30,276,445,47531,135.198083
30,277,1632,47531,477.822027
30,278,453,47531,112.264805
30,279,333,47531,81.424441
30,280,841,47531,176.392856
30,281,1228,47531,232.720562
30,282,97,47531,28.530110
30,283,232,47531,42.099576
30,284,152,47531,27.249569
30,285,410,47531,81.387764
30,286,609,47531,117.454482
30,287,732,47531,198.470621
30,288,489,47531,98.238937
30,289,38,47531,5.707246
30,290,62,47531,9.488204
30,291,511,47531,118.874111
30,292,435,47531,107.086907
30,293,105,47531,29.068956
30,294,158,47531,45.004599
30,295,1405,47531,283.528289
30,296,332,47531,56.138697
30,297,194,47531,46.781491
30,298,2783,47531,675.521123
30,299,430,47531,99.089393
30,300,1054,47531,241.350205
30,301,671,47531,174.225731
30,302,886,47531,176.609987
30,303,690,47531,182.406870
30,304,74,47531,13.334312
30,305,6174,47531,1822.556755
30,306,279,47531,71.262915
30,307,680,47531,165.823749
30,308,168,47531,24.701796
30,309,237,47531,40.253924
30,310,1054,47531,223.211138
30,311,285,47531,53.687914
30,312,641,47531,184.527112
30,313,646,47531,111.664884
30,314,59,47531,8.147374
30,315,44,47531,9.091971
30,316,46,47531,6.700381
30,317,725,47531,176.078781
30,318,580,47531,134.672533
30,319,63,47531,7.070509
30,320,399,47531,126.228429
30,321,695,47531,128.357293
30,322,728,47531,214.024863
30,323,154,47531,18.228941
30,324,784,47531,131.340730
30,325,0,47531,0.000000
30,326,1026,47531,188.804957
30,327,2383,47531,536.458632
30,328,1149,47531,249.324148
30,329,1674,47531,349.958838
30,330,44,47531,5.426912
30,331,874,47531,194.221278
30,332,911,47531,254.814377
30,333,99,47531,20.462338
30,334,1222,47531,394.794143
30,335,611,47531,160.457877
30,336,977,47531,191.158923
30,337,494,47531,108.787468
30,338,74,47531,11.286113
30,339,84,47531,14.425076
30,340,514,47531,119.086537
30,341,68,47531,10.019805
30,342,356,47531,73.184100
30,343,1,47531,0.179581
30,344,232,47531,56.593548
30,345,1947,47531,711.805661
30,346,1329,47531,475.661985
30,347,1691,47531,513.527861
30,348,157,47531,39.338352
30,349,326,47531,74.838315
30,350,61,47531,9.405366
30,351,257,47531,66.636147
30,352,1937,47531,467.019137
30,353,159,47531,29.833415
30,354,186,47531,60.644823
30,355,2018,47531,367.030575
30,356,1894,47531,574.870611
30,357,106,47531,27.526479
30,358,500,47531,132.924725
30,359,415,47531,72.923934
30,360,1712,47531,432.821381
30,361,469,47531,59.630727
30,362,1002,47531,314.558364
30,363,144,47531,29.236714
30,364,269,47531,52.976467
30,365,394,47531,109.512596
30,366,398,47531,77.613156
30,367,299,47531,50.051262
30,368,443,47531,125.975305
30,369,60,47531,10.994164
30,370,137,47531,17.667126
30,371,624,47531,149.692005
30,372,0,47531,0.000000
30,373,352,47531,99.756697
30,374,86,47531,19.305378
30,375,235,47531,56.242642
30,376,1120,47531,190.799518
30,377,392,47531,63.972709
30,378,1204,47531,278.023875
30,379,10377,47531,3905.305235
30,380,1410,47531,354.193460
30,381,113,47531,25.707384
30,382,43,47531,10.827079
30,383,452,47531,116.004743
31,0,806,47531,190.734368
31,1,51,47531,12.963530
31,2,717,47531,127.300289
31,3,689,47531,193.448951
31,4,433,47531,165.859342
31,5,1783,47531,475.568472
31,6,735,47531,177.220208
31,7,513,47531,123.245678
31,8,551,47531,21.009782
31,9,319,47531,82.698223
31,10,68,47531,12.399281
31,11,477,47531,99.323413
31,12,354,47531,82.960622
31,13,58,47531,9.498081
31,14,423,47531,120.418477
31,15,451,47531,128.470750
31,16,258,47531,56.343181
31,17,804,47531,171.000646
31,18,79,47531,17.637793
31,19,1897,47531,505.208565
31,20,256,47531,57.803571
31,21,2,47531,0.506222
31,22,841,47531,261.987401
31,23,302,47531,92.707878
31,24,898,47531,223.055423
31,25,921,47531,188.543519
31,26,592,47531,162.000093
31,27,195,47531,44.059997
31,28,3584,47531,1097.296113
31,29,509,47531,132.289914
31,30,25,47531,4.124989
31,31,928,47531,170.626568
31,32,33,47531,5.024571
31,33,300,47531,108.885255
31,34,165,47531,32.808064
31,35,64,47531,11.530633
31,36,1593,47531,519.270449
31,37,813,47531,190.666216
31,38,603,47531,129.177282
31,39,261,47531,53.573617
31,40,7253,47531,1986.100949
31,41,482,47531,116.146107
31,42,238,47531,46.250963
31,43,265,47531,59.966085
31,44,137,47531,27.215661
31,45,737,47531,170.799076
31,46,748,47531,181.547753
31,47,43,47531,15.670525
31,48,3609,47531,895.066106
31,49,231,47531,49.322602
31,50,607,47531,172.748474
31,51,445,47531,120.723910
31,52,5201,47531,1361.947168
31,53,534,47531,93.467610
31,54,966,47531,238.652208
31,55,230,47531,40.182004
31,56,643,47531,151.855343
31,57,387,47531,112.809804
31,58,131,47531,22.401487
31,59,288,47531,50.890692
31,60,12,47531,1.695868
31,61,75,47531,18.144166
31,62,89,47531,15.001345
31,63,120,47531,24.901380
31,64,1920,47531,411.548953
31,65,26,47531,4.556626
31,66,878,47531,203.032357
31,67,163,47531,37.503033
31,68,1936,47531,490.583643
31,69,42,47531,6.997074
31,70,1562,47531,416.883854
31,71,466,47531,139.654782
31,72,163,47531,36.494672
31,73,0,47531,0.000000
31,74,25,47531,5.539436
31,75,835,47531,77.545395
31,76,349,47531,75.009824
31,77,2845,47531,856.999405
31,78,31,47531,4.362849
31,79,237,47531,49.928225
31,80,100,47531,16.760817
31,81,320,47531,60.054737
31,82,869,47531,291.794334
31,83,216,47531,40.218268
31,84,524,47531,106.447727
31,85,181,47531,28.177785
31,86,636,47531,141.696159
31,87,1128,47531,282.198196
31,88,2719,47531,729.493657
31,89,109,47531,24.050577
31,90,480,47531,157.002481
31,91,395,47531,103.220733
31,92,67,47531,14.273940
31,93,30,47531,7.050557
31,94,2476,47531,634.503428
31,95,230,47531,37.326284
31,96,354,47531,66.897477
31,97,273,47531,43.756291
31,98,669,47531,193.552600
31,99,1238,47531,356.499181
31,100,75,47531,22.554224
31,101,557,47531,96.267124
31,102,922,47531,239.399580
31,103,5181,47531,1042.507372
31,104,522,47531,115.696049
31,105,644,47531,120.975041
31,106,57,47531,16.502001
31,107,370,47531,110.678809
31,108,1878,47531,475.656831
31,109,575,47531,147.451178
31,110,292,47531,64.626727
31,111,565,47531,17.375307
31,112,218,47531,55.596784
31,113,111,47531,23.527204
31,114,876,47531,231.589360
31,115,788,47531,208.181716
31,116,481,47531,96.421717
31,117,3847,47531,892.330174
31,118,668,47531,159.126856
31,119,94,47531,19.655906
31,120,1981,47531,575.839550
31,121,60,47531,15.093727
31,122,99,47531,19.071424
31,123,306,47531,67.927955
31,124,124,47531,30.708127
31,125,76,47531,14.196532
31,126,4,47531,0.784424
31,127,305,47531,79.497572
31,128,675,47531,163.118063
31,129,162,47531,27.554744
31,130,206,47531,37.815750
31,131,69,47531,13.511856
31,132,195,47531,33.013682
31,133,640,47531,141.293429
31,134,135,47531,27.141826
31,135,557,47531,113.281723
31,136,49,47531,5.779766
31,137,902,47531,228.857285
31,138,978,47531,272.074869
31,139,479,47531,120.354777
31,140,330,47531,75.742749
31,141,6947,47531,1803.589386
31,142,358,47531,88.937294
31,143,469,47531,106.905581
31,144,503,47531,106.019168
31,145,355,47531,81.947238
31,146,229,47531,56.820059
31,147,505,47531,138.408894
31,148,181,47531,56.043237
31,149,218,47531,32.931339
31,150,20,47531,3.623607
31,151,258,47531,56.975455
31,152,351,47531,49.925975
31,153,263,47531,46.477688
31,154,2465,47531,596.540244
31,155,1769,47531,344.616620
31,156,786,47531,200.950555
31,157,135,47531,33.305658
31,158,793,47531,232.487663
31,159,0,47531,0.000000
31,160,1321,47531,358.818014
31,161,195,47531,52.047046
31,162,181,47531,6.752969
31,163,469,47531,98.786025
31,164,210,47531,36.296441
31,165,302,47531,75.799370
31,166,1,47531,0.265495
31,167,4026,47531,962.718037
31,168,889,47531,258.712063
31,169,199,47531,38.806542
31,170,425,47531,128.091876
31,171,300,47531,59.188356
31,172,23,47531,4.987569
31,173,632,47531,75.511618
31,174,1173,47531,302.320443
31,175,396,47531,179.406367
31,176,347,47531,50.123506
31,177,64,47531,8.511806
31,178,23,47531,4.143331
31,179,5,47531,1.645311
31,180,289,47531,90.904814
31,181,341,47531,79.354530
31,182,510,47531,116.563124
31,183,2,47531,0.245981
31,184,1220,47531,313.676733
31,185,1216,47531,246.789359
31,186,640,47531,141.210202
31,187,235,47531,54.998667
31,188,8427,47531,1838.231693
31,189,789,47531,180.962494
31,190,317,47531,60.219688
31,191,1641,47531,406.360005
31,192,117,47531,29.814447
31,193,129,47531,21.506324
31,194,0,47531,0.000000
31,195,823,47531,187.273823
31,196,68,47531,16.402079
31,197,386,47531,140.530929
31,198,447,47531,168.461420
31,199,263,47531,62.644185
31,200,3,47531,0.627474
31,201,734,47531,171.233397
31,202,227,47531,67.935459
31,203,2660,47531,571.130505
31,204,54,47531,8.940222
31,205,24,47531,2.516786
31,206,930,47531,238.515847
31,207,511,47531,88.391155
31,208,1758,47531,606.880705
31,209,205,47531,43.273703
31,210,536,47531,148.816791
31,211,475,47531,102.314914
31,212,353,47531,91.057723
31,213,713,47531,127.679639
31,214,24,47531,2.863253
31,215,58,47531,10.645318
31,216,952,47531,199.104549
31,217,1832,47531,486.802686
31,218,171,47531,34.616181
31,219,648,47531,61.194952
31,220,7,47531,0.868112
31,221,586,47531,140.757555
31,222,500,47531,108.759478
31,223,296,47531,67.807818
31,224,40,47531,5.896673
31,225,1208,47531,381.967829
31,226,6,47531,0.892874
31,227,638,47531,124.775180
31,228,216,47531,72.105128
31,229,9942,47531,2447.412341
31,230,1284,47531,349.058835
31,231,111,47531,22.776010
31,232,197,47531,41.174049
31,233,439,47531,119.959773
31,234,84,47531,19.691662
31,235,30,47531,5.819178
31,236,464,47531,141.366317
31,237,558,47531,165.925692
31,238,25,47531,4.126540
31,239,509,47531,142.874634
31,240,273,47531,71.796137
31,241,126,47531,23.431033
31,242,4,47531,0.714782
31,243,196,47531,40.389684
31,244,384,47531,70.925953
31,245,1044,47531,210.664815
31,246,129,47531,29.766351
31,247,347,47531,62.423025
31,248,4,47531,0.753559
31,249,1203,47531,241.384327
31,250,4578,47531,1420.561784
31,251,411,47531,119.556922
31,252,130,47531,33.227364
31,253,2223,47531,595.437765
31,254,16,47531,2.118985
31,255,1172,47531,216.477171
31,256,1,47531,0.195092
31,257,211,47531,50.588718
31,258,253,47531,59.016236
31,259,200,47531,45.999235
31,260,528,47531,141.861769
31,261,255,47531,41.716764
31,262,252,47531,52.714240
31,263,128,47531,23.366864
31,264,110,47531,24.367946
31,265,9,47531,0.896979
31,266,432,47531,119.508600
31,267,261,47531,64.302766
31,268,320,47531,115.071416
31,269,5672,47531,1491.575700
31,270,322,47531,72.487630
31,271,104,47531,15.751536
31,272,515,47531,137.425973
31,273,5,47531,0.647067
31,274,1437,47531,378.256807
31,275,249,47531,51.926007
31,276,8057,47531,1550.495983
31,277,47,47531,9.642921
31,278,111,47531,34.484441
31,279,136,47531,20.411545
31,280,1125,47531,237.105973
31,281,644,47531,131.648742
31,282,105,47531,24.269520
31,283,137,47531,24.201739
31,284,231,47531,73.733068
31,285,1026,47531,281.453522
31,286,448,47531,131.577118
31,287,11078,47531,3064.938949
31,288,432,47531,121.410460
31,289,1451,47531,380.041195
31,290,29,47531,4.338231
31,291,183,47531,26.701041
31,292,0,47531,0.000000
31,293,593,47531,172.613714
31,294,143,47531,27.689040
31,295,288,47531,43.924553
31,296,541,47531,151.302896
31,297,3152,47531,892.252831
31,298,400,47531,80.714870
31,299,323,47531,92.468575
31,300,79,47531,11.604858
31,301,229,47531,36.185692
31,302,208,47531,37.790420
31,303,2172,47531,635.061364
31,304,489,47531,112.513756
31,305,3620,47531,697.442052
31,306,281,47531,62.185504
31,307,256,47531,73.328836
31,308,1462,47531,491.591062
31,309,59,47531,11.092558
31,310,483,47531,182.914236
31,311,381,47531,92.200510
31,312,161,47531,45.175141
31,313,627,47531,145.404577
31,314,130,47531,30.522740
31,315,208,47531,50.582489
31,316,455,47531,128.910020
31,317,527,47531,147.334182
31,318,1180,47531,225.360733
31,319,25,47531,3.743917
31,320,188,47531,26.955879
31,321,132,47531,34.461857
31,322,135,47531,24.645428
31,323,287,47531,84.229830
31,324,841,47531,222.966784
31,325,974,47531,216.938327
31,326,1916,47531,543.541736
31,327,234,47531,48.718633
31,328,6,47531,0.791631
31,329,33,47531,5.497642
31,330,1056,47531,344.597609
31,331,122,47531,31.621339
31,332,944,47531,216.737397
31,333,188,47531,15.735374
31,334,768,47531,178.276557
31,335,203,47531,44.217988
31,336,177,47531,39.831568
31,337,237,47531,49.795898
31,338,522,47531,27.071036
31,339,1563,47531,549.076437
31,340,180,47531,31.422583
31,341,24,47531,4.181534
31,342,668,47531,141.501332
31,343,434,47531,111.773245
31,344,483,47531,92.497915
31,345,304,47531,51.651228
31,346,498,47531,92.819263
31,347,1259,47531,384.190266
31,348,507,47531,140.610149
31,349,432,47531,95.832681
31,350,1180,47531,304.068809
31,351,447,47531,138.840816
31,352,328,47531,107.376229
31,353,114,47531,22.188142
31,354,719,47531,188.014203
31,355,37,47531,8.679710
31,356,460,47531,103.599041
31,357,2394,47531,593.070307
31,358,1279,47531,231.479551
31,359,363,47531,114.443406
31,360,77,47531,12.005938
31,361,662,47531,178.513947
31,362,1162,47531,277.072491
31,363,217,47531,33.952838
31,364,81,47531,21.200927
31,365,42,47531,7.311260
31,366,56,47531,12.856266
31,367,515,47531,107.469330
31,368,340,47531,67.448182
31,369,717,47531,223.182738
31,370,756,47531,920.805085
31,371,10,47531,1.501278
31,372,9198,47531,2395.371764
31,373,1,47531,0.215057
31,374,3192,47531,849.242574
31,375,1137,47531,228.578722
31,376,175,47531,41.916360
31,377,910,47531,290.035220
31,378,215,47531,36.889694
31,379,150,47531,48.922087
31,380,161,47531,15.542384
31,381,29,47531,4.585663
31,382,14,47531,2.290178
31,383,496,47531,102.673242
32,0,565,47531,131.166916
32,1,91,47531,14.095132
32,2,97,47531,15.780739
32,3,16,47531,1.945771
32,4,1151,47531,371.788480
32,5,751,47531,217.697785
32,6,467,47531,130.957015
32,7,1250,47531,348.113969
32,8,761,47531,145.792429
32,9,181,47531,27.580331
32,10,1676,47531,361.445678
32,11,41,47531,5.589887
32,12,404,47531,65.166271
32,13,658,47531,166.387581
32,14,941,47531,216.960707
32,15,553,47531,140.235333
32,16,0,47531,0.000000
32,17,3,47531,0.566714
32,18,331,47531,53.645924
32,19,519,47531,93.518428
32,20,301,47531,67.709040
32,21,1008,47531,215.382887
32,22,90,47531,21.726207
32,23,623,47531,175.459342
32,24,220,47531,71.108308
32,25,130,47531,19.928152
32,26,269,47531,61.638545
32,27,9,47531,1.334262
32,28,35,47531,5.977873
32,29,1239,47531,241.698155
32,30,262,47531,50.940530
32,31,345,47531,74.500324
32,32,453,47531,90.809248
32,33,4773,47531,1151.098627
32,34,544,47531,108.103917
32,35,474,47531,78.852079
32,36,404,47531,111.545766
32,37,1308,47531,293.186383
32,38,217,47531,60.663738
32,39,462,47531,107.898916
32,40,190,47531,37.545767
32,41,8138,47531,2346.821952
32,42,43,47531,6.670833
32,43,337,47531,185.827247
32,44,25,47531,4.318373
32,45,722,47531,194.741846
32,46,1374,47531,271.570626
32,47,249,47531,52.329658
32,48,980,47531,229.420151
32,49,1403,47531,310.464800
32,50,116,47531,16.119727
32,51,17,47531,2.512333
32,52,950,47531,189.972046
32,53,147,47531,38.895039
32,54,496,47531,119.621378
32,55,225,47531,70.854194
32,56,260,47531,88.665938
32,57,96,47531,17.371064
32,58,285,47531,64.737382
32,59,1312,47531,287.137500
32,60,485,47531,91.703639
32,61,390,47531,81.100290
32,62,181,47531,36.070210
32,63,120,47531,17.714932
32,64,588,47531,87.979314
32,65,581,47531,133.691189
32,66,295,47531,58.332649
32,67,647,47531,197.045210
32,68,769,47531,168.476904
32,69,648,47531,187.883245
32,70,194,47531,39.922489
32,71,1223,47531,379.595511
32,72,665,47531,139.224215
32,73,95,47531,23.030042
32,74,1929,47531,505.472346
32,75,787,47531,213.917908
32,76,0,47531,0.000000
32,77,979,47531,215.364238
32,78,1875,47531,429.432403
32,79,462,47531,107.337329
32,80,20,47531,2.413116
32,81,319,47531,67.244883
32,82,2372,47531,437.535922
32,83,726,47531,174.572927
32,84,4,47531,0.583254
32,85,291,47531,71.116340
32,86,54,47531,11.090609
32,87,112,47531,15.656615
32,88,410,47531,87.630499
32,89,3306,47531,962.395372
32,90,2223,47531,813.870156
32,91,2171,47531,559.885765
32,92,748,47531,156.159888
32,93,204,47531,46.750252
32,94,302,47531,91.813191
32,95,185,47531,24.967308
32,96,4,47531,0.272853
32,97,42,47531,8.402642
32,98,2828,47531,824.685537
32,99,3891,47531,1277.696030
32,100,741,47531,193.333013
32,101,2662,47531,761.401105
32,102,877,47531,178.621025
32,103,432,47531,102.288311
32,104,0,47531,0.000000
32,105,1243,47531,278.605280
32,106,140,47531,30.900775
32,107,192,47531,32.421585
32,108,39,47531,7.195703
32,109,370,47531,73.757142
32,110,418,47531,102.958241
32,111,45,47531,9.526137
32,112,243,47531,83.226200
32,113,588,47531,124.312604
32,114,840,47531,212.263582
32,115,1967,47531,481.029174
32,116,10,47531,1.291598
32,117,251,47531,46.833765
32,118,43,47531,5.846348
32,119,161,47531,25.336152
32,120,43,47531,6.442918
32,121,284,47531,46.693601
32,122,13658,47531,4055.290259
32,123,27,47531,5.431946
32,124,532,47531,91.559273
32,125,350,47531,71.037168
32,126,248,47531,43.687727
32,127,397,47531,110.007003
32,128,392,47531,83.251349
32,129,215,47531,39.214616
32,130,137,47531,19.724701
32,131,5,47531,1.273216
32,132,878,47531,203.445605
32,133,401,47531,95.655738
32,134,269,47531,48.730733
32,135,501,47531,127.292006
32,136,307,47531,69.532082
32,137,681,47531,252.777227
32,138,407,47531,121.942222
32,139,301,47531,52.943469
32,140,280,47531,55.690745
32,141,182,47531,27.592781
32,142,280,47531,68.088733
32,143,1093,47531,256.833815
32,144,479,47531,96.086409
32,145,1061,47531,212.988245
32,146,599,47531,121.997287
32,147,85,47531,38.242345
32,148,14,47531,2.009223
32,149,786,47531,163.312813
32,150,75,47531,11.905309
32,151,17,47531,3.939245
32,152,594,47531,144.635834
32,153,329,47531,58.813511
32,154,265,47531,56.862369
32,155,5678,47531,1732.001894
32,156,646,47531,128.364873
32,157,580,47531,149.228124
32,158,13,47531,2.053962
32,159,90,47531,21.206156
32,160,324,47531,108.001799
32,161,370,47531,82.054882
32,162,223,47531,57.843222
32,163,118,47531,24.210911
32,164,214,47531,48.639144
32,165,29,47531,5.488186
32,166,347,47531,71.140999
32,167,722,47531,177.208658
32,168,1076,47531,298.507422
32,169,115,47531,26.011333
32,170,731,47531,146.668156
32,171,12,47531,1.730880
32,172,32,47531,4.740753
32,173,251,47531,50.599528
32,174,95,47531,17.327044
32,175,161,47531,29.727153
32,176,119,47531,24.107105
32,177,370,47531,65.797558
32,178,445,47531,111.521375
32,179,267,47531,70.427609
32,180,405,47531,90.559900
32,181,1579,47531,272.358702
32,182,102,47531,19.197543
32,183,1456,47531,403.886792
32,184,1869,47531,365.175683
32,185,31,47531,4.931702
32,186,539,47531,119.778070
32,187,602,47531,150.178691
32,188,32,47531,6.786290
32,189,1871,47531,552.624477
32,190,106,47531,17.058850
32,191,143,47531,27.684546
32,192,601,47531,140.610395
32,193,510,47531,157.080481
32,194,26,47531,4.920366
32,195,297,47531,79.350952
32,196,64,47531,9.706439
32,197,797,47531,185.864065
32,198,660,47531,140.660431
32,199,10,47531,2.114019
32,200,623,47531,141.605027
32,201,8895,47531,2431.741320
32,202,455,47531,73.557839
32,203,12,47531,1.926023
32,204,936,47531,215.864551
32,205,713,47531,254.441548
32,206,390,47531,105.884175
32,207,408,47531,110.940269
32,208,501,47531,90.914990
32,209,291,47531,55.495117
32,210,629,47531,116.762941
32,211,477,47531,92.945396
32,212,88,47531,15.604753
32,213,455,47531,97.539691
32,214,256,47531,72.712221
32,215,228,47531,41.616864
32,216,9,47531,1.593057
32,217,385,47531,85.571122
32,218,2737,47531,679.213703
32,219,130,47531,24.270196
32,220,418,47531,86.988021
32,221,6589,47531,1570.346067
32,222,165,47531,36.923726
32,223,247,47531,57.153509
32,224,53,47531,7.676957
32,225,167,47531,52.653282
32,226,2556,47531,548.070939
32,227,39,47531,5.428250
32,228,813,47531,202.125275
32,229,5,47531,1.978032
32,230,3,47531,0.195439
32,231,53,47531,11.477472
32,232,2840,47531,662.592274
32,233,118,47531,24.737238
32,234,1764,47531,426.961021
32,235,3229,47531,635.695703
32,236,129,47531,34.435393
32,237,1054,47531,280.549816
32,238,675,47531,186.121852
32,239,364,47531,65.861811
32,240,371,47531,99.544044
32,241,1342,47531,239.928381
32,242,936,47531,226.190608
32,243,419,47531,127.650186
32,244,250,47531,38.538119
32,245,54,47531,9.221955
32,246,1610,47531,296.882485
32,247,173,47531,34.321912
32,248,4806,47531,1123.229102
32,249,432,47531,117.837220
32,250,286,47531,50.073169
32,251,1078,47531,327.358956
32,252,1186,47531,384.201004
32,253,285,47531,48.522193
32,254,239,47531,32.649376
32,255,87,47531,13.055953
32,256,408,47531,104.805125
32,257,16,47531,1.596714
32,258,591,47531,94.782326
32,259,8,47531,1.163689
32,260,599,47531,178.505316
32,261,779,47531,195.345185
32,262,394,47531,96.719829
32,263,451,47531,119.207171
32,264,438,47531,156.040413
32,265,184,47531,56.558976
32,266,3767,47531,1085.763398
32,267,2120,47531,557.905598
32,268,50,47531,8.248187
32,269,544,47531,86.682634
32,270,1137,47531,270.670626
32,271,233,47531,60.847138
32,272,324,47531,50.798600
32,273,635,47531,136.095212
32,274,187,47531,52.952265
32,275,290,47531,82.558856
32,276,5704,47531,1618.694718
32,277,836,47531,152.513135
32,278,45,47531,5.277893
32,279,1095,47531,231.706224
32,280,199,47531,49.788814
32,281,281,47531,69.591661
32,282,655,47531,160.451493
32,283,5387,47531,2146.430830
32,284,532,47531,122.385754
32,285,234,47531,64.555436
32,286,449,47531,84.974572
32,287,528,47531,105.503714
32,288,985,47531,171.489052
32,289,511,47531,87.554891
32,290,1581,47531,421.284414
32,291,128,47531,31.600112
32,292,148,47531,25.581413
32,293,46,47531,5.883416
32,294,928,47531,223.905358
32,295,650,47531,210.860754
32,296,1276,47531,299.602410
32,297,182,47531,28.950064
32,298,208,47531,47.495301
32,299,220,47531,61.599456
32,300,307,47531,46.576842
32,301,537,47531,130.916903
32,302,420,47531,98.900753
32,303,5184,47531,1075.019035
32,304,79,47531,13.734607
32,305,132,47531,26.520269
32,306,0,47531,0.000000
32,307,353,47531,67.659849
32,308,300,47531,54.037785
32,309,285,47531,73.665673
32,310,190,47531,37.524014
32,311,97,47531,15.666754
32,312,1480,47531,347.929530
32,313,12,47531,2.464489
32,314,3011,47531,665.004368
32,315,38,47531,12.331800
32,316,225,47531,58.732588
32,317,98,47531,20.334579
32,318,371,47531,108.649756
32,319,502,47531,108.068595
32,320,49,47531,7.781938
32,321,74,47531,12.353430
32,322,176,47531,30.281229
32,323,211,47531,68.039856
32,324,47,47531,7.631062
32,325,3980,47531,830.083090
32,326,268,47531,39.316853
32,327,58,47531,8.831738
32,328,596,47531,119.289843
32,329,2575,47531,554.702711
32,330,33,47531,4.260816
32,331,4603,47531,1156.547904
32,332,504,47531,143.013269
32,333,571,47531,169.979113
32,334,25,47531,4.007556
32,335,326,47531,53.040400
32,336,57,47531,12.430526
32,337,333,47531,80.737648
32,338,1368,47531,412.760501
32,339,1951,47531,380.901836
32,340,639,47531,131.691054
32,341,990,47531,217.578594
32,342,248,47531,63.734523
32,343,196,47531,60.860245
32,344,1723,47531,443.450483
32,345,11,47531,1.804599
32,346,747,47531,144.564951
32,347,855,47531,231.153324
32,348,113,47531,22.145765
32,349,90,47531,13.153662
32,350,462,47531,146.722946
32,351,402,47531,107.554920
32,352,745,47531,211.298269
32,353,957,47531,223.772216
32,354,254,47531,40.467824
32,355,2716,47531,661.913061
32,356,86,47531,13.277329
32,357,102,47531,24.368111
32,358,645,47531,141.090019
32,359,232,47531,42.809368
32,360,117,47531,15.110741
32,361,611,47531,156.403608
32,362,360,47531,101.284862
32,363,551,47531,131.590631
32,364,852,47531,215.030847
32,365,127,47531,22.623934
32,366,709,47531,194.227599
32,367,588,47531,108.552792
32,368,997,47531,165.660222
32,369,155,47531,33.777794
32,370,4,47531,0.374876
32,371,5,47531,1.201564
32,372,2576,47531,846.886343
32,373,875,47531,196.977212
32,374,480,47531,116.635221
32,375,183,47531,41.172624
32,376,558,47531,95.419257
32,377,226,47531,61.591770
32,378,2177,47531,541.983230
32,379,541,47531,178.400628
32,380,693,47531,182.771756
32,381,72,47531,16.345883
32,382,637,47531,154.697443
32,383,1763,47531,489.484141
33,0,49,47531,7.920515
33,1,889,47531,219.369667
33,2,566,47531,161.488424
33,3,3499,47531,948.555710
33,4,405,47531,111.692071
33,5,1161,47531,189.904465
33,6,138,47531,42.060173
33,7,509,47531,90.300685
33,8,653,47531,147.064229
33,9,879,47531,246.162494
33,10,656,47531,130.545569
33,11,129,47531,19.419447
33,12,333,47531,60.043745
33,13,1920,47531,525.234978
33,14,10,47531,2.177351
33,15,130,47531,28.127624
33,16,15848,47531,4120.515484
33,17,618,47531,94.676658
33,18,250,47531,60.347028
33,19,381,47531,70.177744
33,20,45,47531,7.846380
33,21,468,47531,74.040785
33,22,845,47531,183.300039
33,23,574,47531,97.514634
33,24,496,47531,75.705693
33,25,382,47531,91.567558
33,26,164,47531,36.878942
33,27,365,47531,71.139168
33,28,789,47531,184.942228
33,29,68,47531,11.647273
33,30,871,47531,208.607567
33,31,130,47531,25.849575
33,32,2589,47531,624.676957
33,33,24,47531,3.932699
33,34,1167,47531,328.209056
33,35,460,47531,131.643463
33,36,450,47531,129.125938
33,37,155,47531,24.415436
33,38,220,47531,39.215629
33,39,302,47531,76.400567
33,40,393,47531,105.499968
33,41,190,47531,61.317514
33,42,54,47531,9.865284
33,43,139,47531,20.749451
33,44,448,47531,74.167573
33,45,133,47531,39.807712
33,46,546,47531,130.506529
33,47,16,47531,2.227314
33,48,632,47531,128.030256
33,49,134,47531,22.147442
33,50,637,47531,120.031360
33,51,297,47531,81.131243
33,52,224,47531,78.981435
33,53,176,47531,75.165862
33,54,674,47531,152.218080
33,55,417,47531,66.020782
33,56,492,47531,90.378274
33,57,294,47531,61.451278
33,58,84,47531,14.666393
33,59,405,47531,124.993212
33,60,1296,47531,287.021073
33,61,723,47531,116.292226
33,62,103,47531,23.018762
33,63,46,47531,8.016186
33,64,168,47531,29.650953
33,65,237,47531,53.858409
33,66,961,47531,260.738662
33,67,1196,47531,225.063140
33,68,482,47531,154.282467
33,69,2916,47531,690.423977
33,70,644,47531,142.753105
33,71,340,47531,53.073995
33,72,269,47531,67.221199
33,73,91,47531,15.958966
33,74,1,47531,0.079624
33,75,1185,47531,249.997109
33,76,676,47531,161.071218
33,77,302,47531,87.791909
33,78,257,47531,67.824321
33,79,213,47531,46.393868
33,80,324,47531,52.951016
33,81,454,47531,96.267149
33,82,20,47531,3.649975
33,83,464,47531,124.199036
33,84,523,47531,92.229947
33,85,141,47531,17.174129
33,86,65,47531,13.735120
33,87,100,47531,17.537358
33,88,503,47531,109.363368
33,89,97,47531,16.848415
33,90,47,47531,6.700312
33,91,507,47531,119.762700
33,92,1013,47531,280.274793
33,93,689,47531,140.481650
33,94,97,47531,20.785943
33,95,648,47531,189.941805
33,96,1029,47531,255.393797
33,97,130,47531,22.009072
33,98,526,47531,153.251756
33,99,55,47531,12.869469
33,100,137,47531,19.009498
33,101,1578,47531,360.834329
33,102,319,47531,82.605807
33,103,132,47531,25.153020
33,104,937,47531,237.306709
33,105,731,47531,175.786380
33,106,216,47531,41.262942
33,107,567,47531,137.403538
33,108,118,47531,32.719694
33,109,420,47531,177.743277
33,110,79,47531,15.881840
33,111,405,47531,121.343803
33,112,0,47531,0.000000
33,113,1246,47531,291.424402
33,114,0,47531,0.000000
33,115,689,47531,168.403129
33,116,473,47531,92.143894
33,117,558,47531,164.854558
33,118,272,47531,51.410688
33,119,1404,47531,280.915326
33,120,646,47531,113.583676
33,121,16,47531,2.259968
33,122,933,47531,199.083238
33,123,303,47531,69.731714
33,124,64,47531,15.292400
33,125,1425,47531,403.630525
33,126,1066,47531,304.236828
33,127,539,47531,119.466874
33,128,37,47531,5.798052
33,129,14,47531,3.140035
33,130,842,47531,187.068403
33,131,85,47531,14.604328
33,132,1,47531,0.434709
33,133,526,47531,156.686454
33,134,15972,47531,4800.110712
33,135,2036,47531,693.191462
33,136,97,47531,15.074723
33,137,257,47531,57.569780
33,138,536,47531,119.802739
33,139,149,47531,29.403826
33,140,183,47531,35.461991
33,141,312,47531,51.481010
33,142,104,47531,22.479566
33,143,7672,47531,2805.846777
33,144,688,47531,149.996283
33,145,777,47531,218.875453
33,146,175,47531,41.159683
33,147,1175,47531,305.163455
33,148,840,47531,189.459856
33,149,291,47531,74.963023
33,150,117,47531,17.405959
33,151,368,47531,67.687477
33,152,341,47531,80.582757
33,153,3999,47531,842.623034
33,154,1160,47531,250.615645
33,155,358,47531,79.895324
33,156,6,47531,1.290496
33,157,2367,47531,520.058995
33,158,14,47531,1.840328
33,159,1053,47531,267.389509
33,160,80,47531,17.063043
33,161,205,47531,34.518223
33,162,104,47531,16.577551
33,163,1563,47531,332.261425
33,164,448,47531,88.736781
33,165,276,47531,49.651116
33,166,263,47531,36.861438
33,167,248,47531,60.277132
33,168,288,47531,76.017234
33,169,1266,47531,346.444549
33,170,19,47531,2.372687
33,171,609,47531,138.942493
33,172,1218,47531,236.406677
33,173,353,47531,83.195090
33,174,2109,47531,445.311340
33,175,151,47531,31.244580
33,176,179,47531,36.806844
33,177,150,47531,18.296472
33,178,542,47531,102.287217
33,179,87,47531,13.158038
33,180,671,47531,109.756931
33,181,229,47531,68.235387
33,182,482,47531,146.001553
33,183,1011,47531,272.334210
33,184,994,47531,223.283766
33,185,207,47531,44.229115
33,186,1277,47531,241.302651
33,187,1663,47531,448.073988
33,188,531,47531,111.444332
33,189,732,47531,121.756331
33,190,1313,47531,265.394905
33,191,344,47531,62.184271
33,192,464,47531,101.194002
33,193,306,47531,69.590493
33,194,1465,47531,366.318507
33,195,7,47531,2.285948
33,196,912,47531,406.659940
33,197,3,47531,0.648084
33,198,1062,47531,191.220966
33,199,224,47531,35.767945
33,200,402,47531,101.176798
33,201,274,47531,70.633855
33,202,157,47531,26.392296
33,203,332,47531,81.222205
33,204,551,47531,153.049216
33,205,139,47531,20.681891
33,206,367,47531,58.630500
33,207,9278,47531,2394.288753
33,208,795,47531,144.599128
33,209,511,47531,81.596904
33,210,1012,47531,204.104206
33,211,170,47531,40.826421
33,212,1656,47531,298.321694
33,213,252,47531,61.088561
33,214,225,47531,38.072918
33,215,792,47531,267.074615
33,216,712,47531,168.613790
33,217,57,47531,11.310380
33,218,901,47531,177.706908
33,219,4,47531,0.611736
33,220,787,47531,178.752136
33,221,809,47531,168.934607
33,222,96,47531,18.501868
33,223,649,47531,121.209026
33,224,263,47531,25.067297
33,225,270,47531,36.811826
33,226,134,47531,28.528598
33,227,37,47531,6.148870
33,228,14193,47531,4808.769207
33,229,1270,47531,282.705574
33,230,239,47531,57.096745
33,231,406,47531,112.506955
33,232,1190,47531,277.812050
33,233,477,47531,96.724932
33,234,356,47531,96.957237
33,235,162,47531,23.505066
33,236,434,47531,55.550094
33,237,216,47531,34.386634
33,238,71,47531,10.335311
33,239,309,47531,90.208770
33,240,1283,47531,241.872402
33,241,457,47531,100.212848
33,242,811,47531,203.163265
33,243,42,47531,5.534128
33,244,888,47531,245.789233
33,245,782,47531,187.381424
33,246,722,47531,201.532124
33,247,615,47531,157.161820
33,248,474,47531,139.236002
33,249,21,47531,3.213452
33,250,10,47531,1.661011
33,251,354,47531,66.460457
33,252,516,47531,120.232776
33,253,327,47531,67.974949
33,254,477,47531,104.754195
33,255,105,47531,39.124023
33,256,640,47531,132.133645
33,257,235,47531,39.179253
33,258,304,47531,66.074255
33,259,1274,47531,386.100269
33,260,1979,47531,457.074818
33,261,573,47531,163.251403
33,262,139,47531,28.189278
33,263,223,47531,56.751114
33,264,662,47531,147.450194
33,265,233,47531,87.242889
33,266,473,47531,79.950230
33,267,5,47531,0.788960
33,268,344,47531,63.348822
33,269,233,47531,33.222254
33,270,545,47531,135.569985
33,271,122,47531,18.624782
33,272,167,47531,30.704584
33,273,6,47531,0.890588
33,274,1027,47531,292.574026
33,275,130,47531,22.644373
33,276,1101,47531,251.550117
33,277,896,47531,152.707509
33,278,129,47531,28.686146
33,279,39,47531,5.576940
33,280,106,47531,16.139489
33,281,1120,47531,299.148217
33,282,1183,47531,253.534811
33,283,9042,47531,2460.182495
33,284,249,47531,35.921559
33,285,27,47531,4.547560
33,286,356,47531,54.475404
33,287,314,47531,64.742103
33,288,439,47531,131.889743
33,289,94,47531,16.151054
33,290,495,47531,89.970040
33,291,389,47531,115.436186
33,292,413,47531,84.924032
33,293,256,47531,112.560565
33,294,715,47531,159.774404
33,295,551,47531,153.140835
33,296,261,47531,39.502762
33,297,634,47531,117.881408
33,298,340,47531,82.497884
33,299,737,47531,228.617696
33,300,384,47531,66.702967
33,301,2336,47531,633.799724
33,302,43,47531,6.136977
33,303,109,47531,29.182147
33,304,83,47531,12.521129
33,305,424,47531,95.219925
33,306,3250,47531,1020.193339
33,307,785,47531,141.615312
33,308,380,47531,71.382881
33,309,550,47531,237.916325
33,310,250,47531,40.122183
33,311,1215,47531,243.360809
33,312,935,47531,190.702697
33,313,634,47531,191.668583
33,314,128,47531,28.531653
33,315,851,47531,199.370223
33,316,166,47531,24.373692
33,317,2456,47531,548.618055
33,318,760,47531,168.122337
33,319,535,47531,109.209789
33,320,202,47531,39.848265
33,321,1,47531,0.075977
33,322,516,47531,127.168563
33,323,348,47531,60.692801
33,324,410,47531,88.191224
33,325,599,47531,127.695556
33,326,1432,47531,404.675035
33,327,1620,47531,290.288725
33,328,242,47531,59.250643
33,329,190,47531,28.370915
33,330,782,47531,182.830617
33,331,1145,47531,219.783527
33,332,1645,47531,579.837120
33,333,300,47531,60.823637
33,334,306,47531,72.923352
33,335,1,47531,0.327780
33,336,5,47531,1.510618
33,337,556,47531,98.925569
33,338,89,47531,13.094267
33,339,9716,47531,2333.774761
33,340,1343,47531,405.970376
33,341,14,47531,1.873259
33,342,235,47531,31.594676
33,343,2000,47531,405.462582
33,344,213,47531,44.650722
33,345,305,47531,106.788747
33,346,685,47531,169.584691
33,347,572,47531,120.577846
33,348,297,47531,53.907190
33,349,80,47531,14.162142
33,350,268,47531,73.607567
33,351,690,47531,135.287661
33,352,62,47531,10.379739
33,353,3,47531,0.304774
33,354,212,47531,37.809561
33,355,336,47531,80.787546
33,356,108,47531,14.482135
33,357,113,47531,24.592946
33,358,676,47531,223.481446
33,359,1503,47531,311.671635
33,360,162,47531,22.728579
33,361,131,47531,36.711961
33,362,833,47531,144.736382
33,363,105,47531,23.609477
33,364,496,47531,116.710243
33,365,472,47531,124.597047
33,366,1738,47531,598.561397
33,367,458,47531,103.532206
33,368,413,47531,73.833452
33,369,5590,47531,1300.739931
33,370,154,47531,31.113131
33,371,285,47531,69.755700
33,372,119,47531,19.683993
33,373,690,47531,163.643821
33,374,66,47531,12.042079
33,375,3,47531,0.457580
33,376,174,47531,24.540254
33,377,6,47531,2.051326
33,378,499,47531,137.898093
33,379,221,47531,39.916743
33,380,204,47531,35.881434
33,381,807,47531,162.816656
33,382,10,47531,1.439449
33,383,27,47531,4.016278
34,0,371,47531,89.169923
34,1,628,47531,140.674590
34,2,3,47531,0.442739
34,3,290,47531,58.533700
34,4,673,47531,173.130224
34,5,70,47531,13.779062
34,6,948,47531,209.761564
34,7,1475,47531,246.324847
34,8,1418,47531,351.101127
34,9,820,47531,221.379995
34,10,50,47531,6.443437
34,11,111,47531,27.143614
34,12,499,47531,91.826974
34,13,128,47531,32.896631
34,14,951,47531,214.395850
34,15,639,47531,120.116095
34,16,602,47531,93.780752
34,17,490,47531,163.766268
34,18,626,47531,153.736985
34,19,739,47531,149.388248
34,20,330,47531,69.606591
34,21,137,47531,31.240593
34,22,144,47531,25.222959
34,23,2,47531,0.364692
34,24,731,47531,174.723094
34,25,604,47531,157.099123
34,26,320,47531,71.659933
34,27,507,47531,117.868697
34,28,14,47531,2.176013
34,29,140,47531,28.715298
34,30,5,47531,0.896039
34,31,1181,47531,245.333561
34,32,1072,47531,290.914309
34,33,111,47531,30.001245
34,34,190,47531,21.044307
34,35,3,47531,0.317862
34,36,79,47531,14.420504
34,37,192,47531,43.875531
34,38,244,47531,46.108228
34,39,88,47531,14.893885
34,40,274,47531,83.128607
34,41,14,47531,2.216555
34,42,361,47531,89.991783
34,43,668,47531,125.222659
34,44,9675,47531,1755.181268
34,45,811,47531,103.865470
34,46,846,47531,165.025441
34,47,68,47531,14.680095
34,48,509,47531,106.169441
34,49,641,47531,163.144307
34,50,398,47531,113.450303
34,51,298,47531,58.575046
34,52,883,47531,229.560177
34,53,283,47531,58.975912
34,54,4391,47531,1180.137419
34,55,310,47531,85.816751
34,56,31,47531,5.654878
34,57,89,47531,19.950069
34,58,250,47531,43.381589
34,59,90,47531,19.945676
34,60,215,47531,45.371165
34,61,268,47531,57.871597
34,62,154,47531,33.112874
34,63,99,47531,17.708220
34,64,353,47531,92.971975
34,65,6884,47531,2223.035557
34,66,408,47531,91.174458
34,67,134,47531,36.470394
34,68,628,47531,177.772982
34,69,7252,47531,1781.807420
34,70,449,47531,90.982298
34,71,13,47531,1.957601
34,72,540,47531,129.967346
34,73,9374,47531,2357.675515
34,74,744,47531,161.358690
34,75,561,47531,118.196155
34,76,30,47531,4.072225
34,77,13,47531,1.684734
34,78,330,47531,55.423270
34,79,120,47531,19.569257
34,80,1013,47531,353.984007
34,81,545,47531,165.993982
34,82,826,47531,221.366993
34,83,264,47531,69.852697
34,84,517,47531,142.143369
34,85,34,47531,5.353462
34,86,87,47531,14.811013
34,87,106,47531,17.335354
34,88,128,47531,28.025856
34,89,94,47531,23.016280
34,90,453,47531,139.296288
34,91,70,47531,13.805465
34,92,560,47531,128.775621
34,93,288,47531,65.811959
34,94,905,47531,245.959381
34,95,652,47531,128.173602
34,96,486,47531,82.832489
34,97,300,47531,55.918641
34,98,32,47531,4.859257
34,99,196,47531,77.710786
34,100,834,47531,267.953873
34,101,1125,47531,138.198437
34,102,17,47531,2.601983
34,103,1272,47531,358.746438
34,104,170,47531,27.052157
34,105,509,47531,109.258553
34,106,601,47531,135.330314
34,107,900,47531,243.177252
34,108,1118,47531,325.100331
34,109,187,47531,40.831980
34,110,1318,47531,349.854230
34,111,475,47531,115.470965
34,112,1129,47531,219.137044
34,113,27,47531,8.131172
34,114,34,47531,8.480617
34,115,1191,47531,277.727556
34,116,386,47531,105.583754
34,117,615,47531,174.192270
34,118,15,47531,2.562118
34,119,1315,47531,392.223042
34,120,1601,47531,340.950559
34,121,99,47531,23.055123
34,122,1620,47531,290.926979
34,123,1617,47531,517.766675
34,124,466,47531,83.638659
34,125,825,47531,185.237771
34,126,208,47531,88.781111
34,127,725,47531,194.324000
34,128,1756,47531,449.997754
34,129,800,47531,220.131436
34,130,286,47531,61.196298
34,131,434,47531,93.667281
34,132,172,47531,28.249281
34,133,275,47531,52.413517
34,134,1197,47531,255.476063
34,135,66,47531,9.605119
34,136,5,47531,0.972722
34,137,517,47531,121.212456
34,138,879,47531,213.084598
34,139,88,47531,11.725736
34,140,422,47531,88.961056
34,141,528,47531,97.952297
34,142,227,47531,39.501029
34,143,163,47531,31.721719
34,144,100,47531,15.508123
34,145,11,47531,2.676835
34,146,1245,47531,456.441628
34,147,441,47531,133.339803
34,148,5550,47531,1385.317631
34,149,1079,47531,300.677519
34,150,60,47531,11.075836
34,151,10,47531,1.255708
34,152,408,47531,134.930316
34,153,31,47531,5.064617
34,154,1171,47531,290.121645
34,155,721,47531,186.274503
34,156,315,47531,77.036744
34,157,161,47531,35.829658
34,158,520,47531,150.545730
34,159,371,47531,79.033694
34,160,226,47531,69.765884
34,161,126,47531,18.514945
34,162,6032,47531,1371.414011
34,163,80,47531,14.287060
34,164,1589,47531,320.299526
34,165,0,47531,0.000000
34,166,830,47531,139.921198
34,167,3099,47531,640.288044
34,168,323,47531,101.726451
34,169,197,47531,42.211612
34,170,573,47531,100.117648
34,171,450,47531,120.585720
34,172,410,47531,83.087967
34,173,593,47531,96.014019
34,174,120,47531,24.344474
34,175,145,47531,20.646899
34,176,6,47531,0.848768
34,177,516,47531,120.796215
34,178,2630,47531,774.234045
34,179,841,47531,218.272870
34,180,507,47531,41.301959
34,181,163,47531,28.485658
34,182,47,47531,6.685871
34,183,5547,47531,1275.607263
34,184,67,47531,15.582963
34,185,1408,47531,298.915538
34,186,823,47531,194.594887
34,187,859,47531,183.950986
34,188,1375,47531,313.684639
34,189,49,47531,10.911174
34,190,220,47531,38.020178
34,191,247,47531,60.751386
34,192,317,47531,57.250833
34,193,431,47531,117.674937
34,194,64,47531,12.359212
34,195,22,47531,3.441740
34,196,320,47531,65.876251
34,197,0,47531,0.000000
34,198,389,47531,109.593967
34,199,125,47531,18.014444
34,200,780,47531,179.028617
34,201,609,47531,212.326370
34,202,1,47531,0.211063
34,203,771,47531,188.574891
34,204,1929,47531,549.795645
34,205,264,47531,44.005347
34,206,251,47531,54.292883
34,207,446,47531,74.661529
34,208,218,47531,37.151619
34,209,1149,47531,278.594058
34,210,799,47531,184.196590
34,211,558,47531,144.228618
34,212,505,47531,132.222513
34,213,373,47531,86.434788
34,214,182,47531,30.774450
34,215,894,47531,165.285856
34,216,204,47531,64.360835
34,217,62,47531,11.817794
34,218,555,47531,181.299840
34,219,282,47531,100.563664
34,220,308,47531,79.264967
34,221,461,47531,189.262199
34,222,19,47531,2.468444
34,223,1074,47531,321.149922
34,224,125,47531,27.957887
34,225,1030,47531,197.277290
34,226,257,47531,23.418370
34,227,580,47531,124.184263
34,228,888,47531,252.029163
34,229,761,47531,138.034906
34,230,45,47531,15.588213
34,231,396,47531,72.438795
34,232,129,47531,27.998252
34,233,367,47531,71.891676
34,234,341,47531,75.486464
34,235,17126,47531,6656.002315
34,236,496,47531,99.941025
34,237,166,47531,27.332802
34,238,113,47531,26.115405
34,239,724,47531,210.230858
34,240,203,47531,66.164949
34,241,520,47531,141.239683
34,242,231,47531,37.663022
34,243,73,47531,12.551780
34,244,51,47531,10.333065
34,245,2549,47531,651.240255
34,246,510,47531,122.781718
34,247,264,47531,52.282319
34,248,424,47531,136.049436
34,249,384,47531,82.206496
34,250,1442,47531,274.999098
34,251,298,47531,58.107209
34,252,744,47531,176.630602
34,253,726,47531,221.701517
34,254,77,47531,14.719276
34,255,138,47531,29.001239
34,256,211,47531,37.223570
34,257,131,47531,26.891965
34,258,8840,47531,2515.416847
34,259,441,47531,86.524435
34,260,190,47531,36.550663
34,261,1599,47531,293.508472
34,262,502,47531,103.374642
34,263,339,47531,63.276642
34,264,1137,47531,258.523706
34,265,711,47531,190.541935
34,266,44,47531,7.405362
34,267,8,47531,1.301420
34,268,899,47531,616.286892
34,269,1767,47531,436.677948
34,270,485,47531,129.497332
34,271,396,47531,75.974778
34,272,23,47531,6.090192
34,273,65,47531,10.826298
34,274,310,47531,56.533930
34,275,3614,47531,771.767219
34,276,372,47531,68.908250
34,277,618,47531,155.709140
34,278,419,47531,69.291220
34,279,66,47531,15.219960
34,280,3378,47531,1027.090531
34,281,419,47531,105.068913
34,282,249,47531,43.994960
34,283,277,47531,110.698548
34,284,551,47531,146.739397
34,285,148,47531,23.790732
34,286,802,47531,181.793155
34,287,6099,47531,1370.115017
34,288,964,47531,187.992645
34,289,112,47531,22.658382
34,290,1167,47531,270.964317
34,291,476,47531,94.816768
34,292,27,47531,4.656415
34,293,890,47531,213.989476
34,294,510,47531,132.729137
34,295,4,47531,0.388128
34,296,628,47531,114.856521
34,297,515,47531,132.745766
34,298,347,47531,67.508519
34,299,686,47531,177.635977
34,300,53,47531,12.582110
34,301,134,47531,24.544538
34,302,162,47531,29.187226
34,303,0,47531,0.000000
34,304,217,47531,55.864392
34,305,56,47531,11.621299
34,306,431,47531,139.062780
34,307,4780,47531,953.647985
34,308,312,47531,55.989299
34,309,627,47531,210.570047
34,310,118,47531,19.824837
34,311,266,47531,45.258408
34,312,147,47531,20.793281
34,313,164,47531,26.548688
34,314,212,47531,43.435656
34,315,43,47531,7.966499
34,316,719,47531,110.699303
34,317,1999,47531,428.746997
34,318,2562,47531,632.308391
34,319,6686,47531,1475.377811
34,320,1,47531,0.195136
34,321,402,47531,80.525808
34,322,322,47531,82.120686
34,323,430,47531,111.306016
34,324,1001,47531,305.545223
34,325,1025,47531,214.302463
34,326,193,47531,51.618948
34,327,306,47531,74.715262
34,328,590,47531,182.005595
34,329,375,47531,103.329206
34,330,547,47531,153.253330
34,331,183,47531,53.251461
34,332,948,47531,237.984446
34,333,990,47531,254.580984
34,334,161,47531,29.692946
34,335,581,47531,169.600824
34,336,187,47531,31.301594
34,337,324,47531,56.442826
34,338,307,47531,65.395788
34,339,274,47531,65.896501
34,340,122,47531,22.655023
34,341,341,47531,59.337664
34,342,1619,47531,365.955455
34,343,569,47531,100.384719
34,344,794,47531,741.808118
34,345,451,47531,73.766873
34,346,132,47531,32.597966
34,347,9,47531,1.085102
34,348,1516,47531,294.351946
34,349,273,47531,61.918741
34,350,129,47531,31.805630
34,351,761,47531,108.928171
34,352,223,47531,40.946567
34,353,91,47531,15.543634
34,354,68,47531,10.026440
34,355,1554,47531,342.372932
34,356,827,47531,186.651854
34,357,710,47531,136.456304
34,358,665,47531,161.033571
34,359,467,47531,137.694516
34,360,142,47531,24.137031
34,361,292,47531,48.010103
34,362,74,47531,13.693836
34,363,117,47531,37.348420
34,364,93,47531,15.499590
34,365,171,47531,35.687410
34,366,1340,47531,299.011861
34,367,277,47531,74.505624
34,368,1852,47531,420.590823
34,369,966,47531,231.424226
34,370,1205,47531,306.169337
34,371,305,47531,49.621461
34,372,127,47531,23.775057
34,373,1099,47531,226.771229
34,374,352,47531,73.098938
34,375,16,47531,2.540985
34,376,874,47531,232.364128
34,377,86,47531,15.621461
34,378,5,47531,0.874246
34,379,719,47531,146.168791
34,380,501,47531,130.378671
34,381,964,47531,308.041942
34,382,299,47531,64.183215
34,383,32,47531,6.504748
35,0,109,47531,17.617208
35,1,89,47531,17.096807
35,2,187,47531,31.768069
35,3,172,47531,57.529203
35,4,2997,47531,818.315203
35,5,267,47531,46.321683
35,6,332,47531,47.725186
35,7,132,47531,26.992730
35,8,171,47531,43.279260
35,9,520,47531,128.528150
35,10,5,47531,0.637205
35,11,782,47531,147.487987
35,12,117,47531,35.178347
35,13,932,47531,205.729474
35,14,173,47531,37.963540
35,15,92,47531,16.792770
35,16,472,47531,95.420314
35,17,878,47531,152.958864
35,18,649,47531,128.724435
35,19,343,47531,113.745129
35,20,565,47531,149.119465
35,21,267,47531,52.951914
35,22,92,47531,18.621372
35,23,252,47531,72.595213
35,24,926,47531,231.435146
35,25,2064,47531,521.847500
35,26,403,47531,103.143003
35,27,116,47531,21.351183
35,28,949,47531,182.326607
35,29,51,47531,9.791910
35,30,360,47531,49.842258
35,31,122,47531,21.205428
35,32,0,47531,0.000000
35,33,544,47531,134.071056
35,34,1312,47531,302.482076
35,35,149,47531,44.713813
35,36,625,47531,189.114035
35,37,283,47531,76.643153
35,38,2026,47531,574.912639
35,39,274,47531,66.617609
35,40,1956,47531,387.148306
35,41,379,47531,70.778785
35,42,1384,47531,388.681895
35,43,31,47531,4.096429
35,44,359,47531,86.001037
35,45,4,47531,1.260540
35,46,2548,47531,707.428784
35,47,396,47531,110.817172
35,48,9,47531,1.292743
35,49,933,47531,230.535474
35,50,116,47531,21.274352
35,51,762,47531,197.362109
35,52,972,47531,212.701899
35,53,234,47531,55.767181
35,54,92,47531,13.150707
35,55,2,47531,0.453565
35,56,43,47531,8.266650
35,57,0,47531,0.000000
35,58,593,47531,158.147888
35,59,1135,47531,299.843842
35,60,32,47531,4.074697
35,61,16137,47531,5893.033051
35,62,218,47531,37.974127
35,63,1247,47531,330.884141
35,64,518,47531,137.951617
35,65,1,47531,0.219508
35,66,37,47531,4.855978
35,67,73,47531,11.814981
35,68,193,47531,40.084860
35,69,49,47531,15.904437
35,70,7544,47531,1664.834524
35,71,269,47531,70.627287
35,72,451,47531,94.399858
35,73,415,47531,91.663815
35,74,430,47531,118.064137
35,75,1825,47531,488.813073
35,76,55,47531,12.500591
35,77,239,47531,47.785720
35,78,111,47531,18.553300
35,79,1523,47531,396.733299
35,80,723,47531,183.493568
35,81,224,47531,41.234991
35,82,122,47531,20.483251
35,83,123,47531,22.203178
35,84,807,47531,169.115696
35,85,131,47531,42.120998
35,86,454,47531,125.549893
35,87,327,47531,75.622699
35,88,1439,47531,423.343875
35,89,9674,47531,1961.867171
35,90,76,47531,12.611792
35,91,428,47531,97.415492
35,92,317,47531,87.725505
35,93,735,47531,161.423603
35,94,313,47531,71.517126
35,95,9,47531,2.041770
35,96,25,47531,3.657438
35,97,194,47531,41.517742
35,98,785,47531,182.462678
35,99,88,47531,11.235930
35,100,804,47531,203.137625
35,101,59,47531,11.157725
35,102,375,47531,122.893224
35,103,2690,47531,500.633749
35,104,1885,47531,528.638798
35,105,153,47531,27.017538
35,106,470,47531,117.986652
35,107,296,47531,81.670436
35,108,130,47531,28.427225
35,109,138,47531,30.180214
35,110,738,47531,152.166668
35,111,130,47531,23.081496
35,112,810,47531,215.438086
35,113,306,47531,56.963741
35,114,355,47531,85.435018
35,115,1691,47531,365.251588
35,116,1522,47531,384.910071
35,117,609,47531,106.009926
35,118,2288,47531,690.376694
35,119,702,47531,175.908912
35,120,343,47531,63.661933
35,121,389,47531,96.690361
35,122,311,47531,64.765213
35,123,120,47531,19.828216
35,124,433,47531,99.440871
35,125,150,47531,37.936364
35,126,35,47531,5.435279
35,127,1593,47531,511.587211
35,128,0,47531,0.000000
35,129,119,47531,20.342487
35,130,115,47531,23.874500
35,131,229,47531,40.791579
35,132,230,47531,34.959261
35,133,697,47531,157.461664
35,134,256,47531,48.665639
35,135,209,47531,40.572394
35,136,507,47531,117.323557
35,137,0,47531,0.000000
35,138,11,47531,1.500852
35,139,627,47531,118.424706
35,140,255,47531,49.114817
35,141,669,47531,165.570405
35,142,16,47531,2.146918
35,143,0,47531,0.000000
35,144,939,47531,246.097037
35,145,730,47531,175.000061
35,146,299,47531,46.998346
35,147,297,47531,79.008839
35,148,5,47531,1.128664
35,149,363,47531,88.582006
35,150,35,47531,7.426092
35,151,144,47531,26.056227
35,152,606,47531,168.647977
35,153,2257,47531,445.564777
35,154,479,47531,109.925504
35,155,783,47531,190.628605
35,156,0,47531,0.000000
35,157,690,47531,166.165641
35,158,390,47531,81.843980
35,159,749,47531,108.548455
35,160,1418,47531,266.318854
35,161,554,47531,141.917205
35,162,1584,47531,305.641681
35,163,215,47531,36.654068
35,164,511,47531,100.524032
35,165,499,47531,155.437457
35,166,1558,47531,370.515505
35,167,303,47531,44.145055
35,168,94,47531,16.774913
35,169,666,47531,84.976721
35,170,251,47531,62.552200
35,171,1027,47531,238.874352
35,172,458,47531,111.842423
35,173,195,47531,39.502092
35,174,537,47531,118.950599
35,175,11,47531,1.694302
35,176,307,47531,65.792801
35,177,920,47531,312.456648
35,178,375,47531,77.147045
35,179,61,47531,10.202456
35,180,408,47531,76.842305
35,181,71,47531,11.528450
35,182,1423,47531,410.281582
35,183,131,47531,25.114232
35,184,170,47531,28.418272
35,185,94,47531,15.679843
35,186,432,47531,93.476033
35,187,778,47531,146.623155
35,188,144,47531,34.536629
35,189,3,47531,0.411470
35,190,274,47531,51.603028
35,191,969,47531,200.690644
35,192,0,47531,0.000000
35,193,1404,47531,323.483072
35,194,320,47531,76.473263
35,195,1612,47531,438.180296
35,196,248,47531,49.760142
35,197,98,47531,16.020887
35,198,344,47531,93.619610
35,199,1132,47531,304.004803
35,200,363,47531,87.426554
35,201,1216,47531,323.829503
35,202,2,47531,0.282954
35,203,649,47531,146.188114
35,204,251,47531,60.081733
35,205,306,47531,79.782462
35,206,421,47531,113.219090
35,207,907,47531,211.087531
35,208,80,47531,15.304373
35,209,517,47531,109.850616
35,210,213,47531,32.940484
35,211,186,47531,44.331525
35,212,135,47531,29.567940
35,213,193,47531,40.121868
35,214,131,47531,51.881585
35,215,11712,47531,3899.019390
35,216,303,47531,57.631678
35,217,60,47531,9.280103
35,218,1355,47531,370.056868
35,219,325,47531,70.768901
35,220,56,47531,11.150209
35,221,38,47531,6.566495
35,222,44,47531,8.505849
35,223,304,47531,73.581325
35,224,429,47531,96.377027
35,225,147,47531,21.487937
35,226,0,47531,0.000000
35,227,3155,47531,512.545275
35,228,74,47531,10.365945
35,229,722,47531,128.463558
35,230,582,47531,92.476957
35,231,3,47531,0.789082
35,232,461,47531,120.553858
35,233,924,47531,240.013365
35,234,996,47531,325.178616
35,235,3511,47531,615.356288
35,236,211,47531,52.990187
35,237,14593,47531,5009.020413
35,238,32,47531,6.122599
35,239,237,47531,52.339412
35,240,1233,47531,290.307764
35,241,46,47531,7.320356
35,242,628,47531,145.870222
35,243,494,47531,109.045210
35,244,412,47531,104.010889
35,245,82,47531,8.427450
35,246,452,47531,138.056563
35,247,717,47531,147.275782
35,248,833,47531,218.769700
35,249,201,47531,40.986244
35,250,487,47531,133.973434
35,251,1753,47531,418.674161
35,252,1418,47531,340.190551
35,253,152,47531,27.600885
35,254,400,47531,99.587349
35,255,424,47531,102.911151
35,256,29,47531,4.207669
35,257,6,47531,1.508199
35,258,627,47531,155.469274
35,259,2815,47531,591.501838
35,260,166,47531,40.264651
35,261,242,47531,36.538848
35,262,530,47531,93.078786
35,263,172,47531,29.033928
35,264,116,47531,18.152944
35,265,278,47531,61.192271
35,266,1802,47531,415.998600
35,267,383,47531,113.981840
35,268,173,47531,24.015983
35,269,75,47531,14.437556
35,270,353,47531,57.863666
35,271,400,47531,119.339775
35,272,159,47531,30.182267
35,273,234,47531,49.812860
35,274,345,47531,51.973581
35,275,502,47531,94.443108
35,276,77,47531,12.592291
35,277,815,47531,158.146675
35,278,151,47531,34.014447
35,279,374,47531,103.250284
35,280,662,47531,190.232462
35,281,370,47531,113.294827
35,282,255,47531,58.855131
35,283,185,47531,33.192038
35,284,1187,47531,260.374957
35,285,877,47531,161.482967
35,286,1218,47531,288.693421
35,287,517,47531,113.854576
35,288,15,47531,2.327874
35,289,699,47531,206.462071
35,290,18,47531,2.270361
35,291,5,47531,1.276321
35,292,2963,47531,606.829256
35,293,1739,47531,664.219558
35,294,307,47531,71.914316
35,295,624,47531,154.227684
35,296,567,47531,167.869553
35,297,1,47531,0.187455
35,298,191,47531,35.204083
35,299,176,47531,49.779084
35,300,346,47531,109.381411
35,301,1,47531,0.145449
35,302,101,47531,15.965383
35,303,998,47531,261.448141
35,304,646,47531,186.748893
35,305,434,47531,102.733458
35,306,9997,47531,2127.737288
35,307,473,47531,93.199011
35,308,29,47531,3.976548
35,309,424,47531,79.955833
35,310,508,47531,115.599573
35,311,920,47531,159.703491
35,312,947,47531,275.962365
35,313,1350,47531,363.790290
35,314,31,47531,4.697481
35,315,1152,47531,225.502622
35,316,1154,47531,628.981063
35,317,713,47531,150.758577
35,318,699,47531,153.585150
35,319,646,47531,245.448164
35,320,285,47531,67.866287
35,321,513,47531,131.025820
35,322,353,47531,85.167018
35,323,215,47531,47.110373
35,324,1539,47531,370.365578
35,325,324,47531,49.554405
35,326,1891,47531,448.578498
35,327,161,47531,35.787682
35,328,232,47531,46.464946
35,329,124,47531,30.771293
35,330,895,47531,200.358637
35,331,37,47531,6.447230
35,332,1170,47531,299.614974
35,333,1074,47531,193.617210
35,334,634,47531,140.060339
35,335,4766,47531,996.094384
35,336,1345,47531,353.949706
35,337,502,47531,116.337295
35,338,504,47531,131.089807
35,339,675,47531,146.732337
35,340,408,47531,132.055386
35,341,656,47531,180.929881
35,342,196,47531,37.860478
35,343,76,47531,12.136994
35,344,725,47531,159.741576
35,345,247,47531,65.828279
35,346,441,47531,94.180669
35,347,1207,47531,297.237275
35,348,356,47531,81.707998
35,349,405,47531,77.683804
35,350,544,47531,139.699631
35,351,61,47531,12.539462
35,352,513,47531,133.906040
35,353,411,47531,109.696391
35,354,586,47531,157.849463
35,355,3923,47531,938.324544
35,356,3638,47531,687.879146
35,357,211,47531,42.311234
35,358,50,47531,11.682052
35,359,594,47531,142.220145
35,360,357,47531,84.548550
35,361,174,47531,28.299253
35,362,201,47531,37.307179
35,363,244,47531,57.859737
35,364,669,47531,134.148298
35,365,4847,47531,1038.136981
35,366,269,47531,122.720803
35,367,127,47531,28.543889
35,368,504,47531,159.622793
35,369,449,47531,68.030352
35,370,732,47531,165.530037
35,371,221,47531,54.535238
35,372,288,47531,77.959672
35,373,219,47531,43.300979
35,374,812,47531,170.507854
35,375,0,47531,0.000000
35,376,145,47531,40.432671
35,377,1590,47531,365.512470
35,378,2506,47531,607.461617
35,379,436,47531,100.228251
35,380,264,47531,35.483758
35,381,1040,47531,229.650551
35,382,903,47531,233.059878
35,383,219,47531,40.046594
36,0,214,47531,28.711058
36,1,6604,47531,1486.783459
36,2,240,47531,52.937531
36,3,995,47531,230.630956
36,4,1229,47531,424.575006
36,5,259,47531,52.732583
36,6,324,47531,81.737558
36,7,802,47531,304.079147
36,8,486,47531,124.692885
36,9,1756,47531,416.319399
36,10,174,47531,40.989281
36,11,165,47531,27.486275
36,12,868,47531,221.178689
36,13,748,47531,211.958843
36,14,273,47531,45.874065
36,15,394,47531,94.418915
36,16,661,47531,150.876977
36,17,863,47531,246.748730
36,18,178,47531,31.688399
36,19,206,47531,58.272335
36,20,6,47531,1.490673
36,21,550,47531,148.680195
36,22,1803,47531,333.197413
36,23,102,47531,31.844722
36,24,577,47531,135.481434
36,25,410,47531,138.740005
36,26,602,47531,147.539330
36,27,969,47531,252.906608
36,28,2478,47531,554.826169
36,29,826,47531,162.872707
36,30,86,47531,15.820628
36,31,206,47531,28.013526
36,32,161,47531,34.543963
36,33,130,47531,19.624401
36,34,168,47531,25.342110
36,35,139,47531,25.282086
36,36,1664,47531,504.720154
36,37,344,47531,78.303273
36,38,51,47531,7.372481
36,39,0,47531,0.000000
36,40,221,47531,31.671194
36,41,1138,47531,286.013392
36,42,744,47531,131.506303
36,43,1274,47531,338.878125
36,44,108,47531,30.392580
36,45,439,47531,117.404211
36,46,242,47531,60.759166
36,47,756,47531,219.800829
36,48,32,47531,4.424188
36,49,0,47531,0.000000
36,50,584,47531,140.072526
36,51,504,47531,101.338332
36,52,1904,47531,532.899076
36,53,173,47531,47.867089
36,54,29,47531,4.682573
36,55,389,47531,83.665523
36,56,826,47531,137.517775
36,57,648,47531,194.164329
36,58,358,47531,71.598533
36,59,2379,47531,735.355573
36,60,653,47531,198.744235
36,61,190,47531,27.523642
36,62,81,47531,14.155382
36,63,732,47531,198.136499
36,64,466,47531,75.434040
36,65,697,47531,179.564781
36,66,31,47531,4.209748
36,67,393,47531,110.027992
36,68,4,47531,1.139595
36,69,649,47531,135.648771
36,70,233,47531,82.433641
36,71,1805,47531,405.671445
36,72,643,47531,171.156160
36,73,655,47531,190.060879
36,74,251,47531,79.044538
36,75,5,47531,0.969748
36,76,2223,47531,624.546363
36,77,519,47531,124.208492
36,78,344,47531,56.564388
36,79,262,47531,71.615978
36,80,4671,47531,1159.352320
36,81,19,47531,3.864935
36,82,1314,47531,270.598017
36,83,208,47531,38.795304
36,84,1670,47531,451.506892
36,85,382,47531,168.745523
36,86,8,47531,1.743201
36,87,247,47531,50.520300
36,88,15,47531,2.387381
36,89,119,47531,23.653848
36,90,26,47531,9.244930
36,91,584,47531,109.915721
36,92,1,47531,0.054028
36,93,655,47531,114.438373
36,94,271,47531,56.638649
36,95,2085,47531,603.938758
36,96,149,47531,31.690757
36,97,30,47531,4.430751
36,98,1601,47531,454.321021
36,99,1070,47531,322.389706
36,100,859,47531,238.884410
36,101,479,47531,100.870166
36,102,467,47531,90.518852
36,103,914,47531,214.078636
36,104,302,47531,47.227180
36,105,27,47531,4.496914
36,106,231,47531,46.332175
36,107,103,47531,25.410900
36,108,314,47531,55.231746
36,109,106,47531,19.916122
36,110,12,47531,1.867297
36,111,1208,47531,89.321276
36,112,191,47531,47.371954
36,113,296,47531,71.693088
36,114,2045,47531,384.841159
36,115,36,47531,6.691932
36,116,178,47531,44.289385
36,117,40,47531,8.041273
36,118,397,47531,67.879045
36,119,184,47531,35.431030
36,120,82,47531,12.576057
36,121,2432,47531,508.145113
36,122,14,47531,1.498194
36,123,920,47531,234.039720
36,124,52,47531,7.988701
36,125,174,47531,30.791671
36,126,2809,47531,611.339060
36,127,476,47531,136.606639
36,128,145,47531,22.244686
36,129,214,47531,57.380001
36,130,505,47531,177.079856
36,131,0,47531,0.000000
36,132,65,47531,9.581607
36,133,2994,47531,689.705569
36,134,791,47531,202.041214
36,135,449,47531,71.603749
36,136,165,47531,24.951288
36,137,36,47531,5.672225
36,138,691,47531,226.747953
36,139,973,47531,237.951625
36,140,12121,47531,3234.184063
36,141,306,47531,82.042159
36,142,547,47531,136.951316
36,143,309,47531,52.103537
36,144,85,47531,14.961291
36,145,322,47531,55.656990
36,146,486,47531,96.218252
36,147,282,47531,113.781374
36,148,108,47531,17.260193
36,149,196,47531,40.067497
36,150,470,47531,121.595930
36,151,323,47531,59.331802
36,152,470,47531,148.797103
36,153,5,47531,0.848003
36,154,84,47531,15.020865
36,155,152,47531,27.021274
36,156,260,47531,63.523277
36,157,948,47531,200.233261
36,158,19202,47531,6585.379196
36,159,378,47531,112.819183
36,160,1296,47531,267.956050
36,161,109,47531,26.453203
36,162,210,47531,32.671960
36,163,1049,47531,305.456741
36,164,362,47531,95.420489
36,165,369,47531,111.624579
36,166,701,47531,222.116858
36,167,836,47531,223.463207
36,168,131,47531,27.251723
36,169,946,47531,221.360893
36,170,241,47531,56.199018
36,171,1821,47531,393.714175
36,172,566,47531,130.367128
36,173,804,47531,161.903047
36,174,967,47531,195.482937
36,175,57,47531,9.085935
36,176,254,47531,48.398202
36,177,269,47531,67.766972
36,178,177,47531,58.556673
36,179,586,47531,185.724462
36,180,884,47531,204.954350
36,181,188,47531,33.619156
36,182,683,47531,155.545900
36,183,1044,47531,229.843033
36,184,305,47531,76.808755
36,185,112,47531,18.040825
36,186,498,47531,17.115842
36,187,414,47531,144.429020
36,188,39,47531,8.307495
36,189,332,47531,70.447426
36,190,854,47531,152.764737
36,191,616,47531,116.930642
36,192,1551,47531,327.468853
36,193,13,47531,3.686275
36,194,487,47531,146.889768
36,195,535,47531,143.793266
36,196,1453,47531,400.817754
36,197,1102,47531,203.981785
36,198,5,47531,0.801367
36,199,430,47531,94.067268
36,200,187,47531,49.361109
36,201,443,47531,91.242676
36,202,802,47531,289.615989
36,203,214,47531,27.529677
36,204,1365,47531,345.718959
36,205,215,47531,53.082899
36,206,5,47531,0.852526
36,207,121,47531,24.632462
36,208,493,47531,131.665115
36,209,253,47531,53.829903
36,210,725,47531,201.519701
36,211,322,47531,61.598636
36,212,1359,47531,445.462854
36,213,373,47531,112.997679
36,214,8701,47531,1587.759646
36,215,751,47531,32.686521
36,216,124,47531,21.362012
36,217,157,47531,30.713737
36,218,211,47531,54.806673
36,219,367,47531,90.496030
36,220,1739,47531,554.727811
36,221,966,47531,67.008253
36,222,198,47531,36.545440
36,223,887,47531,274.603891
36,224,264,47531,45.442199
36,225,282,47531,85.581969
36,226,2111,47531,395.834468
36,227,457,47531,97.536151
36,228,181,47531,28.934438
36,229,558,47531,131.394545
36,230,142,47531,24.667002
36,231,1581,47531,308.989010
36,232,972,47531,228.716541
36,233,1897,47531,541.434933
36,234,722,47531,180.731115
36,235,61,47531,8.969677
36,236,373,47531,82.438976
36,237,8,47531,1.882071
36,238,1258,47531,319.847238
36,239,417,47531,63.752727
36,240,171,47531,25.016031
36,241,13,47531,2.189484
36,242,391,47531,87.078033
36,243,287,47531,69.749133
36,244,1016,47531,349.152174
36,245,317,47531,61.991598
36,246,250,47531,42.497603
36,247,205,47531,33.015177
36,248,794,47531,229.157753
36,249,189,47531,49.800398
36,250,264,47531,88.979386
36,251,14,47531,1.887419
36,252,992,47531,215.655746
36,253,1278,47531,234.024043
36,254,120,47531,21.519211
36,255,358,47531,83.177861
36,256,39,47531,6.275077
36,257,349,47531,165.639789
36,258,674,47531,153.080863
36,259,207,47531,66.567331
36,260,340,47531,69.272273
36,261,471,47531,125.018812
36,262,1012,47531,304.761774
36,263,47,47531,7.095003
36,264,694,47531,133.540168
36,265,474,47531,146.337302
36,266,843,47531,218.246657
36,267,26,47531,4.133384
36,268,384,47531,87.210636
36,269,88,47531,15.437965
36,270,227,47531,36.795221
36,271,462,47531,122.616563
36,272,861,47531,267.123659
36,273,534,47531,112.413838
36,274,287,47531,29.710582
36,275,31,47531,6.058398
36,276,303,47531,58.140717
36,277,1117,47531,377.592763
36,278,174,47531,40.134042
36,279,1438,47531,379.553423
36,280,306,47531,53.896984
36,281,488,47531,113.914449
36,282,62,47531,8.738274
36,283,281,47531,57.172683
36,284,2193,47531,395.841431
36,285,334,47531,64.497360
36,286,566,47531,108.793535
36,287,831,47531,200.702598
36,288,1208,47531,213.129286
36,289,421,47531,114.377056
36,290,154,47531,28.197495
36,291,392,47531,103.664755
36,292,769,47531,196.264612
36,293,692,47531,152.068261
36,294,200,47531,44.517628
36,295,175,47531,38.504391
36,296,789,47531,155.448851
36,297,3,47531,0.535389
36,298,419,47531,87.466615
36,299,620,47531,158.967579
36,300,3101,47531,798.630390
36,301,4437,47531,846.833058
36,302,2228,47531,475.899381
36,303,203,47531,43.445556
36,304,531,47531,101.049757
36,305,1848,47531,382.440854
36,306,387,47531,87.527952
36,307,361,47531,108.577967
36,308,444,47531,114.461126
36,309,8,47531,1.205470
36,310,1183,47531,268.124792
36,311,196,47531,37.499353
36,312,48,47531,7.422445
36,313,4147,47531,1253.477221
36,314,1131,47531,233.858920
36,315,1221,47531,304.710645
36,316,132,47531,20.410149
36,317,998,47531,219.240072
36,318,593,47531,98.629923
36,319,123,47531,20.307948
36,320,97,47531,14.508163
36,321,120,47531,24.829580
36,322,4161,47531,959.966588
36,323,473,47531,86.811659
36,324,420,47531,144.910090
36,325,462,47531,115.144010
36,326,8570,47531,2045.995845
36,327,820,47531,194.646080
36,328,227,47531,61.436249
36,329,854,47531,165.634949
36,330,71,47531,12.456718
36,331,7,47531,1.170564
36,332,410,47531,101.305203
36,333,463,47531,137.832702
36,334,449,47531,90.159924
36,335,0,47531,0.000000
36,336,1185,47531,169.905069
36,337,438,47531,142.950920
36,338,81,47531,15.320763
36,339,1989,47531,449.084123
36,340,214,47531,45.880334
36,341,1,47531,0.308633
36,342,381,47531,72.164278
36,343,758,47531,174.000111
36,344,77,47531,14.642066
36,345,348,47531,103.378398
36,346,1831,47531,850.296686
36,347,5,47531,1.301618
36,348,523,47531,127.454823
36,349,380,47531,98.947907
36,350,737,47531,158.422164
36,351,5229,47531,1507.213392
36,352,393,47531,72.950768
36,353,2493,47531,513.130515
36,354,817,47531,166.463341
36,355,500,47531,138.845021
36,356,608,47531,170.906438
36,357,107,47531,25.469589
36,358,49,47531,12.697004
36,359,2266,47531,431.788490
36,360,30,47531,3.347033
36,361,911,47531,218.501034
36,362,786,47531,180.803477
36,363,994,47531,216.141972
36,364,147,47531,21.759518
36,365,47,47531,13.789898
36,366,863,47531,201.807691
36,367,296,47531,71.894610
36,368,276,47531,52.897480
36,369,957,47531,287.471517
36,370,709,47531,1059.742115
36,371,643,47531,174.184998
36,372,1264,47531,424.898220
36,373,425,47531,86.163963
36,374,689,47531,200.841079
36,375,88,47531,16.529211
36,376,130,47531,24.434555
36,377,298,47531,43.775964
36,378,428,47531,148.133777
36,379,91,47531,28.730776
36,380,445,47531,153.667002
36,381,501,47531,94.164252
36,382,739,47531,196.828367
36,383,43,47531,5.772358
37,0,375,47531,83.401315
37,1,298,47531,56.635065
37,2,633,47531,199.456114
37,3,1293,47531,262.564054
37,4,999,47531,175.311882
37,5,526,47531,126.424672
37,6,1488,47531,326.294225
37,7,288,47531,87.684402
37,8,719,47531,187.949438
37,9,110,47531,24.035935
37,10,534,47531,143.294496
37,11,56,47531,9.152296
37,12,1801,47531,416.111792
37,13,853,47531,178.760892
37,14,461,47531,98.642372
37,15,388,47531,93.680245
37,16,367,47531,157.987977
37,17,137,47531,19.226821
37,18,392,47531,101.035886
37,19,3309,47531,674.367014
37,20,526,47531,108.656228
37,21,278,47531,48.245466
37,22,494,47531,86.275664
37,23,579,47531,203.373598
37,24,323,47531,57.052429
37,25,39,47531,5.126013
37,26,1417,47531,459.244870
37,27,257,47531,36.544961
37,28,345,47531,70.299711
37,29,109,47531,25.186825
37,30,690,47531,262.642427
37,31,288,47531,67.634839
37,32,810,47531,230.902575
37,33,734,47531,131.024823
37,34,367,47531,106.772932
37,35,1543,47531,322.169076
37,36,561,47531,118.473099
37,37,539,47531,127.175532
37,38,17623,47531,6172.955882
37,39,684,47531,170.511635
37,40,266,47531,46.406126
37,41,5,47531,0.957173
37,42,1849,47531,335.262415
37,43,1693,47531,431.983726
37,44,1021,47531,187.724928
37,45,467,47531,91.566793
37,46,433,47531,144.164435
37,47,420,47531,62.630713
37,48,183,47531,46.470117
37,49,609,47531,101.972788
37,50,545,47531,96.151118
37,51,911,47531,171.371512
37,52,673,47531,203.224886
37,53,633,47531,191.148858
37,54,102,47531,12.794058
37,55,924,47531,255.832795
37,56,759,47531,184.040568
37,57,173,47531,27.807278
37,58,594,47531,168.360571
37,59,279,47531,68.491062
37,60,61,47531,9.091422
37,61,442,47531,78.941889
37,62,144,47531,19.291473
37,63,1965,47531,425.860239
37,64,1497,47531,232.649215
37,65,294,47531,58.394097
37,66,826,47531,179.747244
37,67,591,47531,124.888606
37,68,1038,47531,324.019725
37,69,471,47531,87.855261
37,70,1580,47531,416.148774
37,71,1157,47531,255.341472
37,72,903,47531,185.242880
37,73,2553,47531,716.708120
37,74,187,47531,57.696997
37,75,437,47531,83.591447
37,76,573,47531,83.768200
37,77,658,47531,129.319943
37,78,1136,47531,470.253907
37,79,75,47531,15.644799
37,80,122,47531,24.377883
37,81,1415,47531,255.829974
37,82,361,47531,73.175099
37,83,1313,47531,388.931545
37,84,267,47531,61.689054
37,85,993,47531,254.572684
37,86,176,47531,38.735552
37,87,217,47531,37.384611
37,88,4,47531,0.965465
37,89,1849,47531,504.988978
37,90,221,47531,45.075347
37,91,287,47531,66.092564
37,92,271,47531,76.939564
37,93,462,47531,105.981155
37,94,624,47531,135.386453
37,95,662,47531,165.675955
37,96,3,47531,0.386630
37,97,755,47531,166.917287
37,98,621,47531,146.194921
37,99,303,47531,111.362791
37,100,732,47531,209.262654
37,101,291,47531,61.379191
37,102,741,47531,200.712854
37,103,113,47531,19.406410
37,104,514,47531,100.338975
37,105,1005,47531,375.573171
37,106,328,47531,52.676419
37,107,135,47531,20.461576
37,108,1,47531,0.336259
37,109,157,47531,40.656978
37,110,584,47531,159.635851
37,111,797,47531,224.073694
37,112,792,47531,182.125002
37,113,171,47531,36.213406
37,114,203,47531,54.837453
37,115,134,47531,25.395686
37,116,285,47531,79.958139
37,117,411,47531,64.169120
37,118,178,47531,59.511251
37,119,1966,47531,324.509337
37,120,161,47531,37.918232
37,121,881,47531,228.001812
37,122,379,47531,98.010792
37,123,204,47531,51.335876
37,124,1111,47531,370.661710
37,125,430,47531,63.238745
37,126,926,47531,250.535896
37,127,1013,47531,1074.248637
37,128,1300,47531,397.938561
37,129,462,47531,81.676457
37,130,534,47531,108.144036
37,131,518,47531,88.333680
37,132,348,47531,63.037223
37,133,17,47531,3.348586
37,134,506,47531,86.239640
37,135,508,47531,124.562878
37,136,420,47531,109.753977
37,137,48,47531,8.065482
37,138,1194,47531,203.169193
37,139,48,47531,9.376383
37,140,177,47531,45.837360
37,141,394,47531,142.480021
37,142,70,47531,12.973018
37,143,580,47531,113.174667
37,144,622,47531,167.667634
37,145,67,47531,22.180127
37,146,2,47531,0.474600
37,147,428,47531,75.215850
37,148,873,47531,177.574418
37,149,90,47531,14.691409
37,150,45,47531,6.248433
37,151,2517,47531,490.734604
37,152,1,47531,0.022413
37,153,56,47531,7.829571
37,154,48,47531,7.998550
37,155,289,47531,30.484413
37,156,362,47531,80.143830
37,157,817,47531,160.352225
37,158,263,47531,45.242219
37,159,9,47531,1.489456
37,160,1340,47531,319.255280
37,161,237,47531,49.390681
37,162,586,47531,136.073287
37,163,632,47531,112.447516
37,164,91,47531,13.565957
37,165,272,47531,44.803420
37,166,2783,47531,354.917798
37,167,1044,47531,228.767791
37,168,744,47531,138.157633
37,169,1458,47531,289.643169
37,170,892,47531,231.004071
37,171,840,47531,283.641447
37,172,1140,47531,198.352318
37,173,425,47531,64.363397
37,174,1198,47531,314.852914
37,175,143,47531,27.824240
37,176,349,47531,96.130403
37,177,1188,47531,224.084727
37,178,153,47531,29.722341
37,179,412,47531,76.652382
37,180,598,47531,151.631597
37,181,2513,47531,498.011013
37,182,864,47531,263.620552
37,183,295,47531,71.168337
37,184,225,47531,37.058789
37,185,109,47531,17.053379
37,186,1680,47531,446.683176
37,187,773,47531,175.166727
37,188,411,47531,63.469191
37,189,449,47531,112.774312
37,190,315,47531,67.292489
37,191,622,47531,127.755211
37,192,390,47531,93.699122
37,193,1,47531,0.191469
37,194,1336,47531,334.936896
37,195,168,47531,33.315310
37,196,444,47531,78.637560
37,197,283,47531,99.554225
37,198,775,47531,216.253429
37,199,38,47531,5.937306
37,200,0,47531,0.000000
37,201,90,47531,14.551289
37,202,124,47531,36.189471
37,203,103,47531,15.288288
37,204,340,47531,56.657580
37,205,75,47531,13.711084
37,206,236,47531,56.774569
37,207,471,47531,84.254444
37,208,199,47531,32.532256
37,209,316,47531,60.692761
37,210,402,47531,71.587167
37,211,7,47531,1.764598
37,212,535,47531,151.224148
37,213,753,47531,144.043980
37,214,2900,47531,534.699074
37,215,184,47531,40.316998
37,216,75,47531,22.100255
37,217,1514,47531,262.756318
37,218,4764,47531,1107.001267
37,219,1144,47531,215.561034
37,220,113,47531,13.373958
37,221,108,47531,17.983287
37,222,11,47531,1.272473
37,223,628,47531,148.477996
37,224,619,47531,199.037952
37,225,1886,47531,317.938566
37,226,224,47531,59.222377
37,227,781,47531,139.113655
37,228,611,47531,130.634394
37,229,1,47531,0.020955
37,230,2448,47531,544.138708
37,231,45,47531,7.661850
37,232,690,47531,194.301520
37,233,713,47531,159.178778
37,234,14776,47531,5530.868025
37,235,89,47531,15.454518
37,236,36,47531,5.203544
37,237,145,47531,19.439023
37,238,1046,47531,294.860362
37,239,603,47531,159.511630
37,240,2469,47531,511.430078
37,241,127,47531,22.137467
37,242,377,47531,98.872325
37,243,602,47531,147.182160
37,244,159,47531,31.923438
37,245,542,47531,199.877576
37,246,1721,47531,440.800506
37,247,335,47531,51.209190
37,248,373,47531,101.549217
37,249,27,47531,4.211308
37,250,620,47531,175.478284
37,251,298,47531,74.935753
37,252,290,47531,48.328912
37,253,690,47531,86.459143
37,254,673,47531,181.865494
37,255,213,47531,35.479744
37,256,1187,47531,307.831741
37,257,184,47531,42.426744
37,258,642,47531,151.927991
37,259,683,47531,224.569213
37,260,606,47531,161.581084
37,261,61,47531,12.019784
37,262,764,47531,194.712594
37,263,342,47531,71.497918
37,264,162,47531,26.787274
37,265,507,47531,108.985375
37,266,606,47531,129.839081
37,267,373,47531,107.543191
37,268,1447,47531,398.920682
37,269,301,47531,84.641314
37,270,118,47531,17.011558
37,271,222,47531,37.951551
37,272,1277,47531,387.597567
37,273,412,47531,122.719271
37,274,18,47531,2.564119
37,275,587,47531,142.579076
37,276,955,47531,209.247946
37,277,82,47531,9.027056
37,278,130,47531,21.566465
37,279,1534,47531,297.924868
37,280,357,47531,108.408352
37,281,446,47531,89.369516
37,282,2398,47531,534.114472
37,283,545,47531,108.148720
37,284,74,47531,12.649536
37,285,659,47531,251.848181
37,286,204,47531,50.320524
37,287,3243,47531,800.590741
37,288,273,47531,79.281358
37,289,143,47531,19.115462
37,290,713,47531,66.443256
37,291,513,47531,119.454665
37,292,864,47531,149.122570
37,293,117,47531,25.541402
37,294,44,47531,4.891964
37,295,1774,47531,471.638335
37,296,1031,47531,213.228407
37,297,363,47531,63.680722
37,298,1713,47531,399.358336
37,299,48,47531,11.258232
37,300,229,47531,35.415926
37,301,630,47531,197.744909
37,302,626,47531,171.891512
37,303,399,47531,86.023038
37,304,363,47531,55.961236
37,305,145,47531,19.397445
37,306,0,47531,0.000000
37,307,684,47531,234.210991
37,308,3090,47531,697.698488
37,309,7,47531,0.723267
37,310,1326,47531,300.411335
37,311,262,47531,50.216297
37,312,133,47531,22.723855
37,313,7,47531,1.442461
37,314,25,47531,3.376429
37,315,945,47531,190.999291
37,316,989,47531,256.111357
37,317,1922,47531,533.337463
37,318,250,47531,40.826802
37,319,258,47531,42.342603
37,320,699,47531,124.578886
37,321,501,47531,104.423276
37,322,586,47531,274.110678
37,323,436,47531,102.062828
37,324,129,47531,25.496860
37,325,196,47531,28.051313
37,326,84,47531,12.890173
37,327,638,47531,120.608002
37,328,879,47531,164.840065
37,329,309,47531,49.884908
37,330,733,47531,142.669869
37,331,480,47531,95.230822
37,332,27,47531,4.237917
37,333,340,47531,140.178256
37,334,575,47531,143.530270
37,335,49,47531,8.056925
37,336,185,47531,31.655230
37,337,249,47531,62.732430
37,338,390,47531,127.347183
37,339,894,47531,175.066752
37,340,174,47531,27.608143
37,341,721,47531,183.374868
37,342,8,47531,1.839960
37,343,625,47531,183.911862
37,344,1197,47531,134.612005
37,345,1741,47531,334.248531
37,346,500,47531,107.112676
37,347,73,47531,14.159328
37,348,324,47531,74.562048
37,349,342,47531,89.498460
37,350,1111,47531,212.587610
37,351,388,47531,76.910772
37,352,260,47531,48.651189
37,353,70,47531,12.110593
37,354,933,47531,265.349142
37,355,2018,47531,600.749034
37,356,10,47531,1.673524
37,357,204,47531,27.810960
37,358,735,47531,193.850337
37,359,6795,47531,2025.666148
37,360,4087,47531,646.831287
37,361,498,47531,143.530360
37,362,154,47531,37.976895
37,363,58,47531,9.079604
37,364,7886,47531,2125.976315
37,365,2078,47531,516.499807
37,366,1479,47531,402.477879
37,367,199,47531,46.751310
37,368,124,47531,19.541669
37,369,1149,47531,235.728235
37,370,1084,47531,145.797606
37,371,184,47531,31.458375
37,372,720,47531,119.916912
37,373,312,47531,90.965525
37,374,476,47531,84.504114
37,375,643,47531,208.085358
37,376,5,47531,1.210809
37,377,1956,47531,560.122533
37,378,257,47531,43.926927
37,379,22,47531,3.200764
37,380,4273,47531,984.834716
37,381,764,47531,232.149035
37,382,75,47531,13.972307
37,383,4,47531,0.814924
38,0,120,47531,23.407348
38,1,82,47531,19.662242
38,2,162,47531,25.161401
38,3,6,47531,1.517184
38,4,56,47531,7.143204
38,5,3,47531,0.692126
38,6,1727,47531,571.327629
38,7,970,47531,156.886629
38,8,575,47531,94.027920
38,9,216,47531,32.325580
38,10,9726,47531,3499.117636
38,11,664,47531,167.561010
38,12,407,47531,76.156645
38,13,544,47531,125.664666
38,14,137,47531,23.340047
38,15,574,47531,121.300944
38,16,6444,47531,1465.555059
38,17,1261,47531,280.148669
38,18,131,47531,20.271218
38,19,701,47531,191.617356
38,20,619,47531,170.378782
38,21,2870,47531,490.108560
38,22,211,47531,45.748426
38,23,632,47531,166.266267
38,24,1936,47531,542.177044
38,25,457,47531,83.627640
38,26,730,47531,160.608941
38,27,1,47531,0.084688
38,28,505,47531,78.225493
38,29,483,47531,119.121846
38,30,1249,47531,352.510373
38,31,1041,47531,278.277416
38,32,98,47531,12.804699
38,33,913,47531,475.379105
38,34,119,47531,29.191093
38,35,1400,47531,271.544768
38,36,94,47531,15.372504
38,37,552,47531,200.062267
38,38,247,47531,37.540348
38,39,249,47531,60.857206
38,40,591,47531,133.248022
38,41,353,47531,44.981223
38,42,23,47531,4.749268
38,43,804,47531,359.624752
38,44,202,47531,47.367509
38,45,40,47531,7.134061
38,46,239,47531,41.254488
38,47,74,47531,13.162162
38,48,426,47531,78.724849
38,49,314,47531,45.039467
38,50,1102,47531,293.976588
38,51,429,47531,106.850793
38,52,6,47531,0.521518
38,53,210,47531,48.590246
38,54,496,47531,196.378046
38,55,1123,47531,167.306929
38,56,108,47531,19.831433
38,57,611,47531,129.729738
38,58,713,47531,168.100116
38,59,877,47531,163.473605
38,60,314,47531,81.814307
38,61,228,47531,33.526038
38,62,204,47531,70.350532
38,63,626,47531,105.539174
38,64,675,47531,280.848453
38,65,51,47531,7.145447
38,66,119,47531,15.254480
38,67,2031,47531,1303.487413
38,68,472,47531,118.890627
38,69,516,47531,125.116714
38,70,1851,47531,641.940292
38,71,731,47531,127.275763
38,72,0,47531,0.000000
38,73,2335,47531,564.983505
38,74,230,47531,57.317373
38,75,645,47531,172.877056
38,76,140,47531,20.041725
38,77,0,47531,0.000000
38,78,78,47531,9.379482
38,79,1428,47531,264.719899
38,80,920,47531,302.886462
38,81,180,47531,28.803904
38,82,200,47531,33.447904
38,83,801,47531,184.420819
38,84,180,47531,35.936886
38,85,3081,47531,786.379314
38,86,783,47531,187.803984
38,87,903,47531,210.638517
38,88,2858,47531,717.065442
38,89,294,47531,88.902860
38,90,555,47531,171.455511
38,91,1150,47531,370.482295
38,92,55,47531,10.820624
38,93,1030,47531,163.136499
38,94,1108,47531,302.522246
38,95,473,47531,146.163660
38,96,1125,47531,347.445773
38,97,1688,47531,292.303823
38,98,648,47531,172.217055
38,99,90,47531,15.327504
38,100,937,47531,23.345285
38,101,641,47531,147.391266
38,102,17,47531,1.572580
38,103,1669,47531,402.610273
38,104,1639,47531,440.391069
38,105,153,47531,19.250979
38,106,9,47531,2.306824
38,107,438,47531,101.966651
38,108,849,47531,163.575330
38,109,97,47531,21.172235
38,110,243,47531,105.721695
38,111,0,47531,0.000000
38,112,637,47531,125.250074
38,113,133,47531,15.178254
38,114,44,47531,14.939249
38,115,858,47531,132.708901
38,116,653,47531,93.919679
38,117,1361,47531,291.491939
38,118,17802,47531,7352.215638
38,119,196,47531,29.046846
38,120,140,47531,16.878647
38,121,114,47531,60.895212
38,122,748,47531,161.728442
38,123,231,47531,62.263674
38,124,143,47531,25.406339
38,125,1890,47531,386.512819
38,126,365,47531,70.658814
38,127,124,47531,23.383444
38,128,33,47531,3.677881
38,129,21,47531,5.344243
38,130,129,47531,21.572608
38,131,3071,47531,745.052216
38,132,246,47531,60.868793
38,133,892,47531,128.568521
38,134,2218,47531,527.268404
38,135,16,47531,2.574535
38,136,1,47531,0.128473
38,137,120,47531,15.008355
38,138,1123,47531,172.149498
38,139,1815,47531,369.305535
38,140,753,47531,122.197192
38,141,2590,47531,423.634295
38,142,147,47531,31.811168
38,143,0,47531,0.000000
38,144,1246,47531,302.404178
38,145,260,47531,47.683987
38,146,235,47531,41.530219
38,147,520,47531,78.784956
38,148,4894,47531,1311.459312
38,149,327,47531,49.670961
38,150,1258,47531,279.409553
38,151,429,47531,62.163764
38,152,2075,47531,485.960589
38,153,721,47531,120.175211
38,154,146,47531,18.999108
38,155,792,47531,246.865263
38,156,26,47531,2.872213
38,157,672,47531,135.103277
38,158,958,47531,264.656208
38,159,339,47531,55.593010
38,160,369,47531,70.466850
38,161,1,47531,0.127910
38,162,1220,47531,277.091447
38,163,211,47531,47.012149
38,164,13,47531,1.427032
38,165,130,47531,24.233394
38,166,187,47531,39.453140
38,167,1045,47531,246.141537
38,168,309,47531,74.615294
38,169,841,47531,165.248605
38,170,1282,47531,201.075326
38,171,1349,47531,204.483778
38,172,103,47531,14.046720
38,173,1056,47531,33.480104
38,174,169,47531,41.237754
38,175,100,47531,11.019546
38,176,838,47531,216.025592
38,177,775,47531,164.706752
38,178,255,47531,67.073332
38,179,1035,47531,240.212761
38,180,0,47531,0.000000
38,181,771,47531,130.978468
38,182,1006,47531,171.131884
38,183,716,47531,244.595782
38,184,5,47531,0.875560
38,185,149,47531,19.058917
38,186,1154,47531,268.512750
38,187,349,47531,61.609680
38,188,580,47531,79.325256
38,189,889,47531,101.099453
38,190,432,47531,95.292024
38,191,330,47531,86.010575
38,192,1034,47531,221.628416
38,193,728,47531,254.460055
38,194,231,47531,39.309376
38,195,1357,47531,232.856366
38,196,1144,47531,292.458997
38,197,910,47531,231.829840
38,198,222,47531,47.319293
38,199,1239,47531,314.202074
38,200,1,47531,0.212472
38,201,1253,47531,326.493039
38,202,1279,47531,376.328819
38,203,486,47531,150.021330
38,204,288,47531,53.719069
38,205,279,47531,59.570623
38,206,381,47531,58.193719
38,207,873,47531,212.940018
38,208,2425,47531,601.085727
38,209,471,47531,81.290678
38,210,421,47531,70.695143
38,211,1465,47531,374.953845
38,212,599,47531,106.846362
38,213,1223,47531,250.810669
38,214,1156,47531,251.133421
38,215,271,47531,78.952213
38,216,343,47531,46.352313
38,217,1299,47531,324.315029
38,218,208,47531,29.099968
38,219,1520,47531,396.083446
38,220,430,47531,67.464496
38,221,136,47531,13.485762
38,222,138,47531,20.085294
38,223,1,47531,0.056460
38,224,1026,47531,156.287933
38,225,479,47531,163.036180
38,226,1934,47531,376.338469
38,227,1659,47531,378.972767
38,228,351,47531,43.440284
38,229,85,47531,12.656431
38,230,1717,47531,435.211704
38,231,1099,47531,289.575586
38,232,587,47531,154.933157
38,233,62,47531,8.728433
38,234,1053,47531,392.147793
38,235,125,47531,14.384342
38,236,754,47531,251.628925
38,237,1126,47531,393.440757
38,238,50,47531,10.526436
38,239,1261,47531,99.135727
38,240,221,47531,43.762806
38,241,148,47531,31.546927
38,242,720,47531,174.276055
38,243,80,47531,14.331440
38,244,884,47531,178.302426
38,245,623,47531,205.863217
38,246,1822,47531,602.680154
38,247,570,47531,105.486274
38,248,5,47531,1.188959
38,249,3416,47531,503.490751
38,250,558,47531,363.725541
38,251,184,47531,23.940452
38,252,551,47531,91.680134
38,253,426,47531,61.188043
38,254,733,47531,182.890322
38,255,590,47531,150.277752
38,256,262,47531,43.547157
38,257,1251,47531,330.586477
38,258,459,47531,137.637557
38,259,297,47531,43.514892
38,260,963,47531,269.530742
38,261,1130,47531,275.356721
38,262,105,47531,24.327300
38,263,436,47531,177.765697
38,264,436,47531,142.519503
38,265,1784,47531,547.041957
38,266,0,47531,0.000000
38,267,18,47531,3.434445
38,268,2009,47531,455.396665
38,269,302,47531,48.001999
38,270,180,47531,29.939135
38,271,734,47531,188.991716
38,272,288,47531,58.558817
38,273,812,47531,299.574632
38,274,188,47531,39.538986
38,275,0,47531,0.000000
38,276,612,47531,161.489129
38,277,728,47531,165.232102
38,278,818,47531,154.436620
38,279,2,47531,0.744571
38,280,3812,47531,640.781305
38,281,294,47531,42.585801
38,282,715,47531,214.255270
38,283,1057,47531,267.625906
38,284,587,47531,143.101078
38,285,748,47531,162.953432
38,286,339,47531,95.383277
38,287,357,47531,63.738819
38,288,1220,47531,259.276613
38,289,338,47531,80.449914
38,290,210,47531,48.278308
38,291,226,47531,30.701332
38,292,199,47531,26.972569
38,293,332,47531,88.720484
38,294,112,47531,16.030062
38,295,1164,47531,110.303821
38,296,2352,47531,436.907813
38,297,0,47531,0.000000
38,298,1506,47531,301.698318
38,299,79,47531,9.364037
38,300,352,47531,57.201135
38,301,400,47531,86.386893
38,302,417,47531,82.444689
38,303,402,47531,86.449629
38,304,22,47531,3.994825
38,305,615,47531,195.559232
38,306,92,47531,11.073249
38,307,546,47531,129.902345
38,308,116,47531,20.844697
38,309,1305,47531,385.771533
38,310,244,47531,54.681834
38,311,522,47531,74.849513
38,312,1135,47531,272.124460
38,313,86,47531,10.026488
38,314,583,47531,249.615349
38,315,609,47531,105.271803
38,316,718,47531,121.776807
38,317,487,47531,153.009194
38,318,4469,47531,1078.481872
38,319,720,47531,111.063484
38,320,789,47531,177.455147
38,321,429,47531,113.850613
38,322,909,47531,278.114104
38,323,497,47531,191.062898
38,324,338,47531,59.344918
38,325,603,47531,207.068338
38,326,881,47531,216.141384
38,327,250,47531,44.006547
38,328,1365,47531,391.322966
38,329,1032,47531,197.423184
38,330,0,47531,0.000000
38,331,48,47531,7.260647
38,332,540,47531,151.009519
38,333,917,47531,156.582759
38,334,1465,47531,413.684417
38,335,550,47531,158.582913
38,336,166,47531,35.090928
38,337,62,47531,7.807688
38,338,371,47531,77.329777
38,339,436,47531,163.675868
38,340,1404,47531,295.276595
38,341,6,47531,0.970967
38,342,387,47531,69.402768
38,343,61,47531,9.786354
38,344,714,47531,96.104008
38,345,338,47531,111.910860
38,346,118,47531,12.932275
38,347,1267,47531,397.762707
38,348,661,47531,125.029257
38,349,242,47531,43.260737
38,350,270,47531,35.566640
38,351,561,47531,119.308008
38,352,502,47531,120.276699
38,353,687,47531,189.323438
38,354,464,47531,101.097912
38,355,750,47531,137.120763
38,356,35,47531,4.751178
38,357,451,47531,99.653557
38,358,0,47531,0.000000
38,359,41,47531,5.319980
38,360,217,47531,42.457686
38,361,1005,47531,245.062312
38,362,273,47531,43.111462
38,363,1489,47531,428.149216
38,364,2920,47531,820.674125
38,365,690,47531,161.285985
38,366,237,47531,37.108518
38,367,108,47531,12.637579
38,368,1006,47531,231.185864
38,369,1200,47531,263.875002
38,370,608,47531,106.135608
38,371,253,47531,33.853317
38,372,119,47531,22.542905
38,373,664,47531,114.030971
38,374,132,47531,29.865728
38,375,908,47531,228.089886
38,376,733,47531,128.038648
38,377,250,47531,53.804496
38,378,1185,47531,380.588519
38,379,360,47531,151.000833
38,380,769,47531,240.524672
38,381,75,47531,10.737694
38,382,200,47531,29.334363
38,383,845,47531,81.149882
39,0,1961,47531,422.275706
39,1,502,47531,99.110294
39,2,327,47531,61.320951
39,3,100,47531,11.824623
39,4,994,47531,249.811483
39,5,1875,47531,395.975410
39,6,2355,47531,474.050600
39,7,987,47531,556.628125
39,8,2123,47531,332.138178
39,9,135,47531,31.097448
39,10,1160,47531,300.185649
39,11,83,47531,9.741862
39,12,300,47531,66.726082
39,13,311,47531,84.080333
39,14,2228,47531,1725.059154
39,15,817,47531,293.400951
39,16,3,47531,0.583431
39,17,8,47531,1.111689
39,18,6749,47531,1464.719458
39,19,170,47531,23.921560
39,20,1520,47531,353.470898
39,21,420,47531,78.916282
39,22,63,47531,10.435807
39,23,421,47531,114.051247
39,24,717,47531,175.465792
39,25,1156,47531,528.195898
39,26,1316,47531,388.306705
39,27,1725,47531,285.074769
39,28,414,47531,106.418601
39,29,50,47531,12.568035
39,30,1183,47531,395.031544
39,31,333,47531,74.755410
39,32,4831,47531,1025.266395
39,33,614,47531,107.056633
39,34,32,47531,5.368700
39,35,340,47531,67.415341
39,36,785,47531,166.340343
39,37,75,47531,15.460713
39,38,1200,47531,259.962780
39,39,6,47531,0.791145
39,40,166,47531,18.594386
39,41,440,47531,139.594270
39,42,1016,47531,232.540014
39,43,2,47531,0.438244
39,44,245,47531,54.736529
39,45,485,47531,160.498285
39,46,0,47531,0.000000
39,47,478,47531,92.093708
39,48,227,47531,38.679892
39,49,62,47531,5.990765
39,50,716,47531,137.954261
39,51,640,47531,94.171134
39,52,244,47531,30.839865
39,53,858,47531,212.618100
39,54,3419,47531,879.744201
39,55,1515,47531,473.032293
39,56,1189,47531,292.288133
39,57,6,47531,1.397433
39,58,1864,47531,387.292806
39,59,540,47531,155.496378
39,60,55,47531,4.515038
39,61,1005,47531,188.521154
39,62,329,47531,103.182807
39,63,107,47531,8.358565
39,64,354,47531,56.123215
39,65,970,47531,245.474657
39,66,1493,47531,369.781428
39,67,45,47531,7.105583
39,68,231,47531,28.682508
39,69,890,47531,151.407726
39,70,1026,47531,137.188698
39,71,682,47531,113.121932
39,72,965,47531,235.352241
39,73,293,47531,64.218363
39,74,0,47531,0.000000
39,75,373,47531,114.041871
39,76,3103,47531,1023.199036
39,77,10,47531,2.219593
39,78,374,47531,123.305995
39,79,114,47531,24.406910
39,80,1739,47531,404.903523
39,81,148,47531,38.887395
39,82,314,47531,66.676135
39,83,2814,47531,625.551559
39,84,1419,47531,420.807843
39,85,856,47531,204.519894
39,86,478,47531,88.775490
39,87,861,47531,511.817643
39,88,286,47531,45.445158
39,89,0,47531,0.000000
39,90,203,47531,40.372440
39,91,1653,47531,402.581333
39,92,788,47531,246.959605
39,93,198,47531,28.290074
39,94,798,47531,36.504373
39,95,136,47531,16.257940
39,96,549,47531,122.488735
39,97,1279,47531,399.125353
39,98,406,47531,89.201710
39,99,2115,47531,574.723035
39,100,220,47531,30.280775
39,101,1249,47531,315.167144
39,102,1259,47531,328.216466
39,103,614,47531,170.852965
39,104,113,47531,19.836599
39,105,6,47531,0.740617
39,106,3941,47531,742.754381
39,107,334,47531,78.441848
39,108,0,47531,0.000000
39,109,678,47531,178.516447
39,110,417,47531,154.373777
39,111,262,47531,80.867961
39,112,2757,47531,717.343871
39,113,1,47531,0.481372
39,114,3,47531,0.678267
39,115,630,47531,189.350821
39,116,701,47531,221.016831
39,117,221,47531,33.545983
39,118,1294,47531,351.720761
39,119,1057,47531,169.839756
39,120,387,47531,83.305815
39,121,998,47531,190.104437
39,122,661,47531,125.557899
39,123,906,47531,160.410389
39,124,808,47531,178.647171
39,125,714,47531,224.629982
39,126,521,47531,149.321889
39,127,786,47531,167.905581
39,128,116,47531,29.046792
39,129,97,47531,14.474013
39,130,636,47531,125.356522
39,131,1931,47531,501.486610
39,132,15,47531,1.419140
39,133,1805,47531,459.286727
39,134,217,47531,40.181162
39,135,978,47531,144.626042
39,136,1230,47531,234.275343
39,137,2,47531,0.345436
39,138,161,47531,31.605055
39,139,708,47531,249.634728
39,140,90,47531,21.559150
39,141,1168,47531,323.824320
39,142,490,47531,99.245695
39,143,10,47531,2.102652
39,144,845,47531,184.960025
39,145,640,47531,144.843273
39,146,1003,47531,235.626438
39,147,463,47531,145.378275
39,148,1050,47531,256.976950
39,149,1961,47531,437.301754
39,150,576,47531,120.303746
39,151,711,47531,185.516964
39,152,1073,47531,154.268002
39,153,250,47531,36.782401
39,154,83,47531,7.996132
39,155,4923,47531,1067.961772
39,156,530,47531,107.076025
39,157,396,47531,81.467266
39,158,132,47531,16.676990
39,159,691,47531,137.559845
39,160,1236,47531,195.249639
39,161,241,47531,36.284637
39,162,42,47531,12.091888
39,163,101,47531,16.319995
39,164,680,47531,142.861354
39,165,786,47531,196.699632
39,166,832,47531,140.105870
39,167,202,47531,25.974505
39,168,1092,47531,395.382070
39,169,276,47531,45.627477
39,170,526,47531,95.726237
39,171,173,47531,33.644033
39,172,478,47531,84.164161
39,173,1068,47531,148.386680
39,174,212,47531,5.903831
39,175,131,47531,14.481926
39,176,827,47531,120.089792
39,177,207,47531,44.601099
39,178,550,47531,430.704995
39,179,797,47531,167.531068
39,180,9109,47531,3122.189792
39,181,503,47531,117.267080
39,182,451,47531,164.304743
39,183,406,47531,56.257332
39,184,389,47531,124.835051
39,185,666,47531,179.019326
39,186,4,47531,0.383466
39,187,717,47531,248.031332
39,188,382,47531,513.694750
39,189,1430,47531,354.347856
39,190,764,47531,276.480202
39,191,430,47531,59.719972
39,192,295,47531,30.916266
39,193,177,47531,35.022609
39,194,561,47531,79.986601
39,195,805,47531,176.367374
39,196,346,47531,69.105285
39,197,956,47531,123.018963
39,198,422,47531,74.603588
39,199,323,47531,31.642512
39,200,789,47531,227.901320
39,201,211,47531,32.652624
39,202,1609,47531,341.075714
39,203,1573,47531,465.527719
39,204,389,47531,88.619292
39,205,607,47531,134.681496
39,206,60,47531,7.380684
39,207,655,47531,107.231263
39,208,1067,47531,200.479625
39,209,170,47531,18.339201
39,210,1671,47531,264.326668
39,211,11,47531,1.050045
39,212,378,47531,91.642089
39,213,647,47531,177.910198
39,214,65,47531,9.331907
39,215,2994,47531,861.165797
39,216,3240,47531,987.880248
39,217,69,47531,10.370483
39,218,90,47531,9.496117
39,219,0,47531,0.000000
39,220,566,47531,181.889950
39,221,1954,47531,417.371009
39,222,134,47531,25.383925
39,223,207,47531,38.164130
39,224,1319,47531,418.560644
39,225,78,47531,15.564037
39,226,165,47531,22.425784
39,227,68,47531,6.270279
39,228,464,47531,100.629860
39,229,231,47531,104.383718
39,230,219,47531,42.730282
39,231,1020,47531,296.066908
39,232,317,47531,46.959989
39,233,0,47531,0.000000
39,234,146,47531,13.580035
39,235,1034,47531,266.091228
39,236,268,47531,60.470051
39,237,672,47531,240.150982
39,238,293,47531,68.096290
39,239,28,47531,4.165823
39,240,302,47531,58.392546
39,241,231,47531,31.997406
39,242,485,47531,78.933679
39,243,466,47531,92.655600
39,244,482,47531,92.910573
39,245,3,47531,0.458292
39,246,1335,47531,320.729587
39,247,576,47531,86.534250
39,248,87,47531,10.666511
39,249,0,47531,0.000000
39,250,529,47531,107.260866
39,251,0,47531,0.000000
39,252,350,47531,56.767753
39,253,71,47531,6.590821
39,254,594,47531,163.294125
39,255,884,47531,216.874173
39,256,814,47531,188.795405
39,257,907,47531,177.738126
39,258,8997,47531,2873.224155
39,259,57,47531,7.868854
39,260,220,47531,45.604233
39,261,1210,47531,276.828937
39,262,122,47531,21.811999
39,263,283,47531,43.406240
39,264,585,47531,47.487413
39,265,286,47531,39.816417
39,266,591,47531,103.026587
39,267,2,47531,0.284113
39,268,1875,47531,586.021948
39,269,480,47531,131.031325
39,270,7,47531,1.827904
39,271,99,47531,15.650769
39,272,704,47531,268.916527
39,273,235,47531,48.246349
39,274,107,47531,12.905908
39,275,340,47531,62.143769
39,276,536,47531,101.411680
39,277,866,47531,220.520326
39,278,291,47531,69.413487
39,279,433,47531,68.840843
39,280,0,47531,0.000000
39,281,1829,47531,507.509695
39,282,400,47531,47.247032
39,283,1484,47531,326.554357
39,284,796,47531,204.653754
39,285,487,47531,85.935455
39,286,701,47531,108.874236
39,287,25,47531,2.455396
39,288,3773,47531,811.092190
39,289,644,47531,180.357802
39,290,142,47531,32.073309
39,291,641,47531,123.027384
39,292,183,47531,55.301169
39,293,1305,47531,338.307309
39,294,772,47531,95.908216
39,295,745,47531,222.255976
39,296,852,47531,239.445665
39,297,17,47531,2.940136
39,298,609,47531,205.468745
39,299,6,47531,1.440933
39,300,38,47531,4.291229
39,301,197,47531,70.906176
39,302,525,47531,118.996440
39,303,2555,47531,618.666429
39,304,900,47531,248.613274
39,305,218,47531,41.688614
39,306,337,47531,72.176179
39,307,1227,47531,316.447964
39,308,758,47531,151.575900
39,309,68,47531,8.026861
39,310,151,47531,30.230307
39,311,425,47531,95.903190
39,312,1305,47531,395.413342
39,313,1075,47531,323.353932
39,314,519,47531,171.677298
39,315,28,47531,2.803034
39,316,1,47531,0.047483
39,317,1002,47531,232.290052
39,318,674,47531,220.600416
39,319,1197,47531,289.793056
39,320,0,47531,0.000000
39,321,0,47531,0.000000
39,322,991,47531,194.782511
39,323,145,47531,17.176693
39,324,735,47531,155.515097
39,325,73,47531,7.469663
39,326,1573,47531,441.925545
39,327,209,47531,31.507971
39,328,874,47531,209.521300
39,329,271,47531,47.733450
39,330,1430,47531,381.916923
39,331,171,47531,17.230660
39,332,3718,47531,600.076871
39,333,138,47531,29.380172
39,334,766,47531,192.191635
39,335,280,47531,48.210280
39,336,2093,47531,516.113260
39,337,615,47531,141.046724
39,338,1,47531,0.167616
39,339,540,47531,112.334565
39,340,2,47531,0.715606
39,341,1133,47531,292.411716
39,342,25,47531,3.262824
39,343,137,47531,57.078227
39,344,96,47531,13.079248
39,345,1,47531,0.163341
39,346,1171,47531,380.189590
39,347,550,47531,132.433623
39,348,1076,47531,254.268858
39,349,2517,47531,695.988034
39,350,349,47531,72.674018
39,351,250,47531,43.631931
39,352,1651,47531,545.476002
39,353,100,47531,8.077757
39,354,971,47531,263.905353
39,355,1030,47531,375.478121
39,356,904,47531,106.030311
39,357,636,47531,242.013346
39,358,265,47531,39.419876
39,359,593,47531,156.558044
39,360,678,47531,191.745911
39,361,1121,47531,333.080548
39,362,991,47531,287.794653
39,363,1138,47531,251.268421
39,364,60,47531,7.217175
39,365,1023,47531,241.222262
39,366,284,47531,35.962893
39,367,1856,47531,413.336698
39,368,1863,47531,582.188747
39,369,344,47531,55.444757
39,370,783,47531,152.064903
39,371,552,47531,96.070092
39,372,112,47531,18.826442
39,373,83,47531,9.731213
39,374,953,47531,110.321893
39,375,508,47531,156.060227
39,376,2,47531,0.184504
39,377,245,47531,36.638870
39,378,106,47531,36.578259
39,379,1727,47531,354.733251
39,380,652,47531,115.069310
39,381,825,47531,139.840159
39,382,520,47531,247.018974
39,383,77,47531,11.031142
