layer,expert,hits,layer_rows,weight
0,0,1175,18149,207.938400
0,1,0,18149,0.000000
0,2,1630,18149,355.433165
0,3,0,18149,0.000000
0,4,571,18149,262.544895
0,5,0,18149,0.000000
0,6,0,18149,0.000000
0,7,0,18149,0.000000
0,8,0,18149,0.000000
0,9,0,18149,0.000000
0,10,352,18149,82.750921
0,11,0,18149,0.000000
0,12,135,18149,44.922582
0,13,0,18149,0.000000
0,14,0,18149,0.000000
0,15,883,18149,179.465235
0,16,0,18149,0.000000
0,17,0,18149,0.000000
0,18,0,18149,0.000000
0,19,0,18149,0.000000
0,20,0,18149,0.000000
0,21,0,18149,0.000000
0,22,0,18149,0.000000
0,23,0,18149,0.000000
0,24,0,18149,0.000000
0,25,0,18149,0.000000
0,26,0,18149,0.000000
0,27,0,18149,0.000000
0,28,280,18149,55.119751
0,29,1236,18149,223.353029
0,30,1502,18149,280.661728
0,31,0,18149,0.000000
0,32,896,18149,278.441495
0,33,0,18149,0.000000
0,34,0,18149,0.000000
0,35,1021,18149,241.891899
0,36,0,18149,0.000000
0,37,0,18149,0.000000
0,38,0,18149,0.000000
0,39,2341,18149,409.221488
0,40,407,18149,114.122352
0,41,846,18149,183.182831
0,42,0,18149,0.000000
0,43,0,18149,0.000000
0,44,1515,18149,252.523239
0,45,0,18149,0.000000
0,46,0,18149,0.000000
0,47,0,18149,0.000000
0,48,461,18149,120.923508
0,49,663,18149,124.859383
0,50,0,18149,0.000000
0,51,0,18149,0.000000
0,52,0,18149,0.000000
0,53,0,18149,0.000000
0,54,0,18149,0.000000
0,55,573,18149,159.335876
0,56,0,18149,0.000000
0,57,0,18149,0.000000
0,58,0,18149,0.000000
0,59,0,18149,0.000000
0,60,0,18149,0.000000
0,61,0,18149,0.000000
0,62,0,18149,0.000000
0,63,0,18149,0.000000
0,64,475,18149,127.630037
0,65,0,18149,0.000000
0,66,0,18149,0.000000
0,67,0,18149,0.000000
0,68,727,18149,153.055662
0,69,349,18149,77.444723
0,70,0,18149,0.000000
0,71,0,18149,0.000000
0,72,0,18149,0.000000
0,73,516,18149,141.199376
0,74,0,18149,0.000000
0,75,0,18149,0.000000
0,76,0,18149,0.000000
0,77,0,18149,0.000000
0,78,0,18149,0.000000
0,79,0,18149,0.000000
0,80,0,18149,0.000000
0,81,0,18149,0.000000
0,82,0,18149,0.000000
0,83,0,18149,0.000000
0,84,207,18149,47.240393
0,85,461,18149,113.408257
0,86,354,18149,85.363136
0,87,0,18149,0.000000
0,88,0,18149,0.000000
0,89,0,18149,0.000000
0,90,0,18149,0.000000
0,91,4446,18149,902.850075
0,92,0,18149,0.000000
0,93,0,18149,0.000000
0,94,351,18149,137.467839
0,95,0,18149,0.000000
0,96,0,18149,0.000000
0,97,0,18149,0.000000
0,98,0,18149,0.000000
0,99,0,18149,0.000000
0,100,0,18149,0.000000
0,101,0,18149,0.000000
0,102,0,18149,0.000000
0,103,0,18149,0.000000
0,104,0,18149,0.000000
0,105,596,18149,146.062789
0,106,0,18149,0.000000
0,107,0,18149,0.000000
0,108,0,18149,0.000000
0,109,0,18149,0.000000
0,110,1983,18149,745.368850
0,111,0,18149,0.000000
0,112,318,18149,112.601253
0,113,0,18149,0.000000
0,114,0,18149,0.000000
0,115,616,18149,131.973969
0,116,339,18149,61.917192
0,117,0,18149,0.000000
0,118,749,18149,186.219161
0,119,0,18149,0.000000
0,120,4244,18149,717.365341
0,121,0,18149,0.000000
0,122,0,18149,0.000000
0,123,0,18149,0.000000
0,124,486,18149,94.234303
0,125,0,18149,0.000000
0,126,0,18149,0.000000
0,127,559,18149,178.941877
0,128,0,18149,0.000000
0,129,0,18149,0.000000
0,130,281,18149,74.338666
0,131,0,18149,0.000000
0,132,0,18149,0.000000
0,133,0,18149,0.000000
0,134,0,18149,0.000000
0,135,1122,18149,231.947240
0,136,0,18149,0.000000
0,137,0,18149,0.000000
0,138,791,18149,152.740803
0,139,0,18149,0.000000
0,140,0,18149,0.000000
0,141,183,18149,41.445233
0,142,744,18149,170.582947
0,143,0,18149,0.000000
0,144,0,18149,0.000000
0,145,0,18149,0.000000
0,146,0,18149,0.000000
0,147,0,18149,0.000000
0,148,0,18149,0.000000
0,149,516,18149,116.617415
0,150,0,18149,0.000000
0,151,0,18149,0.000000
0,152,581,18149,143.903103
0,153,0,18149,0.000000
0,154,0,18149,0.000000
0,155,468,18149,135.346266
0,156,0,18149,0.000000
0,157,0,18149,0.000000
0,158,394,18149,134.721216
0,159,1117,18149,189.542839
0,160,0,18149,0.000000
0,161,0,18149,0.000000
0,162,759,18149,163.081803
0,163,0,18149,0.000000
0,164,0,18149,0.000000
0,165,0,18149,0.000000
0,166,0,18149,0.000000
0,167,0,18149,0.000000
0,168,0,18149,0.000000
0,169,0,18149,0.000000
0,170,386,18149,90.295639
0,171,0,18149,0.000000
0,172,0,18149,0.000000
0,173,0,18149,0.000000
0,174,0,18149,0.000000
0,175,0,18149,0.000000
0,176,1099,18149,235.714005
0,177,0,18149,0.000000
0,178,0,18149,0.000000
0,179,0,18149,0.000000
0,180,954,18149,183.589692
0,181,0,18149,0.000000
0,182,0,18149,0.000000
0,183,701,18149,267.925131
0,184,0,18149,0.000000
0,185,0,18149,0.000000
0,186,0,18149,0.000000
0,187,0,18149,0.000000
0,188,755,18149,248.948478
0,189,0,18149,0.000000
0,190,0,18149,0.000000
0,191,0,18149,0.000000
0,192,0,18149,0.000000
0,193,0,18149,0.000000
0,194,0,18149,0.000000
0,195,0,18149,0.000000
0,196,0,18149,0.000000
0,197,103,18149,21.599692
0,198,721,18149,168.717978
0,199,0,18149,0.000000
0,200,0,18149,0.000000
0,201,0,18149,0.000000
0,202,0,18149,0.000000
0,203,554,18149,204.720574
0,204,0,18149,0.000000
0,205,529,18149,168.031074
0,206,1224,18149,388.952204
0,207,0,18149,0.000000
0,208,0,18149,0.000000
0,209,572,18149,104.422149
0,210,0,18149,0.000000
0,211,0,18149,0.000000
0,212,1378,18149,304.109720
0,213,99,18149,27.095032
0,214,0,18149,0.000000
0,215,0,18149,0.000000
0,216,0,18149,0.000000
0,217,0,18149,0.000000
0,218,0,18149,0.000000
0,219,0,18149,0.000000
0,220,0,18149,0.000000
0,221,0,18149,0.000000
0,222,0,18149,0.000000
0,223,0,18149,0.000000
0,224,0,18149,0.000000
0,225,0,18149,0.000000
0,226,0,18149,0.000000
0,227,0,18149,0.000000
0,228,0,18149,0.000000
0,229,955,18149,220.531380
0,230,0,18149,0.000000
0,231,0,18149,0.000000
0,232,0,18149,0.000000
0,233,0,18149,0.000000
0,234,0,18149,0.000000
0,235,0,18149,0.000000
0,236,1281,18149,285.274310
0,237,559,18149,139.316840
0,238,90,18149,23.552181
0,239,0,18149,0.000000
0,240,1846,18149,319.348056
0,241,928,18149,171.400538
0,242,898,18149,207.685532
0,243,0,18149,0.000000
0,244,0,18149,0.000000
0,245,0,18149,0.000000
0,246,0,18149,0.000000
0,247,0,18149,0.000000
0,248,640,18149,173.257083
0,249,0,18149,0.000000
0,250,732,18149,205.930906
0,251,0,18149,0.000000
0,252,0,18149,0.000000
0,253,796,18149,175.790587
0,254,527,18149,140.423832
0,255,0,18149,0.000000
0,256,0,18149,0.000000
0,257,0,18149,0.000000
0,258,0,18149,0.000000
0,259,0,18149,0.000000
0,260,478,18149,149.445029
0,261,0,18149,0.000000
0,262,1370,18149,236.747088
0,263,486,18149,115.187463
0,264,0,18149,0.000000
0,265,0,18149,0.000000
0,266,0,18149,0.000000
0,267,0,18149,0.000000
0,268,0,18149,0.000000
0,269,485,18149,109.766920
0,270,351,18149,126.882611
0,271,0,18149,0.000000
0,272,0,18149,0.000000
0,273,0,18149,0.000000
0,274,155,18149,44.375833
0,275,0,18149,0.000000
0,276,0,18149,0.000000
0,277,469,18149,136.824707
0,278,0,18149,0.000000
0,279,0,18149,0.000000
0,280,935,18149,205.896142
0,281,0,18149,0.000000
0,282,1737,18149,307.341329
0,283,544,18149,162.364255
0,284,0,18149,0.000000
0,285,738,18149,195.794974
0,286,503,18149,116.811814
0,287,0,18149,0.000000
0,288,0,18149,0.000000
0,289,407,18149,113.558784
0,290,748,18149,222.513475
0,291,0,18149,0.000000
0,292,1078,18149,273.591848
0,293,0,18149,0.000000
0,294,0,18149,0.000000
0,295,0,18149,0.000000
0,296,365,18149,75.910846
0,297,0,18149,0.000000
0,298,0,18149,0.000000
0,299,618,18149,116.206639
0,300,0,18149,0.000000
0,301,0,18149,0.000000
0,302,436,18149,128.326381
0,303,0,18149,0.000000
0,304,685,18149,117.629045
0,305,0,18149,0.000000
0,306,0,18149,0.000000
0,307,0,18149,0.000000
0,308,1673,18149,296.126527
0,309,0,18149,0.000000
0,310,1773,18149,292.574213
0,311,0,18149,0.000000
0,312,0,18149,0.000000
0,313,0,18149,0.000000
0,314,2148,18149,371.223760
0,315,0,18149,0.000000
0,316,0,18149,0.000000
0,317,466,18149,100.135540
0,318,520,18149,171.254637
0,319,0,18149,0.000000
0,320,0,18149,0.000000
0,321,1520,18149,313.798681
0,322,862,18149,162.861486
0,323,167,18149,42.258031
0,324,13385,18149,5840.183419
0,325,733,18149,144.601147
0,326,0,18149,0.000000
0,327,0,18149,0.000000
0,328,0,18149,0.000000
0,329,0,18149,0.000000
0,330,0,18149,0.000000
0,331,0,18149,0.000000
0,332,0,18149,0.000000
0,333,0,18149,0.000000
0,334,0,18149,0.000000
0,335,0,18149,0.000000
0,336,0,18149,0.000000
0,337,923,18149,181.624573
0,338,529,18149,112.031665
0,339,0,18149,0.000000
0,340,402,18149,98.590698
0,341,614,18149,170.677090
0,342,0,18149,0.000000
0,343,1012,18149,171.305783
0,344,0,18149,0.000000
0,345,0,18149,0.000000
0,346,0,18149,0.000000
0,347,698,18149,248.198374
0,348,0,18149,0.000000
0,349,0,18149,0.000000
0,350,0,18149,0.000000
0,351,0,18149,0.000000
0,352,696,18149,131.975490
0,353,713,18149,134.341473
0,354,0,18149,0.000000
0,355,0,18149,0.000000
0,356,0,18149,0.000000
0,357,0,18149,0.000000
0,358,0,18149,0.000000
0,359,0,18149,0.000000
0,360,0,18149,0.000000
0,361,0,18149,0.000000
0,362,0,18149,0.000000
0,363,0,18149,0.000000
0,364,0,18149,0.000000
0,365,0,18149,0.000000
0,366,1299,18149,237.672013
0,367,801,18149,189.084109
0,368,0,18149,0.000000
0,369,821,18149,142.111980
0,370,1073,18149,221.099743
0,371,0,18149,0.000000
0,372,0,18149,0.000000
0,373,0,18149,0.000000
0,374,0,18149,0.000000
0,375,0,18149,0.000000
0,376,0,18149,0.000000
0,377,2139,18149,360.757404
0,378,356,18149,124.971500
0,379,0,18149,0.000000
0,380,0,18149,0.000000
0,381,1437,18149,240.929362
0,382,0,18149,0.000000
0,383,0,18149,0.000000
1,0,100,18149,24.829170
1,1,0,18149,0.000000
1,2,0,18149,0.000000
1,3,0,18149,0.000000
1,4,859,18149,276.907690
1,5,630,18149,136.751520
1,6,0,18149,0.000000
1,7,0,18149,0.000000
1,8,0,18149,0.000000
1,9,0,18149,0.000000
1,10,0,18149,0.000000
1,11,0,18149,0.000000
1,12,575,18149,205.746761
1,13,0,18149,0.000000
1,14,487,18149,147.560765
1,15,0,18149,0.000000
1,16,0,18149,0.000000
1,17,0,18149,0.000000
1,18,0,18149,0.000000
1,19,0,18149,0.000000
1,20,0,18149,0.000000
1,21,0,18149,0.000000
1,22,1105,18149,226.420489
1,23,0,18149,0.000000
1,24,0,18149,0.000000
1,25,0,18149,0.000000
1,26,0,18149,0.000000
1,27,0,18149,0.000000
1,28,0,18149,0.000000
1,29,0,18149,0.000000
1,30,827,18149,161.243271
1,31,0,18149,0.000000
1,32,0,18149,0.000000
1,33,0,18149,0.000000
1,34,0,18149,0.000000
1,35,0,18149,0.000000
1,36,0,18149,0.000000
1,37,0,18149,0.000000
1,38,0,18149,0.000000
1,39,0,18149,0.000000
1,40,0,18149,0.000000
1,41,0,18149,0.000000
1,42,0,18149,0.000000
1,43,1415,18149,284.615973
1,44,0,18149,0.000000
1,45,419,18149,130.403697
1,46,0,18149,0.000000
1,47,823,18149,182.079405
1,48,0,18149,0.000000
1,49,0,18149,0.000000
1,50,0,18149,0.000000
1,51,0,18149,0.000000
1,52,0,18149,0.000000
1,53,0,18149,0.000000
1,54,0,18149,0.000000
1,55,0,18149,0.000000
1,56,0,18149,0.000000
1,57,1309,18149,311.401883
1,58,0,18149,0.000000
1,59,0,18149,0.000000
1,60,0,18149,0.000000
1,61,0,18149,0.000000
1,62,149,18149,67.778047
1,63,0,18149,0.000000
1,64,0,18149,0.000000
1,65,1623,18149,400.017956
1,66,0,18149,0.000000
1,67,760,18149,179.413395
1,68,0,18149,0.000000
1,69,0,18149,0.000000
1,70,0,18149,0.000000
1,71,0,18149,0.000000
1,72,669,18149,167.536218
1,73,0,18149,0.000000
1,74,0,18149,0.000000
1,75,0,18149,0.000000
1,76,0,18149,0.000000
1,77,2895,18149,542.429926
1,78,1791,18149,430.294467
1,79,0,18149,0.000000
1,80,0,18149,0.000000
1,81,0,18149,0.000000
1,82,186,18149,41.838955
1,83,0,18149,0.000000
1,84,0,18149,0.000000
1,85,7070,18149,1581.019742
1,86,0,18149,0.000000
1,87,298,18149,111.091417
1,88,1441,18149,320.025834
1,89,420,18149,107.282914
1,90,0,18149,0.000000
1,91,0,18149,0.000000
1,92,0,18149,0.000000
1,93,0,18149,0.000000
1,94,319,18149,66.231092
1,95,0,18149,0.000000
1,96,0,18149,0.000000
1,97,0,18149,0.000000
1,98,444,18149,104.435854
1,99,0,18149,0.000000
1,100,1270,18149,269.475896
1,101,426,18149,122.726517
1,102,0,18149,0.000000
1,103,0,18149,0.000000
1,104,599,18149,151.173007
1,105,0,18149,0.000000
1,106,782,18149,154.067594
1,107,0,18149,0.000000
1,108,570,18149,154.928728
1,109,0,18149,0.000000
1,110,241,18149,54.546500
1,111,0,18149,0.000000
1,112,0,18149,0.000000
1,113,726,18149,291.388638
1,114,836,18149,266.925985
1,115,0,18149,0.000000
1,116,0,18149,0.000000
1,117,487,18149,124.636612
1,118,0,18149,0.000000
1,119,615,18149,296.834689
1,120,1028,18149,215.252568
1,121,0,18149,0.000000
1,122,0,18149,0.000000
1,123,0,18149,0.000000
1,124,211,18149,66.192505
1,125,0,18149,0.000000
1,126,0,18149,0.000000
1,127,553,18149,147.353363
1,128,0,18149,0.000000
1,129,424,18149,119.283977
1,130,0,18149,0.000000
1,131,0,18149,0.000000
1,132,0,18149,0.000000
1,133,625,18149,169.293143
1,134,418,18149,95.894581
1,135,0,18149,0.000000
1,136,10334,18149,2241.122371
1,137,0,18149,0.000000
1,138,0,18149,0.000000
1,139,0,18149,0.000000
1,140,0,18149,0.000000
1,141,0,18149,0.000000
1,142,0,18149,0.000000
1,143,0,18149,0.000000
1,144,0,18149,0.000000
1,145,0,18149,0.000000
1,146,0,18149,0.000000
1,147,604,18149,146.346926
1,148,271,18149,63.807555
1,149,745,18149,218.417618
1,150,3965,18149,1529.353413
1,151,311,18149,111.065847
1,152,379,18149,85.099480
1,153,0,18149,0.000000
1,154,0,18149,0.000000
1,155,0,18149,0.000000
1,156,0,18149,0.000000
1,157,721,18149,224.393597
1,158,865,18149,259.787317
1,159,712,18149,128.435513
1,160,0,18149,0.000000
1,161,321,18149,81.904272
1,162,1648,18149,323.856309
1,163,1405,18149,269.546422
1,164,562,18149,203.454582
1,165,0,18149,0.000000
1,166,0,18149,0.000000
1,167,0,18149,0.000000
1,168,0,18149,0.000000
1,169,0,18149,0.000000
1,170,0,18149,0.000000
1,171,0,18149,0.000000
1,172,0,18149,0.000000
1,173,0,18149,0.000000
1,174,0,18149,0.000000
1,175,0,18149,0.000000
1,176,736,18149,215.321483
1,177,489,18149,130.505297
1,178,1243,18149,246.853153
1,179,0,18149,0.000000
1,180,0,18149,0.000000
1,181,0,18149,0.000000
1,182,0,18149,0.000000
1,183,0,18149,0.000000
1,184,365,18149,77.749566
1,185,730,18149,138.002451
1,186,0,18149,0.000000
1,187,0,18149,0.000000
1,188,0,18149,0.000000
1,189,0,18149,0.000000
1,190,0,18149,0.000000
1,191,477,18149,159.828333
1,192,443,18149,127.106739
1,193,97,18149,27.824847
1,194,0,18149,0.000000
1,195,0,18149,0.000000
1,196,0,18149,0.000000
1,197,0,18149,0.000000
1,198,1228,18149,294.699998
1,199,0,18149,0.000000
1,200,956,18149,222.170195
1,201,0,18149,0.000000
1,202,0,18149,0.000000
1,203,0,18149,0.000000
1,204,0,18149,0.000000
1,205,0,18149,0.000000
1,206,791,18149,162.581395
1,207,0,18149,0.000000
1,208,0,18149,0.000000
1,209,0,18149,0.000000
1,210,0,18149,0.000000
1,211,0,18149,0.000000
1,212,0,18149,0.000000
1,213,5742,18149,1450.525742
1,214,0,18149,0.000000
1,215,0,18149,0.000000
1,216,0,18149,0.000000
1,217,2234,18149,636.047542
1,218,584,18149,151.172551
1,219,0,18149,0.000000
1,220,0,18149,0.000000
1,221,0,18149,0.000000
1,222,0,18149,0.000000
1,223,0,18149,0.000000
1,224,0,18149,0.000000
1,225,0,18149,0.000000
1,226,0,18149,0.000000
1,227,630,18149,140.772811
1,228,195,18149,28.556808
1,229,0,18149,0.000000
1,230,0,18149,0.000000
1,231,0,18149,0.000000
1,232,0,18149,0.000000
1,233,0,18149,0.000000
1,234,0,18149,0.000000
1,235,0,18149,0.000000
1,236,0,18149,0.000000
1,237,0,18149,0.000000
1,238,0,18149,0.000000
1,239,0,18149,0.000000
1,240,0,18149,0.000000
1,241,0,18149,0.000000
1,242,0,18149,0.000000
1,243,0,18149,0.000000
1,244,430,18149,144.961450
1,245,0,18149,0.000000
1,246,0,18149,0.000000
1,247,0,18149,0.000000
1,248,0,18149,0.000000
1,249,0,18149,0.000000
1,250,0,18149,0.000000
1,251,436,18149,141.319089
1,252,0,18149,0.000000
1,253,601,18149,149.392757
1,254,207,18149,41.625024
1,255,0,18149,0.000000
1,256,0,18149,0.000000
1,257,0,18149,0.000000
1,258,421,18149,97.561544
1,259,89,18149,22.403683
1,260,0,18149,0.000000
1,261,0,18149,0.000000
1,262,0,18149,0.000000
1,263,0,18149,0.000000
1,264,0,18149,0.000000
1,265,1211,18149,344.915291
1,266,0,18149,0.000000
1,267,0,18149,0.000000
1,268,0,18149,0.000000
1,269,0,18149,0.000000
1,270,706,18149,179.305840
1,271,0,18149,0.000000
1,272,1017,18149,194.666267
1,273,0,18149,0.000000
1,274,1413,18149,442.647994
1,275,0,18149,0.000000
1,276,0,18149,0.000000
1,277,0,18149,0.000000
1,278,0,18149,0.000000
1,279,2372,18149,524.737556
1,280,0,18149,0.000000
1,281,0,18149,0.000000
1,282,0,18149,0.000000
1,283,318,18149,65.072831
1,284,0,18149,0.000000
1,285,0,18149,0.000000
1,286,0,18149,0.000000
1,287,0,18149,0.000000
1,288,0,18149,0.000000
1,289,611,18149,180.782643
1,290,0,18149,0.000000
1,291,0,18149,0.000000
1,292,0,18149,0.000000
1,293,0,18149,0.000000
1,294,0,18149,0.000000
1,295,0,18149,0.000000
1,296,0,18149,0.000000
1,297,733,18149,153.008461
1,298,0,18149,0.000000
1,299,0,18149,0.000000
1,300,2254,18149,475.042719
1,301,0,18149,0.000000
1,302,0,18149,0.000000
1,303,0,18149,0.000000
1,304,0,18149,0.000000
1,305,0,18149,0.000000
1,306,0,18149,0.000000
1,307,635,18149,235.839443
1,308,1049,18149,305.601166
1,309,0,18149,0.000000
1,310,0,18149,0.000000
1,311,0,18149,0.000000
1,312,0,18149,0.000000
1,313,0,18149,0.000000
1,314,0,18149,0.000000
1,315,0,18149,0.000000
1,316,0,18149,0.000000
1,317,784,18149,246.983377
1,318,1271,18149,332.651933
1,319,1371,18149,281.304038
1,320,0,18149,0.000000
1,321,0,18149,0.000000
1,322,392,18149,85.811159
1,323,2755,18149,534.558251
1,324,0,18149,0.000000
1,325,0,18149,0.000000
1,326,0,18149,0.000000
1,327,0,18149,0.000000
1,328,0,18149,0.000000
1,329,0,18149,0.000000
1,330,0,18149,0.000000
1,331,0,18149,0.000000
1,332,581,18149,111.678321
1,333,0,18149,0.000000
1,334,0,18149,0.000000
1,335,0,18149,0.000000
1,336,550,18149,171.366590
1,337,567,18149,127.370977
1,338,0,18149,0.000000
1,339,0,18149,0.000000
1,340,1001,18149,226.144496
1,341,0,18149,0.000000
1,342,0,18149,0.000000
1,343,0,18149,0.000000
1,344,0,18149,0.000000
1,345,0,18149,0.000000
1,346,0,18149,0.000000
1,347,0,18149,0.000000
1,348,0,18149,0.000000
1,349,660,18149,164.646761
1,350,0,18149,0.000000
1,351,0,18149,0.000000
1,352,0,18149,0.000000
1,353,0,18149,0.000000
1,354,0,18149,0.000000
1,355,1366,18149,306.289163
1,356,0,18149,0.000000
1,357,0,18149,0.000000
1,358,0,18149,0.000000
1,359,0,18149,0.000000
1,360,0,18149,0.000000
1,361,371,18149,84.393525
1,362,0,18149,0.000000
1,363,0,18149,0.000000
1,364,0,18149,0.000000
1,365,0,18149,0.000000
1,366,0,18149,0.000000
1,367,0,18149,0.000000
1,368,0,18149,0.000000
1,369,786,18149,171.552356
1,370,960,18149,232.354611
1,371,299,18149,56.322571
1,372,0,18149,0.000000
1,373,0,18149,0.000000
1,374,1206,18149,339.445119
1,375,471,18149,178.397956
1,376,0,18149,0.000000
1,377,250,18149,65.410104
1,378,344,18149,72.954199
1,379,236,18149,81.267253
1,380,0,18149,0.000000
1,381,1157,18149,235.933104
1,382,805,18149,414.139640
1,383,0,18149,0.000000
2,0,0,18149,0.000000
2,1,0,18149,0.000000
2,2,0,18149,0.000000
2,3,0,18149,0.000000
2,4,0,18149,0.000000
2,5,0,18149,0.000000
2,6,0,18149,0.000000
2,7,677,18149,141.478693
2,8,0,18149,0.000000
2,9,0,18149,0.000000
2,10,250,18149,61.960197
2,11,339,18149,89.977992
2,12,0,18149,0.000000
2,13,0,18149,0.000000
2,14,1034,18149,224.216882
2,15,409,18149,95.187336
2,16,0,18149,0.000000
2,17,0,18149,0.000000
2,18,0,18149,0.000000
2,19,0,18149,0.000000
2,20,1994,18149,353.491168
2,21,0,18149,0.000000
2,22,0,18149,0.000000
2,23,0,18149,0.000000
2,24,0,18149,0.000000
2,25,0,18149,0.000000
2,26,759,18149,172.702626
2,27,1675,18149,381.029602
2,28,0,18149,0.000000
2,29,0,18149,0.000000
2,30,0,18149,0.000000
2,31,0,18149,0.000000
2,32,1263,18149,255.429149
2,33,0,18149,0.000000
2,34,0,18149,0.000000
2,35,349,18149,77.485011
2,36,0,18149,0.000000
2,37,4909,18149,1235.167689
2,38,0,18149,0.000000
2,39,0,18149,0.000000
2,40,0,18149,0.000000
2,41,650,18149,137.899667
2,42,691,18149,136.773032
2,43,0,18149,0.000000
2,44,0,18149,0.000000
2,45,0,18149,0.000000
2,46,0,18149,0.000000
2,47,0,18149,0.000000
2,48,0,18149,0.000000
2,49,625,18149,172.418366
2,50,0,18149,0.000000
2,51,0,18149,0.000000
2,52,0,18149,0.000000
2,53,2140,18149,605.175859
2,54,0,18149,0.000000
2,55,0,18149,0.000000
2,56,490,18149,140.920557
2,57,0,18149,0.000000
2,58,510,18149,128.170320
2,59,0,18149,0.000000
2,60,0,18149,0.000000
2,61,0,18149,0.000000
2,62,0,18149,0.000000
2,63,0,18149,0.000000
2,64,0,18149,0.000000
2,65,0,18149,0.000000
2,66,0,18149,0.000000
2,67,0,18149,0.000000
2,68,1003,18149,187.982851
2,69,781,18149,153.045066
2,70,0,18149,0.000000
2,71,0,18149,0.000000
2,72,0,18149,0.000000
2,73,0,18149,0.000000
2,74,0,18149,0.000000
2,75,0,18149,0.000000
2,76,0,18149,0.000000
2,77,0,18149,0.000000
2,78,0,18149,0.000000
2,79,264,18149,53.410468
2,80,0,18149,0.000000
2,81,0,18149,0.000000
2,82,1469,18149,280.650535
2,83,0,18149,0.000000
2,84,2127,18149,363.337472
2,85,0,18149,0.000000
2,86,0,18149,0.000000
2,87,235,18149,62.248662
2,88,0,18149,0.000000
2,89,0,18149,0.000000
2,90,0,18149,0.000000
2,91,2319,18149,422.745030
2,92,0,18149,0.000000
2,93,5170,18149,1242.033601
2,94,0,18149,0.000000
2,95,0,18149,0.000000
2,96,30,18149,6.127132
2,97,0,18149,0.000000
2,98,1121,18149,220.673273
2,99,617,18149,106.123016
2,100,0,18149,0.000000
2,101,0,18149,0.000000
2,102,0,18149,0.000000
2,103,0,18149,0.000000
2,104,0,18149,0.000000
2,105,107,18149,21.878021
2,106,0,18149,0.000000
2,107,0,18149,0.000000
2,108,0,18149,0.000000
2,109,0,18149,0.000000
2,110,0,18149,0.000000
2,111,0,18149,0.000000
2,112,1180,18149,215.652697
2,113,0,18149,0.000000
2,114,518,18149,154.648566
2,115,918,18149,175.693168
2,116,0,18149,0.000000
2,117,0,18149,0.000000
2,118,0,18149,0.000000
2,119,0,18149,0.000000
2,120,4727,18149,1114.832846
2,121,453,18149,106.254162
2,122,0,18149,0.000000
2,123,0,18149,0.000000
2,124,459,18149,109.667592
2,125,0,18149,0.000000
2,126,0,18149,0.000000
2,127,0,18149,0.000000
2,128,0,18149,0.000000
2,129,0,18149,0.000000
2,130,957,18149,373.067800
2,131,912,18149,177.387754
2,132,653,18149,177.490523
2,133,0,18149,0.000000
2,134,0,18149,0.000000
2,135,0,18149,0.000000
2,136,0,18149,0.000000
2,137,0,18149,0.000000
2,138,0,18149,0.000000
2,139,0,18149,0.000000
2,140,0,18149,0.000000
2,141,344,18149,78.935996
2,142,532,18149,134.270001
2,143,0,18149,0.000000
2,144,1110,18149,268.529917
2,145,0,18149,0.000000
2,146,0,18149,0.000000
2,147,0,18149,0.000000
2,148,0,18149,0.000000
2,149,285,18149,68.981656
2,150,0,18149,0.000000
2,151,0,18149,0.000000
2,152,446,18149,145.975029
2,153,0,18149,0.000000
2,154,15295,18149,5266.377655
2,155,0,18149,0.000000
2,156,0,18149,0.000000
2,157,0,18149,0.000000
2,158,1070,18149,222.043685
2,159,0,18149,0.000000
2,160,323,18149,61.765733
2,161,111,18149,20.802173
2,162,0,18149,0.000000
2,163,0,18149,0.000000
2,164,0,18149,0.000000
2,165,0,18149,0.000000
2,166,1109,18149,272.209192
2,167,0,18149,0.000000
2,168,0,18149,0.000000
2,169,0,18149,0.000000
2,170,584,18149,162.872397
2,171,0,18149,0.000000
2,172,539,18149,140.111113
2,173,0,18149,0.000000
2,174,725,18149,223.591434
2,175,0,18149,0.000000
2,176,0,18149,0.000000
2,177,0,18149,0.000000
2,178,0,18149,0.000000
2,179,0,18149,0.000000
2,180,0,18149,0.000000
2,181,0,18149,0.000000
2,182,0,18149,0.000000
2,183,0,18149,0.000000
2,184,764,18149,136.920600
2,185,0,18149,0.000000
2,186,0,18149,0.000000
2,187,0,18149,0.000000
2,188,0,18149,0.000000
2,189,0,18149,0.000000
2,190,0,18149,0.000000
2,191,0,18149,0.000000
2,192,0,18149,0.000000
2,193,0,18149,0.000000
2,194,1010,18149,243.342189
2,195,0,18149,0.000000
2,196,0,18149,0.000000
2,197,0,18149,0.000000
2,198,0,18149,0.000000
2,199,0,18149,0.000000
2,200,0,18149,0.000000
2,201,0,18149,0.000000
2,202,0,18149,0.000000
2,203,628,18149,160.324607
2,204,0,18149,0.000000
2,205,0,18149,0.000000
2,206,1282,18149,239.636865
2,207,0,18149,0.000000
2,208,0,18149,0.000000
2,209,0,18149,0.000000
2,210,0,18149,0.000000
2,211,0,18149,0.000000
2,212,1735,18149,356.342102
2,213,23,18149,4.828683
2,214,29,18149,5.923717
2,215,0,18149,0.000000
2,216,1161,18149,284.951561
2,217,524,18149,108.718421
2,218,0,18149,0.000000
2,219,0,18149,0.000000
2,220,258,18149,46.561130
2,221,0,18149,0.000000
2,222,869,18149,310.302580
2,223,0,18149,0.000000
2,224,345,18149,107.344651
2,225,0,18149,0.000000
2,226,0,18149,0.000000
2,227,0,18149,0.000000
2,228,1007,18149,280.270375
2,229,0,18149,0.000000
2,230,1338,18149,292.807653
2,231,0,18149,0.000000
2,232,0,18149,0.000000
2,233,113,18149,42.941808
2,234,507,18149,119.717151
2,235,0,18149,0.000000
2,236,0,18149,0.000000
2,237,0,18149,0.000000
2,238,0,18149,0.000000
2,239,0,18149,0.000000
2,240,0,18149,0.000000
2,241,92,18149,17.636602
2,242,0,18149,0.000000
2,243,0,18149,0.000000
2,244,0,18149,0.000000
2,245,0,18149,0.000000
2,246,0,18149,0.000000
2,247,965,18149,240.973642
2,248,0,18149,0.000000
2,249,1845,18149,353.876294
2,250,325,18149,55.779802
2,251,0,18149,0.000000
2,252,0,18149,0.000000
2,253,0,18149,0.000000
2,254,156,18149,34.319212
2,255,481,18149,116.714497
2,256,827,18149,197.674227
2,257,0,18149,0.000000
2,258,0,18149,0.000000
2,259,0,18149,0.000000
2,260,0,18149,0.000000
2,261,0,18149,0.000000
2,262,0,18149,0.000000
2,263,0,18149,0.000000
2,264,0,18149,0.000000
2,265,0,18149,0.000000
2,266,0,18149,0.000000
2,267,0,18149,0.000000
2,268,490,18149,81.560375
2,269,0,18149,0.000000
2,270,0,18149,0.000000
2,271,929,18149,248.662328
2,272,1152,18149,199.173187
2,273,0,18149,0.000000
2,274,0,18149,0.000000
2,275,0,18149,0.000000
2,276,0,18149,0.000000
2,277,0,18149,0.000000
2,278,0,18149,0.000000
2,279,275,18149,94.381374
2,280,0,18149,0.000000
2,281,0,18149,0.000000
2,282,0,18149,0.000000
2,283,0,18149,0.000000
2,284,0,18149,0.000000
2,285,0,18149,0.000000
2,286,0,18149,0.000000
2,287,0,18149,0.000000
2,288,0,18149,0.000000
2,289,551,18149,116.410293
2,290,0,18149,0.000000
2,291,660,18149,116.714790
2,292,0,18149,0.000000
2,293,293,18149,74.133524
2,294,0,18149,0.000000
2,295,0,18149,0.000000
2,296,715,18149,149.173520
2,297,534,18149,124.011215
2,298,0,18149,0.000000
2,299,633,18149,142.907696
2,300,0,18149,0.000000
2,301,0,18149,0.000000
2,302,0,18149,0.000000
2,303,813,18149,198.878937
2,304,0,18149,0.000000
2,305,2768,18149,1002.543012
2,306,0,18149,0.000000
2,307,342,18149,98.785513
2,308,0,18149,0.000000
2,309,0,18149,0.000000
2,310,0,18149,0.000000
2,311,663,18149,129.881197
2,312,0,18149,0.000000
2,313,0,18149,0.000000
2,314,114,18149,24.904629
2,315,1404,18149,241.837821
2,316,615,18149,134.076452
2,317,0,18149,0.000000
2,318,0,18149,0.000000
2,319,0,18149,0.000000
2,320,0,18149,0.000000
2,321,0,18149,0.000000
2,322,0,18149,0.000000
2,323,1642,18149,341.868907
2,324,1242,18149,327.781131
2,325,0,18149,0.000000
2,326,0,18149,0.000000
2,327,306,18149,69.914986
2,328,0,18149,0.000000
2,329,0,18149,0.000000
2,330,0,18149,0.000000
2,331,0,18149,0.000000
2,332,0,18149,0.000000
2,333,1807,18149,374.272116
2,334,0,18149,0.000000
2,335,0,18149,0.000000
2,336,0,18149,0.000000
2,337,172,18149,61.995468
2,338,0,18149,0.000000
2,339,0,18149,0.000000
2,340,0,18149,0.000000
2,341,0,18149,0.000000
2,342,0,18149,0.000000
2,343,0,18149,0.000000
2,344,296,18149,58.014452
2,345,0,18149,0.000000
2,346,0,18149,0.000000
2,347,0,18149,0.000000
2,348,0,18149,0.000000
2,349,0,18149,0.000000
2,350,0,18149,0.000000
2,351,424,18149,109.462850
2,352,411,18149,83.377054
2,353,329,18149,83.475880
2,354,0,18149,0.000000
2,355,0,18149,0.000000
2,356,0,18149,0.000000
2,357,0,18149,0.000000
2,358,0,18149,0.000000
2,359,0,18149,0.000000
2,360,0,18149,0.000000
2,361,0,18149,0.000000
2,362,2039,18149,707.841114
2,363,0,18149,0.000000
2,364,0,18149,0.000000
2,365,693,18149,165.981702
2,366,0,18149,0.000000
2,367,0,18149,0.000000
2,368,0,18149,0.000000
2,369,0,18149,0.000000
2,370,0,18149,0.000000
2,371,0,18149,0.000000
2,372,0,18149,0.000000
2,373,0,18149,0.000000
2,374,0,18149,0.000000
2,375,544,18149,162.117107
2,376,0,18149,0.000000
2,377,0,18149,0.000000
2,378,0,18149,0.000000
2,379,0,18149,0.000000
2,380,1173,18149,290.415120
2,381,0,18149,0.000000
2,382,0,18149,0.000000
2,383,1324,18149,250.137639
3,0,0,18149,0.000000
3,1,0,18149,0.000000
3,2,0,18149,0.000000
3,3,0,18149,0.000000
3,4,0,18149,0.000000
3,5,576,18149,137.548807
3,6,0,18149,0.000000
3,7,0,18149,0.000000
3,8,0,18149,0.000000
3,9,0,18149,0.000000
3,10,0,18149,0.000000
3,11,767,18149,284.076727
3,12,1083,18149,189.248906
3,13,591,18149,158.656627
3,14,0,18149,0.000000
3,15,420,18149,126.713508
3,16,0,18149,0.000000
3,17,493,18149,92.678943
3,18,0,18149,0.000000
3,19,0,18149,0.000000
3,20,0,18149,0.000000
3,21,234,18149,43.864215
3,22,499,18149,126.650806
3,23,0,18149,0.000000
3,24,0,18149,0.000000
3,25,0,18149,0.000000
3,26,2101,18149,576.937600
3,27,0,18149,0.000000
3,28,0,18149,0.000000
3,29,0,18149,0.000000
3,30,0,18149,0.000000
3,31,0,18149,0.000000
3,32,0,18149,0.000000
3,33,0,18149,0.000000
3,34,0,18149,0.000000
3,35,0,18149,0.000000
3,36,0,18149,0.000000
3,37,371,18149,95.456714
3,38,2275,18149,683.760255
3,39,1505,18149,342.555409
3,40,0,18149,0.000000
3,41,0,18149,0.000000
3,42,0,18149,0.000000
3,43,0,18149,0.000000
3,44,0,18149,0.000000
3,45,0,18149,0.000000
3,46,0,18149,0.000000
3,47,0,18149,0.000000
3,48,1104,18149,224.530879
3,49,0,18149,0.000000
3,50,0,18149,0.000000
3,51,0,18149,0.000000
3,52,0,18149,0.000000
3,53,0,18149,0.000000
3,54,1339,18149,278.764207
3,55,0,18149,0.000000
3,56,426,18149,100.910492
3,57,0,18149,0.000000
3,58,0,18149,0.000000
3,59,0,18149,0.000000
3,60,0,18149,0.000000
3,61,386,18149,63.212567
3,62,0,18149,0.000000
3,63,0,18149,0.000000
3,64,0,18149,0.000000
3,65,0,18149,0.000000
3,66,0,18149,0.000000
3,67,618,18149,139.877541
3,68,0,18149,0.000000
3,69,0,18149,0.000000
3,70,769,18149,256.520578
3,71,0,18149,0.000000
3,72,0,18149,0.000000
3,73,0,18149,0.000000
3,74,0,18149,0.000000
3,75,0,18149,0.000000
3,76,0,18149,0.000000
3,77,0,18149,0.000000
3,78,0,18149,0.000000
3,79,0,18149,0.000000
3,80,0,18149,0.000000
3,81,0,18149,0.000000
3,82,0,18149,0.000000
3,83,0,18149,0.000000
3,84,0,18149,0.000000
3,85,0,18149,0.000000
3,86,0,18149,0.000000
3,87,667,18149,166.971092
3,88,0,18149,0.000000
3,89,0,18149,0.000000
3,90,375,18149,85.763030
3,91,0,18149,0.000000
3,92,443,18149,111.374806
3,93,0,18149,0.000000
3,94,0,18149,0.000000
3,95,0,18149,0.000000
3,96,47,18149,9.256492
3,97,0,18149,0.000000
3,98,0,18149,0.000000
3,99,0,18149,0.000000
3,100,0,18149,0.000000
3,101,0,18149,0.000000
3,102,504,18149,129.399718
3,103,0,18149,0.000000
3,104,0,18149,0.000000
3,105,0,18149,0.000000
3,106,0,18149,0.000000
3,107,1128,18149,273.955094
3,108,0,18149,0.000000
3,109,0,18149,0.000000
3,110,645,18149,166.051028
3,111,0,18149,0.000000
3,112,1150,18149,299.563513
3,113,0,18149,0.000000
3,114,981,18149,228.090513
3,115,0,18149,0.000000
3,116,0,18149,0.000000
3,117,0,18149,0.000000
3,118,980,18149,191.190858
3,119,0,18149,0.000000
3,120,0,18149,0.000000
3,121,0,18149,0.000000
3,122,778,18149,245.556891
3,123,1254,18149,247.796413
3,124,0,18149,0.000000
3,125,0,18149,0.000000
3,126,0,18149,0.000000
3,127,0,18149,0.000000
3,128,0,18149,0.000000
3,129,761,18149,170.215814
3,130,0,18149,0.000000
3,131,1073,18149,217.865384
3,132,0,18149,0.000000
3,133,0,18149,0.000000
3,134,0,18149,0.000000
3,135,0,18149,0.000000
3,136,670,18149,178.435729
3,137,3,18149,0.561885
3,138,366,18149,88.250458
3,139,0,18149,0.000000
3,140,0,18149,0.000000
3,141,0,18149,0.000000
3,142,18,18149,4.043767
3,143,0,18149,0.000000
3,144,0,18149,0.000000
3,145,353,18149,105.501586
3,146,0,18149,0.000000
3,147,460,18149,97.942350
3,148,466,18149,95.799125
3,149,302,18149,57.806647
3,150,358,18149,165.465251
3,151,2461,18149,439.654601
3,152,0,18149,0.000000
3,153,4525,18149,1447.816171
3,154,462,18149,198.616958
3,155,0,18149,0.000000
3,156,0,18149,0.000000
3,157,0,18149,0.000000
3,158,0,18149,0.000000
3,159,0,18149,0.000000
3,160,0,18149,0.000000
3,161,0,18149,0.000000
3,162,0,18149,0.000000
3,163,0,18149,0.000000
3,164,0,18149,0.000000
3,165,942,18149,187.843887
3,166,0,18149,0.000000
3,167,17,18149,2.987748
3,168,965,18149,211.563524
3,169,0,18149,0.000000
3,170,0,18149,0.000000
3,171,0,18149,0.000000
3,172,620,18149,203.223329
3,173,2933,18149,763.179830
3,174,0,18149,0.000000
3,175,0,18149,0.000000
3,176,0,18149,0.000000
3,177,0,18149,0.000000
3,178,0,18149,0.000000
3,179,0,18149,0.000000
3,180,0,18149,0.000000
3,181,0,18149,0.000000
3,182,0,18149,0.000000
3,183,0,18149,0.000000
3,184,0,18149,0.000000
3,185,0,18149,0.000000
3,186,944,18149,207.938279
3,187,0,18149,0.000000
3,188,0,18149,0.000000
3,189,740,18149,155.449390
3,190,0,18149,0.000000
3,191,920,18149,206.937512
3,192,0,18149,0.000000
3,193,536,18149,177.863691
3,194,0,18149,0.000000
3,195,0,18149,0.000000
3,196,0,18149,0.000000
3,197,0,18149,0.000000
3,198,0,18149,0.000000
3,199,0,18149,0.000000
3,200,647,18149,108.730414
3,201,0,18149,0.000000
3,202,497,18149,174.055526
3,203,0,18149,0.000000
3,204,0,18149,0.000000
3,205,537,18149,205.013008
3,206,506,18149,155.987972
3,207,655,18149,306.776248
3,208,0,18149,0.000000
3,209,0,18149,0.000000
3,210,0,18149,0.000000
3,211,0,18149,0.000000
3,212,0,18149,0.000000
3,213,0,18149,0.000000
3,214,316,18149,104.208979
3,215,0,18149,0.000000
3,216,0,18149,0.000000
3,217,0,18149,0.000000
3,218,480,18149,132.084620
3,219,0,18149,0.000000
3,220,1294,18149,261.423931
3,221,0,18149,0.000000
3,222,1434,18149,358.897670
3,223,0,18149,0.000000
3,224,231,18149,44.101546
3,225,0,18149,0.000000
3,226,199,18149,36.050573
3,227,0,18149,0.000000
3,228,337,18149,113.644752
3,229,0,18149,0.000000
3,230,0,18149,0.000000
3,231,0,18149,0.000000
3,232,0,18149,0.000000
3,233,263,18149,72.974037
3,234,0,18149,0.000000
3,235,0,18149,0.000000
3,236,0,18149,0.000000
3,237,575,18149,150.767788
3,238,0,18149,0.000000
3,239,0,18149,0.000000
3,240,0,18149,0.000000
3,241,0,18149,0.000000
3,242,0,18149,0.000000
3,243,0,18149,0.000000
3,244,0,18149,0.000000
3,245,0,18149,0.000000
3,246,515,18149,128.583868
3,247,0,18149,0.000000
3,248,0,18149,0.000000
3,249,0,18149,0.000000
3,250,0,18149,0.000000
3,251,0,18149,0.000000
3,252,0,18149,0.000000
3,253,0,18149,0.000000
3,254,542,18149,194.190707
3,255,0,18149,0.000000
3,256,0,18149,0.000000
3,257,4094,18149,949.040515
3,258,0,18149,0.000000
3,259,0,18149,0.000000
3,260,0,18149,0.000000
3,261,0,18149,0.000000
3,262,1185,18149,247.631456
3,263,0,18149,0.000000
3,264,0,18149,0.000000
3,265,0,18149,0.000000
3,266,1035,18149,262.162580
3,267,768,18149,227.554599
3,268,397,18149,107.251312
3,269,0,18149,0.000000
3,270,0,18149,0.000000
3,271,1065,18149,254.929068
3,272,0,18149,0.000000
3,273,0,18149,0.000000
3,274,0,18149,0.000000
3,275,653,18149,121.693262
3,276,0,18149,0.000000
3,277,0,18149,0.000000
3,278,0,18149,0.000000
3,279,0,18149,0.000000
3,280,0,18149,0.000000
3,281,0,18149,0.000000
3,282,1082,18149,231.845950
3,283,533,18149,192.459586
3,284,0,18149,0.000000
3,285,0,18149,0.000000
3,286,0,18149,0.000000
3,287,0,18149,0.000000
3,288,550,18149,131.925680
3,289,0,18149,0.000000
3,290,0,18149,0.000000
3,291,1784,18149,486.174819
3,292,0,18149,0.000000
3,293,617,18149,185.246435
3,294,0,18149,0.000000
3,295,0,18149,0.000000
3,296,0,18149,0.000000
3,297,0,18149,0.000000
3,298,817,18149,188.664013
3,299,0,18149,0.000000
3,300,0,18149,0.000000
3,301,0,18149,0.000000
3,302,0,18149,0.000000
3,303,876,18149,207.285112
3,304,319,18149,90.891185
3,305,545,18149,195.606828
3,306,0,18149,0.000000
3,307,0,18149,0.000000
3,308,2788,18149,712.574131
3,309,871,18149,219.390938
3,310,0,18149,0.000000
3,311,0,18149,0.000000
3,312,320,18149,99.967699
3,313,0,18149,0.000000
3,314,0,18149,0.000000
3,315,0,18149,0.000000
3,316,0,18149,0.000000
3,317,2064,18149,432.352536
3,318,0,18149,0.000000
3,319,0,18149,0.000000
3,320,0,18149,0.000000
3,321,2867,18149,484.078211
3,322,0,18149,0.000000
3,323,0,18149,0.000000
3,324,963,18149,194.849693
3,325,820,18149,151.345905
3,326,3984,18149,938.695774
3,327,0,18149,0.000000
3,328,0,18149,0.000000
3,329,763,18149,165.683035
3,330,2087,18149,632.686699
3,331,661,18149,107.391080
3,332,0,18149,0.000000
3,333,0,18149,0.000000
3,334,0,18149,0.000000
3,335,0,18149,0.000000
3,336,944,18149,208.393562
3,337,78,18149,19.005897
3,338,0,18149,0.000000
3,339,0,18149,0.000000
3,340,0,18149,0.000000
3,341,0,18149,0.000000
3,342,0,18149,0.000000
3,343,1172,18149,251.106567
3,344,0,18149,0.000000
3,345,0,18149,0.000000
3,346,0,18149,0.000000
3,347,0,18149,0.000000
3,348,0,18149,0.000000
3,349,1251,18149,283.648366
3,350,0,18149,0.000000
3,351,0,18149,0.000000
3,352,0,18149,0.000000
3,353,0,18149,0.000000
3,354,0,18149,0.000000
3,355,6917,18149,1760.275125
3,356,0,18149,0.000000
3,357,1189,18149,269.580570
3,358,0,18149,0.000000
3,359,636,18149,281.970963
3,360,518,18149,281.641924
3,361,0,18149,0.000000
3,362,0,18149,0.000000
3,363,0,18149,0.000000
3,364,0,18149,0.000000
3,365,572,18149,169.226943
3,366,0,18149,0.000000
3,367,0,18149,0.000000
3,368,1587,18149,381.222204
3,369,621,18149,128.393220
3,370,0,18149,0.000000
3,371,0,18149,0.000000
3,372,0,18149,0.000000
3,373,0,18149,0.000000
3,374,0,18149,0.000000
3,375,0,18149,0.000000
3,376,1507,18149,314.867883
3,377,623,18149,133.017305
3,378,0,18149,0.000000
3,379,1119,18149,271.480834
3,380,0,18149,0.000000
3,381,0,18149,0.000000
3,382,1220,18149,240.901813
3,383,0,18149,0.000000
4,0,0,18149,0.000000
4,1,0,18149,0.000000
4,2,0,18149,0.000000
4,3,962,18149,206.732209
4,4,0,18149,0.000000
4,5,964,18149,202.546072
4,6,0,18149,0.000000
4,7,0,18149,0.000000
4,8,0,18149,0.000000
4,9,208,18149,46.430020
4,10,1389,18149,377.577211
4,11,0,18149,0.000000
4,12,587,18149,101.769080
4,13,0,18149,0.000000
4,14,0,18149,0.000000
4,15,0,18149,0.000000
4,16,0,18149,0.000000
4,17,234,18149,67.244511
4,18,469,18149,131.448569
4,19,1538,18149,505.285887
4,20,0,18149,0.000000
4,21,214,18149,85.139602
4,22,0,18149,0.000000
4,23,567,18149,115.883765
4,24,0,18149,0.000000
4,25,0,18149,0.000000
4,26,19,18149,7.139612
4,27,0,18149,0.000000
4,28,0,18149,0.000000
4,29,0,18149,0.000000
4,30,0,18149,0.000000
4,31,67,18149,11.647090
4,32,0,18149,0.000000
4,33,0,18149,0.000000
4,34,0,18149,0.000000
4,35,423,18149,131.703744
4,36,0,18149,0.000000
4,37,741,18149,190.398639
4,38,0,18149,0.000000
4,39,0,18149,0.000000
4,40,0,18149,0.000000
4,41,0,18149,0.000000
4,42,0,18149,0.000000
4,43,0,18149,0.000000
4,44,789,18149,166.009295
4,45,0,18149,0.000000
4,46,0,18149,0.000000
4,47,0,18149,0.000000
4,48,0,18149,0.000000
4,49,0,18149,0.000000
4,50,0,18149,0.000000
4,51,1462,18149,345.054830
4,52,0,18149,0.000000
4,53,927,18149,215.350865
4,54,357,18149,90.604719
4,55,0,18149,0.000000
4,56,0,18149,0.000000
4,57,0,18149,0.000000
4,58,692,18149,158.568957
4,59,1513,18149,324.233187
4,60,0,18149,0.000000
4,61,599,18149,148.747542
4,62,1304,18149,434.718363
4,63,0,18149,0.000000
4,64,0,18149,0.000000
4,65,0,18149,0.000000
4,66,13237,18149,3855.846491
4,67,0,18149,0.000000
4,68,0,18149,0.000000
4,69,0,18149,0.000000
4,70,0,18149,0.000000
4,71,0,18149,0.000000
4,72,241,18149,53.335364
4,73,401,18149,137.482935
4,74,0,18149,0.000000
4,75,735,18149,238.309094
4,76,0,18149,0.000000
4,77,0,18149,0.000000
4,78,0,18149,0.000000
4,79,0,18149,0.000000
4,80,0,18149,0.000000
4,81,0,18149,0.000000
4,82,264,18149,67.371345
4,83,0,18149,0.000000
4,84,0,18149,0.000000
4,85,517,18149,81.799381
4,86,0,18149,0.000000
4,87,0,18149,0.000000
4,88,787,18149,149.402906
4,89,1143,18149,304.734263
4,90,0,18149,0.000000
4,91,0,18149,0.000000
4,92,0,18149,0.000000
4,93,0,18149,0.000000
4,94,1367,18149,306.195559
4,95,0,18149,0.000000
4,96,0,18149,0.000000
4,97,0,18149,0.000000
4,98,0,18149,0.000000
4,99,0,18149,0.000000
4,100,0,18149,0.000000
4,101,0,18149,0.000000
4,102,665,18149,158.657250
4,103,0,18149,0.000000
4,104,0,18149,0.000000
4,105,0,18149,0.000000
4,106,0,18149,0.000000
4,107,289,18149,65.177551
4,108,0,18149,0.000000
4,109,0,18149,0.000000
4,110,614,18149,160.229085
4,111,0,18149,0.000000
4,112,1449,18149,418.443720
4,113,0,18149,0.000000
4,114,0,18149,0.000000
4,115,0,18149,0.000000
4,116,0,18149,0.000000
4,117,0,18149,0.000000
4,118,0,18149,0.000000
4,119,1330,18149,334.887550
4,120,0,18149,0.000000
4,121,0,18149,0.000000
4,122,3989,18149,888.375330
4,123,0,18149,0.000000
4,124,1467,18149,306.935373
4,125,0,18149,0.000000
4,126,891,18149,205.699688
4,127,2839,18149,639.276690
4,128,415,18149,85.782189
4,129,0,18149,0.000000
4,130,0,18149,0.000000
4,131,0,18149,0.000000
4,132,844,18149,235.987548
4,133,0,18149,0.000000
4,134,1193,18149,253.773868
4,135,1087,18149,234.887160
4,136,0,18149,0.000000
4,137,0,18149,0.000000
4,138,0,18149,0.000000
4,139,0,18149,0.000000
4,140,811,18149,203.382526
4,141,1395,18149,402.834730
4,142,0,18149,0.000000
4,143,0,18149,0.000000
4,144,558,18149,169.677094
4,145,0,18149,0.000000
4,146,0,18149,0.000000
4,147,580,18149,157.808862
4,148,0,18149,0.000000
4,149,0,18149,0.000000
4,150,0,18149,0.000000
4,151,0,18149,0.000000
4,152,1451,18149,320.184158
4,153,0,18149,0.000000
4,154,249,18149,66.375067
4,155,0,18149,0.000000
4,156,1221,18149,249.977660
4,157,767,18149,232.320312
4,158,0,18149,0.000000
4,159,0,18149,0.000000
4,160,0,18149,0.000000
4,161,898,18149,210.800184
4,162,0,18149,0.000000
4,163,0,18149,0.000000
4,164,0,18149,0.000000
4,165,0,18149,0.000000
4,166,0,18149,0.000000
4,167,0,18149,0.000000
4,168,0,18149,0.000000
4,169,0,18149,0.000000
4,170,0,18149,0.000000
4,171,0,18149,0.000000
4,172,0,18149,0.000000
4,173,0,18149,0.000000
4,174,0,18149,0.000000
4,175,0,18149,0.000000
4,176,0,18149,0.000000
4,177,484,18149,138.354650
4,178,0,18149,0.000000
4,179,533,18149,139.074201
4,180,0,18149,0.000000
4,181,440,18149,134.821974
4,182,0,18149,0.000000
4,183,0,18149,0.000000
4,184,326,18149,57.562431
4,185,0,18149,0.000000
4,186,0,18149,0.000000
4,187,0,18149,0.000000
4,188,0,18149,0.000000
4,189,0,18149,0.000000
4,190,0,18149,0.000000
4,191,1345,18149,330.610330
4,192,365,18149,67.543777
4,193,0,18149,0.000000
4,194,1677,18149,361.781410
4,195,479,18149,71.856001
4,196,0,18149,0.000000
4,197,0,18149,0.000000
4,198,0,18149,0.000000
4,199,1487,18149,306.075270
4,200,0,18149,0.000000
4,201,165,18149,40.149122
4,202,488,18149,108.559560
4,203,0,18149,0.000000
4,204,0,18149,0.000000
4,205,0,18149,0.000000
4,206,229,18149,50.109155
4,207,0,18149,0.000000
4,208,167,18149,45.451390
4,209,0,18149,0.000000
4,210,849,18149,173.202227
4,211,62,18149,13.584579
4,212,0,18149,0.000000
4,213,0,18149,0.000000
4,214,953,18149,214.661706
4,215,0,18149,0.000000
4,216,0,18149,0.000000
4,217,0,18149,0.000000
4,218,0,18149,0.000000
4,219,389,18149,100.943751
4,220,0,18149,0.000000
4,221,3031,18149,707.006665
4,222,0,18149,0.000000
4,223,0,18149,0.000000
4,224,765,18149,143.967517
4,225,0,18149,0.000000
4,226,0,18149,0.000000
4,227,0,18149,0.000000
4,228,0,18149,0.000000
4,229,0,18149,0.000000
4,230,0,18149,0.000000
4,231,0,18149,0.000000
4,232,0,18149,0.000000
4,233,0,18149,0.000000
4,234,0,18149,0.000000
4,235,0,18149,0.000000
4,236,0,18149,0.000000
4,237,0,18149,0.000000
4,238,0,18149,0.000000
4,239,0,18149,0.000000
4,240,0,18149,0.000000
4,241,0,18149,0.000000
4,242,0,18149,0.000000
4,243,0,18149,0.000000
4,244,0,18149,0.000000
4,245,0,18149,0.000000
4,246,0,18149,0.000000
4,247,0,18149,0.000000
4,248,0,18149,0.000000
4,249,0,18149,0.000000
4,250,0,18149,0.000000
4,251,0,18149,0.000000
4,252,0,18149,0.000000
4,253,0,18149,0.000000
4,254,230,18149,48.327266
4,255,0,18149,0.000000
4,256,0,18149,0.000000
4,257,630,18149,151.557500
4,258,483,18149,168.317694
4,259,0,18149,0.000000
4,260,585,18149,172.824327
4,261,0,18149,0.000000
4,262,1150,18149,353.766142
4,263,0,18149,0.000000
4,264,0,18149,0.000000
4,265,736,18149,200.390244
4,266,0,18149,0.000000
4,267,0,18149,0.000000
4,268,1246,18149,272.957178
4,269,0,18149,0.000000
4,270,0,18149,0.000000
4,271,423,18149,101.690361
4,272,0,18149,0.000000
4,273,0,18149,0.000000
4,274,0,18149,0.000000
4,275,0,18149,0.000000
4,276,0,18149,0.000000
4,277,0,18149,0.000000
4,278,699,18149,180.067204
4,279,542,18149,144.918873
4,280,791,18149,249.053763
4,281,0,18149,0.000000
4,282,0,18149,0.000000
4,283,0,18149,0.000000
4,284,0,18149,0.000000
4,285,0,18149,0.000000
4,286,1103,18149,204.494749
4,287,0,18149,0.000000
4,288,961,18149,303.761518
4,289,0,18149,0.000000
4,290,0,18149,0.000000
4,291,2482,18149,626.836010
4,292,813,18149,159.871816
4,293,173,18149,43.889878
4,294,1071,18149,347.820154
4,295,0,18149,0.000000
4,296,0,18149,0.000000
4,297,510,18149,87.976788
4,298,0,18149,0.000000
4,299,0,18149,0.000000
4,300,0,18149,0.000000
4,301,436,18149,97.255217
4,302,0,18149,0.000000
4,303,0,18149,0.000000
4,304,0,18149,0.000000
4,305,0,18149,0.000000
4,306,0,18149,0.000000
4,307,0,18149,0.000000
4,308,0,18149,0.000000
4,309,0,18149,0.000000
4,310,0,18149,0.000000
4,311,0,18149,0.000000
4,312,155,18149,31.462300
4,313,0,18149,0.000000
4,314,0,18149,0.000000
4,315,1307,18149,278.122574
4,316,0,18149,0.000000
4,317,0,18149,0.000000
4,318,3508,18149,699.768667
4,319,382,18149,115.845662
4,320,0,18149,0.000000
4,321,0,18149,0.000000
4,322,367,18149,90.770441
4,323,281,18149,49.480600
4,324,0,18149,0.000000
4,325,0,18149,0.000000
4,326,233,18149,39.996323
4,327,0,18149,0.000000
4,328,0,18149,0.000000
4,329,1714,18149,506.175868
4,330,0,18149,0.000000
4,331,0,18149,0.000000
4,332,0,18149,0.000000
4,333,0,18149,0.000000
4,334,0,18149,0.000000
4,335,2596,18149,690.568993
4,336,0,18149,0.000000
4,337,627,18149,210.489439
4,338,529,18149,103.967503
4,339,0,18149,0.000000
4,340,486,18149,134.399330
4,341,0,18149,0.000000
4,342,758,18149,228.051574
4,343,821,18149,166.381322
4,344,0,18149,0.000000
4,345,0,18149,0.000000
4,346,386,18149,76.242018
4,347,340,18149,74.939185
4,348,0,18149,0.000000
4,349,0,18149,0.000000
4,350,556,18149,175.029773
4,351,0,18149,0.000000
4,352,0,18149,0.000000
4,353,0,18149,0.000000
4,354,0,18149,0.000000
4,355,0,18149,0.000000
4,356,0,18149,0.000000
4,357,858,18149,169.286637
4,358,334,18149,57.465797
4,359,0,18149,0.000000
4,360,0,18149,0.000000
4,361,0,18149,0.000000
4,362,0,18149,0.000000
4,363,0,18149,0.000000
4,364,0,18149,0.000000
4,365,0,18149,0.000000
4,366,0,18149,0.000000
4,367,992,18149,195.555069
4,368,0,18149,0.000000
4,369,0,18149,0.000000
4,370,0,18149,0.000000
4,371,0,18149,0.000000
4,372,0,18149,0.000000
4,373,0,18149,0.000000
4,374,0,18149,0.000000
4,375,0,18149,0.000000
4,376,0,18149,0.000000
4,377,0,18149,0.000000
4,378,714,18149,232.579464
4,379,290,18149,87.064763
4,380,1047,18149,239.296348
4,381,0,18149,0.000000
4,382,596,18149,189.283317
4,383,0,18149,0.000000
5,0,0,18149,0.000000
5,1,0,18149,0.000000
5,2,0,18149,0.000000
5,3,0,18149,0.000000
5,4,0,18149,0.000000
5,5,419,18149,82.407629
5,6,0,18149,0.000000
5,7,837,18149,234.852920
5,8,2070,18149,456.964669
5,9,0,18149,0.000000
5,10,0,18149,0.000000
5,11,0,18149,0.000000
5,12,0,18149,0.000000
5,13,1187,18149,222.236169
5,14,0,18149,0.000000
5,15,0,18149,0.000000
5,16,0,18149,0.000000
5,17,0,18149,0.000000
5,18,1196,18149,297.871873
5,19,967,18149,237.645412
5,20,0,18149,0.000000
5,21,3919,18149,1117.352047
5,22,0,18149,0.000000
5,23,0,18149,0.000000
5,24,102,18149,19.938800
5,25,0,18149,0.000000
5,26,657,18149,169.462849
5,27,0,18149,0.000000
5,28,0,18149,0.000000
5,29,0,18149,0.000000
5,30,0,18149,0.000000
5,31,0,18149,0.000000
5,32,0,18149,0.000000
5,33,580,18149,134.022847
5,34,642,18149,157.676028
5,35,0,18149,0.000000
5,36,735,18149,167.668161
5,37,4028,18149,873.497275
5,38,0,18149,0.000000
5,39,0,18149,0.000000
5,40,5627,18149,1614.337018
5,41,0,18149,0.000000
5,42,1311,18149,282.279040
5,43,0,18149,0.000000
5,44,0,18149,0.000000
5,45,0,18149,0.000000
5,46,623,18149,241.373767
5,47,0,18149,0.000000
5,48,525,18149,124.210660
5,49,0,18149,0.000000
5,50,0,18149,0.000000
5,51,0,18149,0.000000
5,52,0,18149,0.000000
5,53,684,18149,175.691316
5,54,261,18149,62.923510
5,55,0,18149,0.000000
5,56,0,18149,0.000000
5,57,578,18149,126.464288
5,58,0,18149,0.000000
5,59,0,18149,0.000000
5,60,0,18149,0.000000
5,61,0,18149,0.000000
5,62,0,18149,0.000000
5,63,0,18149,0.000000
5,64,0,18149,0.000000
5,65,0,18149,0.000000
5,66,0,18149,0.000000
5,67,0,18149,0.000000
5,68,318,18149,100.704252
5,69,813,18149,273.290442
5,70,0,18149,0.000000
5,71,0,18149,0.000000
5,72,0,18149,0.000000
5,73,0,18149,0.000000
5,74,0,18149,0.000000
5,75,0,18149,0.000000
5,76,0,18149,0.000000
5,77,0,18149,0.000000
5,78,0,18149,0.000000
5,79,876,18149,253.962897
5,80,0,18149,0.000000
5,81,1161,18149,260.686830
5,82,0,18149,0.000000
5,83,0,18149,0.000000
5,84,0,18149,0.000000
5,85,0,18149,0.000000
5,86,0,18149,0.000000
5,87,0,18149,0.000000
5,88,0,18149,0.000000
5,89,0,18149,0.000000
5,90,0,18149,0.000000
5,91,0,18149,0.000000
5,92,0,18149,0.000000
5,93,3926,18149,996.106487
5,94,560,18149,129.723514
5,95,0,18149,0.000000
5,96,0,18149,0.000000
5,97,0,18149,0.000000
5,98,0,18149,0.000000
5,99,0,18149,0.000000
5,100,0,18149,0.000000
5,101,0,18149,0.000000
5,102,0,18149,0.000000
5,103,0,18149,0.000000
5,104,1571,18149,344.866093
5,105,0,18149,0.000000
5,106,0,18149,0.000000
5,107,0,18149,0.000000
5,108,0,18149,0.000000
5,109,1130,18149,256.717749
5,110,0,18149,0.000000
5,111,0,18149,0.000000
5,112,0,18149,0.000000
5,113,651,18149,125.046953
5,114,0,18149,0.000000
5,115,0,18149,0.000000
5,116,0,18149,0.000000
5,117,398,18149,89.518331
5,118,0,18149,0.000000
5,119,200,18149,39.506585
5,120,0,18149,0.000000
5,121,321,18149,80.220755
5,122,0,18149,0.000000
5,123,0,18149,0.000000
5,124,0,18149,0.000000
5,125,0,18149,0.000000
5,126,0,18149,0.000000
5,127,0,18149,0.000000
5,128,1032,18149,208.564860
5,129,1153,18149,270.746722
5,130,0,18149,0.000000
5,131,0,18149,0.000000
5,132,0,18149,0.000000
5,133,0,18149,0.000000
5,134,0,18149,0.000000
5,135,0,18149,0.000000
5,136,1930,18149,437.605839
5,137,1580,18149,410.199331
5,138,0,18149,0.000000
5,139,0,18149,0.000000
5,140,0,18149,0.000000
5,141,595,18149,162.589256
5,142,0,18149,0.000000
5,143,0,18149,0.000000
5,144,0,18149,0.000000
5,145,0,18149,0.000000
5,146,0,18149,0.000000
5,147,104,18149,19.746180
5,148,0,18149,0.000000
5,149,325,18149,84.633727
5,150,0,18149,0.000000
5,151,0,18149,0.000000
5,152,495,18149,152.536062
5,153,0,18149,0.000000
5,154,334,18149,115.537697
5,155,0,18149,0.000000
5,156,468,18149,117.014203
5,157,0,18149,0.000000
5,158,0,18149,0.000000
5,159,533,18149,125.862339
5,160,1132,18149,298.613791
5,161,0,18149,0.000000
5,162,0,18149,0.000000
5,163,0,18149,0.000000
5,164,91,18149,20.386508
5,165,0,18149,0.000000
5,166,0,18149,0.000000
5,167,1185,18149,390.095574
5,168,0,18149,0.000000
5,169,529,18149,120.350654
5,170,0,18149,0.000000
5,171,0,18149,0.000000
5,172,0,18149,0.000000
5,173,0,18149,0.000000
5,174,0,18149,0.000000
5,175,0,18149,0.000000
5,176,0,18149,0.000000
5,177,0,18149,0.000000
5,178,0,18149,0.000000
5,179,1202,18149,277.086551
5,180,0,18149,0.000000
5,181,0,18149,0.000000
5,182,0,18149,0.000000
5,183,919,18149,323.770435
5,184,0,18149,0.000000
5,185,0,18149,0.000000
5,186,0,18149,0.000000
5,187,222,18149,43.176014
5,188,0,18149,0.000000
5,189,0,18149,0.000000
5,190,0,18149,0.000000
5,191,0,18149,0.000000
5,192,0,18149,0.000000
5,193,200,18149,71.561600
5,194,810,18149,195.927659
5,195,0,18149,0.000000
5,196,0,18149,0.000000
5,197,0,18149,0.000000
5,198,700,18149,163.915994
5,199,0,18149,0.000000
5,200,0,18149,0.000000
5,201,0,18149,0.000000
5,202,0,18149,0.000000
5,203,980,18149,222.416366
5,204,0,18149,0.000000
5,205,0,18149,0.000000
5,206,0,18149,0.000000
5,207,0,18149,0.000000
5,208,490,18149,109.939360
5,209,0,18149,0.000000
5,210,253,18149,45.951345
5,211,0,18149,0.000000
5,212,0,18149,0.000000
5,213,0,18149,0.000000
5,214,1978,18149,400.732842
5,215,0,18149,0.000000
5,216,511,18149,108.750396
5,217,0,18149,0.000000
5,218,0,18149,0.000000
5,219,1083,18149,308.125862
5,220,0,18149,0.000000
5,221,494,18149,145.924059
5,222,0,18149,0.000000
5,223,0,18149,0.000000
5,224,0,18149,0.000000
5,225,762,18149,216.338585
5,226,0,18149,0.000000
5,227,0,18149,0.000000
5,228,634,18149,194.392368
5,229,0,18149,0.000000
5,230,0,18149,0.000000
5,231,655,18149,157.417362
5,232,1099,18149,278.351357
5,233,0,18149,0.000000
5,234,1157,18149,253.395530
5,235,933,18149,205.257807
5,236,0,18149,0.000000
5,237,0,18149,0.000000
5,238,0,18149,0.000000
5,239,0,18149,0.000000
5,240,0,18149,0.000000
5,241,0,18149,0.000000
5,242,0,18149,0.000000
5,243,0,18149,0.000000
5,244,0,18149,0.000000
5,245,0,18149,0.000000
5,246,0,18149,0.000000
5,247,707,18149,167.659979
5,248,432,18149,94.817632
5,249,0,18149,0.000000
5,250,2422,18149,549.891312
5,251,516,18149,150.608643
5,252,0,18149,0.000000
5,253,0,18149,0.000000
5,254,0,18149,0.000000
5,255,0,18149,0.000000
5,256,681,18149,144.832413
5,257,0,18149,0.000000
5,258,593,18149,150.621568
5,259,0,18149,0.000000
5,260,0,18149,0.000000
5,261,0,18149,0.000000
5,262,0,18149,0.000000
5,263,394,18149,85.241028
5,264,0,18149,0.000000
5,265,0,18149,0.000000
5,266,0,18149,0.000000
5,267,0,18149,0.000000
5,268,0,18149,0.000000
5,269,0,18149,0.000000
5,270,0,18149,0.000000
5,271,0,18149,0.000000
5,272,0,18149,0.000000
5,273,0,18149,0.000000
5,274,0,18149,0.000000
5,275,0,18149,0.000000
5,276,0,18149,0.000000
5,277,0,18149,0.000000
5,278,0,18149,0.000000
5,279,0,18149,0.000000
5,280,0,18149,0.000000
5,281,0,18149,0.000000
5,282,773,18149,158.753968
5,283,0,18149,0.000000
5,284,0,18149,0.000000
5,285,572,18149,170.821764
5,286,530,18149,125.347249
5,287,0,18149,0.000000
5,288,0,18149,0.000000
5,289,0,18149,0.000000
5,290,0,18149,0.000000
5,291,574,18149,151.231927
5,292,0,18149,0.000000
5,293,1957,18149,504.155231
5,294,0,18149,0.000000
5,295,0,18149,0.000000
5,296,0,18149,0.000000
5,297,0,18149,0.000000
5,298,0,18149,0.000000
5,299,0,18149,0.000000
5,300,0,18149,0.000000
5,301,0,18149,0.000000
5,302,931,18149,229.400076
5,303,526,18149,123.556551
5,304,5881,18149,1527.249925
5,305,6013,18149,1618.624080
5,306,200,18149,54.764842
5,307,0,18149,0.000000
5,308,0,18149,0.000000
5,309,0,18149,0.000000
5,310,193,18149,62.782191
5,311,0,18149,0.000000
5,312,1165,18149,219.264381
5,313,0,18149,0.000000
5,314,640,18149,150.411347
5,315,310,18149,64.919040
5,316,0,18149,0.000000
5,317,401,18149,118.265876
5,318,0,18149,0.000000
5,319,0,18149,0.000000
5,320,0,18149,0.000000
5,321,0,18149,0.000000
5,322,918,18149,261.368116
5,323,0,18149,0.000000
5,324,0,18149,0.000000
5,325,0,18149,0.000000
5,326,0,18149,0.000000
5,327,0,18149,0.000000
5,328,0,18149,0.000000
5,329,273,18149,74.728927
5,330,0,18149,0.000000
5,331,0,18149,0.000000
5,332,0,18149,0.000000
5,333,0,18149,0.000000
5,334,108,18149,22.174964
5,335,445,18149,123.237897
5,336,0,18149,0.000000
5,337,3856,18149,989.708545
5,338,727,18149,218.511809
5,339,1376,18149,259.901583
5,340,0,18149,0.000000
5,341,0,18149,0.000000
5,342,0,18149,0.000000
5,343,0,18149,0.000000
5,344,0,18149,0.000000
5,345,0,18149,0.000000
5,346,0,18149,0.000000
5,347,0,18149,0.000000
5,348,0,18149,0.000000
5,349,931,18149,172.039946
5,350,0,18149,0.000000
5,351,87,18149,18.908448
5,352,553,18149,130.556267
5,353,0,18149,0.000000
5,354,0,18149,0.000000
5,355,1351,18149,304.907348
5,356,0,18149,0.000000
5,357,0,18149,0.000000
5,358,0,18149,0.000000
5,359,0,18149,0.000000
5,360,0,18149,0.000000
5,361,1400,18149,356.106384
5,362,0,18149,0.000000
5,363,0,18149,0.000000
5,364,0,18149,0.000000
5,365,406,18149,109.843141
5,366,0,18149,0.000000
5,367,0,18149,0.000000
5,368,754,18149,187.150790
5,369,385,18149,82.431123
5,370,0,18149,0.000000
5,371,0,18149,0.000000
5,372,0,18149,0.000000
5,373,0,18149,0.000000
5,374,431,18149,121.694379
5,375,0,18149,0.000000
5,376,562,18149,111.435211
5,377,0,18149,0.000000
5,378,0,18149,0.000000
5,379,1420,18149,316.052273
5,380,0,18149,0.000000
5,381,1059,18149,333.380568
5,382,0,18149,0.000000
5,383,0,18149,0.000000
6,0,0,18149,0.000000
6,1,540,18149,97.849224
6,2,0,18149,0.000000
6,3,0,18149,0.000000
6,4,0,18149,0.000000
6,5,1039,18149,239.261164
6,6,0,18149,0.000000
6,7,0,18149,0.000000
6,8,0,18149,0.000000
6,9,0,18149,0.000000
6,10,750,18149,185.786595
6,11,0,18149,0.000000
6,12,0,18149,0.000000
6,13,0,18149,0.000000
6,14,0,18149,0.000000
6,15,0,18149,0.000000
6,16,0,18149,0.000000
6,17,1101,18149,247.194563
6,18,64,18149,12.995959
6,19,0,18149,0.000000
6,20,1314,18149,211.453596
6,21,0,18149,0.000000
6,22,0,18149,0.000000
6,23,0,18149,0.000000
6,24,0,18149,0.000000
6,25,0,18149,0.000000
6,26,0,18149,0.000000
6,27,1557,18149,291.748390
6,28,369,18149,60.508400
6,29,0,18149,0.000000
6,30,0,18149,0.000000
6,31,1227,18149,217.696393
6,32,0,18149,0.000000
6,33,0,18149,0.000000
6,34,0,18149,0.000000
6,35,0,18149,0.000000
6,36,0,18149,0.000000
6,37,0,18149,0.000000
6,38,0,18149,0.000000
6,39,0,18149,0.000000
6,40,0,18149,0.000000
6,41,0,18149,0.000000
6,42,0,18149,0.000000
6,43,0,18149,0.000000
6,44,0,18149,0.000000
6,45,0,18149,0.000000
6,46,0,18149,0.000000
6,47,0,18149,0.000000
6,48,1851,18149,337.693712
6,49,0,18149,0.000000
6,50,0,18149,0.000000
6,51,265,18149,48.883459
6,52,0,18149,0.000000
6,53,0,18149,0.000000
6,54,0,18149,0.000000
6,55,0,18149,0.000000
6,56,935,18149,177.560024
6,57,0,18149,0.000000
6,58,0,18149,0.000000
6,59,1037,18149,257.988707
6,60,0,18149,0.000000
6,61,0,18149,0.000000
6,62,0,18149,0.000000
6,63,270,18149,48.577175
6,64,0,18149,0.000000
6,65,0,18149,0.000000
6,66,0,18149,0.000000
6,67,0,18149,0.000000
6,68,0,18149,0.000000
6,69,0,18149,0.000000
6,70,0,18149,0.000000
6,71,0,18149,0.000000
6,72,0,18149,0.000000
6,73,0,18149,0.000000
6,74,0,18149,0.000000
6,75,0,18149,0.000000
6,76,0,18149,0.000000
6,77,0,18149,0.000000
6,78,0,18149,0.000000
6,79,165,18149,36.816625
6,80,0,18149,0.000000
6,81,391,18149,107.030882
6,82,0,18149,0.000000
6,83,0,18149,0.000000
6,84,0,18149,0.000000
6,85,0,18149,0.000000
6,86,0,18149,0.000000
6,87,0,18149,0.000000
6,88,0,18149,0.000000
6,89,0,18149,0.000000
6,90,0,18149,0.000000
6,91,0,18149,0.000000
6,92,0,18149,0.000000
6,93,0,18149,0.000000
6,94,0,18149,0.000000
6,95,0,18149,0.000000
6,96,0,18149,0.000000
6,97,0,18149,0.000000
6,98,495,18149,126.315814
6,99,0,18149,0.000000
6,100,1701,18149,297.172767
6,101,808,18149,134.218944
6,102,0,18149,0.000000
6,103,0,18149,0.000000
6,104,1887,18149,520.124777
6,105,0,18149,0.000000
6,106,0,18149,0.000000
6,107,0,18149,0.000000
6,108,0,18149,0.000000
6,109,0,18149,0.000000
6,110,406,18149,115.324249
6,111,0,18149,0.000000
6,112,1027,18149,263.348205
6,113,0,18149,0.000000
6,114,0,18149,0.000000
6,115,0,18149,0.000000
6,116,0,18149,0.000000
6,117,1765,18149,429.176977
6,118,0,18149,0.000000
6,119,0,18149,0.000000
6,120,843,18149,173.848279
6,121,0,18149,0.000000
6,122,5282,18149,1209.463820
6,123,0,18149,0.000000
6,124,0,18149,0.000000
6,125,379,18149,65.604668
6,126,0,18149,0.000000
6,127,0,18149,0.000000
6,128,0,18149,0.000000
6,129,0,18149,0.000000
6,130,0,18149,0.000000
6,131,0,18149,0.000000
6,132,0,18149,0.000000
6,133,0,18149,0.000000
6,134,258,18149,50.792098
6,135,42,18149,8.733712
6,136,0,18149,0.000000
6,137,0,18149,0.000000
6,138,0,18149,0.000000
6,139,0,18149,0.000000
6,140,2082,18149,545.392137
6,141,0,18149,0.000000
6,142,0,18149,0.000000
6,143,0,18149,0.000000
6,144,0,18149,0.000000
6,145,0,18149,0.000000
6,146,700,18149,155.948108
6,147,0,18149,0.000000
6,148,0,18149,0.000000
6,149,0,18149,0.000000
6,150,0,18149,0.000000
6,151,0,18149,0.000000
6,152,0,18149,0.000000
6,153,2334,18149,564.050058
6,154,567,18149,113.298184
6,155,0,18149,0.000000
6,156,0,18149,0.000000
6,157,0,18149,0.000000
6,158,0,18149,0.000000
6,159,2,18149,0.311644
6,160,172,18149,27.754576
6,161,0,18149,0.000000
6,162,0,18149,0.000000
6,163,0,18149,0.000000
6,164,0,18149,0.000000
6,165,0,18149,0.000000
6,166,0,18149,0.000000
6,167,0,18149,0.000000
6,168,0,18149,0.000000
6,169,0,18149,0.000000
6,170,0,18149,0.000000
6,171,0,18149,0.000000
6,172,0,18149,0.000000
6,173,0,18149,0.000000
6,174,1081,18149,181.311133
6,175,0,18149,0.000000
6,176,0,18149,0.000000
6,177,0,18149,0.000000
6,178,0,18149,0.000000
6,179,0,18149,0.000000
6,180,0,18149,0.000000
6,181,0,18149,0.000000
6,182,0,18149,0.000000
6,183,302,18149,78.846285
6,184,1079,18149,258.749413
6,185,0,18149,0.000000
6,186,0,18149,0.000000
6,187,0,18149,0.000000
6,188,0,18149,0.000000
6,189,431,18149,73.121564
6,190,886,18149,168.349720
6,191,0,18149,0.000000
6,192,847,18149,213.674518
6,193,0,18149,0.000000
6,194,0,18149,0.000000
6,195,0,18149,0.000000
6,196,297,18149,65.093214
6,197,0,18149,0.000000
6,198,0,18149,0.000000
6,199,0,18149,0.000000
6,200,1355,18149,293.592987
6,201,0,18149,0.000000
6,202,0,18149,0.000000
6,203,0,18149,0.000000
6,204,1561,18149,291.210664
6,205,0,18149,0.000000
6,206,665,18149,159.858675
6,207,0,18149,0.000000
6,208,0,18149,0.000000
6,209,662,18149,124.139552
6,210,168,18149,31.080754
6,211,0,18149,0.000000
6,212,0,18149,0.000000
6,213,0,18149,0.000000
6,214,0,18149,0.000000
6,215,0,18149,0.000000
6,216,0,18149,0.000000
6,217,182,18149,25.394837
6,218,0,18149,0.000000
6,219,0,18149,0.000000
6,220,0,18149,0.000000
6,221,0,18149,0.000000
6,222,0,18149,0.000000
6,223,0,18149,0.000000
6,224,440,18149,98.694447
6,225,1018,18149,150.492940
6,226,0,18149,0.000000
6,227,527,18149,122.976997
6,228,0,18149,0.000000
6,229,0,18149,0.000000
6,230,2157,18149,477.894815
6,231,765,18149,183.417442
6,232,0,18149,0.000000
6,233,0,18149,0.000000
6,234,0,18149,0.000000
6,235,0,18149,0.000000
6,236,0,18149,0.000000
6,237,0,18149,0.000000
6,238,0,18149,0.000000
6,239,0,18149,0.000000
6,240,0,18149,0.000000
6,241,0,18149,0.000000
6,242,0,18149,0.000000
6,243,2485,18149,736.809214
6,244,2561,18149,718.958533
6,245,0,18149,0.000000
6,246,0,18149,0.000000
6,247,0,18149,0.000000
6,248,0,18149,0.000000
6,249,565,18149,123.715469
6,250,0,18149,0.000000
6,251,4067,18149,1003.374555
6,252,0,18149,0.000000
6,253,0,18149,0.000000
6,254,583,18149,128.796019
6,255,30,18149,4.539283
6,256,0,18149,0.000000
6,257,2762,18149,662.342549
6,258,0,18149,0.000000
6,259,0,18149,0.000000
6,260,0,18149,0.000000
6,261,0,18149,0.000000
6,262,0,18149,0.000000
6,263,0,18149,0.000000
6,264,0,18149,0.000000
6,265,0,18149,0.000000
6,266,0,18149,0.000000
6,267,0,18149,0.000000
6,268,0,18149,0.000000
6,269,0,18149,0.000000
6,270,0,18149,0.000000
6,271,0,18149,0.000000
6,272,365,18149,63.354332
6,273,0,18149,0.000000
6,274,0,18149,0.000000
6,275,4793,18149,1071.600917
6,276,0,18149,0.000000
6,277,0,18149,0.000000
6,278,0,18149,0.000000
6,279,0,18149,0.000000
6,280,1811,18149,477.501611
6,281,0,18149,0.000000
6,282,513,18149,103.239952
6,283,790,18149,191.660596
6,284,0,18149,0.000000
6,285,0,18149,0.000000
6,286,0,18149,0.000000
6,287,0,18149,0.000000
6,288,0,18149,0.000000
6,289,0,18149,0.000000
6,290,1743,18149,310.366071
6,291,0,18149,0.000000
6,292,427,18149,79.473368
6,293,49,18149,8.673951
6,294,0,18149,0.000000
6,295,0,18149,0.000000
6,296,0,18149,0.000000
6,297,0,18149,0.000000
6,298,0,18149,0.000000
6,299,0,18149,0.000000
6,300,1500,18149,302.465008
6,301,0,18149,0.000000
6,302,465,18149,133.674287
6,303,0,18149,0.000000
6,304,0,18149,0.000000
6,305,220,18149,43.226883
6,306,0,18149,0.000000
6,307,1237,18149,239.045314
6,308,0,18149,0.000000
6,309,11404,18149,5215.877650
6,310,0,18149,0.000000
6,311,961,18149,198.289276
6,312,282,18149,57.127403
6,313,0,18149,0.000000
6,314,0,18149,0.000000
6,315,0,18149,0.000000
6,316,0,18149,0.000000
6,317,476,18149,107.693892
6,318,0,18149,0.000000
6,319,0,18149,0.000000
6,320,0,18149,0.000000
6,321,0,18149,0.000000
6,322,0,18149,0.000000
6,323,0,18149,0.000000
6,324,0,18149,0.000000
6,325,0,18149,0.000000
6,326,0,18149,0.000000
6,327,0,18149,0.000000
6,328,0,18149,0.000000
6,329,0,18149,0.000000
6,330,0,18149,0.000000
6,331,0,18149,0.000000
6,332,276,18149,77.690731
6,333,809,18149,238.152573
6,334,0,18149,0.000000
6,335,0,18149,0.000000
6,336,0,18149,0.000000
6,337,2064,18149,519.718584
6,338,0,18149,0.000000
6,339,1161,18149,240.939680
6,340,0,18149,0.000000
6,341,0,18149,0.000000
6,342,492,18149,88.134528
6,343,787,18149,207.885488
6,344,0,18149,0.000000
6,345,1684,18149,310.547717
6,346,0,18149,0.000000
6,347,0,18149,0.000000
6,348,0,18149,0.000000
6,349,1840,18149,437.416721
6,350,0,18149,0.000000
6,351,799,18149,189.909816
6,352,0,18149,0.000000
6,353,0,18149,0.000000
6,354,0,18149,0.000000
6,355,0,18149,0.000000
6,356,0,18149,0.000000
6,357,0,18149,0.000000
6,358,453,18149,126.171439
6,359,0,18149,0.000000
6,360,2646,18149,476.085427
6,361,364,18149,84.058664
6,362,0,18149,0.000000
6,363,0,18149,0.000000
6,364,0,18149,0.000000
6,365,0,18149,0.000000
6,366,0,18149,0.000000
6,367,780,18149,151.680179
6,368,3566,18149,1057.888252
6,369,968,18149,172.296713
6,370,294,18149,68.054051
6,371,829,18149,157.485436
6,372,945,18149,259.754105
6,373,0,18149,0.000000
6,374,0,18149,0.000000
6,375,0,18149,0.000000
6,376,0,18149,0.000000
6,377,0,18149,0.000000
6,378,0,18149,0.000000
6,379,0,18149,0.000000
6,380,0,18149,0.000000
6,381,0,18149,0.000000
6,382,0,18149,0.000000
6,383,0,18149,0.000000
7,0,313,18149,75.071646
7,1,0,18149,0.000000
7,2,0,18149,0.000000
7,3,0,18149,0.000000
7,4,0,18149,0.000000
7,5,0,18149,0.000000
7,6,0,18149,0.000000
7,7,2462,18149,444.323611
7,8,0,18149,0.000000
7,9,0,18149,0.000000
7,10,0,18149,0.000000
7,11,0,18149,0.000000
7,12,0,18149,0.000000
7,13,818,18149,157.055140
7,14,0,18149,0.000000
7,15,0,18149,0.000000
7,16,0,18149,0.000000
7,17,0,18149,0.000000
7,18,0,18149,0.000000
7,19,96,18149,20.225127
7,20,555,18149,132.996030
7,21,0,18149,0.000000
7,22,0,18149,0.000000
7,23,0,18149,0.000000
7,24,0,18149,0.000000
7,25,0,18149,0.000000
7,26,0,18149,0.000000
7,27,0,18149,0.000000
7,28,0,18149,0.000000
7,29,353,18149,76.373431
7,30,0,18149,0.000000
7,31,0,18149,0.000000
7,32,703,18149,162.083393
7,33,0,18149,0.000000
7,34,0,18149,0.000000
7,35,0,18149,0.000000
7,36,0,18149,0.000000
7,37,0,18149,0.000000
7,38,0,18149,0.000000
7,39,454,18149,106.583581
7,40,0,18149,0.000000
7,41,0,18149,0.000000
7,42,0,18149,0.000000
7,43,0,18149,0.000000
7,44,919,18149,194.690141
7,45,0,18149,0.000000
7,46,0,18149,0.000000
7,47,0,18149,0.000000
7,48,0,18149,0.000000
7,49,0,18149,0.000000
7,50,0,18149,0.000000
7,51,2729,18149,642.364225
7,52,0,18149,0.000000
7,53,1324,18149,293.869286
7,54,0,18149,0.000000
7,55,0,18149,0.000000
7,56,0,18149,0.000000
7,57,0,18149,0.000000
7,58,1028,18149,263.780344
7,59,0,18149,0.000000
7,60,0,18149,0.000000
7,61,0,18149,0.000000
7,62,730,18149,160.039938
7,63,390,18149,94.641046
7,64,0,18149,0.000000
7,65,0,18149,0.000000
7,66,0,18149,0.000000
7,67,0,18149,0.000000
7,68,0,18149,0.000000
7,69,0,18149,0.000000
7,70,0,18149,0.000000
7,71,0,18149,0.000000
7,72,0,18149,0.000000
7,73,0,18149,0.000000
7,74,0,18149,0.000000
7,75,558,18149,105.790081
7,76,0,18149,0.000000
7,77,0,18149,0.000000
7,78,0,18149,0.000000
7,79,0,18149,0.000000
7,80,0,18149,0.000000
7,81,0,18149,0.000000
7,82,0,18149,0.000000
7,83,0,18149,0.000000
7,84,0,18149,0.000000
7,85,0,18149,0.000000
7,86,353,18149,65.581819
7,87,0,18149,0.000000
7,88,0,18149,0.000000
7,89,0,18149,0.000000
7,90,8096,18149,2693.839361
7,91,0,18149,0.000000
7,92,0,18149,0.000000
7,93,678,18149,171.553577
7,94,501,18149,111.151939
7,95,0,18149,0.000000
7,96,0,18149,0.000000
7,97,0,18149,0.000000
7,98,4390,18149,1097.199181
7,99,0,18149,0.000000
7,100,0,18149,0.000000
7,101,0,18149,0.000000
7,102,1595,18149,368.821102
7,103,0,18149,0.000000
7,104,0,18149,0.000000
7,105,0,18149,0.000000
7,106,0,18149,0.000000
7,107,312,18149,62.729925
7,108,0,18149,0.000000
7,109,0,18149,0.000000
7,110,0,18149,0.000000
7,111,0,18149,0.000000
7,112,0,18149,0.000000
7,113,0,18149,0.000000
7,114,2199,18149,536.219873
7,115,1019,18149,252.170625
7,116,0,18149,0.000000
7,117,0,18149,0.000000
7,118,287,18149,57.441192
7,119,0,18149,0.000000
7,120,0,18149,0.000000
7,121,0,18149,0.000000
7,122,428,18149,93.838052
7,123,779,18149,217.720492
7,124,0,18149,0.000000
7,125,1486,18149,324.367565
7,126,0,18149,0.000000
7,127,0,18149,0.000000
7,128,0,18149,0.000000
7,129,0,18149,0.000000
7,130,0,18149,0.000000
7,131,1147,18149,216.942492
7,132,0,18149,0.000000
7,133,0,18149,0.000000
7,134,0,18149,0.000000
7,135,0,18149,0.000000
7,136,510,18149,135.224008
7,137,2289,18149,528.646425
7,138,0,18149,0.000000
7,139,0,18149,0.000000
7,140,0,18149,0.000000
7,141,0,18149,0.000000
7,142,0,18149,0.000000
7,143,0,18149,0.000000
7,144,1524,18149,370.019258
7,145,0,18149,0.000000
7,146,0,18149,0.000000
7,147,0,18149,0.000000
7,148,3289,18149,987.860194
7,149,0,18149,0.000000
7,150,271,18149,67.352757
7,151,0,18149,0.000000
7,152,0,18149,0.000000
7,153,0,18149,0.000000
7,154,2172,18149,597.714448
7,155,0,18149,0.000000
7,156,881,18149,159.473408
7,157,4753,18149,1390.398740
7,158,0,18149,0.000000
7,159,0,18149,0.000000
7,160,0,18149,0.000000
7,161,0,18149,0.000000
7,162,0,18149,0.000000
7,163,0,18149,0.000000
7,164,787,18149,300.351328
7,165,325,18149,78.693484
7,166,0,18149,0.000000
7,167,0,18149,0.000000
7,168,0,18149,0.000000
7,169,0,18149,0.000000
7,170,1031,18149,196.452588
7,171,1322,18149,350.349137
7,172,0,18149,0.000000
7,173,0,18149,0.000000
7,174,0,18149,0.000000
7,175,1073,18149,194.578094
7,176,0,18149,0.000000
7,177,0,18149,0.000000
7,178,0,18149,0.000000
7,179,0,18149,0.000000
7,180,0,18149,0.000000
7,181,0,18149,0.000000
7,182,0,18149,0.000000
7,183,0,18149,0.000000
7,184,0,18149,0.000000
7,185,0,18149,0.000000
7,186,0,18149,0.000000
7,187,528,18149,128.586141
7,188,0,18149,0.000000
7,189,0,18149,0.000000
7,190,0,18149,0.000000
7,191,0,18149,0.000000
7,192,0,18149,0.000000
7,193,295,18149,60.202542
7,194,0,18149,0.000000
7,195,0,18149,0.000000
7,196,640,18149,116.536086
7,197,0,18149,0.000000
7,198,0,18149,0.000000
7,199,0,18149,0.000000
7,200,725,18149,202.221837
7,201,2637,18149,647.271099
7,202,0,18149,0.000000
7,203,0,18149,0.000000
7,204,446,18149,106.536337
7,205,109,18149,26.511578
7,206,0,18149,0.000000
7,207,3470,18149,1052.648058
7,208,3899,18149,935.229535
7,209,0,18149,0.000000
7,210,0,18149,0.000000
7,211,0,18149,0.000000
7,212,1017,18149,190.462789
7,213,0,18149,0.000000
7,214,0,18149,0.000000
7,215,1405,18149,317.746411
7,216,0,18149,0.000000
7,217,0,18149,0.000000
7,218,0,18149,0.000000
7,219,0,18149,0.000000
7,220,0,18149,0.000000
7,221,0,18149,0.000000
7,222,0,18149,0.000000
7,223,0,18149,0.000000
7,224,0,18149,0.000000
7,225,1259,18149,244.115098
7,226,0,18149,0.000000
7,227,0,18149,0.000000
7,228,894,18149,169.910853
7,229,0,18149,0.000000
7,230,0,18149,0.000000
7,231,1269,18149,360.431303
7,232,0,18149,0.000000
7,233,462,18149,73.893340
7,234,0,18149,0.000000
7,235,0,18149,0.000000
7,236,0,18149,0.000000
7,237,0,18149,0.000000
7,238,0,18149,0.000000
7,239,0,18149,0.000000
7,240,0,18149,0.000000
7,241,0,18149,0.000000
7,242,0,18149,0.000000
7,243,0,18149,0.000000
7,244,0,18149,0.000000
7,245,5130,18149,1259.031572
7,246,0,18149,0.000000
7,247,0,18149,0.000000
7,248,839,18149,220.645750
7,249,0,18149,0.000000
7,250,729,18149,141.511731
7,251,0,18149,0.000000
7,252,0,18149,0.000000
7,253,0,18149,0.000000
7,254,0,18149,0.000000
7,255,0,18149,0.000000
7,256,0,18149,0.000000
7,257,0,18149,0.000000
7,258,0,18149,0.000000
7,259,0,18149,0.000000
7,260,0,18149,0.000000
7,261,0,18149,0.000000
7,262,0,18149,0.000000
7,263,3655,18149,981.539675
7,264,0,18149,0.000000
7,265,0,18149,0.000000
7,266,0,18149,0.000000
7,267,0,18149,0.000000
7,268,1216,18149,240.729429
7,269,0,18149,0.000000
7,270,21,18149,3.899929
7,271,0,18149,0.000000
7,272,0,18149,0.000000
7,273,0,18149,0.000000
7,274,0,18149,0.000000
7,275,557,18149,123.661768
7,276,0,18149,0.000000
7,277,0,18149,0.000000
7,278,1827,18149,415.840672
7,279,0,18149,0.000000
7,280,0,18149,0.000000
7,281,0,18149,0.000000
7,282,0,18149,0.000000
7,283,0,18149,0.000000
7,284,0,18149,0.000000
7,285,0,18149,0.000000
7,286,0,18149,0.000000
7,287,1359,18149,431.112412
7,288,0,18149,0.000000
7,289,0,18149,0.000000
7,290,0,18149,0.000000
7,291,1528,18149,385.764468
7,292,0,18149,0.000000
7,293,0,18149,0.000000
7,294,0,18149,0.000000
7,295,0,18149,0.000000
7,296,598,18149,164.451080
7,297,0,18149,0.000000
7,298,0,18149,0.000000
7,299,0,18149,0.000000
7,300,0,18149,0.000000
7,301,0,18149,0.000000
7,302,0,18149,0.000000
7,303,0,18149,0.000000
7,304,0,18149,0.000000
7,305,0,18149,0.000000
7,306,0,18149,0.000000
7,307,0,18149,0.000000
7,308,0,18149,0.000000
7,309,1367,18149,236.758025
7,310,0,18149,0.000000
7,311,0,18149,0.000000
7,312,0,18149,0.000000
7,313,0,18149,0.000000
7,314,0,18149,0.000000
7,315,0,18149,0.000000
7,316,0,18149,0.000000
7,317,786,18149,158.213540
7,318,0,18149,0.000000
7,319,0,18149,0.000000
7,320,0,18149,0.000000
7,321,0,18149,0.000000
7,322,0,18149,0.000000
7,323,1232,18149,327.657793
7,324,1006,18149,244.835240
7,325,0,18149,0.000000
7,326,0,18149,0.000000
7,327,0,18149,0.000000
7,328,0,18149,0.000000
7,329,0,18149,0.000000
7,330,0,18149,0.000000
7,331,0,18149,0.000000
7,332,0,18149,0.000000
7,333,0,18149,0.000000
7,334,0,18149,0.000000
7,335,844,18149,237.067103
7,336,0,18149,0.000000
7,337,64,18149,8.724798
7,338,0,18149,0.000000
7,339,0,18149,0.000000
7,340,1475,18149,307.866372
7,341,0,18149,0.000000
7,342,0,18149,0.000000
7,343,1787,18149,528.162859
7,344,0,18149,0.000000
7,345,0,18149,0.000000
7,346,0,18149,0.000000
7,347,0,18149,0.000000
7,348,0,18149,0.000000
7,349,0,18149,0.000000
7,350,842,18149,199.735644
7,351,0,18149,0.000000
7,352,0,18149,0.000000
7,353,1050,18149,290.644045
7,354,1181,18149,291.420684
7,355,0,18149,0.000000
7,356,0,18149,0.000000
7,357,2739,18149,608.518847
7,358,444,18149,98.247020
7,359,0,18149,0.000000
7,360,0,18149,0.000000
7,361,0,18149,0.000000
7,362,0,18149,0.000000
7,363,0,18149,0.000000
7,364,0,18149,0.000000
7,365,0,18149,0.000000
7,366,0,18149,0.000000
7,367,0,18149,0.000000
7,368,0,18149,0.000000
7,369,0,18149,0.000000
7,370,0,18149,0.000000
7,371,0,18149,0.000000
7,372,0,18149,0.000000
7,373,0,18149,0.000000
7,374,0,18149,0.000000
7,375,0,18149,0.000000
7,376,0,18149,0.000000
7,377,0,18149,0.000000
7,378,0,18149,0.000000
7,379,634,18149,128.578596
7,380,0,18149,0.000000
7,381,0,18149,0.000000
7,382,0,18149,0.000000
7,383,0,18149,0.000000
8,0,1196,18149,315.019381
8,1,560,18149,112.039886
8,2,0,18149,0.000000
8,3,0,18149,0.000000
8,4,0,18149,0.000000
8,5,0,18149,0.000000
8,6,0,18149,0.000000
8,7,0,18149,0.000000
8,8,2437,18149,477.564464
8,9,0,18149,0.000000
8,10,0,18149,0.000000
8,11,0,18149,0.000000
8,12,0,18149,0.000000
8,13,0,18149,0.000000
8,14,553,18149,130.953509
8,15,0,18149,0.000000
8,16,1253,18149,256.209195
8,17,0,18149,0.000000
8,18,0,18149,0.000000
8,19,0,18149,0.000000
8,20,0,18149,0.000000
8,21,0,18149,0.000000
8,22,1655,18149,416.743196
8,23,0,18149,0.000000
8,24,493,18149,119.000183
8,25,0,18149,0.000000
8,26,0,18149,0.000000
8,27,0,18149,0.000000
8,28,0,18149,0.000000
8,29,4996,18149,1608.717126
8,30,0,18149,0.000000
8,31,0,18149,0.000000
8,32,0,18149,0.000000
8,33,0,18149,0.000000
8,34,370,18149,115.181604
8,35,0,18149,0.000000
8,36,0,18149,0.000000
8,37,0,18149,0.000000
8,38,0,18149,0.000000
8,39,0,18149,0.000000
8,40,0,18149,0.000000
8,41,0,18149,0.000000
8,42,639,18149,151.541714
8,43,0,18149,0.000000
8,44,0,18149,0.000000
8,45,694,18149,174.744768
8,46,0,18149,0.000000
8,47,0,18149,0.000000
8,48,0,18149,0.000000
8,49,0,18149,0.000000
8,50,0,18149,0.000000
8,51,0,18149,0.000000
8,52,0,18149,0.000000
8,53,0,18149,0.000000
8,54,596,18149,129.393748
8,55,0,18149,0.000000
8,56,0,18149,0.000000
8,57,461,18149,84.574410
8,58,715,18149,155.753477
8,59,0,18149,0.000000
8,60,0,18149,0.000000
8,61,0,18149,0.000000
8,62,0,18149,0.000000
8,63,0,18149,0.000000
8,64,0,18149,0.000000
8,65,0,18149,0.000000
8,66,252,18149,45.391261
8,67,1286,18149,298.772955
8,68,0,18149,0.000000
8,69,0,18149,0.000000
8,70,0,18149,0.000000
8,71,0,18149,0.000000
8,72,0,18149,0.000000
8,73,642,18149,221.660701
8,74,0,18149,0.000000
8,75,0,18149,0.000000
8,76,0,18149,0.000000
8,77,0,18149,0.000000
8,78,0,18149,0.000000
8,79,0,18149,0.000000
8,80,0,18149,0.000000
8,81,664,18149,146.594714
8,82,0,18149,0.000000
8,83,0,18149,0.000000
8,84,0,18149,0.000000
8,85,0,18149,0.000000
8,86,0,18149,0.000000
8,87,0,18149,0.000000
8,88,0,18149,0.000000
8,89,0,18149,0.000000
8,90,588,18149,167.799592
8,91,0,18149,0.000000
8,92,649,18149,122.079278
8,93,0,18149,0.000000
8,94,291,18149,51.864712
8,95,0,18149,0.000000
8,96,0,18149,0.000000
8,97,745,18149,164.240775
8,98,0,18149,0.000000
8,99,0,18149,0.000000
8,100,0,18149,0.000000
8,101,0,18149,0.000000
8,102,719,18149,189.009497
8,103,0,18149,0.000000
8,104,29,18149,5.089349
8,105,0,18149,0.000000
8,106,0,18149,0.000000
8,107,0,18149,0.000000
8,108,0,18149,0.000000
8,109,0,18149,0.000000
8,110,0,18149,0.000000
8,111,543,18149,122.152495
8,112,822,18149,187.160726
8,113,0,18149,0.000000
8,114,0,18149,0.000000
8,115,0,18149,0.000000
8,116,0,18149,0.000000
8,117,0,18149,0.000000
8,118,0,18149,0.000000
8,119,0,18149,0.000000
8,120,0,18149,0.000000
8,121,389,18149,80.393528
8,122,0,18149,0.000000
8,123,0,18149,0.000000
8,124,0,18149,0.000000
8,125,0,18149,0.000000
8,126,0,18149,0.000000
8,127,972,18149,275.352311
8,128,0,18149,0.000000
8,129,1632,18149,247.468440
8,130,0,18149,0.000000
8,131,0,18149,0.000000
8,132,0,18149,0.000000
8,133,0,18149,0.000000
8,134,0,18149,0.000000
8,135,0,18149,0.000000
8,136,0,18149,0.000000
8,137,465,18149,87.278727
8,138,0,18149,0.000000
8,139,0,18149,0.000000
8,140,0,18149,0.000000
8,141,0,18149,0.000000
8,142,1613,18149,383.153538
8,143,0,18149,0.000000
8,144,1695,18149,339.497724
8,145,0,18149,0.000000
8,146,0,18149,0.000000
8,147,0,18149,0.000000
8,148,0,18149,0.000000
8,149,0,18149,0.000000
8,150,0,18149,0.000000
8,151,0,18149,0.000000
8,152,0,18149,0.000000
8,153,0,18149,0.000000
8,154,0,18149,0.000000
8,155,0,18149,0.000000
8,156,0,18149,0.000000
8,157,0,18149,0.000000
8,158,1776,18149,531.290895
8,159,0,18149,0.000000
8,160,0,18149,0.000000
8,161,828,18149,155.272377
8,162,0,18149,0.000000
8,163,999,18149,258.467371
8,164,1005,18149,211.083787
8,165,0,18149,0.000000
8,166,0,18149,0.000000
8,167,0,18149,0.000000
8,168,0,18149,0.000000
8,169,561,18149,126.983992
8,170,0,18149,0.000000
8,171,736,18149,144.053407
8,172,0,18149,0.000000
8,173,0,18149,0.000000
8,174,0,18149,0.000000
8,175,0,18149,0.000000
8,176,0,18149,0.000000
8,177,0,18149,0.000000
8,178,534,18149,144.517978
8,179,956,18149,227.612006
8,180,0,18149,0.000000
8,181,0,18149,0.000000
8,182,1429,18149,465.382018
8,183,0,18149,0.000000
8,184,0,18149,0.000000
8,185,419,18149,104.253099
8,186,33,18149,6.647889
8,187,0,18149,0.000000
8,188,0,18149,0.000000
8,189,0,18149,0.000000
8,190,0,18149,0.000000
8,191,0,18149,0.000000
8,192,975,18149,224.507860
8,193,0,18149,0.000000
8,194,0,18149,0.000000
8,195,0,18149,0.000000
8,196,0,18149,0.000000
8,197,0,18149,0.000000
8,198,0,18149,0.000000
8,199,0,18149,0.000000
8,200,0,18149,0.000000
8,201,0,18149,0.000000
8,202,0,18149,0.000000
8,203,0,18149,0.000000
8,204,0,18149,0.000000
8,205,0,18149,0.000000
8,206,0,18149,0.000000
8,207,0,18149,0.000000
8,208,0,18149,0.000000
8,209,707,18149,157.358175
8,210,3600,18149,969.591822
8,211,1235,18149,337.733805
8,212,1073,18149,235.537437
8,213,0,18149,0.000000
8,214,0,18149,0.000000
8,215,0,18149,0.000000
8,216,1210,18149,318.008464
8,217,0,18149,0.000000
8,218,0,18149,0.000000
8,219,0,18149,0.000000
8,220,0,18149,0.000000
8,221,0,18149,0.000000
8,222,8655,18149,2215.265021
8,223,1011,18149,330.052864
8,224,0,18149,0.000000
8,225,0,18149,0.000000
8,226,3395,18149,991.428432
8,227,0,18149,0.000000
8,228,170,18149,32.248907
8,229,2107,18149,581.938952
8,230,0,18149,0.000000
8,231,0,18149,0.000000
8,232,0,18149,0.000000
8,233,606,18149,220.132678
8,234,432,18149,111.414388
8,235,0,18149,0.000000
8,236,0,18149,0.000000
8,237,0,18149,0.000000
8,238,0,18149,0.000000
8,239,0,18149,0.000000
8,240,0,18149,0.000000
8,241,0,18149,0.000000
8,242,0,18149,0.000000
8,243,0,18149,0.000000
8,244,0,18149,0.000000
8,245,224,18149,66.498340
8,246,1973,18149,418.393556
8,247,0,18149,0.000000
8,248,380,18149,89.571248
8,249,0,18149,0.000000
8,250,0,18149,0.000000
8,251,0,18149,0.000000
8,252,0,18149,0.000000
8,253,0,18149,0.000000
8,254,0,18149,0.000000
8,255,0,18149,0.000000
8,256,1586,18149,401.457339
8,257,0,18149,0.000000
8,258,1265,18149,303.377438
8,259,0,18149,0.000000
8,260,0,18149,0.000000
8,261,0,18149,0.000000
8,262,0,18149,0.000000
8,263,0,18149,0.000000
8,264,0,18149,0.000000
8,265,1672,18149,369.504834
8,266,0,18149,0.000000
8,267,0,18149,0.000000
8,268,0,18149,0.000000
8,269,0,18149,0.000000
8,270,738,18149,143.061045
8,271,1089,18149,226.831659
8,272,0,18149,0.000000
8,273,0,18149,0.000000
8,274,0,18149,0.000000
8,275,0,18149,0.000000
8,276,0,18149,0.000000
8,277,3250,18149,1016.369351
8,278,0,18149,0.000000
8,279,1139,18149,430.190834
8,280,245,18149,47.252688
8,281,0,18149,0.000000
8,282,1202,18149,331.395773
8,283,0,18149,0.000000
8,284,0,18149,0.000000
8,285,0,18149,0.000000
8,286,4831,18149,723.951911
8,287,0,18149,0.000000
8,288,2177,18149,523.490645
8,289,2111,18149,581.596763
8,290,0,18149,0.000000
8,291,0,18149,0.000000
8,292,0,18149,0.000000
8,293,0,18149,0.000000
8,294,0,18149,0.000000
8,295,0,18149,0.000000
8,296,669,18149,148.879806
8,297,466,18149,109.797116
8,298,0,18149,0.000000
8,299,0,18149,0.000000
8,300,0,18149,0.000000
8,301,0,18149,0.000000
8,302,0,18149,0.000000
8,303,0,18149,0.000000
8,304,1927,18149,469.594366
8,305,1644,18149,362.080416
8,306,0,18149,0.000000
8,307,0,18149,0.000000
8,308,21,18149,5.890106
8,309,0,18149,0.000000
8,310,854,18149,181.945908
8,311,0,18149,0.000000
8,312,0,18149,0.000000
8,313,0,18149,0.000000
8,314,0,18149,0.000000
8,315,0,18149,0.000000
8,316,435,18149,119.807493
8,317,0,18149,0.000000
8,318,0,18149,0.000000
8,319,440,18149,102.249152
8,320,0,18149,0.000000
8,321,0,18149,0.000000
8,322,0,18149,0.000000
8,323,455,18149,94.014951
8,324,1086,18149,263.898828
8,325,0,18149,0.000000
8,326,0,18149,0.000000
8,327,0,18149,0.000000
8,328,0,18149,0.000000
8,329,0,18149,0.000000
8,330,0,18149,0.000000
8,331,0,18149,0.000000
8,332,347,18149,76.459147
8,333,324,18149,71.368539
8,334,0,18149,0.000000
8,335,0,18149,0.000000
8,336,431,18149,96.600422
8,337,0,18149,0.000000
8,338,0,18149,0.000000
8,339,0,18149,0.000000
8,340,0,18149,0.000000
8,341,0,18149,0.000000
8,342,0,18149,0.000000
8,343,0,18149,0.000000
8,344,0,18149,0.000000
8,345,0,18149,0.000000
8,346,0,18149,0.000000
8,347,0,18149,0.000000
8,348,0,18149,0.000000
8,349,224,18149,59.090063
8,350,474,18149,101.233286
8,351,0,18149,0.000000
8,352,878,18149,209.261712
8,353,0,18149,0.000000
8,354,0,18149,0.000000
8,355,0,18149,0.000000
8,356,0,18149,0.000000
8,357,0,18149,0.000000
8,358,0,18149,0.000000
8,359,0,18149,0.000000
8,360,707,18149,168.771235
8,361,3000,18149,822.532681
8,362,0,18149,0.000000
8,363,0,18149,0.000000
8,364,0,18149,0.000000
8,365,0,18149,0.000000
8,366,0,18149,0.000000
8,367,0,18149,0.000000
8,368,0,18149,0.000000
8,369,0,18149,0.000000
8,370,0,18149,0.000000
8,371,3559,18149,1129.850356
8,372,0,18149,0.000000
8,373,0,18149,0.000000
8,374,794,18149,216.376304
8,375,0,18149,0.000000
8,376,663,18149,160.020939
8,377,0,18149,0.000000
8,378,0,18149,0.000000
8,379,0,18149,0.000000
8,380,548,18149,97.653287
8,381,0,18149,0.000000
8,382,0,18149,0.000000
8,383,0,18149,0.000000
9,0,0,18149,0.000000
9,1,0,18149,0.000000
9,2,0,18149,0.000000
9,3,1715,18149,409.426229
9,4,0,18149,0.000000
9,5,0,18149,0.000000
9,6,0,18149,0.000000
9,7,0,18149,0.000000
9,8,0,18149,0.000000
9,9,524,18149,115.143107
9,10,2554,18149,721.048182
9,11,0,18149,0.000000
9,12,0,18149,0.000000
9,13,940,18149,239.504442
9,14,0,18149,0.000000
9,15,0,18149,0.000000
9,16,1868,18149,462.463081
9,17,0,18149,0.000000
9,18,0,18149,0.000000
9,19,0,18149,0.000000
9,20,880,18149,194.617382
9,21,0,18149,0.000000
9,22,2237,18149,572.672684
9,23,0,18149,0.000000
9,24,0,18149,0.000000
9,25,0,18149,0.000000
9,26,0,18149,0.000000
9,27,0,18149,0.000000
9,28,0,18149,0.000000
9,29,0,18149,0.000000
9,30,0,18149,0.000000
9,31,552,18149,104.649355
9,32,0,18149,0.000000
9,33,902,18149,179.901809
9,34,0,18149,0.000000
9,35,795,18149,157.605120
9,36,0,18149,0.000000
9,37,790,18149,215.727751
9,38,0,18149,0.000000
9,39,0,18149,0.000000
9,40,0,18149,0.000000
9,41,301,18149,61.223510
9,42,227,18149,52.920906
9,43,0,18149,0.000000
9,44,0,18149,0.000000
9,45,0,18149,0.000000
9,46,706,18149,116.758641
9,47,1559,18149,395.839644
9,48,0,18149,0.000000
9,49,220,18149,44.068804
9,50,0,18149,0.000000
9,51,1386,18149,328.303544
9,52,0,18149,0.000000
9,53,1066,18149,202.265037
9,54,0,18149,0.000000
9,55,0,18149,0.000000
9,56,0,18149,0.000000
9,57,0,18149,0.000000
9,58,318,18149,79.583581
9,59,0,18149,0.000000
9,60,0,18149,0.000000
9,61,0,18149,0.000000
9,62,0,18149,0.000000
9,63,0,18149,0.000000
9,64,0,18149,0.000000
9,65,0,18149,0.000000
9,66,1593,18149,336.882422
9,67,0,18149,0.000000
9,68,0,18149,0.000000
9,69,0,18149,0.000000
9,70,320,18149,57.329066
9,71,1372,18149,430.803632
9,72,0,18149,0.000000
9,73,0,18149,0.000000
9,74,0,18149,0.000000
9,75,221,18149,65.788762
9,76,1462,18149,396.754789
9,77,991,18149,289.201338
9,78,0,18149,0.000000
9,79,806,18149,198.857679
9,80,0,18149,0.000000
9,81,0,18149,0.000000
9,82,969,18149,327.119064
9,83,0,18149,0.000000
9,84,0,18149,0.000000
9,85,0,18149,0.000000
9,86,2879,18149,725.637869
9,87,2101,18149,520.224744
9,88,0,18149,0.000000
9,89,0,18149,0.000000
9,90,0,18149,0.000000
9,91,0,18149,0.000000
9,92,0,18149,0.000000
9,93,366,18149,85.444142
9,94,0,18149,0.000000
9,95,0,18149,0.000000
9,96,0,18149,0.000000
9,97,5008,18149,993.873218
9,98,0,18149,0.000000
9,99,0,18149,0.000000
9,100,0,18149,0.000000
9,101,0,18149,0.000000
9,102,1534,18149,414.131061
9,103,0,18149,0.000000
9,104,0,18149,0.000000
9,105,0,18149,0.000000
9,106,0,18149,0.000000
9,107,962,18149,246.536541
9,108,0,18149,0.000000
9,109,0,18149,0.000000
9,110,268,18149,60.707916
9,111,0,18149,0.000000
9,112,0,18149,0.000000
9,113,0,18149,0.000000
9,114,0,18149,0.000000
9,115,838,18149,236.792668
9,116,356,18149,89.199897
9,117,0,18149,0.000000
9,118,0,18149,0.000000
9,119,0,18149,0.000000
9,120,195,18149,42.697847
9,121,0,18149,0.000000
9,122,0,18149,0.000000
9,123,0,18149,0.000000
9,124,80,18149,13.446070
9,125,0,18149,0.000000
9,126,0,18149,0.000000
9,127,0,18149,0.000000
9,128,0,18149,0.000000
9,129,0,18149,0.000000
9,130,0,18149,0.000000
9,131,479,18149,121.254320
9,132,196,18149,40.043019
9,133,0,18149,0.000000
9,134,582,18149,132.444105
9,135,0,18149,0.000000
9,136,290,18149,47.059706
9,137,1143,18149,210.449231
9,138,200,18149,38.742232
9,139,0,18149,0.000000
9,140,0,18149,0.000000
9,141,0,18149,0.000000
9,142,0,18149,0.000000
9,143,0,18149,0.000000
9,144,0,18149,0.000000
9,145,0,18149,0.000000
9,146,0,18149,0.000000
9,147,845,18149,164.208531
9,148,0,18149,0.000000
9,149,1144,18149,314.717800
9,150,146,18149,28.941052
9,151,0,18149,0.000000
9,152,0,18149,0.000000
9,153,0,18149,0.000000
9,154,0,18149,0.000000
9,155,607,18149,136.078311
9,156,768,18149,164.580728
9,157,0,18149,0.000000
9,158,0,18149,0.000000
9,159,0,18149,0.000000
9,160,0,18149,0.000000
9,161,0,18149,0.000000
9,162,0,18149,0.000000
9,163,0,18149,0.000000
9,164,0,18149,0.000000
9,165,0,18149,0.000000
9,166,0,18149,0.000000
9,167,0,18149,0.000000
9,168,332,18149,72.191889
9,169,0,18149,0.000000
9,170,0,18149,0.000000
9,171,0,18149,0.000000
9,172,0,18149,0.000000
9,173,0,18149,0.000000
9,174,0,18149,0.000000
9,175,0,18149,0.000000
9,176,0,18149,0.000000
9,177,0,18149,0.000000
9,178,0,18149,0.000000
9,179,0,18149,0.000000
9,180,252,18149,55.492551
9,181,0,18149,0.000000
9,182,0,18149,0.000000
9,183,806,18149,170.473763
9,184,0,18149,0.000000
9,185,0,18149,0.000000
9,186,0,18149,0.000000
9,187,122,18149,24.130664
9,188,1115,18149,276.680237
9,189,0,18149,0.000000
9,190,0,18149,0.000000
9,191,0,18149,0.000000
9,192,0,18149,0.000000
9,193,0,18149,0.000000
9,194,0,18149,0.000000
9,195,394,18149,76.224857
9,196,0,18149,0.000000
9,197,3512,18149,839.773929
9,198,0,18149,0.000000
9,199,0,18149,0.000000
9,200,0,18149,0.000000
9,201,0,18149,0.000000
9,202,2191,18149,558.833792
9,203,0,18149,0.000000
9,204,0,18149,0.000000
9,205,0,18149,0.000000
9,206,0,18149,0.000000
9,207,0,18149,0.000000
9,208,595,18149,126.110599
9,209,0,18149,0.000000
9,210,0,18149,0.000000
9,211,0,18149,0.000000
9,212,0,18149,0.000000
9,213,0,18149,0.000000
9,214,0,18149,0.000000
9,215,0,18149,0.000000
9,216,0,18149,0.000000
9,217,0,18149,0.000000
9,218,0,18149,0.000000
9,219,0,18149,0.000000
9,220,0,18149,0.000000
9,221,0,18149,0.000000
9,222,0,18149,0.000000
9,223,330,18149,67.462992
9,224,2763,18149,672.390565
9,225,0,18149,0.000000
9,226,0,18149,0.000000
9,227,0,18149,0.000000
9,228,0,18149,0.000000
9,229,0,18149,0.000000
9,230,0,18149,0.000000
9,231,1152,18149,214.168579
9,232,592,18149,136.763414
9,233,751,18149,154.030827
9,234,0,18149,0.000000
9,235,0,18149,0.000000
9,236,0,18149,0.000000
9,237,0,18149,0.000000
9,238,1461,18149,399.052808
9,239,0,18149,0.000000
9,240,0,18149,0.000000
9,241,0,18149,0.000000
9,242,0,18149,0.000000
9,243,0,18149,0.000000
9,244,0,18149,0.000000
9,245,0,18149,0.000000
9,246,610,18149,131.557604
9,247,0,18149,0.000000
9,248,0,18149,0.000000
9,249,1227,18149,292.761709
9,250,0,18149,0.000000
9,251,0,18149,0.000000
9,252,0,18149,0.000000
9,253,0,18149,0.000000
9,254,0,18149,0.000000
9,255,0,18149,0.000000
9,256,69,18149,13.153667
9,257,1433,18149,425.951906
9,258,231,18149,52.507875
9,259,0,18149,0.000000
9,260,0,18149,0.000000
9,261,0,18149,0.000000
9,262,0,18149,0.000000
9,263,6015,18149,1959.417222
9,264,458,18149,110.648046
9,265,0,18149,0.000000
9,266,582,18149,136.359841
9,267,0,18149,0.000000
9,268,0,18149,0.000000
9,269,0,18149,0.000000
9,270,122,18149,20.498051
9,271,0,18149,0.000000
9,272,0,18149,0.000000
9,273,0,18149,0.000000
9,274,0,18149,0.000000
9,275,0,18149,0.000000
9,276,0,18149,0.000000
9,277,0,18149,0.000000
9,278,0,18149,0.000000
9,279,0,18149,0.000000
9,280,0,18149,0.000000
9,281,0,18149,0.000000
9,282,267,18149,58.375952
9,283,0,18149,0.000000
9,284,0,18149,0.000000
9,285,341,18149,84.780680
9,286,825,18149,228.238615
9,287,0,18149,0.000000
9,288,790,18149,202.786195
9,289,766,18149,246.355638
9,290,0,18149,0.000000
9,291,0,18149,0.000000
9,292,0,18149,0.000000
9,293,0,18149,0.000000
9,294,2132,18149,583.484394
9,295,0,18149,0.000000
9,296,0,18149,0.000000
9,297,1780,18149,449.618261
9,298,0,18149,0.000000
9,299,0,18149,0.000000
9,300,0,18149,0.000000
9,301,0,18149,0.000000
9,302,393,18149,101.525440
9,303,725,18149,155.908406
9,304,0,18149,0.000000
9,305,2932,18149,826.149072
9,306,0,18149,0.000000
9,307,0,18149,0.000000
9,308,141,18149,27.359666
9,309,0,18149,0.000000
9,310,0,18149,0.000000
9,311,3158,18149,515.196417
9,312,4756,18149,1310.724141
9,313,0,18149,0.000000
9,314,0,18149,0.000000
9,315,819,18149,198.607766
9,316,0,18149,0.000000
9,317,0,18149,0.000000
9,318,1068,18149,278.752087
9,319,178,18149,45.229732
9,320,524,18149,135.240071
9,321,0,18149,0.000000
9,322,0,18149,0.000000
9,323,0,18149,0.000000
9,324,315,18149,94.191328
9,325,0,18149,0.000000
9,326,0,18149,0.000000
9,327,555,18149,114.064683
9,328,0,18149,0.000000
9,329,0,18149,0.000000
9,330,0,18149,0.000000
9,331,603,18149,143.540642
9,332,0,18149,0.000000
9,333,733,18149,190.734985
9,334,0,18149,0.000000
9,335,999,18149,252.236794
9,336,0,18149,0.000000
9,337,0,18149,0.000000
9,338,0,18149,0.000000
9,339,348,18149,70.307314
9,340,0,18149,0.000000
9,341,221,18149,51.418271
9,342,0,18149,0.000000
9,343,2920,18149,934.156451
9,344,0,18149,0.000000
9,345,733,18149,184.344184
9,346,0,18149,0.000000
9,347,0,18149,0.000000
9,348,0,18149,0.000000
9,349,0,18149,0.000000
9,350,670,18149,167.316648
9,351,0,18149,0.000000
9,352,0,18149,0.000000
9,353,0,18149,0.000000
9,354,0,18149,0.000000
9,355,0,18149,0.000000
9,356,0,18149,0.000000
9,357,0,18149,0.000000
9,358,0,18149,0.000000
9,359,0,18149,0.000000
9,360,0,18149,0.000000
9,361,0,18149,0.000000
9,362,197,18149,39.182560
9,363,0,18149,0.000000
9,364,0,18149,0.000000
9,365,0,18149,0.000000
9,366,0,18149,0.000000
9,367,0,18149,0.000000
9,368,0,18149,0.000000
9,369,0,18149,0.000000
9,370,0,18149,0.000000
9,371,0,18149,0.000000
9,372,0,18149,0.000000
9,373,0,18149,0.000000
9,374,0,18149,0.000000
9,375,0,18149,0.000000
9,376,0,18149,0.000000
9,377,1080,18149,252.953573
9,378,2549,18149,710.412202
9,379,0,18149,0.000000
9,380,0,18149,0.000000
9,381,0,18149,0.000000
9,382,0,18149,0.000000
9,383,0,18149,0.000000
10,0,0,18149,0.000000
10,1,0,18149,0.000000
10,2,0,18149,0.000000
10,3,0,18149,0.000000
10,4,0,18149,0.000000
10,5,0,18149,0.000000
10,6,0,18149,0.000000
10,7,283,18149,60.033752
10,8,1181,18149,275.389175
10,9,0,18149,0.000000
10,10,0,18149,0.000000
10,11,0,18149,0.000000
10,12,0,18149,0.000000
10,13,2786,18149,920.117783
10,14,0,18149,0.000000
10,15,0,18149,0.000000
10,16,0,18149,0.000000
10,17,0,18149,0.000000
10,18,0,18149,0.000000
10,19,0,18149,0.000000
10,20,0,18149,0.000000
10,21,0,18149,0.000000
10,22,0,18149,0.000000
10,23,0,18149,0.000000
10,24,1767,18149,539.498289
10,25,0,18149,0.000000
10,26,1529,18149,371.086849
10,27,0,18149,0.000000
10,28,0,18149,0.000000
10,29,0,18149,0.000000
10,30,0,18149,0.000000
10,31,0,18149,0.000000
10,32,2431,18149,562.619410
10,33,0,18149,0.000000
10,34,0,18149,0.000000
10,35,254,18149,55.565444
10,36,0,18149,0.000000
10,37,0,18149,0.000000
10,38,0,18149,0.000000
10,39,0,18149,0.000000
10,40,0,18149,0.000000
10,41,217,18149,49.459379
10,42,0,18149,0.000000
10,43,0,18149,0.000000
10,44,409,18149,79.305324
10,45,0,18149,0.000000
10,46,0,18149,0.000000
10,47,325,18149,83.056743
10,48,0,18149,0.000000
10,49,0,18149,0.000000
10,50,0,18149,0.000000
10,51,0,18149,0.000000
10,52,0,18149,0.000000
10,53,0,18149,0.000000
10,54,0,18149,0.000000
10,55,0,18149,0.000000
10,56,368,18149,82.345036
10,57,1292,18149,361.052798
10,58,0,18149,0.000000
10,59,975,18149,231.703840
10,60,0,18149,0.000000
10,61,650,18149,105.889290
10,62,0,18149,0.000000
10,63,2748,18149,510.176906
10,64,0,18149,0.000000
10,65,0,18149,0.000000
10,66,1653,18149,314.608383
10,67,0,18149,0.000000
10,68,0,18149,0.000000
10,69,0,18149,0.000000
10,70,429,18149,115.845561
10,71,0,18149,0.000000
10,72,0,18149,0.000000
10,73,0,18149,0.000000
10,74,2182,18149,464.181987
10,75,627,18149,154.811273
10,76,0,18149,0.000000
10,77,0,18149,0.000000
10,78,0,18149,0.000000
10,79,0,18149,0.000000
10,80,824,18149,186.210788
10,81,0,18149,0.000000
10,82,0,18149,0.000000
10,83,0,18149,0.000000
10,84,0,18149,0.000000
10,85,0,18149,0.000000
10,86,0,18149,0.000000
10,87,749,18149,159.579361
10,88,0,18149,0.000000
10,89,0,18149,0.000000
10,90,0,18149,0.000000
10,91,470,18149,114.232107
10,92,657,18149,152.812229
10,93,713,18149,162.947392
10,94,0,18149,0.000000
10,95,931,18149,205.512907
10,96,346,18149,79.624020
10,97,1213,18149,279.727032
10,98,0,18149,0.000000
10,99,0,18149,0.000000
10,100,0,18149,0.000000
10,101,0,18149,0.000000
10,102,0,18149,0.000000
10,103,0,18149,0.000000
10,104,0,18149,0.000000
10,105,0,18149,0.000000
10,106,0,18149,0.000000
10,107,0,18149,0.000000
10,108,0,18149,0.000000
10,109,363,18149,86.911608
10,110,1484,18149,320.754107
10,111,0,18149,0.000000
10,112,0,18149,0.000000
10,113,0,18149,0.000000
10,114,3044,18149,658.944083
10,115,0,18149,0.000000
10,116,0,18149,0.000000
10,117,0,18149,0.000000
10,118,0,18149,0.000000
10,119,0,18149,0.000000
10,120,0,18149,0.000000
10,121,0,18149,0.000000
10,122,0,18149,0.000000
10,123,0,18149,0.000000
10,124,0,18149,0.000000
10,125,0,18149,0.000000
10,126,0,18149,0.000000
10,127,2816,18149,659.142654
10,128,437,18149,99.662048
10,129,0,18149,0.000000
10,130,0,18149,0.000000
10,131,0,18149,0.000000
10,132,0,18149,0.000000
10,133,0,18149,0.000000
10,134,66,18149,11.732258
10,135,0,18149,0.000000
10,136,0,18149,0.000000
10,137,0,18149,0.000000
10,138,0,18149,0.000000
10,139,0,18149,0.000000
10,140,561,18149,145.722092
10,141,0,18149,0.000000
10,142,0,18149,0.000000
10,143,0,18149,0.000000
10,144,0,18149,0.000000
10,145,0,18149,0.000000
10,146,539,18149,129.030205
10,147,0,18149,0.000000
10,148,652,18149,114.364617
10,149,0,18149,0.000000
10,150,0,18149,0.000000
10,151,758,18149,153.504940
10,152,0,18149,0.000000
10,153,0,18149,0.000000
10,154,851,18149,180.802059
10,155,0,18149,0.000000
10,156,0,18149,0.000000
10,157,1130,18149,251.399419
10,158,571,18149,126.763420
10,159,0,18149,0.000000
10,160,0,18149,0.000000
10,161,0,18149,0.000000
10,162,945,18149,251.410866
10,163,0,18149,0.000000
10,164,0,18149,0.000000
10,165,1142,18149,309.517764
10,166,0,18149,0.000000
10,167,0,18149,0.000000
10,168,0,18149,0.000000
10,169,0,18149,0.000000
10,170,0,18149,0.000000
10,171,0,18149,0.000000
10,172,0,18149,0.000000
10,173,1764,18149,331.529335
10,174,0,18149,0.000000
10,175,0,18149,0.000000
10,176,0,18149,0.000000
10,177,0,18149,0.000000
10,178,0,18149,0.000000
10,179,240,18149,54.630230
10,180,0,18149,0.000000
10,181,2773,18149,803.833978
10,182,1388,18149,385.953601
10,183,0,18149,0.000000
10,184,0,18149,0.000000
10,185,0,18149,0.000000
10,186,0,18149,0.000000
10,187,0,18149,0.000000
10,188,0,18149,0.000000
10,189,0,18149,0.000000
10,190,0,18149,0.000000
10,191,0,18149,0.000000
10,192,0,18149,0.000000
10,193,0,18149,0.000000
10,194,0,18149,0.000000
10,195,1088,18149,263.095257
10,196,0,18149,0.000000
10,197,876,18149,251.302884
10,198,0,18149,0.000000
10,199,0,18149,0.000000
10,200,0,18149,0.000000
10,201,1331,18149,311.114480
10,202,3185,18149,552.216717
10,203,0,18149,0.000000
10,204,0,18149,0.000000
10,205,0,18149,0.000000
10,206,0,18149,0.000000
10,207,0,18149,0.000000
10,208,0,18149,0.000000
10,209,0,18149,0.000000
10,210,882,18149,262.828741
10,211,1006,18149,187.539432
10,212,0,18149,0.000000
10,213,0,18149,0.000000
10,214,0,18149,0.000000
10,215,0,18149,0.000000
10,216,0,18149,0.000000
10,217,0,18149,0.000000
10,218,0,18149,0.000000
10,219,0,18149,0.000000
10,220,0,18149,0.000000
10,221,0,18149,0.000000
10,222,0,18149,0.000000
10,223,814,18149,203.041807
10,224,0,18149,0.000000
10,225,0,18149,0.000000
10,226,0,18149,0.000000
10,227,698,18149,188.823794
10,228,0,18149,0.000000
10,229,628,18149,143.309396
10,230,0,18149,0.000000
10,231,0,18149,0.000000
10,232,0,18149,0.000000
10,233,0,18149,0.000000
10,234,0,18149,0.000000
10,235,0,18149,0.000000
10,236,0,18149,0.000000
10,237,2080,18149,525.872052
10,238,0,18149,0.000000
10,239,0,18149,0.000000
10,240,0,18149,0.000000
10,241,0,18149,0.000000
10,242,0,18149,0.000000
10,243,0,18149,0.000000
10,244,0,18149,0.000000
10,245,0,18149,0.000000
10,246,0,18149,0.000000
10,247,0,18149,0.000000
10,248,0,18149,0.000000
10,249,0,18149,0.000000
10,250,0,18149,0.000000
10,251,1425,18149,383.702800
10,252,0,18149,0.000000
10,253,422,18149,102.025044
10,254,0,18149,0.000000
10,255,385,18149,80.151140
10,256,227,18149,71.414163
10,257,0,18149,0.000000
10,258,892,18149,209.021976
10,259,0,18149,0.000000
10,260,0,18149,0.000000
10,261,0,18149,0.000000
10,262,0,18149,0.000000
10,263,797,18149,190.042868
10,264,0,18149,0.000000
10,265,0,18149,0.000000
10,266,4886,18149,1676.265343
10,267,0,18149,0.000000
10,268,0,18149,0.000000
10,269,0,18149,0.000000
10,270,0,18149,0.000000
10,271,0,18149,0.000000
10,272,0,18149,0.000000
10,273,0,18149,0.000000
10,274,1302,18149,331.094584
10,275,0,18149,0.000000
10,276,1538,18149,281.173126
10,277,0,18149,0.000000
10,278,0,18149,0.000000
10,279,0,18149,0.000000
10,280,0,18149,0.000000
10,281,821,18149,165.642049
10,282,0,18149,0.000000
10,283,0,18149,0.000000
10,284,475,18149,119.738921
10,285,0,18149,0.000000
10,286,737,18149,142.452611
10,287,1394,18149,347.603650
10,288,0,18149,0.000000
10,289,0,18149,0.000000
10,290,0,18149,0.000000
10,291,0,18149,0.000000
10,292,4007,18149,1221.070617
10,293,0,18149,0.000000
10,294,0,18149,0.000000
10,295,0,18149,0.000000
10,296,723,18149,165.865823
10,297,883,18149,214.793847
10,298,0,18149,0.000000
10,299,0,18149,0.000000
10,300,0,18149,0.000000
10,301,0,18149,0.000000
10,302,0,18149,0.000000
10,303,0,18149,0.000000
10,304,0,18149,0.000000
10,305,747,18149,175.658346
10,306,0,18149,0.000000
10,307,0,18149,0.000000
10,308,0,18149,0.000000
10,309,0,18149,0.000000
10,310,0,18149,0.000000
10,311,0,18149,0.000000
10,312,0,18149,0.000000
10,313,0,18149,0.000000
10,314,0,18149,0.000000
10,315,0,18149,0.000000
10,316,0,18149,0.000000
10,317,19,18149,4.422874
10,318,0,18149,0.000000
10,319,0,18149,0.000000
10,320,203,18149,39.636241
10,321,0,18149,0.000000
10,322,3038,18149,989.115923
10,323,1677,18149,379.800742
10,324,132,18149,29.833899
10,325,0,18149,0.000000
10,326,1228,18149,282.131978
10,327,0,18149,0.000000
10,328,0,18149,0.000000
10,329,0,18149,0.000000
10,330,0,18149,0.000000
10,331,0,18149,0.000000
10,332,353,18149,77.382688
10,333,0,18149,0.000000
10,334,0,18149,0.000000
10,335,2365,18149,643.325024
10,336,0,18149,0.000000
10,337,0,18149,0.000000
10,338,0,18149,0.000000
10,339,1073,18149,252.394157
10,340,46,18149,8.499133
10,341,558,18149,121.056979
10,342,2321,18149,692.890974
10,343,0,18149,0.000000
10,344,0,18149,0.000000
10,345,0,18149,0.000000
10,346,680,18149,157.855398
10,347,0,18149,0.000000
10,348,0,18149,0.000000
10,349,842,18149,192.277825
10,350,0,18149,0.000000
10,351,0,18149,0.000000
10,352,1400,18149,325.963133
10,353,0,18149,0.000000
10,354,0,18149,0.000000
10,355,0,18149,0.000000
10,356,0,18149,0.000000
10,357,0,18149,0.000000
10,358,656,18149,140.066797
10,359,0,18149,0.000000
10,360,0,18149,0.000000
10,361,0,18149,0.000000
10,362,796,18149,204.308040
10,363,0,18149,0.000000
10,364,0,18149,0.000000
10,365,0,18149,0.000000
10,366,0,18149,0.000000
10,367,0,18149,0.000000
10,368,0,18149,0.000000
10,369,0,18149,0.000000
10,370,0,18149,0.000000
10,371,0,18149,0.000000
10,372,0,18149,0.000000
10,373,0,18149,0.000000
10,374,0,18149,0.000000
10,375,0,18149,0.000000
10,376,292,18149,84.122207
10,377,96,18149,22.371454
10,378,0,18149,0.000000
10,379,0,18149,0.000000
10,380,449,18149,86.642980
10,381,6888,18149,1969.537777
10,382,0,18149,0.000000
10,383,0,18149,0.000000
11,0,0,18149,0.000000
11,1,0,18149,0.000000
11,2,0,18149,0.000000
11,3,0,18149,0.000000
11,4,0,18149,0.000000
11,5,491,18149,100.333634
11,6,0,18149,0.000000
11,7,0,18149,0.000000
11,8,0,18149,0.000000
11,9,0,18149,0.000000
11,10,0,18149,0.000000
11,11,0,18149,0.000000
11,12,0,18149,0.000000
11,13,5373,18149,1405.523089
11,14,0,18149,0.000000
11,15,0,18149,0.000000
11,16,0,18149,0.000000
11,17,0,18149,0.000000
11,18,0,18149,0.000000
11,19,709,18149,179.265017
11,20,2176,18149,661.587166
11,21,1420,18149,383.148518
11,22,1304,18149,386.340117
11,23,0,18149,0.000000
11,24,3602,18149,1282.649928
11,25,0,18149,0.000000
11,26,0,18149,0.000000
11,27,0,18149,0.000000
11,28,0,18149,0.000000
11,29,0,18149,0.000000
11,30,1515,18149,315.188593
11,31,460,18149,126.911153
11,32,0,18149,0.000000
11,33,0,18149,0.000000
11,34,0,18149,0.000000
11,35,2523,18149,515.927675
11,36,0,18149,0.000000
11,37,0,18149,0.000000
11,38,0,18149,0.000000
11,39,0,18149,0.000000
11,40,0,18149,0.000000
11,41,0,18149,0.000000
11,42,0,18149,0.000000
11,43,0,18149,0.000000
11,44,0,18149,0.000000
11,45,0,18149,0.000000
11,46,0,18149,0.000000
11,47,744,18149,221.216265
11,48,0,18149,0.000000
11,49,0,18149,0.000000
11,50,341,18149,75.748585
11,51,0,18149,0.000000
11,52,391,18149,93.546779
11,53,0,18149,0.000000
11,54,0,18149,0.000000
11,55,0,18149,0.000000
11,56,1172,18149,238.459995
11,57,0,18149,0.000000
11,58,0,18149,0.000000
11,59,0,18149,0.000000
11,60,5555,18149,1753.290603
11,61,0,18149,0.000000
11,62,0,18149,0.000000
11,63,0,18149,0.000000
11,64,0,18149,0.000000
11,65,283,18149,64.618111
11,66,0,18149,0.000000
11,67,0,18149,0.000000
11,68,0,18149,0.000000
11,69,0,18149,0.000000
11,70,0,18149,0.000000
11,71,0,18149,0.000000
11,72,0,18149,0.000000
11,73,0,18149,0.000000
11,74,0,18149,0.000000
11,75,0,18149,0.000000
11,76,0,18149,0.000000
11,77,0,18149,0.000000
11,78,0,18149,0.000000
11,79,0,18149,0.000000
11,80,0,18149,0.000000
11,81,0,18149,0.000000
11,82,1529,18149,354.684401
11,83,312,18149,90.111109
11,84,0,18149,0.000000
11,85,0,18149,0.000000
11,86,0,18149,0.000000
11,87,1243,18149,204.124776
11,88,0,18149,0.000000
11,89,0,18149,0.000000
11,90,0,18149,0.000000
11,91,0,18149,0.000000
11,92,0,18149,0.000000
11,93,0,18149,0.000000
11,94,397,18149,96.146183
11,95,0,18149,0.000000
11,96,1069,18149,229.233268
11,97,0,18149,0.000000
11,98,377,18149,103.663196
11,99,617,18149,152.912413
11,100,0,18149,0.000000
11,101,0,18149,0.000000
11,102,982,18149,294.683470
11,103,0,18149,0.000000
11,104,0,18149,0.000000
11,105,0,18149,0.000000
11,106,0,18149,0.000000
11,107,0,18149,0.000000
11,108,526,18149,87.553538
11,109,0,18149,0.000000
11,110,0,18149,0.000000
11,111,1198,18149,335.233311
11,112,525,18149,104.113466
11,113,0,18149,0.000000
11,114,751,18149,183.188277
11,115,0,18149,0.000000
11,116,0,18149,0.000000
11,117,0,18149,0.000000
11,118,0,18149,0.000000
11,119,0,18149,0.000000
11,120,0,18149,0.000000
11,121,0,18149,0.000000
11,122,0,18149,0.000000
11,123,0,18149,0.000000
11,124,968,18149,218.665226
11,125,883,18149,163.000398
11,126,0,18149,0.000000
11,127,0,18149,0.000000
11,128,0,18149,0.000000
11,129,0,18149,0.000000
11,130,515,18149,117.149556
11,131,944,18149,267.422702
11,132,0,18149,0.000000
11,133,0,18149,0.000000
11,134,0,18149,0.000000
11,135,0,18149,0.000000
11,136,0,18149,0.000000
11,137,0,18149,0.000000
11,138,0,18149,0.000000
11,139,0,18149,0.000000
11,140,0,18149,0.000000
11,141,586,18149,125.369720
11,142,0,18149,0.000000
11,143,0,18149,0.000000
11,144,0,18149,0.000000
11,145,0,18149,0.000000
11,146,0,18149,0.000000
11,147,701,18149,162.316695
11,148,1205,18149,262.179654
11,149,0,18149,0.000000
11,150,1654,18149,402.634889
11,151,0,18149,0.000000
11,152,1229,18149,279.806709
11,153,0,18149,0.000000
11,154,0,18149,0.000000
11,155,0,18149,0.000000
11,156,0,18149,0.000000
11,157,0,18149,0.000000
11,158,0,18149,0.000000
11,159,0,18149,0.000000
11,160,0,18149,0.000000
11,161,0,18149,0.000000
11,162,0,18149,0.000000
11,163,0,18149,0.000000
11,164,0,18149,0.000000
11,165,0,18149,0.000000
11,166,1648,18149,421.094057
11,167,383,18149,89.114361
11,168,971,18149,254.668024
11,169,0,18149,0.000000
11,170,0,18149,0.000000
11,171,0,18149,0.000000
11,172,0,18149,0.000000
11,173,0,18149,0.000000
11,174,1788,18149,390.667979
11,175,1612,18149,350.638109
11,176,0,18149,0.000000
11,177,0,18149,0.000000
11,178,5611,18149,1185.816326
11,179,0,18149,0.000000
11,180,89,18149,20.427148
11,181,506,18149,134.872837
11,182,0,18149,0.000000
11,183,0,18149,0.000000
11,184,0,18149,0.000000
11,185,0,18149,0.000000
11,186,0,18149,0.000000
11,187,2533,18149,827.877843
11,188,0,18149,0.000000
11,189,174,18149,32.262280
11,190,0,18149,0.000000
11,191,629,18149,137.124575
11,192,0,18149,0.000000
11,193,0,18149,0.000000
11,194,0,18149,0.000000
11,195,0,18149,0.000000
11,196,7738,18149,1964.312779
11,197,0,18149,0.000000
11,198,0,18149,0.000000
11,199,0,18149,0.000000
11,200,0,18149,0.000000
11,201,1211,18149,255.364159
11,202,0,18149,0.000000
11,203,2095,18149,629.133731
11,204,0,18149,0.000000
11,205,0,18149,0.000000
11,206,0,18149,0.000000
11,207,0,18149,0.000000
11,208,878,18149,226.237848
11,209,412,18149,82.907490
11,210,0,18149,0.000000
11,211,844,18149,179.690149
11,212,0,18149,0.000000
11,213,0,18149,0.000000
11,214,3752,18149,618.648034
11,215,0,18149,0.000000
11,216,0,18149,0.000000
11,217,0,18149,0.000000
11,218,0,18149,0.000000
11,219,0,18149,0.000000
11,220,0,18149,0.000000
11,221,696,18149,170.368676
11,222,0,18149,0.000000
11,223,0,18149,0.000000
11,224,1005,18149,255.748182
11,225,513,18149,109.324529
11,226,836,18149,157.707331
11,227,1973,18149,485.572772
11,228,0,18149,0.000000
11,229,0,18149,0.000000
11,230,419,18149,90.890427
11,231,73,18149,14.638809
11,232,0,18149,0.000000
11,233,154,18149,40.276477
11,234,0,18149,0.000000
11,235,0,18149,0.000000
11,236,0,18149,0.000000
11,237,0,18149,0.000000
11,238,0,18149,0.000000
11,239,0,18149,0.000000
11,240,0,18149,0.000000
11,241,0,18149,0.000000
11,242,0,18149,0.000000
11,243,0,18149,0.000000
11,244,0,18149,0.000000
11,245,991,18149,200.368156
11,246,0,18149,0.000000
11,247,0,18149,0.000000
11,248,0,18149,0.000000
11,249,0,18149,0.000000
11,250,0,18149,0.000000
11,251,640,18149,157.012960
11,252,0,18149,0.000000
11,253,0,18149,0.000000
11,254,1430,18149,379.461609
11,255,208,18149,42.571704
11,256,0,18149,0.000000
11,257,0,18149,0.000000
11,258,0,18149,0.000000
11,259,407,18149,90.639645
11,260,0,18149,0.000000
11,261,0,18149,0.000000
11,262,261,18149,53.334449
11,263,1386,18149,416.686376
11,264,0,18149,0.000000
11,265,271,18149,64.034101
11,266,619,18149,134.599275
11,267,0,18149,0.000000
11,268,0,18149,0.000000
11,269,0,18149,0.000000
11,270,0,18149,0.000000
11,271,0,18149,0.000000
11,272,0,18149,0.000000
11,273,434,18149,156.347757
11,274,0,18149,0.000000
11,275,0,18149,0.000000
11,276,0,18149,0.000000
11,277,0,18149,0.000000
11,278,0,18149,0.000000
11,279,0,18149,0.000000
11,280,475,18149,107.921529
11,281,0,18149,0.000000
11,282,0,18149,0.000000
11,283,0,18149,0.000000
11,284,0,18149,0.000000
11,285,1320,18149,380.944972
11,286,0,18149,0.000000
11,287,775,18149,180.058874
11,288,0,18149,0.000000
11,289,0,18149,0.000000
11,290,585,18149,143.471893
11,291,0,18149,0.000000
11,292,0,18149,0.000000
11,293,0,18149,0.000000
11,294,1002,18149,232.651524
11,295,594,18149,205.606953
11,296,0,18149,0.000000
11,297,629,18149,171.497683
11,298,0,18149,0.000000
11,299,0,18149,0.000000
11,300,0,18149,0.000000
11,301,0,18149,0.000000
11,302,0,18149,0.000000
11,303,0,18149,0.000000
11,304,65,18149,12.470186
11,305,0,18149,0.000000
11,306,0,18149,0.000000
11,307,0,18149,0.000000
11,308,0,18149,0.000000
11,309,0,18149,0.000000
11,310,0,18149,0.000000
11,311,0,18149,0.000000
11,312,0,18149,0.000000
11,313,0,18149,0.000000
11,314,90,18149,13.124944
11,315,0,18149,0.000000
11,316,0,18149,0.000000
11,317,0,18149,0.000000
11,318,0,18149,0.000000
11,319,0,18149,0.000000
11,320,464,18149,115.666434
11,321,438,18149,95.213809
11,322,0,18149,0.000000
11,323,0,18149,0.000000
11,324,0,18149,0.000000
11,325,0,18149,0.000000
11,326,0,18149,0.000000
11,327,42,18149,8.515334
11,328,913,18149,204.784515
11,329,743,18149,182.245570
11,330,0,18149,0.000000
11,331,0,18149,0.000000
11,332,764,18149,200.599261
11,333,0,18149,0.000000
11,334,0,18149,0.000000
11,335,0,18149,0.000000
11,336,0,18149,0.000000
11,337,0,18149,0.000000
11,338,0,18149,0.000000
11,339,0,18149,0.000000
11,340,0,18149,0.000000
11,341,0,18149,0.000000
11,342,0,18149,0.000000
11,343,1758,18149,452.433399
11,344,0,18149,0.000000
11,345,555,18149,164.265196
11,346,724,18149,156.879501
11,347,0,18149,0.000000
11,348,0,18149,0.000000
11,349,225,18149,42.548009
11,350,0,18149,0.000000
11,351,0,18149,0.000000
11,352,0,18149,0.000000
11,353,1394,18149,371.821481
11,354,0,18149,0.000000
11,355,422,18149,96.852626
11,356,234,18149,62.665216
11,357,0,18149,0.000000
11,358,0,18149,0.000000
11,359,0,18149,0.000000
11,360,0,18149,0.000000
11,361,0,18149,0.000000
11,362,0,18149,0.000000
11,363,638,18149,162.780845
11,364,0,18149,0.000000
11,365,0,18149,0.000000
11,366,0,18149,0.000000
11,367,0,18149,0.000000
11,368,0,18149,0.000000
11,369,216,18149,46.527489
11,370,0,18149,0.000000
11,371,854,18149,185.905047
11,372,0,18149,0.000000
11,373,0,18149,0.000000
11,374,1392,18149,341.079562
11,375,0,18149,0.000000
11,376,0,18149,0.000000
11,377,0,18149,0.000000
11,378,0,18149,0.000000
11,379,123,18149,26.579115
11,380,0,18149,0.000000
11,381,0,18149,0.000000
11,382,0,18149,0.000000
11,383,0,18149,0.000000
12,0,0,18149,0.000000
12,1,0,18149,0.000000
12,2,0,18149,0.000000
12,3,0,18149,0.000000
12,4,0,18149,0.000000
12,5,248,18149,43.541031
12,6,801,18149,252.016397
12,7,0,18149,0.000000
12,8,0,18149,0.000000
12,9,0,18149,0.000000
12,10,0,18149,0.000000
12,11,818,18149,209.660794
12,12,1109,18149,281.610686
12,13,0,18149,0.000000
12,14,0,18149,0.000000
12,15,0,18149,0.000000
12,16,0,18149,0.000000
12,17,0,18149,0.000000
12,18,0,18149,0.000000
12,19,982,18149,170.882453
12,20,283,18149,64.731047
12,21,3362,18149,780.401659
12,22,0,18149,0.000000
12,23,786,18149,177.275137
12,24,0,18149,0.000000
12,25,1227,18149,287.825307
12,26,0,18149,0.000000
12,27,334,18149,86.343310
12,28,0,18149,0.000000
12,29,0,18149,0.000000
12,30,0,18149,0.000000
12,31,0,18149,0.000000
12,32,2157,18149,610.421371
12,33,0,18149,0.000000
12,34,0,18149,0.000000
12,35,0,18149,0.000000
12,36,577,18149,153.065058
12,37,0,18149,0.000000
12,38,0,18149,0.000000
12,39,0,18149,0.000000
12,40,536,18149,140.615605
12,41,0,18149,0.000000
12,42,69,18149,15.918430
12,43,0,18149,0.000000
12,44,442,18149,115.744888
12,45,0,18149,0.000000
12,46,0,18149,0.000000
12,47,0,18149,0.000000
12,48,1903,18149,510.193940
12,49,1698,18149,446.745875
12,50,585,18149,132.435537
12,51,0,18149,0.000000
12,52,0,18149,0.000000
12,53,906,18149,236.471796
12,54,0,18149,0.000000
12,55,716,18149,188.559842
12,56,0,18149,0.000000
12,57,0,18149,0.000000
12,58,286,18149,71.854086
12,59,1191,18149,246.891675
12,60,0,18149,0.000000
12,61,0,18149,0.000000
12,62,0,18149,0.000000
12,63,0,18149,0.000000
12,64,883,18149,244.989302
12,65,0,18149,0.000000
12,66,425,18149,98.372005
12,67,142,18149,31.454876
12,68,0,18149,0.000000
12,69,0,18149,0.000000
12,70,0,18149,0.000000
12,71,878,18149,216.908620
12,72,0,18149,0.000000
12,73,3754,18149,938.034836
12,74,0,18149,0.000000
12,75,0,18149,0.000000
12,76,0,18149,0.000000
12,77,190,18149,46.103005
12,78,0,18149,0.000000
12,79,0,18149,0.000000
12,80,0,18149,0.000000
12,81,0,18149,0.000000
12,82,0,18149,0.000000
12,83,0,18149,0.000000
12,84,0,18149,0.000000
12,85,0,18149,0.000000
12,86,0,18149,0.000000
12,87,734,18149,189.140237
12,88,286,18149,61.313614
12,89,0,18149,0.000000
12,90,772,18149,231.509438
12,91,0,18149,0.000000
12,92,0,18149,0.000000
12,93,212,18149,46.753833
12,94,0,18149,0.000000
12,95,565,18149,140.321709
12,96,896,18149,237.582446
12,97,1626,18149,449.216207
12,98,1044,18149,342.492117
12,99,0,18149,0.000000
12,100,439,18149,113.096098
12,101,572,18149,153.100793
12,102,0,18149,0.000000
12,103,0,18149,0.000000
12,104,0,18149,0.000000
12,105,0,18149,0.000000
12,106,0,18149,0.000000
12,107,0,18149,0.000000
12,108,0,18149,0.000000
12,109,999,18149,313.177276
12,110,0,18149,0.000000
12,111,562,18149,142.004023
12,112,0,18149,0.000000
12,113,0,18149,0.000000
12,114,0,18149,0.000000
12,115,0,18149,0.000000
12,116,0,18149,0.000000
12,117,0,18149,0.000000
12,118,0,18149,0.000000
12,119,0,18149,0.000000
12,120,0,18149,0.000000
12,121,0,18149,0.000000
12,122,2781,18149,1083.479714
12,123,694,18149,178.800022
12,124,500,18149,109.798309
12,125,0,18149,0.000000
12,126,137,18149,29.704871
12,127,0,18149,0.000000
12,128,0,18149,0.000000
12,129,0,18149,0.000000
12,130,0,18149,0.000000
12,131,614,18149,148.080342
12,132,0,18149,0.000000
12,133,0,18149,0.000000
12,134,213,18149,54.780049
12,135,0,18149,0.000000
12,136,1218,18149,222.121835
12,137,0,18149,0.000000
12,138,0,18149,0.000000
12,139,444,18149,106.056812
12,140,0,18149,0.000000
12,141,554,18149,138.901689
12,142,0,18149,0.000000
12,143,968,18149,230.826155
12,144,1536,18149,292.811230
12,145,0,18149,0.000000
12,146,0,18149,0.000000
12,147,0,18149,0.000000
12,148,0,18149,0.000000
12,149,0,18149,0.000000
12,150,0,18149,0.000000
12,151,5773,18149,1514.040988
12,152,0,18149,0.000000
12,153,0,18149,0.000000
12,154,2246,18149,660.531946
12,155,0,18149,0.000000
12,156,0,18149,0.000000
12,157,0,18149,0.000000
12,158,0,18149,0.000000
12,159,58,18149,11.876751
12,160,0,18149,0.000000
12,161,134,18149,28.258270
12,162,2404,18149,587.564323
12,163,231,18149,49.305176
12,164,0,18149,0.000000
12,165,0,18149,0.000000
12,166,0,18149,0.000000
12,167,0,18149,0.000000
12,168,0,18149,0.000000
12,169,0,18149,0.000000
12,170,0,18149,0.000000
12,171,231,18149,45.885330
12,172,0,18149,0.000000
12,173,0,18149,0.000000
12,174,0,18149,0.000000
12,175,0,18149,0.000000
12,176,381,18149,95.069555
12,177,0,18149,0.000000
12,178,0,18149,0.000000
12,179,0,18149,0.000000
12,180,351,18149,75.444947
12,181,0,18149,0.000000
12,182,0,18149,0.000000
12,183,0,18149,0.000000
12,184,0,18149,0.000000
12,185,0,18149,0.000000
12,186,0,18149,0.000000
12,187,0,18149,0.000000
12,188,0,18149,0.000000
12,189,141,18149,33.991058
12,190,0,18149,0.000000
12,191,0,18149,0.000000
12,192,0,18149,0.000000
12,193,0,18149,0.000000
12,194,1584,18149,392.698173
12,195,0,18149,0.000000
12,196,0,18149,0.000000
12,197,0,18149,0.000000
12,198,0,18149,0.000000
12,199,0,18149,0.000000
12,200,0,18149,0.000000
12,201,4257,18149,790.204896
12,202,0,18149,0.000000
12,203,0,18149,0.000000
12,204,0,18149,0.000000
12,205,0,18149,0.000000
12,206,398,18149,93.257771
12,207,1059,18149,312.044225
12,208,163,18149,35.203379
12,209,887,18149,230.745523
12,210,0,18149,0.000000
12,211,0,18149,0.000000
12,212,0,18149,0.000000
12,213,0,18149,0.000000
12,214,0,18149,0.000000
12,215,0,18149,0.000000
12,216,0,18149,0.000000
12,217,325,18149,73.970409
12,218,0,18149,0.000000
12,219,0,18149,0.000000
12,220,0,18149,0.000000
12,221,105,18149,27.992392
12,222,0,18149,0.000000
12,223,273,18149,73.439935
12,224,1268,18149,360.225274
12,225,414,18149,91.302107
12,226,0,18149,0.000000
12,227,0,18149,0.000000
12,228,0,18149,0.000000
12,229,632,18149,154.774722
12,230,787,18149,206.092184
12,231,0,18149,0.000000
12,232,0,18149,0.000000
12,233,0,18149,0.000000
12,234,0,18149,0.000000
12,235,0,18149,0.000000
12,236,0,18149,0.000000
12,237,0,18149,0.000000
12,238,1172,18149,273.333672
12,239,0,18149,0.000000
12,240,0,18149,0.000000
12,241,0,18149,0.000000
12,242,0,18149,0.000000
12,243,0,18149,0.000000
12,244,0,18149,0.000000
12,245,0,18149,0.000000
12,246,0,18149,0.000000
12,247,947,18149,222.972333
12,248,1181,18149,358.791082
12,249,0,18149,0.000000
12,250,0,18149,0.000000
12,251,0,18149,0.000000
12,252,109,18149,22.817169
12,253,703,18149,178.413769
12,254,1379,18149,371.859725
12,255,291,18149,68.071127
12,256,0,18149,0.000000
12,257,0,18149,0.000000
12,258,0,18149,0.000000
12,259,0,18149,0.000000
12,260,0,18149,0.000000
12,261,2339,18149,521.369900
12,262,0,18149,0.000000
12,263,0,18149,0.000000
12,264,0,18149,0.000000
12,265,0,18149,0.000000
12,266,0,18149,0.000000
12,267,950,18149,221.864616
12,268,0,18149,0.000000
12,269,0,18149,0.000000
12,270,0,18149,0.000000
12,271,0,18149,0.000000
12,272,627,18149,146.527340
12,273,0,18149,0.000000
12,274,0,18149,0.000000
12,275,847,18149,273.627052
12,276,0,18149,0.000000
12,277,0,18149,0.000000
12,278,146,18149,34.958525
12,279,725,18149,189.867270
12,280,530,18149,116.782100
12,281,0,18149,0.000000
12,282,0,18149,0.000000
12,283,1316,18149,325.869515
12,284,0,18149,0.000000
12,285,0,18149,0.000000
12,286,0,18149,0.000000
12,287,691,18149,173.179556
12,288,0,18149,0.000000
12,289,0,18149,0.000000
12,290,0,18149,0.000000
12,291,0,18149,0.000000
12,292,0,18149,0.000000
12,293,342,18149,74.059163
12,294,0,18149,0.000000
12,295,276,18149,74.560790
12,296,2000,18149,642.148461
12,297,0,18149,0.000000
12,298,0,18149,0.000000
12,299,795,18149,142.763911
12,300,0,18149,0.000000
12,301,0,18149,0.000000
12,302,0,18149,0.000000
12,303,0,18149,0.000000
12,304,0,18149,0.000000
12,305,0,18149,0.000000
12,306,190,18149,44.236723
12,307,0,18149,0.000000
12,308,307,18149,76.921401
12,309,0,18149,0.000000
12,310,673,18149,132.376075
12,311,0,18149,0.000000
12,312,0,18149,0.000000
12,313,0,18149,0.000000
12,314,0,18149,0.000000
12,315,0,18149,0.000000
12,316,74,18149,15.698180
12,317,0,18149,0.000000
12,318,1496,18149,306.838462
12,319,597,18149,141.776209
12,320,0,18149,0.000000
12,321,849,18149,221.562732
12,322,0,18149,0.000000
12,323,0,18149,0.000000
12,324,595,18149,122.507224
12,325,0,18149,0.000000
12,326,468,18149,100.312171
12,327,0,18149,0.000000
12,328,1438,18149,325.565056
12,329,489,18149,108.093477
12,330,0,18149,0.000000
12,331,0,18149,0.000000
12,332,0,18149,0.000000
12,333,0,18149,0.000000
12,334,1170,18149,207.473029
12,335,0,18149,0.000000
12,336,1376,18149,348.597472
12,337,0,18149,0.000000
12,338,0,18149,0.000000
12,339,0,18149,0.000000
12,340,783,18149,204.641175
12,341,0,18149,0.000000
12,342,0,18149,0.000000
12,343,0,18149,0.000000
12,344,0,18149,0.000000
12,345,429,18149,132.609586
12,346,0,18149,0.000000
12,347,0,18149,0.000000
12,348,472,18149,99.280946
12,349,0,18149,0.000000
12,350,0,18149,0.000000
12,351,0,18149,0.000000
12,352,0,18149,0.000000
12,353,0,18149,0.000000
12,354,0,18149,0.000000
12,355,0,18149,0.000000
12,356,0,18149,0.000000
12,357,0,18149,0.000000
12,358,0,18149,0.000000
12,359,0,18149,0.000000
12,360,0,18149,0.000000
12,361,0,18149,0.000000
12,362,0,18149,0.000000
12,363,1177,18149,203.259561
12,364,0,18149,0.000000
12,365,0,18149,0.000000
12,366,740,18149,178.158170
12,367,0,18149,0.000000
12,368,0,18149,0.000000
12,369,876,18149,216.670500
12,370,0,18149,0.000000
12,371,0,18149,0.000000
12,372,0,18149,0.000000
12,373,2353,18149,652.541082
12,374,0,18149,0.000000
12,375,0,18149,0.000000
12,376,1117,18149,233.624991
12,377,0,18149,0.000000
12,378,0,18149,0.000000
12,379,0,18149,0.000000
12,380,947,18149,296.746538
12,381,297,18149,72.119621
12,382,877,18149,204.433927
12,383,1982,18149,385.561982
13,0,0,18149,0.000000
13,1,163,18149,48.032665
13,2,0,18149,0.000000
13,3,625,18149,110.827830
13,4,0,18149,0.000000
13,5,0,18149,0.000000
13,6,0,18149,0.000000
13,7,0,18149,0.000000
13,8,306,18149,66.353748
13,9,0,18149,0.000000
13,10,1092,18149,201.986224
13,11,282,18149,71.443275
13,12,0,18149,0.000000
13,13,0,18149,0.000000
13,14,96,18149,17.752024
13,15,0,18149,0.000000
13,16,0,18149,0.000000
13,17,0,18149,0.000000
13,18,702,18149,182.848173
13,19,1147,18149,283.474209
13,20,0,18149,0.000000
13,21,0,18149,0.000000
13,22,1272,18149,236.163786
13,23,0,18149,0.000000
13,24,0,18149,0.000000
13,25,0,18149,0.000000
13,26,501,18149,116.654726
13,27,0,18149,0.000000
13,28,1093,18149,235.412366
13,29,0,18149,0.000000
13,30,0,18149,0.000000
13,31,0,18149,0.000000
13,32,0,18149,0.000000
13,33,0,18149,0.000000
13,34,0,18149,0.000000
13,35,0,18149,0.000000
13,36,0,18149,0.000000
13,37,0,18149,0.000000
13,38,1665,18149,439.667506
13,39,0,18149,0.000000
13,40,667,18149,206.475504
13,41,0,18149,0.000000
13,42,484,18149,126.583843
13,43,0,18149,0.000000
13,44,0,18149,0.000000
13,45,0,18149,0.000000
13,46,0,18149,0.000000
13,47,0,18149,0.000000
13,48,0,18149,0.000000
13,49,0,18149,0.000000
13,50,0,18149,0.000000
13,51,0,18149,0.000000
13,52,0,18149,0.000000
13,53,0,18149,0.000000
13,54,208,18149,51.798924
13,55,0,18149,0.000000
13,56,0,18149,0.000000
13,57,84,18149,16.447180
13,58,479,18149,112.746249
13,59,846,18149,204.483580
13,60,0,18149,0.000000
13,61,0,18149,0.000000
13,62,0,18149,0.000000
13,63,319,18149,78.010848
13,64,0,18149,0.000000
13,65,0,18149,0.000000
13,66,807,18149,255.103374
13,67,0,18149,0.000000
13,68,0,18149,0.000000
13,69,0,18149,0.000000
13,70,0,18149,0.000000
13,71,248,18149,50.300981
13,72,0,18149,0.000000
13,73,900,18149,202.445707
13,74,0,18149,0.000000
13,75,0,18149,0.000000
13,76,0,18149,0.000000
13,77,611,18149,137.539666
13,78,445,18149,96.068150
13,79,0,18149,0.000000
13,80,0,18149,0.000000
13,81,0,18149,0.000000
13,82,0,18149,0.000000
13,83,3535,18149,595.043157
13,84,0,18149,0.000000
13,85,0,18149,0.000000
13,86,0,18149,0.000000
13,87,808,18149,218.950360
13,88,0,18149,0.000000
13,89,0,18149,0.000000
13,90,0,18149,0.000000
13,91,0,18149,0.000000
13,92,342,18149,53.256700
13,93,0,18149,0.000000
13,94,362,18149,81.335366
13,95,804,18149,182.194601
13,96,0,18149,0.000000
13,97,0,18149,0.000000
13,98,0,18149,0.000000
13,99,0,18149,0.000000
13,100,0,18149,0.000000
13,101,0,18149,0.000000
13,102,0,18149,0.000000
13,103,0,18149,0.000000
13,104,0,18149,0.000000
13,105,0,18149,0.000000
13,106,0,18149,0.000000
13,107,0,18149,0.000000
13,108,0,18149,0.000000
13,109,444,18149,105.460608
13,110,0,18149,0.000000
13,111,0,18149,0.000000
13,112,0,18149,0.000000
13,113,0,18149,0.000000
13,114,143,18149,32.194542
13,115,0,18149,0.000000
13,116,0,18149,0.000000
13,117,0,18149,0.000000
13,118,0,18149,0.000000
13,119,0,18149,0.000000
13,120,0,18149,0.000000
13,121,2981,18149,793.002769
13,122,0,18149,0.000000
13,123,842,18149,229.641082
13,124,0,18149,0.000000
13,125,0,18149,0.000000
13,126,0,18149,0.000000
13,127,0,18149,0.000000
13,128,0,18149,0.000000
13,129,0,18149,0.000000
13,130,0,18149,0.000000
13,131,0,18149,0.000000
13,132,49,18149,10.500254
13,133,0,18149,0.000000
13,134,0,18149,0.000000
13,135,0,18149,0.000000
13,136,0,18149,0.000000
13,137,414,18149,104.778519
13,138,0,18149,0.000000
13,139,2589,18149,696.661346
13,140,0,18149,0.000000
13,141,0,18149,0.000000
13,142,0,18149,0.000000
13,143,1232,18149,508.638047
13,144,0,18149,0.000000
13,145,0,18149,0.000000
13,146,0,18149,0.000000
13,147,0,18149,0.000000
13,148,2921,18149,776.385674
13,149,0,18149,0.000000
13,150,0,18149,0.000000
13,151,452,18149,102.138811
13,152,0,18149,0.000000
13,153,959,18149,229.986510
13,154,0,18149,0.000000
13,155,0,18149,0.000000
13,156,0,18149,0.000000
13,157,692,18149,151.256172
13,158,0,18149,0.000000
13,159,292,18149,68.683518
13,160,0,18149,0.000000
13,161,0,18149,0.000000
13,162,0,18149,0.000000
13,163,0,18149,0.000000
13,164,0,18149,0.000000
13,165,0,18149,0.000000
13,166,824,18149,227.383973
13,167,0,18149,0.000000
13,168,0,18149,0.000000
13,169,0,18149,0.000000
13,170,0,18149,0.000000
13,171,0,18149,0.000000
13,172,0,18149,0.000000
13,173,0,18149,0.000000
13,174,1095,18149,227.575091
13,175,1100,18149,288.102288
13,176,0,18149,0.000000
13,177,0,18149,0.000000
13,178,0,18149,0.000000
13,179,0,18149,0.000000
13,180,0,18149,0.000000
13,181,0,18149,0.000000
13,182,1382,18149,437.511384
13,183,0,18149,0.000000
13,184,0,18149,0.000000
13,185,0,18149,0.000000
13,186,0,18149,0.000000
13,187,0,18149,0.000000
13,188,1279,18149,284.183982
13,189,0,18149,0.000000
13,190,0,18149,0.000000
13,191,0,18149,0.000000
13,192,0,18149,0.000000
13,193,0,18149,0.000000
13,194,0,18149,0.000000
13,195,241,18149,57.378490
13,196,0,18149,0.000000
13,197,0,18149,0.000000
13,198,0,18149,0.000000
13,199,0,18149,0.000000
13,200,0,18149,0.000000
13,201,690,18149,157.175627
13,202,0,18149,0.000000
13,203,1654,18149,394.913778
13,204,801,18149,173.164923
13,205,0,18149,0.000000
13,206,251,18149,53.830668
13,207,616,18149,145.389200
13,208,0,18149,0.000000
13,209,0,18149,0.000000
13,210,1446,18149,400.234562
13,211,0,18149,0.000000
13,212,378,18149,124.659521
13,213,0,18149,0.000000
13,214,0,18149,0.000000
13,215,0,18149,0.000000
13,216,0,18149,0.000000
13,217,0,18149,0.000000
13,218,1678,18149,315.162904
13,219,0,18149,0.000000
13,220,0,18149,0.000000
13,221,4163,18149,1036.335937
13,222,649,18149,193.703258
13,223,0,18149,0.000000
13,224,1867,18149,415.081430
13,225,0,18149,0.000000
13,226,924,18149,210.471685
13,227,0,18149,0.000000
13,228,0,18149,0.000000
13,229,0,18149,0.000000
13,230,0,18149,0.000000
13,231,0,18149,0.000000
13,232,0,18149,0.000000
13,233,0,18149,0.000000
13,234,1139,18149,240.398277
13,235,1504,18149,411.855894
13,236,455,18149,95.399756
13,237,680,18149,125.689844
13,238,0,18149,0.000000
13,239,0,18149,0.000000
13,240,0,18149,0.000000
13,241,291,18149,63.994657
13,242,97,18149,15.988274
13,243,0,18149,0.000000
13,244,0,18149,0.000000
13,245,0,18149,0.000000
13,246,1068,18149,206.282528
13,247,0,18149,0.000000
13,248,1080,18149,331.772070
13,249,0,18149,0.000000
13,250,0,18149,0.000000
13,251,0,18149,0.000000
13,252,0,18149,0.000000
13,253,0,18149,0.000000
13,254,0,18149,0.000000
13,255,0,18149,0.000000
13,256,0,18149,0.000000
13,257,0,18149,0.000000
13,258,1705,18149,329.074122
13,259,0,18149,0.000000
13,260,656,18149,172.967877
13,261,0,18149,0.000000
13,262,3057,18149,711.442032
13,263,0,18149,0.000000
13,264,0,18149,0.000000
13,265,0,18149,0.000000
13,266,2085,18149,834.679937
13,267,0,18149,0.000000
13,268,0,18149,0.000000
13,269,0,18149,0.000000
13,270,0,18149,0.000000
13,271,0,18149,0.000000
13,272,438,18149,99.960645
13,273,1050,18149,315.810896
13,274,713,18149,184.438399
13,275,0,18149,0.000000
13,276,0,18149,0.000000
13,277,1005,18149,203.999574
13,278,1368,18149,322.650955
13,279,0,18149,0.000000
13,280,0,18149,0.000000
13,281,640,18149,176.824680
13,282,7627,18149,2078.904305
13,283,0,18149,0.000000
13,284,0,18149,0.000000
13,285,729,18149,170.426494
13,286,0,18149,0.000000
13,287,0,18149,0.000000
13,288,0,18149,0.000000
13,289,0,18149,0.000000
13,290,0,18149,0.000000
13,291,0,18149,0.000000
13,292,570,18149,169.423079
13,293,2108,18149,501.544698
13,294,0,18149,0.000000
13,295,0,18149,0.000000
13,296,2734,18149,706.428269
13,297,669,18149,168.541407
13,298,309,18149,73.954350
13,299,0,18149,0.000000
13,300,0,18149,0.000000
13,301,0,18149,0.000000
13,302,0,18149,0.000000
13,303,0,18149,0.000000
13,304,0,18149,0.000000
13,305,742,18149,198.531504
13,306,0,18149,0.000000
13,307,0,18149,0.000000
13,308,0,18149,0.000000
13,309,223,18149,64.225886
13,310,0,18149,0.000000
13,311,0,18149,0.000000
13,312,0,18149,0.000000
13,313,511,18149,125.046358
13,314,0,18149,0.000000
13,315,0,18149,0.000000
13,316,0,18149,0.000000
13,317,0,18149,0.000000
13,318,186,18149,37.648028
13,319,0,18149,0.000000
13,320,0,18149,0.000000
13,321,0,18149,0.000000
13,322,0,18149,0.000000
13,323,0,18149,0.000000
13,324,0,18149,0.000000
13,325,0,18149,0.000000
13,326,0,18149,0.000000
13,327,0,18149,0.000000
13,328,0,18149,0.000000
13,329,0,18149,0.000000
13,330,0,18149,0.000000
13,331,0,18149,0.000000
13,332,0,18149,0.000000
13,333,0,18149,0.000000
13,334,0,18149,0.000000
13,335,0,18149,0.000000
13,336,170,18149,47.368274
13,337,0,18149,0.000000
13,338,745,18149,201.474955
13,339,0,18149,0.000000
13,340,0,18149,0.000000
13,341,0,18149,0.000000
13,342,0,18149,0.000000
13,343,0,18149,0.000000
13,344,614,18149,156.247890
13,345,365,18149,80.886532
13,346,352,18149,82.920631
13,347,0,18149,0.000000
13,348,0,18149,0.000000
13,349,0,18149,0.000000
13,350,0,18149,0.000000
13,351,0,18149,0.000000
13,352,0,18149,0.000000
13,353,2244,18149,670.352262
13,354,0,18149,0.000000
13,355,0,18149,0.000000
13,356,861,18149,206.541102
13,357,0,18149,0.000000
13,358,841,18149,171.358713
13,359,0,18149,0.000000
13,360,0,18149,0.000000
13,361,0,18149,0.000000
13,362,0,18149,0.000000
13,363,0,18149,0.000000
13,364,0,18149,0.000000
13,365,0,18149,0.000000
13,366,0,18149,0.000000
13,367,781,18149,160.333159
13,368,1849,18149,372.522967
13,369,0,18149,0.000000
13,370,618,18149,128.001110
13,371,0,18149,0.000000
13,372,502,18149,159.470317
13,373,0,18149,0.000000
13,374,1024,18149,262.490423
13,375,0,18149,0.000000
13,376,1503,18149,359.250029
13,377,5045,18149,1395.389597
13,378,0,18149,0.000000
13,379,0,18149,0.000000
13,380,0,18149,0.000000
13,381,0,18149,0.000000
13,382,0,18149,0.000000
13,383,0,18149,0.000000
14,0,0,18149,0.000000
14,1,3975,18149,1406.978605
14,2,0,18149,0.000000
14,3,0,18149,0.000000
14,4,0,18149,0.000000
14,5,0,18149,0.000000
14,6,0,18149,0.000000
14,7,0,18149,0.000000
14,8,0,18149,0.000000
14,9,0,18149,0.000000
14,10,0,18149,0.000000
14,11,0,18149,0.000000
14,12,0,18149,0.000000
14,13,0,18149,0.000000
14,14,0,18149,0.000000
14,15,0,18149,0.000000
14,16,539,18149,142.707447
14,17,0,18149,0.000000
14,18,208,18149,47.165307
14,19,0,18149,0.000000
14,20,418,18149,97.673806
14,21,0,18149,0.000000
14,22,1042,18149,371.506721
14,23,0,18149,0.000000
14,24,0,18149,0.000000
14,25,0,18149,0.000000
14,26,0,18149,0.000000
14,27,0,18149,0.000000
14,28,0,18149,0.000000
14,29,1093,18149,271.326549
14,30,1099,18149,258.404363
14,31,0,18149,0.000000
14,32,735,18149,179.552564
14,33,0,18149,0.000000
14,34,0,18149,0.000000
14,35,0,18149,0.000000
14,36,0,18149,0.000000
14,37,520,18149,131.437355
14,38,0,18149,0.000000
14,39,0,18149,0.000000
14,40,371,18149,85.925812
14,41,0,18149,0.000000
14,42,0,18149,0.000000
14,43,0,18149,0.000000
14,44,0,18149,0.000000
14,45,478,18149,105.007186
14,46,0,18149,0.000000
14,47,0,18149,0.000000
14,48,294,18149,69.009104
14,49,0,18149,0.000000
14,50,0,18149,0.000000
14,51,459,18149,94.603886
14,52,0,18149,0.000000
14,53,0,18149,0.000000
14,54,0,18149,0.000000
14,55,0,18149,0.000000
14,56,0,18149,0.000000
14,57,0,18149,0.000000
14,58,0,18149,0.000000
14,59,0,18149,0.000000
14,60,0,18149,0.000000
14,61,0,18149,0.000000
14,62,0,18149,0.000000
14,63,0,18149,0.000000
14,64,3105,18149,599.892616
14,65,0,18149,0.000000
14,66,0,18149,0.000000
14,67,0,18149,0.000000
14,68,0,18149,0.000000
14,69,0,18149,0.000000
14,70,2616,18149,828.922458
14,71,0,18149,0.000000
14,72,1948,18149,503.865161
14,73,0,18149,0.000000
14,74,0,18149,0.000000
14,75,0,18149,0.000000
14,76,0,18149,0.000000
14,77,0,18149,0.000000
14,78,0,18149,0.000000
14,79,0,18149,0.000000
14,80,1334,18149,311.131859
14,81,0,18149,0.000000
14,82,0,18149,0.000000
14,83,0,18149,0.000000
14,84,72,18149,15.913485
14,85,224,18149,65.025059
14,86,0,18149,0.000000
14,87,0,18149,0.000000
14,88,2046,18149,528.868350
14,89,0,18149,0.000000
14,90,0,18149,0.000000
14,91,0,18149,0.000000
14,92,0,18149,0.000000
14,93,0,18149,0.000000
14,94,0,18149,0.000000
14,95,0,18149,0.000000
14,96,0,18149,0.000000
14,97,0,18149,0.000000
14,98,0,18149,0.000000
14,99,0,18149,0.000000
14,100,0,18149,0.000000
14,101,0,18149,0.000000
14,102,0,18149,0.000000
14,103,0,18149,0.000000
14,104,0,18149,0.000000
14,105,0,18149,0.000000
14,106,0,18149,0.000000
14,107,0,18149,0.000000
14,108,0,18149,0.000000
14,109,0,18149,0.000000
14,110,0,18149,0.000000
14,111,0,18149,0.000000
14,112,0,18149,0.000000
14,113,0,18149,0.000000
14,114,0,18149,0.000000
14,115,0,18149,0.000000
14,116,1856,18149,583.814205
14,117,729,18149,158.713050
14,118,0,18149,0.000000
14,119,0,18149,0.000000
14,120,0,18149,0.000000
14,121,0,18149,0.000000
14,122,0,18149,0.000000
14,123,0,18149,0.000000
14,124,0,18149,0.000000
14,125,0,18149,0.000000
14,126,0,18149,0.000000
14,127,539,18149,120.883879
14,128,0,18149,0.000000
14,129,0,18149,0.000000
14,130,0,18149,0.000000
14,131,0,18149,0.000000
14,132,0,18149,0.000000
14,133,0,18149,0.000000
14,134,0,18149,0.000000
14,135,479,18149,122.543887
14,136,0,18149,0.000000
14,137,1951,18149,388.897777
14,138,0,18149,0.000000
14,139,338,18149,80.739835
14,140,0,18149,0.000000
14,141,0,18149,0.000000
14,142,0,18149,0.000000
14,143,0,18149,0.000000
14,144,0,18149,0.000000
14,145,0,18149,0.000000
14,146,5896,18149,1182.987188
14,147,0,18149,0.000000
14,148,0,18149,0.000000
14,149,429,18149,97.324641
14,150,0,18149,0.000000
14,151,0,18149,0.000000
14,152,1074,18149,277.938113
14,153,0,18149,0.000000
14,154,0,18149,0.000000
14,155,0,18149,0.000000
14,156,0,18149,0.000000
14,157,404,18149,71.066059
14,158,0,18149,0.000000
14,159,0,18149,0.000000
14,160,417,18149,96.107784
14,161,0,18149,0.000000
14,162,135,18149,27.161943
14,163,0,18149,0.000000
14,164,0,18149,0.000000
14,165,830,18149,229.988014
14,166,0,18149,0.000000
14,167,0,18149,0.000000
14,168,0,18149,0.000000
14,169,1349,18149,459.622951
14,170,0,18149,0.000000
14,171,0,18149,0.000000
14,172,0,18149,0.000000
14,173,0,18149,0.000000
14,174,0,18149,0.000000
14,175,0,18149,0.000000
14,176,232,18149,53.615787
14,177,0,18149,0.000000
14,178,0,18149,0.000000
14,179,0,18149,0.000000
14,180,0,18149,0.000000
14,181,0,18149,0.000000
14,182,2758,18149,762.274169
14,183,0,18149,0.000000
14,184,0,18149,0.000000
14,185,0,18149,0.000000
14,186,0,18149,0.000000
14,187,0,18149,0.000000
14,188,0,18149,0.000000
14,189,0,18149,0.000000
14,190,0,18149,0.000000
14,191,0,18149,0.000000
14,192,0,18149,0.000000
14,193,0,18149,0.000000
14,194,0,18149,0.000000
14,195,0,18149,0.000000
14,196,0,18149,0.000000
14,197,544,18149,130.099151
14,198,0,18149,0.000000
14,199,677,18149,129.004593
14,200,0,18149,0.000000
14,201,383,18149,98.884384
14,202,858,18149,250.728763
14,203,0,18149,0.000000
14,204,0,18149,0.000000
14,205,0,18149,0.000000
14,206,0,18149,0.000000
14,207,0,18149,0.000000
14,208,0,18149,0.000000
14,209,0,18149,0.000000
14,210,1680,18149,368.944129
14,211,0,18149,0.000000
14,212,65,18149,18.550599
14,213,0,18149,0.000000
14,214,710,18149,187.214877
14,215,0,18149,0.000000
14,216,580,18149,129.333582
14,217,960,18149,256.401041
14,218,0,18149,0.000000
14,219,0,18149,0.000000
14,220,0,18149,0.000000
14,221,1063,18149,266.389677
14,222,0,18149,0.000000
14,223,0,18149,0.000000
14,224,0,18149,0.000000
14,225,0,18149,0.000000
14,226,154,18149,29.151861
14,227,0,18149,0.000000
14,228,199,18149,47.173217
14,229,0,18149,0.000000
14,230,0,18149,0.000000
14,231,2599,18149,566.828776
14,232,0,18149,0.000000
14,233,1495,18149,381.199951
14,234,0,18149,0.000000
14,235,3235,18149,751.787493
14,236,0,18149,0.000000
14,237,0,18149,0.000000
14,238,0,18149,0.000000
14,239,1033,18149,262.847364
14,240,0,18149,0.000000
14,241,0,18149,0.000000
14,242,0,18149,0.000000
14,243,0,18149,0.000000
14,244,0,18149,0.000000
14,245,400,18149,95.982747
14,246,0,18149,0.000000
14,247,0,18149,0.000000
14,248,0,18149,0.000000
14,249,1467,18149,374.461967
14,250,582,18149,172.526464
14,251,1166,18149,281.869864
14,252,458,18149,107.205735
14,253,0,18149,0.000000
14,254,1008,18149,241.571256
14,255,279,18149,72.885165
14,256,333,18149,64.551448
14,257,0,18149,0.000000
14,258,0,18149,0.000000
14,259,1209,18149,317.208432
14,260,0,18149,0.000000
14,261,0,18149,0.000000
14,262,1241,18149,302.495342
14,263,0,18149,0.000000
14,264,0,18149,0.000000
14,265,0,18149,0.000000
14,266,0,18149,0.000000
14,267,0,18149,0.000000
14,268,0,18149,0.000000
14,269,0,18149,0.000000
14,270,0,18149,0.000000
14,271,0,18149,0.000000
14,272,0,18149,0.000000
14,273,2069,18149,524.927784
14,274,0,18149,0.000000
14,275,0,18149,0.000000
14,276,0,18149,0.000000
14,277,0,18149,0.000000
14,278,0,18149,0.000000
14,279,0,18149,0.000000
14,280,0,18149,0.000000
14,281,0,18149,0.000000
14,282,0,18149,0.000000
14,283,773,18149,196.225615
14,284,0,18149,0.000000
14,285,0,18149,0.000000
14,286,0,18149,0.000000
14,287,0,18149,0.000000
14,288,0,18149,0.000000
14,289,270,18149,61.982429
14,290,0,18149,0.000000
14,291,962,18149,231.053789
14,292,558,18149,137.186447
14,293,0,18149,0.000000
14,294,0,18149,0.000000
14,295,1362,18149,347.535845
14,296,0,18149,0.000000
14,297,0,18149,0.000000
14,298,0,18149,0.000000
14,299,1041,18149,248.134639
14,300,0,18149,0.000000
14,301,0,18149,0.000000
14,302,0,18149,0.000000
14,303,0,18149,0.000000
14,304,1429,18149,292.205730
14,305,0,18149,0.000000
14,306,0,18149,0.000000
14,307,31,18149,5.131772
14,308,0,18149,0.000000
14,309,0,18149,0.000000
14,310,687,18149,162.751430
14,311,0,18149,0.000000
14,312,0,18149,0.000000
14,313,0,18149,0.000000
14,314,0,18149,0.000000
14,315,0,18149,0.000000
14,316,0,18149,0.000000
14,317,877,18149,237.453552
14,318,0,18149,0.000000
14,319,0,18149,0.000000
14,320,1379,18149,301.242775
14,321,81,18149,21.703159
14,322,0,18149,0.000000
14,323,598,18149,145.317227
14,324,0,18149,0.000000
14,325,0,18149,0.000000
14,326,0,18149,0.000000
14,327,0,18149,0.000000
14,328,0,18149,0.000000
14,329,0,18149,0.000000
14,330,80,18149,15.385539
14,331,714,18149,176.038926
14,332,0,18149,0.000000
14,333,0,18149,0.000000
14,334,0,18149,0.000000
14,335,0,18149,0.000000
14,336,0,18149,0.000000
14,337,1818,18149,497.670869
14,338,0,18149,0.000000
14,339,0,18149,0.000000
14,340,0,18149,0.000000
14,341,0,18149,0.000000
14,342,0,18149,0.000000
14,343,523,18149,129.736300
14,344,0,18149,0.000000
14,345,0,18149,0.000000
14,346,543,18149,123.827091
14,347,0,18149,0.000000
14,348,0,18149,0.000000
14,349,1322,18149,330.753218
14,350,1369,18149,360.958468
14,351,0,18149,0.000000
14,352,890,18149,204.917760
14,353,245,18149,75.991931
14,354,607,18149,176.170793
14,355,0,18149,0.000000
14,356,0,18149,0.000000
14,357,441,18149,111.524961
14,358,2416,18149,523.198748
14,359,24,18149,4.877966
14,360,881,18149,182.103281
14,361,76,18149,16.008098
14,362,0,18149,0.000000
14,363,0,18149,0.000000
14,364,0,18149,0.000000
14,365,515,18149,142.670189
14,366,0,18149,0.000000
14,367,0,18149,0.000000
14,368,5519,18149,1249.849118
14,369,0,18149,0.000000
14,370,0,18149,0.000000
14,371,2089,18149,674.086039
14,372,0,18149,0.000000
14,373,451,18149,123.665853
14,374,0,18149,0.000000
14,375,6163,18149,1472.519103
14,376,589,18149,158.385411
14,377,0,18149,0.000000
14,378,0,18149,0.000000
14,379,919,18149,225.358323
14,380,1633,18149,446.122867
14,381,0,18149,0.000000
14,382,0,18149,0.000000
14,383,580,18149,154.932203
15,0,896,18149,280.345790
15,1,0,18149,0.000000
15,2,0,18149,0.000000
15,3,0,18149,0.000000
15,4,4333,18149,1771.234925
15,5,0,18149,0.000000
15,6,0,18149,0.000000
15,7,0,18149,0.000000
15,8,460,18149,76.408786
15,9,0,18149,0.000000
15,10,0,18149,0.000000
15,11,0,18149,0.000000
15,12,0,18149,0.000000
15,13,0,18149,0.000000
15,14,0,18149,0.000000
15,15,920,18149,249.033737
15,16,590,18149,286.879267
15,17,0,18149,0.000000
15,18,0,18149,0.000000
15,19,639,18149,226.131807
15,20,0,18149,0.000000
15,21,0,18149,0.000000
15,22,0,18149,0.000000
15,23,998,18149,166.659632
15,24,0,18149,0.000000
15,25,867,18149,202.010732
15,26,432,18149,85.015558
15,27,0,18149,0.000000
15,28,0,18149,0.000000
15,29,0,18149,0.000000
15,30,0,18149,0.000000
15,31,0,18149,0.000000
15,32,0,18149,0.000000
15,33,291,18149,103.157913
15,34,0,18149,0.000000
15,35,0,18149,0.000000
15,36,0,18149,0.000000
15,37,0,18149,0.000000
15,38,460,18149,163.920919
15,39,0,18149,0.000000
15,40,1245,18149,211.225778
15,41,0,18149,0.000000
15,42,824,18149,169.393687
15,43,0,18149,0.000000
15,44,741,18149,128.945775
15,45,0,18149,0.000000
15,46,2296,18149,656.317818
15,47,0,18149,0.000000
15,48,0,18149,0.000000
15,49,0,18149,0.000000
15,50,504,18149,186.352030
15,51,1479,18149,251.389352
15,52,0,18149,0.000000
15,53,0,18149,0.000000
15,54,0,18149,0.000000
15,55,0,18149,0.000000
15,56,0,18149,0.000000
15,57,0,18149,0.000000
15,58,0,18149,0.000000
15,59,0,18149,0.000000
15,60,0,18149,0.000000
15,61,7367,18149,2828.099807
15,62,0,18149,0.000000
15,63,0,18149,0.000000
15,64,0,18149,0.000000
15,65,0,18149,0.000000
15,66,3841,18149,1110.572960
15,67,0,18149,0.000000
15,68,0,18149,0.000000
15,69,636,18149,152.075909
15,70,731,18149,113.540860
15,71,0,18149,0.000000
15,72,0,18149,0.000000
15,73,0,18149,0.000000
15,74,0,18149,0.000000
15,75,0,18149,0.000000
15,76,498,18149,110.868715
15,77,0,18149,0.000000
15,78,0,18149,0.000000
15,79,770,18149,187.120744
15,80,0,18149,0.000000
15,81,0,18149,0.000000
15,82,0,18149,0.000000
15,83,1045,18149,156.690971
15,84,0,18149,0.000000
15,85,534,18149,130.543744
15,86,0,18149,0.000000
15,87,466,18149,127.211615
15,88,0,18149,0.000000
15,89,244,18149,43.161841
15,90,0,18149,0.000000
15,91,681,18149,96.571347
15,92,0,18149,0.000000
15,93,1025,18149,259.356343
15,94,0,18149,0.000000
15,95,666,18149,102.366292
15,96,0,18149,0.000000
15,97,0,18149,0.000000
15,98,0,18149,0.000000
15,99,525,18149,175.559756
15,100,0,18149,0.000000
15,101,0,18149,0.000000
15,102,519,18149,100.049914
15,103,340,18149,76.538916
15,104,0,18149,0.000000
15,105,0,18149,0.000000
15,106,1012,18149,245.566820
15,107,0,18149,0.000000
15,108,0,18149,0.000000
15,109,0,18149,0.000000
15,110,0,18149,0.000000
15,111,708,18149,234.922936
15,112,0,18149,0.000000
15,113,965,18149,113.624985
15,114,0,18149,0.000000
15,115,0,18149,0.000000
15,116,0,18149,0.000000
15,117,0,18149,0.000000
15,118,640,18149,182.598216
15,119,858,18149,205.624110
15,120,0,18149,0.000000
15,121,0,18149,0.000000
15,122,0,18149,0.000000
15,123,538,18149,87.820918
15,124,0,18149,0.000000
15,125,0,18149,0.000000
15,126,0,18149,0.000000
15,127,0,18149,0.000000
15,128,0,18149,0.000000
15,129,521,18149,93.082298
15,130,0,18149,0.000000
15,131,0,18149,0.000000
15,132,0,18149,0.000000
15,133,1246,18149,289.009517
15,134,0,18149,0.000000
15,135,0,18149,0.000000
15,136,626,18149,149.197249
15,137,1341,18149,364.216090
15,138,0,18149,0.000000
15,139,324,18149,89.257269
15,140,0,18149,0.000000
15,141,0,18149,0.000000
15,142,0,18149,0.000000
15,143,177,18149,46.639336
15,144,0,18149,0.000000
15,145,0,18149,0.000000
15,146,1915,18149,401.600064
15,147,0,18149,0.000000
15,148,564,18149,142.191465
15,149,0,18149,0.000000
15,150,1195,18149,142.592896
15,151,0,18149,0.000000
15,152,0,18149,0.000000
15,153,0,18149,0.000000
15,154,541,18149,168.127501
15,155,0,18149,0.000000
15,156,0,18149,0.000000
15,157,0,18149,0.000000
15,158,0,18149,0.000000
15,159,0,18149,0.000000
15,160,0,18149,0.000000
15,161,0,18149,0.000000
15,162,339,18149,60.953621
15,163,0,18149,0.000000
15,164,0,18149,0.000000
15,165,4218,18149,1024.889028
15,166,0,18149,0.000000
15,167,400,18149,87.840789
15,168,0,18149,0.000000
15,169,0,18149,0.000000
15,170,163,18149,34.878306
15,171,0,18149,0.000000
15,172,1029,18149,275.052301
15,173,0,18149,0.000000
15,174,0,18149,0.000000
15,175,0,18149,0.000000
15,176,0,18149,0.000000
15,177,59,18149,7.843730
15,178,867,18149,169.357826
15,179,0,18149,0.000000
15,180,0,18149,0.000000
15,181,0,18149,0.000000
15,182,0,18149,0.000000
15,183,0,18149,0.000000
15,184,0,18149,0.000000
15,185,0,18149,0.000000
15,186,0,18149,0.000000
15,187,0,18149,0.000000
15,188,0,18149,0.000000
15,189,0,18149,0.000000
15,190,0,18149,0.000000
15,191,0,18149,0.000000
15,192,3287,18149,387.405193
15,193,0,18149,0.000000
15,194,0,18149,0.000000
15,195,914,18149,266.306735
15,196,333,18149,52.830147
15,197,544,18149,125.169111
15,198,0,18149,0.000000
15,199,0,18149,0.000000
15,200,3910,18149,684.570615
15,201,0,18149,0.000000
15,202,0,18149,0.000000
15,203,0,18149,0.000000
15,204,0,18149,0.000000
15,205,0,18149,0.000000
15,206,435,18149,124.510577
15,207,0,18149,0.000000
15,208,0,18149,0.000000
15,209,0,18149,0.000000
15,210,936,18149,108.104882
15,211,0,18149,0.000000
15,212,0,18149,0.000000
15,213,801,18149,132.843196
15,214,0,18149,0.000000
15,215,816,18149,153.634944
15,216,0,18149,0.000000
15,217,0,18149,0.000000
15,218,0,18149,0.000000
15,219,0,18149,0.000000
15,220,0,18149,0.000000
15,221,286,18149,58.456066
15,222,608,18149,141.350671
15,223,490,18149,146.353502
15,224,0,18149,0.000000
15,225,0,18149,0.000000
15,226,0,18149,0.000000
15,227,0,18149,0.000000
15,228,0,18149,0.000000
15,229,699,18149,106.041426
15,230,0,18149,0.000000
15,231,0,18149,0.000000
15,232,0,18149,0.000000
15,233,0,18149,0.000000
15,234,0,18149,0.000000
15,235,339,18149,55.900767
15,236,0,18149,0.000000
15,237,0,18149,0.000000
15,238,0,18149,0.000000
15,239,0,18149,0.000000
15,240,0,18149,0.000000
15,241,0,18149,0.000000
15,242,0,18149,0.000000
15,243,0,18149,0.000000
15,244,0,18149,0.000000
15,245,0,18149,0.000000
15,246,809,18149,154.547689
15,247,0,18149,0.000000
15,248,0,18149,0.000000
15,249,0,18149,0.000000
15,250,0,18149,0.000000
15,251,0,18149,0.000000
15,252,22,18149,2.553560
15,253,0,18149,0.000000
15,254,0,18149,0.000000
15,255,0,18149,0.000000
15,256,0,18149,0.000000
15,257,0,18149,0.000000
15,258,0,18149,0.000000
15,259,0,18149,0.000000
15,260,0,18149,0.000000
15,261,0,18149,0.000000
15,262,0,18149,0.000000
15,263,0,18149,0.000000
15,264,0,18149,0.000000
15,265,0,18149,0.000000
15,266,0,18149,0.000000
15,267,645,18149,174.113290
15,268,630,18149,87.003443
15,269,0,18149,0.000000
15,270,0,18149,0.000000
15,271,724,18149,175.452976
15,272,3511,18149,1524.406396
15,273,0,18149,0.000000
15,274,0,18149,0.000000
15,275,0,18149,0.000000
15,276,0,18149,0.000000
15,277,0,18149,0.000000
15,278,0,18149,0.000000
15,279,0,18149,0.000000
15,280,0,18149,0.000000
15,281,588,18149,261.525498
15,282,0,18149,0.000000
15,283,308,18149,90.912057
15,284,0,18149,0.000000
15,285,0,18149,0.000000
15,286,0,18149,0.000000
15,287,1805,18149,405.299779
15,288,0,18149,0.000000
15,289,0,18149,0.000000
15,290,0,18149,0.000000
15,291,952,18149,194.873158
15,292,1807,18149,284.859959
15,293,0,18149,0.000000
15,294,109,18149,33.092611
15,295,0,18149,0.000000
15,296,0,18149,0.000000
15,297,603,18149,114.396675
15,298,0,18149,0.000000
15,299,232,18149,48.768016
15,300,0,18149,0.000000
15,301,0,18149,0.000000
15,302,0,18149,0.000000
15,303,2753,18149,608.400175
15,304,972,18149,287.750029
15,305,0,18149,0.000000
15,306,0,18149,0.000000
15,307,415,18149,83.713381
15,308,0,18149,0.000000
15,309,0,18149,0.000000
15,310,0,18149,0.000000
15,311,0,18149,0.000000
15,312,604,18149,102.584069
15,313,0,18149,0.000000
15,314,0,18149,0.000000
15,315,0,18149,0.000000
15,316,0,18149,0.000000
15,317,0,18149,0.000000
15,318,0,18149,0.000000
15,319,0,18149,0.000000
15,320,0,18149,0.000000
15,321,624,18149,197.675812
15,322,0,18149,0.000000
15,323,0,18149,0.000000
15,324,338,18149,116.370742
15,325,0,18149,0.000000
15,326,2253,18149,736.074650
15,327,0,18149,0.000000
15,328,696,18149,194.301286
15,329,0,18149,0.000000
15,330,0,18149,0.000000
15,331,0,18149,0.000000
15,332,1377,18149,241.645787
15,333,0,18149,0.000000
15,334,299,18149,55.358150
15,335,0,18149,0.000000
15,336,0,18149,0.000000
15,337,209,18149,72.524702
15,338,0,18149,0.000000
15,339,0,18149,0.000000
15,340,0,18149,0.000000
15,341,440,18149,150.056897
15,342,0,18149,0.000000
15,343,0,18149,0.000000
15,344,0,18149,0.000000
15,345,0,18149,0.000000
15,346,0,18149,0.000000
15,347,0,18149,0.000000
15,348,0,18149,0.000000
15,349,0,18149,0.000000
15,350,0,18149,0.000000
15,351,2614,18149,535.800437
15,352,847,18149,138.648954
15,353,0,18149,0.000000
15,354,0,18149,0.000000
15,355,0,18149,0.000000
15,356,766,18149,159.253115
15,357,0,18149,0.000000
15,358,0,18149,0.000000
15,359,783,18149,112.917531
15,360,0,18149,0.000000
15,361,183,18149,56.534136
15,362,0,18149,0.000000
15,363,0,18149,0.000000
15,364,0,18149,0.000000
15,365,0,18149,0.000000
15,366,0,18149,0.000000
15,367,1998,18149,394.611013
15,368,491,18149,143.936230
15,369,4410,18149,1005.236090
15,370,0,18149,0.000000
15,371,0,18149,0.000000
15,372,0,18149,0.000000
15,373,0,18149,0.000000
15,374,0,18149,0.000000
15,375,0,18149,0.000000
15,376,0,18149,0.000000
15,377,0,18149,0.000000
15,378,0,18149,0.000000
15,379,0,18149,0.000000
15,380,0,18149,0.000000
15,381,0,18149,0.000000
15,382,0,18149,0.000000
15,383,570,18149,133.183441
16,0,45,18149,6.629622
16,1,0,18149,0.000000
16,2,0,18149,0.000000
16,3,1429,18149,454.944460
16,4,0,18149,0.000000
16,5,0,18149,0.000000
16,6,601,18149,131.944636
16,7,0,18149,0.000000
16,8,1143,18149,315.091618
16,9,0,18149,0.000000
16,10,454,18149,106.012044
16,11,0,18149,0.000000
16,12,0,18149,0.000000
16,13,0,18149,0.000000
16,14,0,18149,0.000000
16,15,0,18149,0.000000
16,16,0,18149,0.000000
16,17,0,18149,0.000000
16,18,1526,18149,383.572559
16,19,0,18149,0.000000
16,20,3300,18149,909.617782
16,21,2586,18149,582.059017
16,22,394,18149,56.617687
16,23,0,18149,0.000000
16,24,0,18149,0.000000
16,25,1869,18149,446.118177
16,26,921,18149,237.891320
16,27,0,18149,0.000000
16,28,206,18149,44.477187
16,29,0,18149,0.000000
16,30,132,18149,32.554435
16,31,0,18149,0.000000
16,32,0,18149,0.000000
16,33,0,18149,0.000000
16,34,0,18149,0.000000
16,35,0,18149,0.000000
16,36,0,18149,0.000000
16,37,0,18149,0.000000
16,38,0,18149,0.000000
16,39,0,18149,0.000000
16,40,0,18149,0.000000
16,41,233,18149,38.247380
16,42,0,18149,0.000000
16,43,0,18149,0.000000
16,44,0,18149,0.000000
16,45,0,18149,0.000000
16,46,226,18149,51.428824
16,47,0,18149,0.000000
16,48,1223,18149,322.367052
16,49,0,18149,0.000000
16,50,0,18149,0.000000
16,51,0,18149,0.000000
16,52,0,18149,0.000000
16,53,0,18149,0.000000
16,54,695,18149,160.186636
16,55,0,18149,0.000000
16,56,0,18149,0.000000
16,57,0,18149,0.000000
16,58,0,18149,0.000000
16,59,0,18149,0.000000
16,60,0,18149,0.000000
16,61,0,18149,0.000000
16,62,1265,18149,337.802387
16,63,0,18149,0.000000
16,64,985,18149,255.602145
16,65,0,18149,0.000000
16,66,183,18149,40.886362
16,67,0,18149,0.000000
16,68,0,18149,0.000000
16,69,0,18149,0.000000
16,70,1556,18149,395.144670
16,71,0,18149,0.000000
16,72,762,18149,239.845008
16,73,820,18149,189.846890
16,74,306,18149,68.664899
16,75,0,18149,0.000000
16,76,0,18149,0.000000
16,77,709,18149,161.185825
16,78,1076,18149,248.271162
16,79,0,18149,0.000000
16,80,0,18149,0.000000
16,81,0,18149,0.000000
16,82,0,18149,0.000000
16,83,0,18149,0.000000
16,84,253,18149,57.272594
16,85,0,18149,0.000000
16,86,1803,18149,352.347532
16,87,0,18149,0.000000
16,88,0,18149,0.000000
16,89,889,18149,226.592589
16,90,0,18149,0.000000
16,91,0,18149,0.000000
16,92,0,18149,0.000000
16,93,0,18149,0.000000
16,94,0,18149,0.000000
16,95,0,18149,0.000000
16,96,0,18149,0.000000
16,97,2010,18149,477.347286
16,98,590,18149,155.027763
16,99,0,18149,0.000000
16,100,0,18149,0.000000
16,101,0,18149,0.000000
16,102,0,18149,0.000000
16,103,0,18149,0.000000
16,104,0,18149,0.000000
16,105,0,18149,0.000000
16,106,0,18149,0.000000
16,107,0,18149,0.000000
16,108,874,18149,234.956266
16,109,1919,18149,368.101505
16,110,0,18149,0.000000
16,111,593,18149,137.397627
16,112,0,18149,0.000000
16,113,0,18149,0.000000
16,114,0,18149,0.000000
16,115,0,18149,0.000000
16,116,0,18149,0.000000
16,117,1733,18149,457.663845
16,118,0,18149,0.000000
16,119,144,18149,33.484476
16,120,679,18149,187.552742
16,121,0,18149,0.000000
16,122,166,18149,41.582671
16,123,0,18149,0.000000
16,124,0,18149,0.000000
16,125,0,18149,0.000000
16,126,0,18149,0.000000
16,127,0,18149,0.000000
16,128,0,18149,0.000000
16,129,0,18149,0.000000
16,130,981,18149,194.571896
16,131,0,18149,0.000000
16,132,0,18149,0.000000
16,133,0,18149,0.000000
16,134,0,18149,0.000000
16,135,0,18149,0.000000
16,136,0,18149,0.000000
16,137,931,18149,207.968962
16,138,0,18149,0.000000
16,139,1858,18149,460.299182
16,140,0,18149,0.000000
16,141,0,18149,0.000000
16,142,113,18149,27.645105
16,143,0,18149,0.000000
16,144,0,18149,0.000000
16,145,0,18149,0.000000
16,146,120,18149,22.986232
16,147,0,18149,0.000000
16,148,0,18149,0.000000
16,149,1314,18149,386.910208
16,150,0,18149,0.000000
16,151,0,18149,0.000000
16,152,0,18149,0.000000
16,153,0,18149,0.000000
16,154,0,18149,0.000000
16,155,0,18149,0.000000
16,156,0,18149,0.000000
16,157,0,18149,0.000000
16,158,0,18149,0.000000
16,159,0,18149,0.000000
16,160,884,18149,193.184647
16,161,160,18149,27.197645
16,162,0,18149,0.000000
16,163,3689,18149,946.427609
16,164,0,18149,0.000000
16,165,0,18149,0.000000
16,166,610,18149,139.614071
16,167,0,18149,0.000000
16,168,0,18149,0.000000
16,169,0,18149,0.000000
16,170,0,18149,0.000000
16,171,0,18149,0.000000
16,172,110,18149,23.898173
16,173,0,18149,0.000000
16,174,0,18149,0.000000
16,175,0,18149,0.000000
16,176,0,18149,0.000000
16,177,429,18149,119.037164
16,178,752,18149,201.037388
16,179,511,18149,119.299670
16,180,0,18149,0.000000
16,181,0,18149,0.000000
16,182,0,18149,0.000000
16,183,0,18149,0.000000
16,184,0,18149,0.000000
16,185,363,18149,77.630607
16,186,0,18149,0.000000
16,187,0,18149,0.000000
16,188,0,18149,0.000000
16,189,744,18149,247.407457
16,190,0,18149,0.000000
16,191,871,18149,194.710400
16,192,695,18149,160.258033
16,193,0,18149,0.000000
16,194,0,18149,0.000000
16,195,0,18149,0.000000
16,196,0,18149,0.000000
16,197,0,18149,0.000000
16,198,0,18149,0.000000
16,199,0,18149,0.000000
16,200,0,18149,0.000000
16,201,0,18149,0.000000
16,202,1768,18149,425.591819
16,203,522,18149,122.928227
16,204,886,18149,178.660988
16,205,0,18149,0.000000
16,206,584,18149,122.951395
16,207,0,18149,0.000000
16,208,0,18149,0.000000
16,209,1412,18149,302.921169
16,210,701,18149,172.715179
16,211,200,18149,46.756167
16,212,755,18149,146.347352
16,213,0,18149,0.000000
16,214,0,18149,0.000000
16,215,0,18149,0.000000
16,216,0,18149,0.000000
16,217,0,18149,0.000000
16,218,0,18149,0.000000
16,219,486,18149,161.444047
16,220,0,18149,0.000000
16,221,0,18149,0.000000
16,222,0,18149,0.000000
16,223,662,18149,189.222388
16,224,0,18149,0.000000
16,225,0,18149,0.000000
16,226,104,18149,20.450014
16,227,0,18149,0.000000
16,228,132,18149,26.409358
16,229,0,18149,0.000000
16,230,0,18149,0.000000
16,231,0,18149,0.000000
16,232,0,18149,0.000000
16,233,0,18149,0.000000
16,234,0,18149,0.000000
16,235,0,18149,0.000000
16,236,0,18149,0.000000
16,237,926,18149,214.596419
16,238,0,18149,0.000000
16,239,2893,18149,951.418256
16,240,0,18149,0.000000
16,241,0,18149,0.000000
16,242,0,18149,0.000000
16,243,0,18149,0.000000
16,244,0,18149,0.000000
16,245,1831,18149,454.190834
16,246,0,18149,0.000000
16,247,0,18149,0.000000
16,248,456,18149,104.893967
16,249,0,18149,0.000000
16,250,0,18149,0.000000
16,251,0,18149,0.000000
16,252,909,18149,234.521840
16,253,0,18149,0.000000
16,254,0,18149,0.000000
16,255,0,18149,0.000000
16,256,0,18149,0.000000
16,257,0,18149,0.000000
16,258,0,18149,0.000000
16,259,0,18149,0.000000
16,260,0,18149,0.000000
16,261,0,18149,0.000000
16,262,465,18149,137.227750
16,263,453,18149,124.593789
16,264,0,18149,0.000000
16,265,1496,18149,390.598173
16,266,0,18149,0.000000
16,267,386,18149,98.694821
16,268,750,18149,190.618507
16,269,0,18149,0.000000
16,270,0,18149,0.000000
16,271,0,18149,0.000000
16,272,0,18149,0.000000
16,273,0,18149,0.000000
16,274,0,18149,0.000000
16,275,0,18149,0.000000
16,276,0,18149,0.000000
16,277,0,18149,0.000000
16,278,0,18149,0.000000
16,279,0,18149,0.000000
16,280,442,18149,99.104899
16,281,0,18149,0.000000
16,282,0,18149,0.000000
16,283,0,18149,0.000000
16,284,0,18149,0.000000
16,285,0,18149,0.000000
16,286,158,18149,37.025561
16,287,0,18149,0.000000
16,288,641,18149,148.592545
16,289,0,18149,0.000000
16,290,0,18149,0.000000
16,291,0,18149,0.000000
16,292,0,18149,0.000000
16,293,1034,18149,280.022381
16,294,682,18149,164.424216
16,295,0,18149,0.000000
16,296,0,18149,0.000000
16,297,0,18149,0.000000
16,298,0,18149,0.000000
16,299,348,18149,89.552938
16,300,6012,18149,1467.810504
16,301,0,18149,0.000000
16,302,0,18149,0.000000
16,303,0,18149,0.000000
16,304,8675,18149,2200.238592
16,305,0,18149,0.000000
16,306,0,18149,0.000000
16,307,0,18149,0.000000
16,308,511,18149,160.802513
16,309,728,18149,164.064155
16,310,0,18149,0.000000
16,311,0,18149,0.000000
16,312,900,18149,196.485409
16,313,0,18149,0.000000
16,314,0,18149,0.000000
16,315,0,18149,0.000000
16,316,0,18149,0.000000
16,317,0,18149,0.000000
16,318,0,18149,0.000000
16,319,224,18149,41.894890
16,320,0,18149,0.000000
16,321,0,18149,0.000000
16,322,0,18149,0.000000
16,323,0,18149,0.000000
16,324,0,18149,0.000000
16,325,0,18149,0.000000
16,326,0,18149,0.000000
16,327,0,18149,0.000000
16,328,0,18149,0.000000
16,329,0,18149,0.000000
16,330,0,18149,0.000000
16,331,1499,18149,381.348186
16,332,2605,18149,792.116314
16,333,0,18149,0.000000
16,334,1352,18149,344.833864
16,335,0,18149,0.000000
16,336,446,18149,96.366446
16,337,0,18149,0.000000
16,338,0,18149,0.000000
16,339,0,18149,0.000000
16,340,0,18149,0.000000
16,341,0,18149,0.000000
16,342,0,18149,0.000000
16,343,235,18149,57.995397
16,344,557,18149,137.174534
16,345,0,18149,0.000000
16,346,0,18149,0.000000
16,347,0,18149,0.000000
16,348,0,18149,0.000000
16,349,1104,18149,193.051277
16,350,0,18149,0.000000
16,351,0,18149,0.000000
16,352,2955,18149,768.638833
16,353,0,18149,0.000000
16,354,1392,18149,484.234045
16,355,0,18149,0.000000
16,356,0,18149,0.000000
16,357,0,18149,0.000000
16,358,0,18149,0.000000
16,359,0,18149,0.000000
16,360,0,18149,0.000000
16,361,0,18149,0.000000
16,362,0,18149,0.000000
16,363,0,18149,0.000000
16,364,969,18149,202.220264
16,365,0,18149,0.000000
16,366,0,18149,0.000000
16,367,0,18149,0.000000
16,368,890,18149,197.763479
16,369,0,18149,0.000000
16,370,0,18149,0.000000
16,371,224,18149,53.368071
16,372,0,18149,0.000000
16,373,0,18149,0.000000
16,374,0,18149,0.000000
16,375,0,18149,0.000000
16,376,0,18149,0.000000
16,377,0,18149,0.000000
16,378,1568,18149,306.343283
16,379,0,18149,0.000000
16,380,0,18149,0.000000
16,381,0,18149,0.000000
16,382,1510,18149,402.135517
16,383,1023,18149,241.718422
17,0,0,18149,0.000000
17,1,0,18149,0.000000
17,2,647,18149,168.276661
17,3,0,18149,0.000000
17,4,0,18149,0.000000
17,5,47,18149,8.567383
17,6,0,18149,0.000000
17,7,0,18149,0.000000
17,8,0,18149,0.000000
17,9,0,18149,0.000000
17,10,0,18149,0.000000
17,11,0,18149,0.000000
17,12,0,18149,0.000000
17,13,0,18149,0.000000
17,14,0,18149,0.000000
17,15,0,18149,0.000000
17,16,0,18149,0.000000
17,17,0,18149,0.000000
17,18,0,18149,0.000000
17,19,1028,18149,285.067449
17,20,0,18149,0.000000
17,21,0,18149,0.000000
17,22,0,18149,0.000000
17,23,0,18149,0.000000
17,24,899,18149,194.694631
17,25,361,18149,90.575031
17,26,302,18149,64.494929
17,27,668,18149,257.269271
17,28,0,18149,0.000000
17,29,0,18149,0.000000
17,30,671,18149,154.743319
17,31,0,18149,0.000000
17,32,0,18149,0.000000
17,33,0,18149,0.000000
17,34,0,18149,0.000000
17,35,0,18149,0.000000
17,36,244,18149,61.932083
17,37,0,18149,0.000000
17,38,0,18149,0.000000
17,39,170,18149,32.202678
17,40,0,18149,0.000000
17,41,0,18149,0.000000
17,42,0,18149,0.000000
17,43,495,18149,107.148070
17,44,0,18149,0.000000
17,45,0,18149,0.000000
17,46,0,18149,0.000000
17,47,883,18149,192.736463
17,48,0,18149,0.000000
17,49,0,18149,0.000000
17,50,0,18149,0.000000
17,51,0,18149,0.000000
17,52,0,18149,0.000000
17,53,0,18149,0.000000
17,54,0,18149,0.000000
17,55,0,18149,0.000000
17,56,0,18149,0.000000
17,57,427,18149,102.782890
17,58,0,18149,0.000000
17,59,0,18149,0.000000
17,60,0,18149,0.000000
17,61,751,18149,196.477133
17,62,0,18149,0.000000
17,63,0,18149,0.000000
17,64,567,18149,146.673838
17,65,0,18149,0.000000
17,66,0,18149,0.000000
17,67,210,18149,56.764954
17,68,1304,18149,288.655538
17,69,0,18149,0.000000
17,70,0,18149,0.000000
17,71,1459,18149,347.267559
17,72,0,18149,0.000000
17,73,0,18149,0.000000
17,74,0,18149,0.000000
17,75,0,18149,0.000000
17,76,0,18149,0.000000
17,77,0,18149,0.000000
17,78,1098,18149,172.993724
17,79,0,18149,0.000000
17,80,0,18149,0.000000
17,81,0,18149,0.000000
17,82,283,18149,56.454264
17,83,0,18149,0.000000
17,84,0,18149,0.000000
17,85,0,18149,0.000000
17,86,0,18149,0.000000
17,87,0,18149,0.000000
17,88,892,18149,175.984217
17,89,0,18149,0.000000
17,90,0,18149,0.000000
17,91,0,18149,0.000000
17,92,0,18149,0.000000
17,93,0,18149,0.000000
17,94,0,18149,0.000000
17,95,0,18149,0.000000
17,96,0,18149,0.000000
17,97,0,18149,0.000000
17,98,0,18149,0.000000
17,99,1297,18149,330.758021
17,100,0,18149,0.000000
17,101,0,18149,0.000000
17,102,418,18149,90.657772
17,103,0,18149,0.000000
17,104,0,18149,0.000000
17,105,0,18149,0.000000
17,106,0,18149,0.000000
17,107,0,18149,0.000000
17,108,0,18149,0.000000
17,109,581,18149,121.021246
17,110,0,18149,0.000000
17,111,0,18149,0.000000
17,112,0,18149,0.000000
17,113,0,18149,0.000000
17,114,0,18149,0.000000
17,115,0,18149,0.000000
17,116,2844,18149,839.308220
17,117,0,18149,0.000000
17,118,0,18149,0.000000
17,119,0,18149,0.000000
17,120,0,18149,0.000000
17,121,0,18149,0.000000
17,122,761,18149,244.596522
17,123,0,18149,0.000000
17,124,0,18149,0.000000
17,125,0,18149,0.000000
17,126,0,18149,0.000000
17,127,0,18149,0.000000
17,128,0,18149,0.000000
17,129,0,18149,0.000000
17,130,0,18149,0.000000
17,131,1548,18149,360.256364
17,132,0,18149,0.000000
17,133,0,18149,0.000000
17,134,3698,18149,799.988980
17,135,0,18149,0.000000
17,136,0,18149,0.000000
17,137,0,18149,0.000000
17,138,0,18149,0.000000
17,139,0,18149,0.000000
17,140,0,18149,0.000000
17,141,0,18149,0.000000
17,142,0,18149,0.000000
17,143,0,18149,0.000000
17,144,0,18149,0.000000
17,145,0,18149,0.000000
17,146,8229,18149,2696.301118
17,147,0,18149,0.000000
17,148,0,18149,0.000000
17,149,0,18149,0.000000
17,150,0,18149,0.000000
17,151,4861,18149,1357.651367
17,152,1057,18149,221.901670
17,153,0,18149,0.000000
17,154,0,18149,0.000000
17,155,0,18149,0.000000
17,156,0,18149,0.000000
17,157,0,18149,0.000000
17,158,0,18149,0.000000
17,159,0,18149,0.000000
17,160,0,18149,0.000000
17,161,3706,18149,969.981571
17,162,0,18149,0.000000
17,163,80,18149,20.297816
17,164,0,18149,0.000000
17,165,601,18149,135.403951
17,166,0,18149,0.000000
17,167,0,18149,0.000000
17,168,531,18149,152.385675
17,169,0,18149,0.000000
17,170,736,18149,164.927703
17,171,0,18149,0.000000
17,172,0,18149,0.000000
17,173,0,18149,0.000000
17,174,356,18149,92.978509
17,175,0,18149,0.000000
17,176,0,18149,0.000000
17,177,1012,18149,184.689209
17,178,300,18149,55.827578
17,179,0,18149,0.000000
17,180,0,18149,0.000000
17,181,0,18149,0.000000
17,182,0,18149,0.000000
17,183,0,18149,0.000000
17,184,386,18149,85.805965
17,185,0,18149,0.000000
17,186,0,18149,0.000000
17,187,0,18149,0.000000
17,188,0,18149,0.000000
17,189,0,18149,0.000000
17,190,0,18149,0.000000
17,191,0,18149,0.000000
17,192,0,18149,0.000000
17,193,0,18149,0.000000
17,194,0,18149,0.000000
17,195,3764,18149,939.811989
17,196,0,18149,0.000000
17,197,194,18149,39.345375
17,198,0,18149,0.000000
17,199,0,18149,0.000000
17,200,0,18149,0.000000
17,201,745,18149,165.077454
17,202,0,18149,0.000000
17,203,1078,18149,258.731849
17,204,0,18149,0.000000
17,205,0,18149,0.000000
17,206,0,18149,0.000000
17,207,547,18149,115.174186
17,208,0,18149,0.000000
17,209,831,18149,217.133347
17,210,0,18149,0.000000
17,211,0,18149,0.000000
17,212,1262,18149,230.319853
17,213,837,18149,228.211028
17,214,0,18149,0.000000
17,215,0,18149,0.000000
17,216,0,18149,0.000000
17,217,0,18149,0.000000
17,218,0,18149,0.000000
17,219,0,18149,0.000000
17,220,419,18149,92.929446
17,221,0,18149,0.000000
17,222,0,18149,0.000000
17,223,0,18149,0.000000
17,224,0,18149,0.000000
17,225,0,18149,0.000000
17,226,0,18149,0.000000
17,227,0,18149,0.000000
17,228,0,18149,0.000000
17,229,0,18149,0.000000
17,230,0,18149,0.000000
17,231,0,18149,0.000000
17,232,0,18149,0.000000
17,233,0,18149,0.000000
17,234,796,18149,177.346448
17,235,603,18149,158.120751
17,236,0,18149,0.000000
17,237,0,18149,0.000000
17,238,0,18149,0.000000
17,239,524,18149,129.796898
17,240,0,18149,0.000000
17,241,0,18149,0.000000
17,242,0,18149,0.000000
17,243,0,18149,0.000000
17,244,0,18149,0.000000
17,245,236,18149,56.214450
17,246,0,18149,0.000000
17,247,0,18149,0.000000
17,248,0,18149,0.000000
17,249,0,18149,0.000000
17,250,224,18149,51.304175
17,251,0,18149,0.000000
17,252,0,18149,0.000000
17,253,0,18149,0.000000
17,254,0,18149,0.000000
17,255,0,18149,0.000000
17,256,0,18149,0.000000
17,257,0,18149,0.000000
17,258,0,18149,0.000000
17,259,0,18149,0.000000
17,260,0,18149,0.000000
17,261,0,18149,0.000000
17,262,0,18149,0.000000
17,263,0,18149,0.000000
17,264,0,18149,0.000000
17,265,0,18149,0.000000
17,266,185,18149,62.935754
17,267,2396,18149,519.240059
17,268,0,18149,0.000000
17,269,0,18149,0.000000
17,270,804,18149,197.272497
17,271,0,18149,0.000000
17,272,644,18149,139.687085
17,273,0,18149,0.000000
17,274,1500,18149,355.794885
17,275,5583,18149,1361.221943
17,276,0,18149,0.000000
17,277,0,18149,0.000000
17,278,0,18149,0.000000
17,279,0,18149,0.000000
17,280,0,18149,0.000000
17,281,531,18149,119.960803
17,282,0,18149,0.000000
17,283,0,18149,0.000000
17,284,0,18149,0.000000
17,285,0,18149,0.000000
17,286,558,18149,138.653554
17,287,0,18149,0.000000
17,288,0,18149,0.000000
17,289,2526,18149,727.754436
17,290,0,18149,0.000000
17,291,0,18149,0.000000
17,292,0,18149,0.000000
17,293,0,18149,0.000000
17,294,1456,18149,365.571219
17,295,0,18149,0.000000
17,296,644,18149,144.945972
17,297,1129,18149,284.779976
17,298,0,18149,0.000000
17,299,1024,18149,354.047230
17,300,0,18149,0.000000
17,301,0,18149,0.000000
17,302,1023,18149,246.818531
17,303,0,18149,0.000000
17,304,0,18149,0.000000
17,305,343,18149,77.625108
17,306,1376,18149,328.725759
17,307,0,18149,0.000000
17,308,0,18149,0.000000
17,309,0,18149,0.000000
17,310,0,18149,0.000000
17,311,433,18149,92.398322
17,312,2091,18149,451.322972
17,313,0,18149,0.000000
17,314,0,18149,0.000000
17,315,0,18149,0.000000
17,316,854,18149,190.240992
17,317,0,18149,0.000000
17,318,0,18149,0.000000
17,319,0,18149,0.000000
17,320,0,18149,0.000000
17,321,0,18149,0.000000
17,322,0,18149,0.000000
17,323,95,18149,19.917708
17,324,0,18149,0.000000
17,325,0,18149,0.000000
17,326,0,18149,0.000000
17,327,570,18149,85.775763
17,328,0,18149,0.000000
17,329,3583,18149,773.843099
17,330,0,18149,0.000000
17,331,2293,18149,568.364805
17,332,0,18149,0.000000
17,333,0,18149,0.000000
17,334,324,18149,46.967207
17,335,0,18149,0.000000
17,336,444,18149,120.806124
17,337,1848,18149,339.862030
17,338,0,18149,0.000000
17,339,0,18149,0.000000
17,340,0,18149,0.000000
17,341,0,18149,0.000000
17,342,0,18149,0.000000
17,343,0,18149,0.000000
17,344,0,18149,0.000000
17,345,0,18149,0.000000
17,346,990,18149,239.771427
17,347,0,18149,0.000000
17,348,0,18149,0.000000
17,349,0,18149,0.000000
17,350,0,18149,0.000000
17,351,827,18149,209.571528
17,352,0,18149,0.000000
17,353,753,18149,176.779714
17,354,0,18149,0.000000
17,355,811,18149,183.838318
17,356,0,18149,0.000000
17,357,0,18149,0.000000
17,358,0,18149,0.000000
17,359,0,18149,0.000000
17,360,832,18149,182.653495
17,361,0,18149,0.000000
17,362,0,18149,0.000000
17,363,0,18149,0.000000
17,364,0,18149,0.000000
17,365,212,18149,35.523367
17,366,0,18149,0.000000
17,367,0,18149,0.000000
17,368,0,18149,0.000000
17,369,0,18149,0.000000
17,370,5219,18149,1272.495958
17,371,0,18149,0.000000
17,372,0,18149,0.000000
17,373,327,18149,82.957390
17,374,0,18149,0.000000
17,375,0,18149,0.000000
17,376,0,18149,0.000000
17,377,983,18149,239.135787
17,378,3846,18149,1324.448516
17,379,0,18149,0.000000
17,380,1369,18149,215.772238
17,381,0,18149,0.000000
17,382,0,18149,0.000000
17,383,0,18149,0.000000
18,0,0,18149,0.000000
18,1,0,18149,0.000000
18,2,0,18149,0.000000
18,3,0,18149,0.000000
18,4,0,18149,0.000000
18,5,0,18149,0.000000
18,6,0,18149,0.000000
18,7,0,18149,0.000000
18,8,0,18149,0.000000
18,9,922,18149,219.995964
18,10,0,18149,0.000000
18,11,655,18149,159.430620
18,12,465,18149,97.290171
18,13,521,18149,129.291386
18,14,0,18149,0.000000
18,15,0,18149,0.000000
18,16,0,18149,0.000000
18,17,0,18149,0.000000
18,18,716,18149,144.889649
18,19,0,18149,0.000000
18,20,0,18149,0.000000
18,21,0,18149,0.000000
18,22,595,18149,161.874486
18,23,0,18149,0.000000
18,24,0,18149,0.000000
18,25,429,18149,111.954528
18,26,0,18149,0.000000
18,27,2537,18149,683.619358
18,28,0,18149,0.000000
18,29,0,18149,0.000000
18,30,0,18149,0.000000
18,31,0,18149,0.000000
18,32,0,18149,0.000000
18,33,0,18149,0.000000
18,34,467,18149,115.253034
18,35,0,18149,0.000000
18,36,0,18149,0.000000
18,37,0,18149,0.000000
18,38,187,18149,48.117953
18,39,0,18149,0.000000
18,40,0,18149,0.000000
18,41,0,18149,0.000000
18,42,0,18149,0.000000
18,43,0,18149,0.000000
18,44,1440,18149,243.641621
18,45,207,18149,44.646112
18,46,0,18149,0.000000
18,47,458,18149,113.453257
18,48,0,18149,0.000000
18,49,0,18149,0.000000
18,50,0,18149,0.000000
18,51,264,18149,63.404621
18,52,0,18149,0.000000
18,53,0,18149,0.000000
18,54,1043,18149,299.158887
18,55,0,18149,0.000000
18,56,0,18149,0.000000
18,57,0,18149,0.000000
18,58,0,18149,0.000000
18,59,0,18149,0.000000
18,60,961,18149,236.830478
18,61,0,18149,0.000000
18,62,0,18149,0.000000
18,63,0,18149,0.000000
18,64,0,18149,0.000000
18,65,257,18149,53.949737
18,66,0,18149,0.000000
18,67,0,18149,0.000000
18,68,0,18149,0.000000
18,69,858,18149,178.346262
18,70,0,18149,0.000000
18,71,0,18149,0.000000
18,72,3498,18149,749.554272
18,73,0,18149,0.000000
18,74,612,18149,125.759856
18,75,0,18149,0.000000
18,76,0,18149,0.000000
18,77,320,18149,81.822069
18,78,0,18149,0.000000
18,79,0,18149,0.000000
18,80,0,18149,0.000000
18,81,0,18149,0.000000
18,82,0,18149,0.000000
18,83,0,18149,0.000000
18,84,0,18149,0.000000
18,85,0,18149,0.000000
18,86,1093,18149,291.229341
18,87,0,18149,0.000000
18,88,0,18149,0.000000
18,89,0,18149,0.000000
18,90,1960,18149,462.336551
18,91,550,18149,91.719006
18,92,0,18149,0.000000
18,93,0,18149,0.000000
18,94,543,18149,126.078658
18,95,741,18149,177.269230
18,96,728,18149,168.480919
18,97,224,18149,52.062891
18,98,0,18149,0.000000
18,99,1722,18149,369.657198
18,100,0,18149,0.000000
18,101,0,18149,0.000000
18,102,0,18149,0.000000
18,103,0,18149,0.000000
18,104,0,18149,0.000000
18,105,0,18149,0.000000
18,106,490,18149,108.428016
18,107,0,18149,0.000000
18,108,783,18149,168.138286
18,109,0,18149,0.000000
18,110,0,18149,0.000000
18,111,0,18149,0.000000
18,112,996,18149,288.504692
18,113,0,18149,0.000000
18,114,1298,18149,347.174010
18,115,0,18149,0.000000
18,116,949,18149,193.188247
18,117,0,18149,0.000000
18,118,0,18149,0.000000
18,119,0,18149,0.000000
18,120,0,18149,0.000000
18,121,0,18149,0.000000
18,122,0,18149,0.000000
18,123,638,18149,132.063254
18,124,0,18149,0.000000
18,125,0,18149,0.000000
18,126,0,18149,0.000000
18,127,0,18149,0.000000
18,128,0,18149,0.000000
18,129,0,18149,0.000000
18,130,0,18149,0.000000
18,131,0,18149,0.000000
18,132,0,18149,0.000000
18,133,432,18149,105.500751
18,134,0,18149,0.000000
18,135,0,18149,0.000000
18,136,0,18149,0.000000
18,137,0,18149,0.000000
18,138,772,18149,153.622124
18,139,0,18149,0.000000
18,140,0,18149,0.000000
18,141,448,18149,99.880955
18,142,0,18149,0.000000
18,143,738,18149,178.846241
18,144,1192,18149,281.102398
18,145,0,18149,0.000000
18,146,0,18149,0.000000
18,147,5352,18149,2470.903646
18,148,0,18149,0.000000
18,149,0,18149,0.000000
18,150,0,18149,0.000000
18,151,0,18149,0.000000
18,152,0,18149,0.000000
18,153,0,18149,0.000000
18,154,568,18149,158.374302
18,155,0,18149,0.000000
18,156,839,18149,197.039522
18,157,0,18149,0.000000
18,158,0,18149,0.000000
18,159,0,18149,0.000000
18,160,0,18149,0.000000
18,161,0,18149,0.000000
18,162,752,18149,222.157828
18,163,0,18149,0.000000
18,164,0,18149,0.000000
18,165,0,18149,0.000000
18,166,0,18149,0.000000
18,167,212,18149,41.442679
18,168,5574,18149,1445.433701
18,169,367,18149,86.488664
18,170,1043,18149,307.914282
18,171,0,18149,0.000000
18,172,0,18149,0.000000
18,173,0,18149,0.000000
18,174,172,18149,43.400801
18,175,729,18149,161.627901
18,176,425,18149,137.766407
18,177,0,18149,0.000000
18,178,0,18149,0.000000
18,179,0,18149,0.000000
18,180,0,18149,0.000000
18,181,0,18149,0.000000
18,182,1153,18149,314.604167
18,183,928,18149,222.810757
18,184,0,18149,0.000000
18,185,0,18149,0.000000
18,186,0,18149,0.000000
18,187,0,18149,0.000000
18,188,0,18149,0.000000
18,189,0,18149,0.000000
18,190,0,18149,0.000000
18,191,0,18149,0.000000
18,192,0,18149,0.000000
18,193,1200,18149,311.119538
18,194,0,18149,0.000000
18,195,544,18149,134.686734
18,196,511,18149,116.970762
18,197,0,18149,0.000000
18,198,0,18149,0.000000
18,199,0,18149,0.000000
18,200,0,18149,0.000000
18,201,0,18149,0.000000
18,202,0,18149,0.000000
18,203,354,18149,86.402572
18,204,0,18149,0.000000
18,205,0,18149,0.000000
18,206,838,18149,204.231444
18,207,0,18149,0.000000
18,208,0,18149,0.000000
18,209,0,18149,0.000000
18,210,0,18149,0.000000
18,211,0,18149,0.000000
18,212,0,18149,0.000000
18,213,0,18149,0.000000
18,214,0,18149,0.000000
18,215,0,18149,0.000000
18,216,1494,18149,415.198616
18,217,881,18149,196.344651
18,218,951,18149,296.290248
18,219,0,18149,0.000000
18,220,342,18149,47.538101
18,221,0,18149,0.000000
18,222,0,18149,0.000000
18,223,0,18149,0.000000
18,224,548,18149,125.452167
18,225,1492,18149,382.770533
18,226,0,18149,0.000000
18,227,0,18149,0.000000
18,228,0,18149,0.000000
18,229,913,18149,237.690944
18,230,0,18149,0.000000
18,231,1188,18149,240.727318
18,232,0,18149,0.000000
18,233,0,18149,0.000000
18,234,245,18149,56.843785
18,235,0,18149,0.000000
18,236,0,18149,0.000000
18,237,0,18149,0.000000
18,238,0,18149,0.000000
18,239,0,18149,0.000000
18,240,0,18149,0.000000
18,241,0,18149,0.000000
18,242,2895,18149,731.991558
18,243,0,18149,0.000000
18,244,133,18149,32.839110
18,245,1225,18149,393.280255
18,246,0,18149,0.000000
18,247,0,18149,0.000000
18,248,0,18149,0.000000
18,249,338,18149,58.794585
18,250,0,18149,0.000000
18,251,2219,18149,563.434880
18,252,0,18149,0.000000
18,253,0,18149,0.000000
18,254,0,18149,0.000000
18,255,1865,18149,441.746867
18,256,0,18149,0.000000
18,257,0,18149,0.000000
18,258,0,18149,0.000000
18,259,0,18149,0.000000
18,260,0,18149,0.000000
18,261,0,18149,0.000000
18,262,0,18149,0.000000
18,263,0,18149,0.000000
18,264,0,18149,0.000000
18,265,1236,18149,236.500740
18,266,2180,18149,824.285591
18,267,3322,18149,779.019517
18,268,142,18149,40.648957
18,269,0,18149,0.000000
18,270,0,18149,0.000000
18,271,0,18149,0.000000
18,272,0,18149,0.000000
18,273,1108,18149,207.892169
18,274,0,18149,0.000000
18,275,0,18149,0.000000
18,276,0,18149,0.000000
18,277,0,18149,0.000000
18,278,0,18149,0.000000
18,279,0,18149,0.000000
18,280,617,18149,159.919121
18,281,0,18149,0.000000
18,282,0,18149,0.000000
18,283,0,18149,0.000000
18,284,369,18149,91.183261
18,285,0,18149,0.000000
18,286,66,18149,15.595901
18,287,0,18149,0.000000
18,288,0,18149,0.000000
18,289,0,18149,0.000000
18,290,0,18149,0.000000
18,291,0,18149,0.000000
18,292,0,18149,0.000000
18,293,0,18149,0.000000
18,294,0,18149,0.000000
18,295,0,18149,0.000000
18,296,0,18149,0.000000
18,297,0,18149,0.000000
18,298,0,18149,0.000000
18,299,0,18149,0.000000
18,300,0,18149,0.000000
18,301,0,18149,0.000000
18,302,487,18149,101.575298
18,303,0,18149,0.000000
18,304,237,18149,58.234868
18,305,1901,18149,403.867235
18,306,0,18149,0.000000
18,307,0,18149,0.000000
18,308,0,18149,0.000000
18,309,0,18149,0.000000
18,310,0,18149,0.000000
18,311,472,18149,104.924762
18,312,0,18149,0.000000
18,313,0,18149,0.000000
18,314,0,18149,0.000000
18,315,0,18149,0.000000
18,316,0,18149,0.000000
18,317,1702,18149,481.030561
18,318,0,18149,0.000000
18,319,179,18149,36.853215
18,320,378,18149,84.377495
18,321,444,18149,100.515503
18,322,0,18149,0.000000
18,323,0,18149,0.000000
18,324,0,18149,0.000000
18,325,0,18149,0.000000
18,326,0,18149,0.000000
18,327,0,18149,0.000000
18,328,0,18149,0.000000
18,329,600,18149,139.196184
18,330,0,18149,0.000000
18,331,0,18149,0.000000
18,332,0,18149,0.000000
18,333,0,18149,0.000000
18,334,0,18149,0.000000
18,335,129,18149,25.574598
18,336,0,18149,0.000000
18,337,0,18149,0.000000
18,338,0,18149,0.000000
18,339,0,18149,0.000000
18,340,0,18149,0.000000
18,341,798,18149,181.779133
18,342,0,18149,0.000000
18,343,2078,18149,402.411204
18,344,0,18149,0.000000
18,345,5989,18149,1337.687374
18,346,0,18149,0.000000
18,347,0,18149,0.000000
18,348,1039,18149,205.539166
18,349,0,18149,0.000000
18,350,0,18149,0.000000
18,351,0,18149,0.000000
18,352,0,18149,0.000000
18,353,0,18149,0.000000
18,354,1377,18149,228.200441
18,355,1012,18149,284.772491
18,356,0,18149,0.000000
18,357,0,18149,0.000000
18,358,0,18149,0.000000
18,359,1519,18149,310.761027
18,360,0,18149,0.000000
18,361,0,18149,0.000000
18,362,0,18149,0.000000
18,363,0,18149,0.000000
18,364,651,18149,159.593483
18,365,0,18149,0.000000
18,366,0,18149,0.000000
18,367,0,18149,0.000000
18,368,0,18149,0.000000
18,369,0,18149,0.000000
18,370,486,18149,86.966905
18,371,1108,18149,264.942878
18,372,0,18149,0.000000
18,373,1379,18149,281.192290
18,374,0,18149,0.000000
18,375,3248,18149,667.082640
18,376,0,18149,0.000000
18,377,0,18149,0.000000
18,378,0,18149,0.000000
18,379,642,18149,179.489616
18,380,0,18149,0.000000
18,381,0,18149,0.000000
18,382,0,18149,0.000000
18,383,0,18149,0.000000
19,0,0,18149,0.000000
19,1,0,18149,0.000000
19,2,679,18149,151.364491
19,3,0,18149,0.000000
19,4,614,18149,103.572498
19,5,474,18149,176.906028
19,6,849,18149,166.252677
19,7,0,18149,0.000000
19,8,432,18149,144.461000
19,9,0,18149,0.000000
19,10,4332,18149,1068.766697
19,11,0,18149,0.000000
19,12,0,18149,0.000000
19,13,0,18149,0.000000
19,14,456,18149,87.346682
19,15,737,18149,169.174003
19,16,0,18149,0.000000
19,17,507,18149,120.344564
19,18,0,18149,0.000000
19,19,0,18149,0.000000
19,20,588,18149,169.794369
19,21,0,18149,0.000000
19,22,0,18149,0.000000
19,23,0,18149,0.000000
19,24,0,18149,0.000000
19,25,0,18149,0.000000
19,26,0,18149,0.000000
19,27,0,18149,0.000000
19,28,572,18149,142.737638
19,29,0,18149,0.000000
19,30,0,18149,0.000000
19,31,0,18149,0.000000
19,32,0,18149,0.000000
19,33,1653,18149,464.392853
19,34,382,18149,85.832641
19,35,0,18149,0.000000
19,36,0,18149,0.000000
19,37,433,18149,82.547625
19,38,0,18149,0.000000
19,39,0,18149,0.000000
19,40,427,18149,97.225901
19,41,0,18149,0.000000
19,42,0,18149,0.000000
19,43,304,18149,54.211498
19,44,0,18149,0.000000
19,45,0,18149,0.000000
19,46,0,18149,0.000000
19,47,561,18149,140.531543
19,48,0,18149,0.000000
19,49,596,18149,141.601614
19,50,1263,18149,269.196906
19,51,0,18149,0.000000
19,52,0,18149,0.000000
19,53,227,18149,71.535625
19,54,0,18149,0.000000
19,55,0,18149,0.000000
19,56,647,18149,207.164313
19,57,0,18149,0.000000
19,58,0,18149,0.000000
19,59,777,18149,177.700815
19,60,0,18149,0.000000
19,61,290,18149,67.419490
19,62,457,18149,156.611979
19,63,385,18149,103.488696
19,64,0,18149,0.000000
19,65,0,18149,0.000000
19,66,327,18149,59.024034
19,67,355,18149,90.714650
19,68,0,18149,0.000000
19,69,934,18149,184.672542
19,70,0,18149,0.000000
19,71,0,18149,0.000000
19,72,0,18149,0.000000
19,73,0,18149,0.000000
19,74,0,18149,0.000000
19,75,479,18149,102.372511
19,76,0,18149,0.000000
19,77,0,18149,0.000000
19,78,0,18149,0.000000
19,79,0,18149,0.000000
19,80,395,18149,77.927937
19,81,0,18149,0.000000
19,82,0,18149,0.000000
19,83,0,18149,0.000000
19,84,0,18149,0.000000
19,85,0,18149,0.000000
19,86,0,18149,0.000000
19,87,0,18149,0.000000
19,88,0,18149,0.000000
19,89,489,18149,115.222379
19,90,0,18149,0.000000
19,91,0,18149,0.000000
19,92,654,18149,141.865543
19,93,0,18149,0.000000
19,94,563,18149,142.341668
19,95,0,18149,0.000000
19,96,0,18149,0.000000
19,97,0,18149,0.000000
19,98,614,18149,174.921684
19,99,512,18149,114.347351
19,100,0,18149,0.000000
19,101,515,18149,123.102312
19,102,373,18149,98.200185
19,103,0,18149,0.000000
19,104,0,18149,0.000000
19,105,0,18149,0.000000
19,106,1946,18149,492.091722
19,107,0,18149,0.000000
19,108,0,18149,0.000000
19,109,550,18149,132.548323
19,110,0,18149,0.000000
19,111,0,18149,0.000000
19,112,908,18149,217.812513
19,113,0,18149,0.000000
19,114,510,18149,122.859415
19,115,0,18149,0.000000
19,116,0,18149,0.000000
19,117,0,18149,0.000000
19,118,1605,18149,352.172194
19,119,0,18149,0.000000
19,120,304,18149,90.995737
19,121,1136,18149,228.871554
19,122,0,18149,0.000000
19,123,0,18149,0.000000
19,124,417,18149,128.935748
19,125,0,18149,0.000000
19,126,0,18149,0.000000
19,127,0,18149,0.000000
19,128,256,18149,61.523209
19,129,433,18149,77.320939
19,130,2486,18149,550.561524
19,131,78,18149,18.522529
19,132,0,18149,0.000000
19,133,170,18149,48.193218
19,134,0,18149,0.000000
19,135,0,18149,0.000000
19,136,0,18149,0.000000
19,137,0,18149,0.000000
19,138,294,18149,63.797172
19,139,0,18149,0.000000
19,140,0,18149,0.000000
19,141,0,18149,0.000000
19,142,0,18149,0.000000
19,143,854,18149,185.393513
19,144,0,18149,0.000000
19,145,0,18149,0.000000
19,146,0,18149,0.000000
19,147,1279,18149,398.379768
19,148,582,18149,166.600870
19,149,0,18149,0.000000
19,150,358,18149,76.587718
19,151,0,18149,0.000000
19,152,0,18149,0.000000
19,153,0,18149,0.000000
19,154,0,18149,0.000000
19,155,0,18149,0.000000
19,156,0,18149,0.000000
19,157,0,18149,0.000000
19,158,0,18149,0.000000
19,159,0,18149,0.000000
19,160,0,18149,0.000000
19,161,0,18149,0.000000
19,162,1509,18149,349.106975
19,163,0,18149,0.000000
19,164,0,18149,0.000000
19,165,1758,18149,413.263248
19,166,0,18149,0.000000
19,167,0,18149,0.000000
19,168,0,18149,0.000000
19,169,0,18149,0.000000
19,170,0,18149,0.000000
19,171,550,18149,144.784699
19,172,0,18149,0.000000
19,173,0,18149,0.000000
19,174,0,18149,0.000000
19,175,0,18149,0.000000
19,176,764,18149,209.378177
19,177,2715,18149,451.012189
19,178,616,18149,149.017475
19,179,364,18149,64.977423
19,180,0,18149,0.000000
19,181,0,18149,0.000000
19,182,0,18149,0.000000
19,183,499,18149,123.178430
19,184,0,18149,0.000000
19,185,0,18149,0.000000
19,186,0,18149,0.000000
19,187,0,18149,0.000000
19,188,0,18149,0.000000
19,189,375,18149,80.913668
19,190,591,18149,142.382327
19,191,2161,18149,563.440353
19,192,731,18149,171.719970
19,193,0,18149,0.000000
19,194,0,18149,0.000000
19,195,422,18149,94.431913
19,196,0,18149,0.000000
19,197,0,18149,0.000000
19,198,0,18149,0.000000
19,199,0,18149,0.000000
19,200,0,18149,0.000000
19,201,0,18149,0.000000
19,202,0,18149,0.000000
19,203,0,18149,0.000000
19,204,551,18149,117.527400
19,205,0,18149,0.000000
19,206,0,18149,0.000000
19,207,1030,18149,126.675938
19,208,0,18149,0.000000
19,209,0,18149,0.000000
19,210,616,18149,172.089850
19,211,0,18149,0.000000
19,212,280,18149,53.901995
19,213,1086,18149,289.589385
19,214,0,18149,0.000000
19,215,836,18149,223.027325
19,216,2136,18149,394.578071
19,217,877,18149,190.688385
19,218,614,18149,188.901596
19,219,0,18149,0.000000
19,220,0,18149,0.000000
19,221,0,18149,0.000000
19,222,0,18149,0.000000
19,223,1281,18149,185.062175
19,224,0,18149,0.000000
19,225,0,18149,0.000000
19,226,0,18149,0.000000
19,227,0,18149,0.000000
19,228,458,18149,104.037349
19,229,0,18149,0.000000
19,230,0,18149,0.000000
19,231,0,18149,0.000000
19,232,0,18149,0.000000
19,233,0,18149,0.000000
19,234,279,18149,64.619363
19,235,0,18149,0.000000
19,236,0,18149,0.000000
19,237,0,18149,0.000000
19,238,0,18149,0.000000
19,239,0,18149,0.000000
19,240,0,18149,0.000000
19,241,0,18149,0.000000
19,242,0,18149,0.000000
19,243,0,18149,0.000000
19,244,0,18149,0.000000
19,245,0,18149,0.000000
19,246,0,18149,0.000000
19,247,494,18149,86.234949
19,248,0,18149,0.000000
19,249,0,18149,0.000000
19,250,0,18149,0.000000
19,251,0,18149,0.000000
19,252,656,18149,167.824908
19,253,0,18149,0.000000
19,254,0,18149,0.000000
19,255,756,18149,159.711177
19,256,0,18149,0.000000
19,257,0,18149,0.000000
19,258,0,18149,0.000000
19,259,1001,18149,176.310168
19,260,306,18149,78.084625
19,261,0,18149,0.000000
19,262,0,18149,0.000000
19,263,0,18149,0.000000
19,264,4648,18149,1477.325279
19,265,1098,18149,199.650781
19,266,0,18149,0.000000
19,267,0,18149,0.000000
19,268,0,18149,0.000000
19,269,0,18149,0.000000
19,270,0,18149,0.000000
19,271,0,18149,0.000000
19,272,0,18149,0.000000
19,273,0,18149,0.000000
19,274,0,18149,0.000000
19,275,0,18149,0.000000
19,276,1298,18149,371.681425
19,277,0,18149,0.000000
19,278,0,18149,0.000000
19,279,0,18149,0.000000
19,280,477,18149,135.381557
19,281,486,18149,172.607156
19,282,0,18149,0.000000
19,283,0,18149,0.000000
19,284,0,18149,0.000000
19,285,8558,18149,2002.196517
19,286,0,18149,0.000000
19,287,0,18149,0.000000
19,288,0,18149,0.000000
19,289,1167,18149,812.636085
19,290,0,18149,0.000000
19,291,0,18149,0.000000
19,292,0,18149,0.000000
19,293,487,18149,99.693770
19,294,0,18149,0.000000
19,295,721,18149,206.388929
19,296,0,18149,0.000000
19,297,1843,18149,423.883978
19,298,474,18149,85.875738
19,299,314,18149,59.784884
19,300,348,18149,61.486221
19,301,0,18149,0.000000
19,302,0,18149,0.000000
19,303,0,18149,0.000000
19,304,1802,18149,481.636363
19,305,0,18149,0.000000
19,306,312,18149,76.092157
19,307,334,18149,83.903658
19,308,0,18149,0.000000
19,309,1647,18149,438.626084
19,310,0,18149,0.000000
19,311,0,18149,0.000000
19,312,0,18149,0.000000
19,313,0,18149,0.000000
19,314,591,18149,121.657551
19,315,0,18149,0.000000
19,316,0,18149,0.000000
19,317,0,18149,0.000000
19,318,0,18149,0.000000
19,319,755,18149,180.060663
19,320,0,18149,0.000000
19,321,0,18149,0.000000
19,322,0,18149,0.000000
19,323,0,18149,0.000000
19,324,0,18149,0.000000
19,325,0,18149,0.000000
19,326,0,18149,0.000000
19,327,0,18149,0.000000
19,328,0,18149,0.000000
19,329,528,18149,114.403894
19,330,113,18149,29.285072
19,331,0,18149,0.000000
19,332,0,18149,0.000000
19,333,0,18149,0.000000
19,334,0,18149,0.000000
19,335,0,18149,0.000000
19,336,0,18149,0.000000
19,337,0,18149,0.000000
19,338,0,18149,0.000000
19,339,0,18149,0.000000
19,340,0,18149,0.000000
19,341,0,18149,0.000000
19,342,461,18149,48.949637
19,343,0,18149,0.000000
19,344,0,18149,0.000000
19,345,0,18149,0.000000
19,346,0,18149,0.000000
19,347,0,18149,0.000000
19,348,0,18149,0.000000
19,349,0,18149,0.000000
19,350,3573,18149,806.020097
19,351,470,18149,111.239887
19,352,0,18149,0.000000
19,353,0,18149,0.000000
19,354,0,18149,0.000000
19,355,0,18149,0.000000
19,356,0,18149,0.000000
19,357,0,18149,0.000000
19,358,0,18149,0.000000
19,359,0,18149,0.000000
19,360,704,18149,190.595874
19,361,0,18149,0.000000
19,362,0,18149,0.000000
19,363,0,18149,0.000000
19,364,3223,18149,639.228954
19,365,546,18149,117.845426
19,366,77,18149,20.042413
19,367,507,18149,103.864122
19,368,617,18149,198.246189
19,369,886,18149,274.130112
19,370,1414,18149,1187.150021
19,371,478,18149,93.779440
19,372,0,18149,0.000000
19,373,0,18149,0.000000
19,374,671,18149,161.935480
19,375,0,18149,0.000000
19,376,605,18149,140.842814
19,377,0,18149,0.000000
19,378,0,18149,0.000000
19,379,0,18149,0.000000
19,380,0,18149,0.000000
19,381,692,18149,154.002324
19,382,639,18149,146.835442
19,383,0,18149,0.000000
20,0,0,18149,0.000000
20,1,0,18149,0.000000
20,2,0,18149,0.000000
20,3,824,18149,222.307837
20,4,0,18149,0.000000
20,5,0,18149,0.000000
20,6,0,18149,0.000000
20,7,59,18149,13.506130
20,8,0,18149,0.000000
20,9,0,18149,0.000000
20,10,1664,18149,445.776619
20,11,0,18149,0.000000
20,12,0,18149,0.000000
20,13,744,18149,210.933926
20,14,1651,18149,369.032822
20,15,702,18149,177.246094
20,16,0,18149,0.000000
20,17,0,18149,0.000000
20,18,0,18149,0.000000
20,19,3392,18149,744.002971
20,20,0,18149,0.000000
20,21,0,18149,0.000000
20,22,0,18149,0.000000
20,23,0,18149,0.000000
20,24,0,18149,0.000000
20,25,0,18149,0.000000
20,26,0,18149,0.000000
20,27,884,18149,200.693779
20,28,0,18149,0.000000
20,29,0,18149,0.000000
20,30,0,18149,0.000000
20,31,122,18149,23.769623
20,32,497,18149,91.321522
20,33,0,18149,0.000000
20,34,0,18149,0.000000
20,35,0,18149,0.000000
20,36,0,18149,0.000000
20,37,0,18149,0.000000
20,38,0,18149,0.000000
20,39,0,18149,0.000000
20,40,0,18149,0.000000
20,41,0,18149,0.000000
20,42,301,18149,86.858807
20,43,0,18149,0.000000
20,44,1084,18149,311.740152
20,45,0,18149,0.000000
20,46,0,18149,0.000000
20,47,1654,18149,374.678500
20,48,1560,18149,378.646592
20,49,0,18149,0.000000
20,50,0,18149,0.000000
20,51,9029,18149,2049.522114
20,52,0,18149,0.000000
20,53,0,18149,0.000000
20,54,0,18149,0.000000
20,55,0,18149,0.000000
20,56,0,18149,0.000000
20,57,0,18149,0.000000
20,58,0,18149,0.000000
20,59,0,18149,0.000000
20,60,0,18149,0.000000
20,61,0,18149,0.000000
20,62,0,18149,0.000000
20,63,0,18149,0.000000
20,64,474,18149,157.485559
20,65,412,18149,91.054409
20,66,0,18149,0.000000
20,67,760,18149,204.407798
20,68,0,18149,0.000000
20,69,520,18149,110.938240
20,70,1740,18149,442.812552
20,71,0,18149,0.000000
20,72,288,18149,67.902156
20,73,0,18149,0.000000
20,74,0,18149,0.000000
20,75,0,18149,0.000000
20,76,0,18149,0.000000
20,77,0,18149,0.000000
20,78,0,18149,0.000000
20,79,1022,18149,314.349568
20,80,721,18149,174.222332
20,81,789,18149,208.958582
20,82,0,18149,0.000000
20,83,0,18149,0.000000
20,84,0,18149,0.000000
20,85,783,18149,176.761461
20,86,0,18149,0.000000
20,87,0,18149,0.000000
20,88,0,18149,0.000000
20,89,0,18149,0.000000
20,90,0,18149,0.000000
20,91,0,18149,0.000000
20,92,0,18149,0.000000
20,93,0,18149,0.000000
20,94,0,18149,0.000000
20,95,0,18149,0.000000
20,96,0,18149,0.000000
20,97,0,18149,0.000000
20,98,0,18149,0.000000
20,99,0,18149,0.000000
20,100,0,18149,0.000000
20,101,866,18149,170.974574
20,102,0,18149,0.000000
20,103,310,18149,62.818385
20,104,601,18149,156.319673
20,105,0,18149,0.000000
20,106,0,18149,0.000000
20,107,0,18149,0.000000
20,108,0,18149,0.000000
20,109,682,18149,220.498793
20,110,1553,18149,449.286818
20,111,0,18149,0.000000
20,112,0,18149,0.000000
20,113,0,18149,0.000000
20,114,0,18149,0.000000
20,115,0,18149,0.000000
20,116,124,18149,31.649044
20,117,0,18149,0.000000
20,118,178,18149,35.611967
20,119,0,18149,0.000000
20,120,0,18149,0.000000
20,121,683,18149,163.900529
20,122,0,18149,0.000000
20,123,0,18149,0.000000
20,124,462,18149,134.053247
20,125,0,18149,0.000000
20,126,0,18149,0.000000
20,127,653,18149,193.411300
20,128,0,18149,0.000000
20,129,306,18149,73.108587
20,130,2506,18149,622.567847
20,131,0,18149,0.000000
20,132,271,18149,59.510999
20,133,0,18149,0.000000
20,134,0,18149,0.000000
20,135,0,18149,0.000000
20,136,0,18149,0.000000
20,137,0,18149,0.000000
20,138,0,18149,0.000000
20,139,0,18149,0.000000
20,140,0,18149,0.000000
20,141,0,18149,0.000000
20,142,1034,18149,348.572344
20,143,0,18149,0.000000
20,144,1903,18149,563.837638
20,145,166,18149,39.129604
20,146,0,18149,0.000000
20,147,0,18149,0.000000
20,148,152,18149,44.444538
20,149,0,18149,0.000000
20,150,0,18149,0.000000
20,151,0,18149,0.000000
20,152,0,18149,0.000000
20,153,385,18149,88.675175
20,154,0,18149,0.000000
20,155,0,18149,0.000000
20,156,598,18149,155.163732
20,157,0,18149,0.000000
20,158,0,18149,0.000000
20,159,0,18149,0.000000
20,160,0,18149,0.000000
20,161,706,18149,159.010501
20,162,0,18149,0.000000
20,163,0,18149,0.000000
20,164,263,18149,52.465741
20,165,0,18149,0.000000
20,166,0,18149,0.000000
20,167,985,18149,269.994996
20,168,0,18149,0.000000
20,169,0,18149,0.000000
20,170,712,18149,174.838164
20,171,0,18149,0.000000
20,172,0,18149,0.000000
20,173,0,18149,0.000000
20,174,0,18149,0.000000
20,175,0,18149,0.000000
20,176,126,18149,25.918844
20,177,0,18149,0.000000
20,178,0,18149,0.000000
20,179,0,18149,0.000000
20,180,1011,18149,361.114842
20,181,0,18149,0.000000
20,182,0,18149,0.000000
20,183,0,18149,0.000000
20,184,0,18149,0.000000
20,185,2080,18149,552.983028
20,186,0,18149,0.000000
20,187,0,18149,0.000000
20,188,0,18149,0.000000
20,189,0,18149,0.000000
20,190,0,18149,0.000000
20,191,0,18149,0.000000
20,192,0,18149,0.000000
20,193,0,18149,0.000000
20,194,0,18149,0.000000
20,195,0,18149,0.000000
20,196,1891,18149,442.587785
20,197,0,18149,0.000000
20,198,343,18149,74.003462
20,199,0,18149,0.000000
20,200,0,18149,0.000000
20,201,539,18149,132.818042
20,202,0,18149,0.000000
20,203,0,18149,0.000000
20,204,0,18149,0.000000
20,205,0,18149,0.000000
20,206,630,18149,167.783881
20,207,0,18149,0.000000
20,208,0,18149,0.000000
20,209,0,18149,0.000000
20,210,1605,18149,386.935695
20,211,0,18149,0.000000
20,212,0,18149,0.000000
20,213,0,18149,0.000000
20,214,0,18149,0.000000
20,215,0,18149,0.000000
20,216,504,18149,186.427597
20,217,0,18149,0.000000
20,218,0,18149,0.000000
20,219,0,18149,0.000000
20,220,530,18149,121.860765
20,221,0,18149,0.000000
20,222,0,18149,0.000000
20,223,677,18149,148.043097
20,224,0,18149,0.000000
20,225,0,18149,0.000000
20,226,0,18149,0.000000
20,227,783,18149,192.221406
20,228,0,18149,0.000000
20,229,0,18149,0.000000
20,230,965,18149,257.262037
20,231,0,18149,0.000000
20,232,0,18149,0.000000
20,233,1135,18149,282.814692
20,234,0,18149,0.000000
20,235,0,18149,0.000000
20,236,0,18149,0.000000
20,237,0,18149,0.000000
20,238,0,18149,0.000000
20,239,1535,18149,408.653418
20,240,0,18149,0.000000
20,241,0,18149,0.000000
20,242,0,18149,0.000000
20,243,0,18149,0.000000
20,244,0,18149,0.000000
20,245,0,18149,0.000000
20,246,0,18149,0.000000
20,247,0,18149,0.000000
20,248,0,18149,0.000000
20,249,0,18149,0.000000
20,250,0,18149,0.000000
20,251,0,18149,0.000000
20,252,0,18149,0.000000
20,253,700,18149,187.590637
20,254,0,18149,0.000000
20,255,0,18149,0.000000
20,256,0,18149,0.000000
20,257,0,18149,0.000000
20,258,0,18149,0.000000
20,259,0,18149,0.000000
20,260,0,18149,0.000000
20,261,86,18149,19.363058
20,262,84,18149,16.110532
20,263,0,18149,0.000000
20,264,0,18149,0.000000
20,265,0,18149,0.000000
20,266,0,18149,0.000000
20,267,0,18149,0.000000
20,268,0,18149,0.000000
20,269,0,18149,0.000000
20,270,0,18149,0.000000
20,271,0,18149,0.000000
20,272,265,18149,57.568109
20,273,0,18149,0.000000
20,274,234,18149,57.837120
20,275,0,18149,0.000000
20,276,484,18149,116.301132
20,277,0,18149,0.000000
20,278,819,18149,195.718876
20,279,6994,18149,1473.948952
20,280,8604,18149,2487.315605
20,281,0,18149,0.000000
20,282,5182,18149,1324.595907
20,283,0,18149,0.000000
20,284,0,18149,0.000000
20,285,0,18149,0.000000
20,286,2074,18149,537.512819
20,287,0,18149,0.000000
20,288,0,18149,0.000000
20,289,0,18149,0.000000
20,290,0,18149,0.000000
20,291,0,18149,0.000000
20,292,223,18149,48.125468
20,293,0,18149,0.000000
20,294,0,18149,0.000000
20,295,496,18149,162.877950
20,296,216,18149,40.608516
20,297,0,18149,0.000000
20,298,0,18149,0.000000
20,299,539,18149,127.909543
20,300,0,18149,0.000000
20,301,0,18149,0.000000
20,302,0,18149,0.000000
20,303,0,18149,0.000000
20,304,0,18149,0.000000
20,305,0,18149,0.000000
20,306,0,18149,0.000000
20,307,596,18149,104.471918
20,308,0,18149,0.000000
20,309,0,18149,0.000000
20,310,0,18149,0.000000
20,311,0,18149,0.000000
20,312,0,18149,0.000000
20,313,692,18149,201.281915
20,314,340,18149,93.202771
20,315,0,18149,0.000000
20,316,0,18149,0.000000
20,317,0,18149,0.000000
20,318,0,18149,0.000000
20,319,0,18149,0.000000
20,320,501,18149,94.726009
20,321,395,18149,80.610487
20,322,319,18149,82.923253
20,323,0,18149,0.000000
20,324,0,18149,0.000000
20,325,0,18149,0.000000
20,326,538,18149,150.964473
20,327,0,18149,0.000000
20,328,0,18149,0.000000
20,329,0,18149,0.000000
20,330,0,18149,0.000000
20,331,0,18149,0.000000
20,332,0,18149,0.000000
20,333,0,18149,0.000000
20,334,0,18149,0.000000
20,335,456,18149,110.699851
20,336,321,18149,85.402018
20,337,0,18149,0.000000
20,338,1247,18149,230.871166
20,339,728,18149,181.439122
20,340,266,18149,73.889206
20,341,0,18149,0.000000
20,342,959,18149,213.682840
20,343,0,18149,0.000000
20,344,1013,18149,292.453598
20,345,0,18149,0.000000
20,346,0,18149,0.000000
20,347,0,18149,0.000000
20,348,2468,18149,616.055488
20,349,1399,18149,277.059430
20,350,0,18149,0.000000
20,351,240,18149,44.798365
20,352,461,18149,121.129248
20,353,0,18149,0.000000
20,354,0,18149,0.000000
20,355,405,18149,98.241481
20,356,0,18149,0.000000
20,357,1904,18149,459.671476
20,358,1595,18149,415.956668
20,359,0,18149,0.000000
20,360,385,18149,92.511791
20,361,0,18149,0.000000
20,362,0,18149,0.000000
20,363,0,18149,0.000000
20,364,0,18149,0.000000
20,365,0,18149,0.000000
20,366,0,18149,0.000000
20,367,0,18149,0.000000
20,368,0,18149,0.000000
20,369,0,18149,0.000000
20,370,0,18149,0.000000
20,371,0,18149,0.000000
20,372,0,18149,0.000000
20,373,0,18149,0.000000
20,374,0,18149,0.000000
20,375,0,18149,0.000000
20,376,475,18149,97.507288
20,377,0,18149,0.000000
20,378,0,18149,0.000000
20,379,2062,18149,490.363094
20,380,0,18149,0.000000
20,381,0,18149,0.000000
20,382,0,18149,0.000000
20,383,0,18149,0.000000
21,0,0,18149,0.000000
21,1,0,18149,0.000000
21,2,310,18149,93.017347
21,3,0,18149,0.000000
21,4,0,18149,0.000000
21,5,113,18149,18.311360
21,6,292,18149,73.124729
21,7,0,18149,0.000000
21,8,0,18149,0.000000
21,9,2445,18149,586.121945
21,10,0,18149,0.000000
21,11,0,18149,0.000000
21,12,0,18149,0.000000
21,13,0,18149,0.000000
21,14,0,18149,0.000000
21,15,0,18149,0.000000
21,16,0,18149,0.000000
21,17,0,18149,0.000000
21,18,1937,18149,509.160383
21,19,0,18149,0.000000
21,20,0,18149,0.000000
21,21,783,18149,194.264841
21,22,1012,18149,246.667377
21,23,0,18149,0.000000
21,24,467,18149,118.808290
21,25,0,18149,0.000000
21,26,0,18149,0.000000
21,27,0,18149,0.000000
21,28,0,18149,0.000000
21,29,3282,18149,764.360999
21,30,0,18149,0.000000
21,31,0,18149,0.000000
21,32,0,18149,0.000000
21,33,0,18149,0.000000
21,34,0,18149,0.000000
21,35,0,18149,0.000000
21,36,422,18149,84.682504
21,37,1381,18149,234.730592
21,38,0,18149,0.000000
21,39,0,18149,0.000000
21,40,0,18149,0.000000
21,41,564,18149,149.216704
21,42,0,18149,0.000000
21,43,0,18149,0.000000
21,44,577,18149,105.215729
21,45,621,18149,126.101062
21,46,0,18149,0.000000
21,47,1078,18149,266.174567
21,48,0,18149,0.000000
21,49,0,18149,0.000000
21,50,685,18149,157.966797
21,51,0,18149,0.000000
21,52,965,18149,223.295721
21,53,0,18149,0.000000
21,54,96,18149,26.419236
21,55,0,18149,0.000000
21,56,0,18149,0.000000
21,57,0,18149,0.000000
21,58,0,18149,0.000000
21,59,621,18149,133.763924
21,60,0,18149,0.000000
21,61,4464,18149,1253.394327
21,62,0,18149,0.000000
21,63,0,18149,0.000000
21,64,0,18149,0.000000
21,65,0,18149,0.000000
21,66,0,18149,0.000000
21,67,0,18149,0.000000
21,68,0,18149,0.000000
21,69,397,18149,92.523264
21,70,265,18149,62.720446
21,71,0,18149,0.000000
21,72,0,18149,0.000000
21,73,0,18149,0.000000
21,74,0,18149,0.000000
21,75,0,18149,0.000000
21,76,0,18149,0.000000
21,77,0,18149,0.000000
21,78,0,18149,0.000000
21,79,0,18149,0.000000
21,80,0,18149,0.000000
21,81,0,18149,0.000000
21,82,0,18149,0.000000
21,83,0,18149,0.000000
21,84,0,18149,0.000000
21,85,0,18149,0.000000
21,86,0,18149,0.000000
21,87,1402,18149,389.181197
21,88,0,18149,0.000000
21,89,1482,18149,330.897765
21,90,0,18149,0.000000
21,91,0,18149,0.000000
21,92,0,18149,0.000000
21,93,628,18149,165.103401
21,94,0,18149,0.000000
21,95,0,18149,0.000000
21,96,0,18149,0.000000
21,97,0,18149,0.000000
21,98,0,18149,0.000000
21,99,0,18149,0.000000
21,100,0,18149,0.000000
21,101,614,18149,157.085523
21,102,668,18149,150.470223
21,103,0,18149,0.000000
21,104,0,18149,0.000000
21,105,0,18149,0.000000
21,106,87,18149,12.098203
21,107,896,18149,185.826656
21,108,0,18149,0.000000
21,109,0,18149,0.000000
21,110,0,18149,0.000000
21,111,0,18149,0.000000
21,112,0,18149,0.000000
21,113,0,18149,0.000000
21,114,0,18149,0.000000
21,115,147,18149,45.925862
21,116,294,18149,104.641056
21,117,0,18149,0.000000
21,118,0,18149,0.000000
21,119,0,18149,0.000000
21,120,920,18149,237.124267
21,121,0,18149,0.000000
21,122,0,18149,0.000000
21,123,1338,18149,410.408538
21,124,1037,18149,238.601549
21,125,0,18149,0.000000
21,126,0,18149,0.000000
21,127,0,18149,0.000000
21,128,0,18149,0.000000
21,129,0,18149,0.000000
21,130,0,18149,0.000000
21,131,1464,18149,330.427289
21,132,0,18149,0.000000
21,133,3299,18149,881.997977
21,134,0,18149,0.000000
21,135,0,18149,0.000000
21,136,0,18149,0.000000
21,137,574,18149,94.525494
21,138,0,18149,0.000000
21,139,0,18149,0.000000
21,140,0,18149,0.000000
21,141,0,18149,0.000000
21,142,0,18149,0.000000
21,143,0,18149,0.000000
21,144,0,18149,0.000000
21,145,0,18149,0.000000
21,146,0,18149,0.000000
21,147,0,18149,0.000000
21,148,0,18149,0.000000
21,149,0,18149,0.000000
21,150,0,18149,0.000000
21,151,185,18149,33.706160
21,152,0,18149,0.000000
21,153,0,18149,0.000000
21,154,0,18149,0.000000
21,155,845,18149,179.674345
21,156,0,18149,0.000000
21,157,0,18149,0.000000
21,158,286,18149,57.866691
21,159,0,18149,0.000000
21,160,182,18149,45.472569
21,161,0,18149,0.000000
21,162,0,18149,0.000000
21,163,0,18149,0.000000
21,164,574,18149,131.090712
21,165,758,18149,193.040477
21,166,0,18149,0.000000
21,167,0,18149,0.000000
21,168,0,18149,0.000000
21,169,0,18149,0.000000
21,170,894,18149,207.793720
21,171,174,18149,27.225347
21,172,0,18149,0.000000
21,173,0,18149,0.000000
21,174,0,18149,0.000000
21,175,0,18149,0.000000
21,176,1089,18149,229.132260
21,177,7852,18149,2129.459369
21,178,0,18149,0.000000
21,179,0,18149,0.000000
21,180,0,18149,0.000000
21,181,0,18149,0.000000
21,182,0,18149,0.000000
21,183,0,18149,0.000000
21,184,132,18149,30.452185
21,185,822,18149,212.991892
21,186,0,18149,0.000000
21,187,0,18149,0.000000
21,188,0,18149,0.000000
21,189,0,18149,0.000000
21,190,1062,18149,188.080588
21,191,0,18149,0.000000
21,192,219,18149,62.850939
21,193,0,18149,0.000000
21,194,0,18149,0.000000
21,195,0,18149,0.000000
21,196,0,18149,0.000000
21,197,0,18149,0.000000
21,198,0,18149,0.000000
21,199,0,18149,0.000000
21,200,0,18149,0.000000
21,201,0,18149,0.000000
21,202,0,18149,0.000000
21,203,0,18149,0.000000
21,204,0,18149,0.000000
21,205,614,18149,79.200282
21,206,186,18149,39.758882
21,207,0,18149,0.000000
21,208,1860,18149,344.723630
21,209,1326,18149,314.791479
21,210,0,18149,0.000000
21,211,0,18149,0.000000
21,212,0,18149,0.000000
21,213,0,18149,0.000000
21,214,0,18149,0.000000
21,215,1432,18149,435.392691
21,216,0,18149,0.000000
21,217,0,18149,0.000000
21,218,0,18149,0.000000
21,219,0,18149,0.000000
21,220,0,18149,0.000000
21,221,831,18149,175.227288
21,222,0,18149,0.000000
21,223,0,18149,0.000000
21,224,0,18149,0.000000
21,225,2467,18149,489.305858
21,226,0,18149,0.000000
21,227,0,18149,0.000000
21,228,0,18149,0.000000
21,229,666,18149,157.773659
21,230,0,18149,0.000000
21,231,0,18149,0.000000
21,232,0,18149,0.000000
21,233,0,18149,0.000000
21,234,1231,18149,270.297005
21,235,0,18149,0.000000
21,236,0,18149,0.000000
21,237,0,18149,0.000000
21,238,0,18149,0.000000
21,239,0,18149,0.000000
21,240,277,18149,64.385255
21,241,0,18149,0.000000
21,242,0,18149,0.000000
21,243,0,18149,0.000000
21,244,0,18149,0.000000
21,245,0,18149,0.000000
21,246,0,18149,0.000000
21,247,417,18149,103.539435
21,248,0,18149,0.000000
21,249,0,18149,0.000000
21,250,242,18149,72.314856
21,251,3708,18149,1077.792713
21,252,348,18149,74.656288
21,253,0,18149,0.000000
21,254,924,18149,195.696587
21,255,785,18149,163.673630
21,256,0,18149,0.000000
21,257,502,18149,141.965276
21,258,0,18149,0.000000
21,259,0,18149,0.000000
21,260,342,18149,83.503781
21,261,0,18149,0.000000
21,262,0,18149,0.000000
21,263,0,18149,0.000000
21,264,0,18149,0.000000
21,265,503,18149,118.666995
21,266,0,18149,0.000000
21,267,0,18149,0.000000
21,268,0,18149,0.000000
21,269,0,18149,0.000000
21,270,262,18149,56.129754
21,271,0,18149,0.000000
21,272,0,18149,0.000000
21,273,0,18149,0.000000
21,274,0,18149,0.000000
21,275,0,18149,0.000000
21,276,0,18149,0.000000
21,277,0,18149,0.000000
21,278,0,18149,0.000000
21,279,0,18149,0.000000
21,280,0,18149,0.000000
21,281,0,18149,0.000000
21,282,318,18149,53.943279
21,283,0,18149,0.000000
21,284,0,18149,0.000000
21,285,941,18149,213.717479
21,286,0,18149,0.000000
21,287,0,18149,0.000000
21,288,0,18149,0.000000
21,289,0,18149,0.000000
21,290,0,18149,0.000000
21,291,0,18149,0.000000
21,292,0,18149,0.000000
21,293,1467,18149,320.095808
21,294,0,18149,0.000000
21,295,0,18149,0.000000
21,296,0,18149,0.000000
21,297,0,18149,0.000000
21,298,0,18149,0.000000
21,299,784,18149,197.911687
21,300,845,18149,182.853115
21,301,0,18149,0.000000
21,302,1418,18149,283.821513
21,303,0,18149,0.000000
21,304,9286,18149,2868.786796
21,305,0,18149,0.000000
21,306,0,18149,0.000000
21,307,0,18149,0.000000
21,308,0,18149,0.000000
21,309,0,18149,0.000000
21,310,0,18149,0.000000
21,311,0,18149,0.000000
21,312,0,18149,0.000000
21,313,0,18149,0.000000
21,314,0,18149,0.000000
21,315,414,18149,118.148584
21,316,305,18149,65.467797
21,317,46,18149,6.841557
21,318,0,18149,0.000000
21,319,0,18149,0.000000
21,320,794,18149,425.609857
21,321,0,18149,0.000000
21,322,0,18149,0.000000
21,323,0,18149,0.000000
21,324,0,18149,0.000000
21,325,0,18149,0.000000
21,326,0,18149,0.000000
21,327,496,18149,85.582808
21,328,0,18149,0.000000
21,329,406,18149,88.534022
21,330,0,18149,0.000000
21,331,0,18149,0.000000
21,332,0,18149,0.000000
21,333,0,18149,0.000000
21,334,907,18149,183.896983
21,335,0,18149,0.000000
21,336,0,18149,0.000000
21,337,0,18149,0.000000
21,338,714,18149,148.327468
21,339,0,18149,0.000000
21,340,0,18149,0.000000
21,341,516,18149,97.500801
21,342,0,18149,0.000000
21,343,1564,18149,554.976113
21,344,0,18149,0.000000
21,345,0,18149,0.000000
21,346,0,18149,0.000000
21,347,0,18149,0.000000
21,348,0,18149,0.000000
21,349,0,18149,0.000000
21,350,0,18149,0.000000
21,351,0,18149,0.000000
21,352,0,18149,0.000000
21,353,467,18149,96.830266
21,354,0,18149,0.000000
21,355,0,18149,0.000000
21,356,0,18149,0.000000
21,357,0,18149,0.000000
21,358,0,18149,0.000000
21,359,0,18149,0.000000
21,360,0,18149,0.000000
21,361,0,18149,0.000000
21,362,1668,18149,433.491817
21,363,122,18149,21.611315
21,364,0,18149,0.000000
21,365,0,18149,0.000000
21,366,5655,18149,1705.526482
21,367,2320,18149,427.431119
21,368,1549,18149,330.061628
21,369,0,18149,0.000000
21,370,0,18149,0.000000
21,371,0,18149,0.000000
21,372,0,18149,0.000000
21,373,528,18149,109.237320
21,374,0,18149,0.000000
21,375,724,18149,148.107663
21,376,0,18149,0.000000
21,377,0,18149,0.000000
21,378,0,18149,0.000000
21,379,591,18149,121.704681
21,380,1550,18149,279.459451
21,381,0,18149,0.000000
21,382,0,18149,0.000000
21,383,875,18149,212.032921
22,0,0,18149,0.000000
22,1,0,18149,0.000000
22,2,0,18149,0.000000
22,3,0,18149,0.000000
22,4,0,18149,0.000000
22,5,0,18149,0.000000
22,6,750,18149,145.196724
22,7,0,18149,0.000000
22,8,0,18149,0.000000
22,9,0,18149,0.000000
22,10,0,18149,0.000000
22,11,0,18149,0.000000
22,12,756,18149,166.889943
22,13,0,18149,0.000000
22,14,0,18149,0.000000
22,15,0,18149,0.000000
22,16,0,18149,0.000000
22,17,0,18149,0.000000
22,18,0,18149,0.000000
22,19,538,18149,153.223138
22,20,1158,18149,323.914608
22,21,0,18149,0.000000
22,22,0,18149,0.000000
22,23,558,18149,123.828569
22,24,0,18149,0.000000
22,25,0,18149,0.000000
22,26,0,18149,0.000000
22,27,0,18149,0.000000
22,28,455,18149,90.021644
22,29,0,18149,0.000000
22,30,0,18149,0.000000
22,31,0,18149,0.000000
22,32,0,18149,0.000000
22,33,0,18149,0.000000
22,34,453,18149,105.162350
22,35,0,18149,0.000000
22,36,581,18149,139.927689
22,37,0,18149,0.000000
22,38,0,18149,0.000000
22,39,0,18149,0.000000
22,40,0,18149,0.000000
22,41,0,18149,0.000000
22,42,0,18149,0.000000
22,43,0,18149,0.000000
22,44,196,18149,42.757947
22,45,0,18149,0.000000
22,46,0,18149,0.000000
22,47,0,18149,0.000000
22,48,1697,18149,371.657486
22,49,0,18149,0.000000
22,50,0,18149,0.000000
22,51,0,18149,0.000000
22,52,7,18149,0.937904
22,53,360,18149,78.738401
22,54,0,18149,0.000000
22,55,1265,18149,284.272005
22,56,0,18149,0.000000
22,57,0,18149,0.000000
22,58,0,18149,0.000000
22,59,0,18149,0.000000
22,60,0,18149,0.000000
22,61,0,18149,0.000000
22,62,0,18149,0.000000
22,63,0,18149,0.000000
22,64,0,18149,0.000000
22,65,4528,18149,1051.358635
22,66,0,18149,0.000000
22,67,0,18149,0.000000
22,68,0,18149,0.000000
22,69,746,18149,130.973639
22,70,0,18149,0.000000
22,71,0,18149,0.000000
22,72,0,18149,0.000000
22,73,0,18149,0.000000
22,74,330,18149,81.504662
22,75,0,18149,0.000000
22,76,0,18149,0.000000
22,77,0,18149,0.000000
22,78,973,18149,213.193979
22,79,0,18149,0.000000
22,80,0,18149,0.000000
22,81,304,18149,49.097182
22,82,0,18149,0.000000
22,83,0,18149,0.000000
22,84,125,18149,39.190584
22,85,0,18149,0.000000
22,86,0,18149,0.000000
22,87,390,18149,91.566439
22,88,0,18149,0.000000
22,89,0,18149,0.000000
22,90,0,18149,0.000000
22,91,0,18149,0.000000
22,92,0,18149,0.000000
22,93,0,18149,0.000000
22,94,0,18149,0.000000
22,95,0,18149,0.000000
22,96,0,18149,0.000000
22,97,0,18149,0.000000
22,98,0,18149,0.000000
22,99,0,18149,0.000000
22,100,0,18149,0.000000
22,101,0,18149,0.000000
22,102,0,18149,0.000000
22,103,0,18149,0.000000
22,104,0,18149,0.000000
22,105,0,18149,0.000000
22,106,0,18149,0.000000
22,107,350,18149,95.435293
22,108,0,18149,0.000000
22,109,0,18149,0.000000
22,110,0,18149,0.000000
22,111,0,18149,0.000000
22,112,627,18149,139.680100
22,113,0,18149,0.000000
22,114,647,18149,114.161607
22,115,0,18149,0.000000
22,116,0,18149,0.000000
22,117,708,18149,137.311916
22,118,115,18149,24.510265
22,119,0,18149,0.000000
22,120,1523,18149,349.667905
22,121,2859,18149,975.428804
22,122,0,18149,0.000000
22,123,0,18149,0.000000
22,124,0,18149,0.000000
22,125,574,18149,183.645546
22,126,0,18149,0.000000
22,127,0,18149,0.000000
22,128,0,18149,0.000000
22,129,0,18149,0.000000
22,130,0,18149,0.000000
22,131,611,18149,93.696981
22,132,0,18149,0.000000
22,133,653,18149,122.622669
22,134,0,18149,0.000000
22,135,0,18149,0.000000
22,136,0,18149,0.000000
22,137,0,18149,0.000000
22,138,0,18149,0.000000
22,139,0,18149,0.000000
22,140,1169,18149,222.003218
22,141,1126,18149,192.876597
22,142,0,18149,0.000000
22,143,0,18149,0.000000
22,144,0,18149,0.000000
22,145,0,18149,0.000000
22,146,0,18149,0.000000
22,147,0,18149,0.000000
22,148,0,18149,0.000000
22,149,0,18149,0.000000
22,150,1101,18149,244.460179
22,151,0,18149,0.000000
22,152,0,18149,0.000000
22,153,0,18149,0.000000
22,154,1458,18149,233.629451
22,155,423,18149,96.208358
22,156,829,18149,211.239968
22,157,726,18149,108.618624
22,158,171,18149,24.572047
22,159,0,18149,0.000000
22,160,0,18149,0.000000
22,161,0,18149,0.000000
22,162,0,18149,0.000000
22,163,0,18149,0.000000
22,164,0,18149,0.000000
22,165,0,18149,0.000000
22,166,0,18149,0.000000
22,167,0,18149,0.000000
22,168,0,18149,0.000000
22,169,0,18149,0.000000
22,170,0,18149,0.000000
22,171,0,18149,0.000000
22,172,0,18149,0.000000
22,173,0,18149,0.000000
22,174,0,18149,0.000000
22,175,0,18149,0.000000
22,176,0,18149,0.000000
22,177,0,18149,0.000000
22,178,0,18149,0.000000
22,179,0,18149,0.000000
22,180,0,18149,0.000000
22,181,281,18149,58.365947
22,182,0,18149,0.000000
22,183,0,18149,0.000000
22,184,4248,18149,1293.852263
22,185,0,18149,0.000000
22,186,0,18149,0.000000
22,187,0,18149,0.000000
22,188,0,18149,0.000000
22,189,0,18149,0.000000
22,190,0,18149,0.000000
22,191,0,18149,0.000000
22,192,0,18149,0.000000
22,193,0,18149,0.000000
22,194,0,18149,0.000000
22,195,0,18149,0.000000
22,196,0,18149,0.000000
22,197,0,18149,0.000000
22,198,0,18149,0.000000
22,199,0,18149,0.000000
22,200,918,18149,161.113290
22,201,0,18149,0.000000
22,202,0,18149,0.000000
22,203,880,18149,176.807263
22,204,0,18149,0.000000
22,205,0,18149,0.000000
22,206,0,18149,0.000000
22,207,511,18149,135.383210
22,208,744,18149,189.853222
22,209,875,18149,214.457650
22,210,1033,18149,245.197551
22,211,0,18149,0.000000
22,212,0,18149,0.000000
22,213,996,18149,194.835242
22,214,0,18149,0.000000
22,215,0,18149,0.000000
22,216,679,18149,180.742443
22,217,0,18149,0.000000
22,218,0,18149,0.000000
22,219,1239,18149,267.560967
22,220,0,18149,0.000000
22,221,0,18149,0.000000
22,222,0,18149,0.000000
22,223,0,18149,0.000000
22,224,0,18149,0.000000
22,225,0,18149,0.000000
22,226,0,18149,0.000000
22,227,0,18149,0.000000
22,228,1476,18149,383.416192
22,229,0,18149,0.000000
22,230,0,18149,0.000000
22,231,837,18149,200.262159
22,232,0,18149,0.000000
22,233,248,18149,59.862243
22,234,546,18149,106.817513
22,235,77,18149,14.912764
22,236,0,18149,0.000000
22,237,0,18149,0.000000
22,238,1755,18149,304.770239
22,239,376,18149,77.230293
22,240,0,18149,0.000000
22,241,0,18149,0.000000
22,242,0,18149,0.000000
22,243,0,18149,0.000000
22,244,875,18149,193.601470
22,245,0,18149,0.000000
22,246,0,18149,0.000000
22,247,0,18149,0.000000
22,248,0,18149,0.000000
22,249,0,18149,0.000000
22,250,0,18149,0.000000
22,251,0,18149,0.000000
22,252,0,18149,0.000000
22,253,0,18149,0.000000
22,254,0,18149,0.000000
22,255,0,18149,0.000000
22,256,0,18149,0.000000
22,257,0,18149,0.000000
22,258,2805,18149,743.669042
22,259,1361,18149,339.056640
22,260,0,18149,0.000000
22,261,0,18149,0.000000
22,262,0,18149,0.000000
22,263,0,18149,0.000000
22,264,0,18149,0.000000
22,265,0,18149,0.000000
22,266,0,18149,0.000000
22,267,1298,18149,261.054301
22,268,0,18149,0.000000
22,269,0,18149,0.000000
22,270,0,18149,0.000000
22,271,0,18149,0.000000
22,272,0,18149,0.000000
22,273,0,18149,0.000000
22,274,0,18149,0.000000
22,275,0,18149,0.000000
22,276,0,18149,0.000000
22,277,5796,18149,2062.857412
22,278,0,18149,0.000000
22,279,0,18149,0.000000
22,280,0,18149,0.000000
22,281,0,18149,0.000000
22,282,0,18149,0.000000
22,283,0,18149,0.000000
22,284,0,18149,0.000000
22,285,0,18149,0.000000
22,286,0,18149,0.000000
22,287,0,18149,0.000000
22,288,8945,18149,2538.842876
22,289,0,18149,0.000000
22,290,0,18149,0.000000
22,291,0,18149,0.000000
22,292,0,18149,0.000000
22,293,0,18149,0.000000
22,294,0,18149,0.000000
22,295,0,18149,0.000000
22,296,0,18149,0.000000
22,297,0,18149,0.000000
22,298,0,18149,0.000000
22,299,0,18149,0.000000
22,300,0,18149,0.000000
22,301,1057,18149,194.969169
22,302,69,18149,10.796604
22,303,0,18149,0.000000
22,304,0,18149,0.000000
22,305,0,18149,0.000000
22,306,0,18149,0.000000
22,307,0,18149,0.000000
22,308,0,18149,0.000000
22,309,0,18149,0.000000
22,310,0,18149,0.000000
22,311,0,18149,0.000000
22,312,0,18149,0.000000
22,313,1327,18149,268.861069
22,314,1607,18149,447.543682
22,315,0,18149,0.000000
22,316,0,18149,0.000000
22,317,396,18149,82.360836
22,318,728,18149,184.365232
22,319,0,18149,0.000000
22,320,0,18149,0.000000
22,321,1077,18149,260.522525
22,322,0,18149,0.000000
22,323,0,18149,0.000000
22,324,0,18149,0.000000
22,325,0,18149,0.000000
22,326,0,18149,0.000000
22,327,0,18149,0.000000
22,328,0,18149,0.000000
22,329,0,18149,0.000000
22,330,3912,18149,874.348286
22,331,0,18149,0.000000
22,332,0,18149,0.000000
22,333,1242,18149,303.792011
22,334,0,18149,0.000000
22,335,380,18149,88.392436
22,336,2258,18149,680.176576
22,337,0,18149,0.000000
22,338,449,18149,115.452240
22,339,0,18149,0.000000
22,340,0,18149,0.000000
22,341,0,18149,0.000000
22,342,842,18149,214.530865
22,343,0,18149,0.000000
22,344,0,18149,0.000000
22,345,0,18149,0.000000
22,346,0,18149,0.000000
22,347,0,18149,0.000000
22,348,0,18149,0.000000
22,349,0,18149,0.000000
22,350,0,18149,0.000000
22,351,1362,18149,235.489307
22,352,0,18149,0.000000
22,353,0,18149,0.000000
22,354,0,18149,0.000000
22,355,1276,18149,309.132885
22,356,0,18149,0.000000
22,357,0,18149,0.000000
22,358,0,18149,0.000000
22,359,0,18149,0.000000
22,360,0,18149,0.000000
22,361,0,18149,0.000000
22,362,875,18149,225.089453
22,363,1906,18149,351.295171
22,364,0,18149,0.000000
22,365,0,18149,0.000000
22,366,0,18149,0.000000
22,367,868,18149,248.558693
22,368,0,18149,0.000000
22,369,0,18149,0.000000
22,370,0,18149,0.000000
22,371,183,18149,36.472593
22,372,373,18149,77.339282
22,373,590,18149,113.269479
22,374,614,18149,123.512609
22,375,0,18149,0.000000
22,376,548,18149,112.341290
22,377,13887,18149,3924.687860
22,378,0,18149,0.000000
22,379,0,18149,0.000000
22,380,0,18149,0.000000
22,381,0,18149,0.000000
22,382,0,18149,0.000000
22,383,429,18149,82.494644
23,0,0,18149,0.000000
23,1,0,18149,0.000000
23,2,0,18149,0.000000
23,3,0,18149,0.000000
23,4,0,18149,0.000000
23,5,793,18149,156.388173
23,6,0,18149,0.000000
23,7,0,18149,0.000000
23,8,0,18149,0.000000
23,9,0,18149,0.000000
23,10,0,18149,0.000000
23,11,0,18149,0.000000
23,12,0,18149,0.000000
23,13,0,18149,0.000000
23,14,0,18149,0.000000
23,15,0,18149,0.000000
23,16,534,18149,70.926949
23,17,1124,18149,230.902061
23,18,0,18149,0.000000
23,19,0,18149,0.000000
23,20,0,18149,0.000000
23,21,0,18149,0.000000
23,22,0,18149,0.000000
23,23,2246,18149,445.265223
23,24,0,18149,0.000000
23,25,1532,18149,265.326875
23,26,0,18149,0.000000
23,27,0,18149,0.000000
23,28,0,18149,0.000000
23,29,456,18149,94.150910
23,30,519,18149,83.596290
23,31,0,18149,0.000000
23,32,0,18149,0.000000
23,33,0,18149,0.000000
23,34,0,18149,0.000000
23,35,0,18149,0.000000
23,36,0,18149,0.000000
23,37,0,18149,0.000000
23,38,0,18149,0.000000
23,39,0,18149,0.000000
23,40,0,18149,0.000000
23,41,0,18149,0.000000
23,42,0,18149,0.000000
23,43,0,18149,0.000000
23,44,0,18149,0.000000
23,45,0,18149,0.000000
23,46,1543,18149,286.925628
23,47,0,18149,0.000000
23,48,0,18149,0.000000
23,49,0,18149,0.000000
23,50,1069,18149,169.790032
23,51,0,18149,0.000000
23,52,0,18149,0.000000
23,53,0,18149,0.000000
23,54,850,18149,231.924691
23,55,773,18149,184.585403
23,56,582,18149,154.065999
23,57,0,18149,0.000000
23,58,0,18149,0.000000
23,59,0,18149,0.000000
23,60,718,18149,165.948411
23,61,0,18149,0.000000
23,62,0,18149,0.000000
23,63,0,18149,0.000000
23,64,0,18149,0.000000
23,65,1408,18149,298.967652
23,66,0,18149,0.000000
23,67,777,18149,175.785280
23,68,436,18149,99.011042
23,69,0,18149,0.000000
23,70,0,18149,0.000000
23,71,0,18149,0.000000
23,72,0,18149,0.000000
23,73,0,18149,0.000000
23,74,0,18149,0.000000
23,75,0,18149,0.000000
23,76,697,18149,201.695841
23,77,0,18149,0.000000
23,78,0,18149,0.000000
23,79,538,18149,135.321252
23,80,0,18149,0.000000
23,81,4712,18149,1165.734567
23,82,0,18149,0.000000
23,83,0,18149,0.000000
23,84,0,18149,0.000000
23,85,0,18149,0.000000
23,86,0,18149,0.000000
23,87,0,18149,0.000000
23,88,411,18149,117.870409
23,89,0,18149,0.000000
23,90,670,18149,94.897499
23,91,0,18149,0.000000
23,92,0,18149,0.000000
23,93,720,18149,166.080004
23,94,0,18149,0.000000
23,95,980,18149,245.850871
23,96,0,18149,0.000000
23,97,1215,18149,181.885748
23,98,0,18149,0.000000
23,99,0,18149,0.000000
23,100,0,18149,0.000000
23,101,0,18149,0.000000
23,102,0,18149,0.000000
23,103,342,18149,63.931400
23,104,0,18149,0.000000
23,105,0,18149,0.000000
23,106,0,18149,0.000000
23,107,0,18149,0.000000
23,108,0,18149,0.000000
23,109,0,18149,0.000000
23,110,0,18149,0.000000
23,111,776,18149,145.548704
23,112,0,18149,0.000000
23,113,0,18149,0.000000
23,114,0,18149,0.000000
23,115,0,18149,0.000000
23,116,808,18149,180.459807
23,117,0,18149,0.000000
23,118,0,18149,0.000000
23,119,403,18149,97.160400
23,120,0,18149,0.000000
23,121,0,18149,0.000000
23,122,0,18149,0.000000
23,123,0,18149,0.000000
23,124,0,18149,0.000000
23,125,0,18149,0.000000
23,126,0,18149,0.000000
23,127,331,18149,61.624010
23,128,0,18149,0.000000
23,129,0,18149,0.000000
23,130,0,18149,0.000000
23,131,333,18149,77.343231
23,132,0,18149,0.000000
23,133,0,18149,0.000000
23,134,0,18149,0.000000
23,135,0,18149,0.000000
23,136,0,18149,0.000000
23,137,0,18149,0.000000
23,138,0,18149,0.000000
23,139,0,18149,0.000000
23,140,783,18149,345.307225
23,141,0,18149,0.000000
23,142,0,18149,0.000000
23,143,754,18149,184.409141
23,144,0,18149,0.000000
23,145,0,18149,0.000000
23,146,351,18149,99.400898
23,147,1048,18149,164.469325
23,148,0,18149,0.000000
23,149,235,18149,63.165135
23,150,1300,18149,374.257513
23,151,0,18149,0.000000
23,152,197,18149,30.244427
23,153,0,18149,0.000000
23,154,0,18149,0.000000
23,155,1294,18149,346.396502
23,156,0,18149,0.000000
23,157,491,18149,111.793839
23,158,0,18149,0.000000
23,159,790,18149,206.600376
23,160,2477,18149,557.292372
23,161,0,18149,0.000000
23,162,1177,18149,288.239383
23,163,678,18149,129.972449
23,164,0,18149,0.000000
23,165,1814,18149,389.968585
23,166,0,18149,0.000000
23,167,427,18149,95.652306
23,168,0,18149,0.000000
23,169,0,18149,0.000000
23,170,1149,18149,293.450779
23,171,14575,18149,6131.548819
23,172,0,18149,0.000000
23,173,0,18149,0.000000
23,174,0,18149,0.000000
23,175,0,18149,0.000000
23,176,0,18149,0.000000
23,177,6289,18149,974.803396
23,178,0,18149,0.000000
23,179,1048,18149,203.971749
23,180,0,18149,0.000000
23,181,0,18149,0.000000
23,182,0,18149,0.000000
23,183,0,18149,0.000000
23,184,0,18149,0.000000
23,185,0,18149,0.000000
23,186,0,18149,0.000000
23,187,0,18149,0.000000
23,188,2342,18149,564.763020
23,189,323,18149,59.455262
23,190,1748,18149,394.954430
23,191,0,18149,0.000000
23,192,0,18149,0.000000
23,193,0,18149,0.000000
23,194,0,18149,0.000000
23,195,0,18149,0.000000
23,196,565,18149,396.614298
23,197,0,18149,0.000000
23,198,0,18149,0.000000
23,199,0,18149,0.000000
23,200,0,18149,0.000000
23,201,0,18149,0.000000
23,202,0,18149,0.000000
23,203,0,18149,0.000000
23,204,0,18149,0.000000
23,205,604,18149,113.307261
23,206,0,18149,0.000000
23,207,0,18149,0.000000
23,208,0,18149,0.000000
23,209,769,18149,165.613379
23,210,0,18149,0.000000
23,211,0,18149,0.000000
23,212,0,18149,0.000000
23,213,0,18149,0.000000
23,214,0,18149,0.000000
23,215,0,18149,0.000000
23,216,182,18149,42.903427
23,217,0,18149,0.000000
23,218,0,18149,0.000000
23,219,112,18149,17.948336
23,220,0,18149,0.000000
23,221,0,18149,0.000000
23,222,0,18149,0.000000
23,223,0,18149,0.000000
23,224,602,18149,99.292023
23,225,1164,18149,296.523908
23,226,0,18149,0.000000
23,227,0,18149,0.000000
23,228,0,18149,0.000000
23,229,0,18149,0.000000
23,230,0,18149,0.000000
23,231,0,18149,0.000000
23,232,0,18149,0.000000
23,233,0,18149,0.000000
23,234,0,18149,0.000000
23,235,0,18149,0.000000
23,236,0,18149,0.000000
23,237,0,18149,0.000000
23,238,0,18149,0.000000
23,239,0,18149,0.000000
23,240,0,18149,0.000000
23,241,0,18149,0.000000
23,242,0,18149,0.000000
23,243,371,18149,82.853170
23,244,0,18149,0.000000
23,245,0,18149,0.000000
23,246,0,18149,0.000000
23,247,0,18149,0.000000
23,248,0,18149,0.000000
23,249,0,18149,0.000000
23,250,0,18149,0.000000
23,251,772,18149,173.390265
23,252,0,18149,0.000000
23,253,0,18149,0.000000
23,254,0,18149,0.000000
23,255,0,18149,0.000000
23,256,0,18149,0.000000
23,257,0,18149,0.000000
23,258,837,18149,181.902067
23,259,0,18149,0.000000
23,260,0,18149,0.000000
23,261,0,18149,0.000000
23,262,0,18149,0.000000
23,263,1282,18149,253.662549
23,264,0,18149,0.000000
23,265,0,18149,0.000000
23,266,226,18149,46.103811
23,267,0,18149,0.000000
23,268,755,18149,394.206976
23,269,0,18149,0.000000
23,270,0,18149,0.000000
23,271,206,18149,40.823702
23,272,0,18149,0.000000
23,273,1653,18149,224.256433
23,274,765,18149,116.274408
23,275,0,18149,0.000000
23,276,0,18149,0.000000
23,277,583,18149,137.806567
23,278,0,18149,0.000000
23,279,121,18149,35.357586
23,280,0,18149,0.000000
23,281,0,18149,0.000000
23,282,0,18149,0.000000
23,283,741,18149,142.948507
23,284,0,18149,0.000000
23,285,0,18149,0.000000
23,286,0,18149,0.000000
23,287,0,18149,0.000000
23,288,0,18149,0.000000
23,289,0,18149,0.000000
23,290,0,18149,0.000000
23,291,277,18149,104.106077
23,292,37,18149,4.553310
23,293,0,18149,0.000000
23,294,0,18149,0.000000
23,295,0,18149,0.000000
23,296,0,18149,0.000000
23,297,0,18149,0.000000
23,298,0,18149,0.000000
23,299,0,18149,0.000000
23,300,0,18149,0.000000
23,301,0,18149,0.000000
23,302,0,18149,0.000000
23,303,0,18149,0.000000
23,304,0,18149,0.000000
23,305,0,18149,0.000000
23,306,0,18149,0.000000
23,307,0,18149,0.000000
23,308,0,18149,0.000000
23,309,0,18149,0.000000
23,310,0,18149,0.000000
23,311,0,18149,0.000000
23,312,214,18149,42.884286
23,313,0,18149,0.000000
23,314,0,18149,0.000000
23,315,0,18149,0.000000
23,316,0,18149,0.000000
23,317,1122,18149,260.192272
23,318,0,18149,0.000000
23,319,0,18149,0.000000
23,320,1717,18149,299.693921
23,321,0,18149,0.000000
23,322,0,18149,0.000000
23,323,0,18149,0.000000
23,324,0,18149,0.000000
23,325,0,18149,0.000000
23,326,0,18149,0.000000
23,327,0,18149,0.000000
23,328,0,18149,0.000000
23,329,412,18149,85.404005
23,330,0,18149,0.000000
23,331,307,18149,77.742923
23,332,0,18149,0.000000
23,333,0,18149,0.000000
23,334,0,18149,0.000000
23,335,0,18149,0.000000
23,336,2371,18149,525.610391
23,337,0,18149,0.000000
23,338,0,18149,0.000000
23,339,0,18149,0.000000
23,340,0,18149,0.000000
23,341,0,18149,0.000000
23,342,0,18149,0.000000
23,343,0,18149,0.000000
23,344,485,18149,103.079503
23,345,0,18149,0.000000
23,346,0,18149,0.000000
23,347,0,18149,0.000000
23,348,1808,18149,383.891008
23,349,0,18149,0.000000
23,350,0,18149,0.000000
23,351,0,18149,0.000000
23,352,0,18149,0.000000
23,353,0,18149,0.000000
23,354,0,18149,0.000000
23,355,734,18149,166.297201
23,356,1402,18149,217.655074
23,357,636,18149,159.223159
23,358,810,18149,130.616333
23,359,0,18149,0.000000
23,360,0,18149,0.000000
23,361,0,18149,0.000000
23,362,0,18149,0.000000
23,363,0,18149,0.000000
23,364,999,18149,263.656530
23,365,0,18149,0.000000
23,366,2670,18149,430.929378
23,367,0,18149,0.000000
23,368,933,18149,248.915585
23,369,0,18149,0.000000
23,370,0,18149,0.000000
23,371,0,18149,0.000000
23,372,0,18149,0.000000
23,373,4862,18149,1344.132172
23,374,3912,18149,1034.398008
23,375,0,18149,0.000000
23,376,0,18149,0.000000
23,377,0,18149,0.000000
23,378,1290,18149,319.648963
23,379,0,18149,0.000000
23,380,0,18149,0.000000
23,381,0,18149,0.000000
23,382,0,18149,0.000000
23,383,0,18149,0.000000
24,0,993,18149,263.667471
24,1,0,18149,0.000000
24,2,1354,18149,315.032261
24,3,0,18149,0.000000
24,4,0,18149,0.000000
24,5,0,18149,0.000000
24,6,835,18149,222.406377
24,7,0,18149,0.000000
24,8,0,18149,0.000000
24,9,0,18149,0.000000
24,10,3672,18149,773.543647
24,11,0,18149,0.000000
24,12,599,18149,228.021163
24,13,0,18149,0.000000
24,14,0,18149,0.000000
24,15,0,18149,0.000000
24,16,0,18149,0.000000
24,17,0,18149,0.000000
24,18,0,18149,0.000000
24,19,748,18149,145.584621
24,20,0,18149,0.000000
24,21,0,18149,0.000000
24,22,1006,18149,205.192926
24,23,0,18149,0.000000
24,24,654,18149,122.346641
24,25,0,18149,0.000000
24,26,0,18149,0.000000
24,27,0,18149,0.000000
24,28,1650,18149,403.814991
24,29,0,18149,0.000000
24,30,0,18149,0.000000
24,31,0,18149,0.000000
24,32,0,18149,0.000000
24,33,0,18149,0.000000
24,34,0,18149,0.000000
24,35,0,18149,0.000000
24,36,0,18149,0.000000
24,37,0,18149,0.000000
24,38,5175,18149,1273.338424
24,39,307,18149,64.342272
24,40,0,18149,0.000000
24,41,434,18149,93.285667
24,42,0,18149,0.000000
24,43,0,18149,0.000000
24,44,0,18149,0.000000
24,45,746,18149,157.196396
24,46,0,18149,0.000000
24,47,363,18149,65.154861
24,48,306,18149,57.398574
24,49,0,18149,0.000000
24,50,0,18149,0.000000
24,51,0,18149,0.000000
24,52,0,18149,0.000000
24,53,388,18149,109.877424
24,54,0,18149,0.000000
24,55,0,18149,0.000000
24,56,0,18149,0.000000
24,57,975,18149,234.298787
24,58,0,18149,0.000000
24,59,0,18149,0.000000
24,60,2067,18149,634.517999
24,61,0,18149,0.000000
24,62,0,18149,0.000000
24,63,733,18149,175.907016
24,64,0,18149,0.000000
24,65,0,18149,0.000000
24,66,93,18149,17.807821
24,67,659,18149,125.862603
24,68,0,18149,0.000000
24,69,0,18149,0.000000
24,70,581,18149,228.936037
24,71,0,18149,0.000000
24,72,897,18149,165.418747
24,73,1475,18149,330.609296
24,74,0,18149,0.000000
24,75,0,18149,0.000000
24,76,0,18149,0.000000
24,77,0,18149,0.000000
24,78,0,18149,0.000000
24,79,0,18149,0.000000
24,80,0,18149,0.000000
24,81,0,18149,0.000000
24,82,0,18149,0.000000
24,83,739,18149,223.961115
24,84,1210,18149,311.335578
24,85,0,18149,0.000000
24,86,0,18149,0.000000
24,87,0,18149,0.000000
24,88,0,18149,0.000000
24,89,0,18149,0.000000
24,90,0,18149,0.000000
24,91,0,18149,0.000000
24,92,0,18149,0.000000
24,93,0,18149,0.000000
24,94,0,18149,0.000000
24,95,0,18149,0.000000
24,96,576,18149,116.732416
24,97,910,18149,269.038434
24,98,1348,18149,345.624317
24,99,0,18149,0.000000
24,100,0,18149,0.000000
24,101,0,18149,0.000000
24,102,0,18149,0.000000
24,103,1648,18149,440.627559
24,104,0,18149,0.000000
24,105,0,18149,0.000000
24,106,0,18149,0.000000
24,107,2593,18149,455.464370
24,108,0,18149,0.000000
24,109,0,18149,0.000000
24,110,0,18149,0.000000
24,111,0,18149,0.000000
24,112,0,18149,0.000000
24,113,0,18149,0.000000
24,114,0,18149,0.000000
24,115,0,18149,0.000000
24,116,1267,18149,406.696156
24,117,0,18149,0.000000
24,118,0,18149,0.000000
24,119,0,18149,0.000000
24,120,0,18149,0.000000
24,121,0,18149,0.000000
24,122,0,18149,0.000000
24,123,0,18149,0.000000
24,124,0,18149,0.000000
24,125,0,18149,0.000000
24,126,0,18149,0.000000
24,127,585,18149,88.341300
24,128,0,18149,0.000000
24,129,0,18149,0.000000
24,130,814,18149,176.913710
24,131,0,18149,0.000000
24,132,0,18149,0.000000
24,133,0,18149,0.000000
24,134,0,18149,0.000000
24,135,0,18149,0.000000
24,136,0,18149,0.000000
24,137,0,18149,0.000000
24,138,0,18149,0.000000
24,139,1111,18149,263.364257
24,140,4672,18149,1258.949569
24,141,0,18149,0.000000
24,142,0,18149,0.000000
24,143,541,18149,103.277773
24,144,0,18149,0.000000
24,145,0,18149,0.000000
24,146,797,18149,229.839541
24,147,1330,18149,366.400461
24,148,0,18149,0.000000
24,149,0,18149,0.000000
24,150,0,18149,0.000000
24,151,0,18149,0.000000
24,152,0,18149,0.000000
24,153,0,18149,0.000000
24,154,0,18149,0.000000
24,155,0,18149,0.000000
24,156,0,18149,0.000000
24,157,0,18149,0.000000
24,158,3368,18149,743.498027
24,159,0,18149,0.000000
24,160,693,18149,229.421086
24,161,598,18149,124.190596
24,162,0,18149,0.000000
24,163,0,18149,0.000000
24,164,554,18149,153.593832
24,165,530,18149,122.521734
24,166,554,18149,151.768849
24,167,510,18149,118.247595
24,168,1056,18149,208.749887
24,169,0,18149,0.000000
24,170,0,18149,0.000000
24,171,1741,18149,388.025098
24,172,0,18149,0.000000
24,173,4254,18149,1095.052602
24,174,0,18149,0.000000
24,175,0,18149,0.000000
24,176,438,18149,130.249332
24,177,0,18149,0.000000
24,178,457,18149,102.646807
24,179,0,18149,0.000000
24,180,0,18149,0.000000
24,181,852,18149,169.790773
24,182,0,18149,0.000000
24,183,294,18149,88.517460
24,184,0,18149,0.000000
24,185,881,18149,283.144180
24,186,0,18149,0.000000
24,187,4149,18149,1088.177963
24,188,0,18149,0.000000
24,189,417,18149,92.795181
24,190,1056,18149,260.837406
24,191,0,18149,0.000000
24,192,0,18149,0.000000
24,193,0,18149,0.000000
24,194,0,18149,0.000000
24,195,0,18149,0.000000
24,196,590,18149,139.819563
24,197,0,18149,0.000000
24,198,0,18149,0.000000
24,199,0,18149,0.000000
24,200,0,18149,0.000000
24,201,0,18149,0.000000
24,202,699,18149,160.230055
24,203,797,18149,189.604851
24,204,0,18149,0.000000
24,205,0,18149,0.000000
24,206,0,18149,0.000000
24,207,0,18149,0.000000
24,208,0,18149,0.000000
24,209,0,18149,0.000000
24,210,0,18149,0.000000
24,211,0,18149,0.000000
24,212,1361,18149,415.330670
24,213,543,18149,144.744113
24,214,0,18149,0.000000
24,215,0,18149,0.000000
24,216,0,18149,0.000000
24,217,0,18149,0.000000
24,218,1200,18149,280.942614
24,219,0,18149,0.000000
24,220,0,18149,0.000000
24,221,0,18149,0.000000
24,222,0,18149,0.000000
24,223,371,18149,120.143933
24,224,0,18149,0.000000
24,225,1607,18149,301.088442
24,226,0,18149,0.000000
24,227,0,18149,0.000000
24,228,0,18149,0.000000
24,229,0,18149,0.000000
24,230,0,18149,0.000000
24,231,695,18149,136.041615
24,232,349,18149,66.397579
24,233,0,18149,0.000000
24,234,0,18149,0.000000
24,235,0,18149,0.000000
24,236,0,18149,0.000000
24,237,4526,18149,841.566649
24,238,3414,18149,1054.970850
24,239,0,18149,0.000000
24,240,0,18149,0.000000
24,241,0,18149,0.000000
24,242,0,18149,0.000000
24,243,0,18149,0.000000
24,244,572,18149,140.056879
24,245,0,18149,0.000000
24,246,0,18149,0.000000
24,247,0,18149,0.000000
24,248,0,18149,0.000000
24,249,48,18149,8.052091
24,250,0,18149,0.000000
24,251,0,18149,0.000000
24,252,474,18149,116.900803
24,253,370,18149,74.075363
24,254,0,18149,0.000000
24,255,0,18149,0.000000
24,256,1175,18149,284.249663
24,257,0,18149,0.000000
24,258,1170,18149,264.989477
24,259,0,18149,0.000000
24,260,0,18149,0.000000
24,261,0,18149,0.000000
24,262,0,18149,0.000000
24,263,0,18149,0.000000
24,264,0,18149,0.000000
24,265,0,18149,0.000000
24,266,0,18149,0.000000
24,267,0,18149,0.000000
24,268,0,18149,0.000000
24,269,0,18149,0.000000
24,270,0,18149,0.000000
24,271,0,18149,0.000000
24,272,0,18149,0.000000
24,273,1168,18149,203.261667
24,274,0,18149,0.000000
24,275,0,18149,0.000000
24,276,0,18149,0.000000
24,277,0,18149,0.000000
24,278,199,18149,44.490456
24,279,0,18149,0.000000
24,280,0,18149,0.000000
24,281,0,18149,0.000000
24,282,1218,18149,300.313508
24,283,132,18149,26.933543
24,284,849,18149,251.832096
24,285,0,18149,0.000000
24,286,0,18149,0.000000
24,287,0,18149,0.000000
24,288,0,18149,0.000000
24,289,0,18149,0.000000
24,290,0,18149,0.000000
24,291,0,18149,0.000000
24,292,0,18149,0.000000
24,293,0,18149,0.000000
24,294,0,18149,0.000000
24,295,0,18149,0.000000
24,296,0,18149,0.000000
24,297,0,18149,0.000000
24,298,0,18149,0.000000
24,299,0,18149,0.000000
24,300,0,18149,0.000000
24,301,0,18149,0.000000
24,302,0,18149,0.000000
24,303,0,18149,0.000000
24,304,0,18149,0.000000
24,305,0,18149,0.000000
24,306,0,18149,0.000000
24,307,0,18149,0.000000
24,308,2313,18149,663.192742
24,309,0,18149,0.000000
24,310,0,18149,0.000000
24,311,0,18149,0.000000
24,312,0,18149,0.000000
24,313,0,18149,0.000000
24,314,353,18149,87.701688
24,315,0,18149,0.000000
24,316,0,18149,0.000000
24,317,0,18149,0.000000
24,318,0,18149,0.000000
24,319,0,18149,0.000000
24,320,0,18149,0.000000
24,321,0,18149,0.000000
24,322,0,18149,0.000000
24,323,0,18149,0.000000
24,324,0,18149,0.000000
24,325,0,18149,0.000000
24,326,421,18149,107.082349
24,327,0,18149,0.000000
24,328,0,18149,0.000000
24,329,0,18149,0.000000
24,330,0,18149,0.000000
24,331,0,18149,0.000000
24,332,50,18149,8.656618
24,333,0,18149,0.000000
24,334,0,18149,0.000000
24,335,0,18149,0.000000
24,336,0,18149,0.000000
24,337,2458,18149,610.063533
24,338,161,18149,30.618540
24,339,475,18149,355.312029
24,340,0,18149,0.000000
24,341,0,18149,0.000000
24,342,0,18149,0.000000
24,343,0,18149,0.000000
24,344,0,18149,0.000000
24,345,661,18149,142.291362
24,346,688,18149,191.569945
24,347,0,18149,0.000000
24,348,1050,18149,299.290638
24,349,0,18149,0.000000
24,350,0,18149,0.000000
24,351,0,18149,0.000000
24,352,0,18149,0.000000
24,353,348,18149,87.667282
24,354,0,18149,0.000000
24,355,0,18149,0.000000
24,356,0,18149,0.000000
24,357,0,18149,0.000000
24,358,0,18149,0.000000
24,359,0,18149,0.000000
24,360,0,18149,0.000000
24,361,0,18149,0.000000
24,362,0,18149,0.000000
24,363,0,18149,0.000000
24,364,0,18149,0.000000
24,365,0,18149,0.000000
24,366,0,18149,0.000000
24,367,268,18149,97.513609
24,368,0,18149,0.000000
24,369,1097,18149,214.233565
24,370,0,18149,0.000000
24,371,0,18149,0.000000
24,372,1221,18149,334.205593
24,373,0,18149,0.000000
24,374,0,18149,0.000000
24,375,0,18149,0.000000
24,376,0,18149,0.000000
24,377,0,18149,0.000000
24,378,0,18149,0.000000
24,379,0,18149,0.000000
24,380,3538,18149,1106.982375
24,381,0,18149,0.000000
24,382,0,18149,0.000000
24,383,1012,18149,299.724771
25,0,0,18149,0.000000
25,1,0,18149,0.000000
25,2,0,18149,0.000000
25,3,0,18149,0.000000
25,4,0,18149,0.000000
25,5,2721,18149,671.181138
25,6,0,18149,0.000000
25,7,541,18149,107.178073
25,8,0,18149,0.000000
25,9,0,18149,0.000000
25,10,0,18149,0.000000
25,11,186,18149,36.470551
25,12,0,18149,0.000000
25,13,0,18149,0.000000
25,14,0,18149,0.000000
25,15,0,18149,0.000000
25,16,446,18149,75.207924
25,17,0,18149,0.000000
25,18,723,18149,156.839826
25,19,0,18149,0.000000
25,20,1498,18149,253.499829
25,21,1457,18149,401.828940
25,22,0,18149,0.000000
25,23,0,18149,0.000000
25,24,0,18149,0.000000
25,25,0,18149,0.000000
25,26,0,18149,0.000000
25,27,0,18149,0.000000
25,28,0,18149,0.000000
25,29,311,18149,65.465960
25,30,0,18149,0.000000
25,31,0,18149,0.000000
25,32,0,18149,0.000000
25,33,0,18149,0.000000
25,34,0,18149,0.000000
25,35,0,18149,0.000000
25,36,0,18149,0.000000
25,37,908,18149,202.001090
25,38,0,18149,0.000000
25,39,0,18149,0.000000
25,40,0,18149,0.000000
25,41,0,18149,0.000000
25,42,3340,18149,796.450644
25,43,0,18149,0.000000
25,44,0,18149,0.000000
25,45,0,18149,0.000000
25,46,0,18149,0.000000
25,47,0,18149,0.000000
25,48,0,18149,0.000000
25,49,0,18149,0.000000
25,50,0,18149,0.000000
25,51,0,18149,0.000000
25,52,0,18149,0.000000
25,53,0,18149,0.000000
25,54,0,18149,0.000000
25,55,768,18149,158.735557
25,56,0,18149,0.000000
25,57,0,18149,0.000000
25,58,684,18149,136.332901
25,59,0,18149,0.000000
25,60,0,18149,0.000000
25,61,0,18149,0.000000
25,62,318,18149,67.958887
25,63,0,18149,0.000000
25,64,2672,18149,610.652042
25,65,0,18149,0.000000
25,66,0,18149,0.000000
25,67,91,18149,14.756092
25,68,0,18149,0.000000
25,69,0,18149,0.000000
25,70,0,18149,0.000000
25,71,0,18149,0.000000
25,72,0,18149,0.000000
25,73,0,18149,0.000000
25,74,0,18149,0.000000
25,75,1611,18149,388.858178
25,76,0,18149,0.000000
25,77,0,18149,0.000000
25,78,0,18149,0.000000
25,79,0,18149,0.000000
25,80,0,18149,0.000000
25,81,0,18149,0.000000
25,82,713,18149,142.000249
25,83,1616,18149,380.559204
25,84,0,18149,0.000000
25,85,0,18149,0.000000
25,86,0,18149,0.000000
25,87,0,18149,0.000000
25,88,0,18149,0.000000
25,89,0,18149,0.000000
25,90,0,18149,0.000000
25,91,0,18149,0.000000
25,92,119,18149,16.115341
25,93,0,18149,0.000000
25,94,2058,18149,368.528466
25,95,0,18149,0.000000
25,96,0,18149,0.000000
25,97,0,18149,0.000000
25,98,0,18149,0.000000
25,99,0,18149,0.000000
25,100,0,18149,0.000000
25,101,0,18149,0.000000
25,102,0,18149,0.000000
25,103,1653,18149,267.293692
25,104,0,18149,0.000000
25,105,1039,18149,193.779433
25,106,136,18149,19.426899
25,107,0,18149,0.000000
25,108,0,18149,0.000000
25,109,0,18149,0.000000
25,110,0,18149,0.000000
25,111,864,18149,221.639952
25,112,0,18149,0.000000
25,113,0,18149,0.000000
25,114,0,18149,0.000000
25,115,0,18149,0.000000
25,116,0,18149,0.000000
25,117,0,18149,0.000000
25,118,0,18149,0.000000
25,119,758,18149,193.453203
25,120,1046,18149,165.763572
25,121,731,18149,153.635043
25,122,4337,18149,632.780334
25,123,0,18149,0.000000
25,124,0,18149,0.000000
25,125,0,18149,0.000000
25,126,0,18149,0.000000
25,127,0,18149,0.000000
25,128,170,18149,41.890366
25,129,0,18149,0.000000
25,130,1633,18149,290.262944
25,131,0,18149,0.000000
25,132,0,18149,0.000000
25,133,0,18149,0.000000
25,134,443,18149,70.581654
25,135,0,18149,0.000000
25,136,0,18149,0.000000
25,137,0,18149,0.000000
25,138,0,18149,0.000000
25,139,0,18149,0.000000
25,140,0,18149,0.000000
25,141,0,18149,0.000000
25,142,0,18149,0.000000
25,143,0,18149,0.000000
25,144,0,18149,0.000000
25,145,0,18149,0.000000
25,146,0,18149,0.000000
25,147,0,18149,0.000000
25,148,0,18149,0.000000
25,149,0,18149,0.000000
25,150,0,18149,0.000000
25,151,0,18149,0.000000
25,152,0,18149,0.000000
25,153,0,18149,0.000000
25,154,0,18149,0.000000
25,155,0,18149,0.000000
25,156,679,18149,145.147908
25,157,0,18149,0.000000
25,158,0,18149,0.000000
25,159,0,18149,0.000000
25,160,0,18149,0.000000
25,161,0,18149,0.000000
25,162,0,18149,0.000000
25,163,0,18149,0.000000
25,164,28,18149,4.118540
25,165,0,18149,0.000000
25,166,0,18149,0.000000
25,167,0,18149,0.000000
25,168,0,18149,0.000000
25,169,0,18149,0.000000
25,170,0,18149,0.000000
25,171,0,18149,0.000000
25,172,0,18149,0.000000
25,173,0,18149,0.000000
25,174,0,18149,0.000000
25,175,0,18149,0.000000
25,176,2431,18149,649.832679
25,177,670,18149,153.869642
25,178,421,18149,115.445564
25,179,0,18149,0.000000
25,180,903,18149,178.689402
25,181,0,18149,0.000000
25,182,0,18149,0.000000
25,183,0,18149,0.000000
25,184,0,18149,0.000000
25,185,0,18149,0.000000
25,186,0,18149,0.000000
25,187,0,18149,0.000000
25,188,0,18149,0.000000
25,189,0,18149,0.000000
25,190,0,18149,0.000000
25,191,0,18149,0.000000
25,192,0,18149,0.000000
25,193,1288,18149,352.918203
25,194,0,18149,0.000000
25,195,0,18149,0.000000
25,196,0,18149,0.000000
25,197,0,18149,0.000000
25,198,0,18149,0.000000
25,199,0,18149,0.000000
25,200,0,18149,0.000000
25,201,0,18149,0.000000
25,202,0,18149,0.000000
25,203,0,18149,0.000000
25,204,0,18149,0.000000
25,205,0,18149,0.000000
25,206,1023,18149,225.253128
25,207,0,18149,0.000000
25,208,1081,18149,333.275130
25,209,0,18149,0.000000
25,210,0,18149,0.000000
25,211,2913,18149,779.216487
25,212,0,18149,0.000000
25,213,4477,18149,1110.933380
25,214,0,18149,0.000000
25,215,0,18149,0.000000
25,216,25,18149,2.413887
25,217,0,18149,0.000000
25,218,0,18149,0.000000
25,219,0,18149,0.000000
25,220,43,18149,7.263454
25,221,0,18149,0.000000
25,222,0,18149,0.000000
25,223,0,18149,0.000000
25,224,0,18149,0.000000
25,225,0,18149,0.000000
25,226,0,18149,0.000000
25,227,0,18149,0.000000
25,228,0,18149,0.000000
25,229,0,18149,0.000000
25,230,0,18149,0.000000
25,231,412,18149,98.863273
25,232,1146,18149,333.170743
25,233,338,18149,94.604040
25,234,759,18149,143.908600
25,235,1079,18149,236.414522
25,236,0,18149,0.000000
25,237,145,18149,37.020363
25,238,4141,18149,1044.171556
25,239,1930,18149,451.715263
25,240,0,18149,0.000000
25,241,0,18149,0.000000
25,242,1791,18149,228.610049
25,243,0,18149,0.000000
25,244,1457,18149,490.298022
25,245,0,18149,0.000000
25,246,0,18149,0.000000
25,247,0,18149,0.000000
25,248,0,18149,0.000000
25,249,0,18149,0.000000
25,250,0,18149,0.000000
25,251,2652,18149,418.336135
25,252,0,18149,0.000000
25,253,572,18149,120.118355
25,254,0,18149,0.000000
25,255,3805,18149,876.378245
25,256,0,18149,0.000000
25,257,0,18149,0.000000
25,258,0,18149,0.000000
25,259,0,18149,0.000000
25,260,2271,18149,454.036322
25,261,0,18149,0.000000
25,262,0,18149,0.000000
25,263,0,18149,0.000000
25,264,0,18149,0.000000
25,265,0,18149,0.000000
25,266,0,18149,0.000000
25,267,0,18149,0.000000
25,268,0,18149,0.000000
25,269,0,18149,0.000000
25,270,0,18149,0.000000
25,271,0,18149,0.000000
25,272,2397,18149,661.992710
25,273,0,18149,0.000000
25,274,0,18149,0.000000
25,275,0,18149,0.000000
25,276,0,18149,0.000000
25,277,0,18149,0.000000
25,278,0,18149,0.000000
25,279,0,18149,0.000000
25,280,0,18149,0.000000
25,281,0,18149,0.000000
25,282,0,18149,0.000000
25,283,0,18149,0.000000
25,284,0,18149,0.000000
25,285,0,18149,0.000000
25,286,0,18149,0.000000
25,287,0,18149,0.000000
25,288,0,18149,0.000000
25,289,0,18149,0.000000
25,290,635,18149,116.172789
25,291,0,18149,0.000000
25,292,0,18149,0.000000
25,293,1052,18149,274.653927
25,294,0,18149,0.000000
25,295,0,18149,0.000000
25,296,0,18149,0.000000
25,297,0,18149,0.000000
25,298,0,18149,0.000000
25,299,0,18149,0.000000
25,300,668,18149,137.492890
25,301,426,18149,91.256250
25,302,0,18149,0.000000
25,303,0,18149,0.000000
25,304,0,18149,0.000000
25,305,0,18149,0.000000
25,306,0,18149,0.000000
25,307,0,18149,0.000000
25,308,0,18149,0.000000
25,309,737,18149,157.474931
25,310,0,18149,0.000000
25,311,2026,18149,519.426200
25,312,0,18149,0.000000
25,313,0,18149,0.000000
25,314,0,18149,0.000000
25,315,0,18149,0.000000
25,316,0,18149,0.000000
25,317,0,18149,0.000000
25,318,0,18149,0.000000
25,319,0,18149,0.000000
25,320,0,18149,0.000000
25,321,1002,18149,324.033263
25,322,0,18149,0.000000
25,323,2598,18149,609.833441
25,324,0,18149,0.000000
25,325,0,18149,0.000000
25,326,0,18149,0.000000
25,327,0,18149,0.000000
25,328,355,18149,95.202461
25,329,0,18149,0.000000
25,330,965,18149,194.998809
25,331,372,18149,72.120358
25,332,0,18149,0.000000
25,333,0,18149,0.000000
25,334,0,18149,0.000000
25,335,0,18149,0.000000
25,336,0,18149,0.000000
25,337,189,18149,51.200200
25,338,0,18149,0.000000
25,339,0,18149,0.000000
25,340,0,18149,0.000000
25,341,0,18149,0.000000
25,342,0,18149,0.000000
25,343,0,18149,0.000000
25,344,467,18149,91.262681
25,345,0,18149,0.000000
25,346,0,18149,0.000000
25,347,582,18149,133.209613
25,348,742,18149,162.034101
25,349,695,18149,208.082812
25,350,0,18149,0.000000
25,351,0,18149,0.000000
25,352,0,18149,0.000000
25,353,0,18149,0.000000
25,354,0,18149,0.000000
25,355,1313,18149,346.423768
25,356,0,18149,0.000000
25,357,0,18149,0.000000
25,358,625,18149,101.071786
25,359,1570,18149,399.579544
25,360,635,18149,161.020792
25,361,903,18149,184.954382
25,362,11301,18149,5115.850164
25,363,0,18149,0.000000
25,364,569,18149,159.561771
25,365,1933,18149,458.439479
25,366,0,18149,0.000000
25,367,0,18149,0.000000
25,368,0,18149,0.000000
25,369,0,18149,0.000000
25,370,0,18149,0.000000
25,371,0,18149,0.000000
25,372,0,18149,0.000000
25,373,0,18149,0.000000
25,374,0,18149,0.000000
25,375,0,18149,0.000000
25,376,0,18149,0.000000
25,377,0,18149,0.000000
25,378,0,18149,0.000000
25,379,0,18149,0.000000
25,380,0,18149,0.000000
25,381,66,18149,9.000121
25,382,0,18149,0.000000
25,383,0,18149,0.000000
26,0,0,18149,0.000000
26,1,0,18149,0.000000
26,2,0,18149,0.000000
26,3,0,18149,0.000000
26,4,0,18149,0.000000
26,5,0,18149,0.000000
26,6,0,18149,0.000000
26,7,0,18149,0.000000
26,8,0,18149,0.000000
26,9,2433,18149,629.892148
26,10,0,18149,0.000000
26,11,0,18149,0.000000
26,12,0,18149,0.000000
26,13,0,18149,0.000000
26,14,0,18149,0.000000
26,15,446,18149,100.083086
26,16,0,18149,0.000000
26,17,3375,18149,701.415860
26,18,0,18149,0.000000
26,19,1763,18149,604.021255
26,20,0,18149,0.000000
26,21,0,18149,0.000000
26,22,0,18149,0.000000
26,23,0,18149,0.000000
26,24,0,18149,0.000000
26,25,0,18149,0.000000
26,26,0,18149,0.000000
26,27,1005,18149,319.641122
26,28,0,18149,0.000000
26,29,0,18149,0.000000
26,30,394,18149,88.073793
26,31,0,18149,0.000000
26,32,986,18149,291.767977
26,33,0,18149,0.000000
26,34,0,18149,0.000000
26,35,0,18149,0.000000
26,36,3985,18149,863.922327
26,37,801,18149,175.343030
26,38,0,18149,0.000000
26,39,841,18149,179.231942
26,40,0,18149,0.000000
26,41,0,18149,0.000000
26,42,0,18149,0.000000
26,43,0,18149,0.000000
26,44,444,18149,66.980254
26,45,1041,18149,163.476662
26,46,0,18149,0.000000
26,47,0,18149,0.000000
26,48,0,18149,0.000000
26,49,0,18149,0.000000
26,50,0,18149,0.000000
26,51,1283,18149,400.832440
26,52,0,18149,0.000000
26,53,0,18149,0.000000
26,54,0,18149,0.000000
26,55,0,18149,0.000000
26,56,0,18149,0.000000
26,57,391,18149,98.722378
26,58,0,18149,0.000000
26,59,0,18149,0.000000
26,60,0,18149,0.000000
26,61,0,18149,0.000000
26,62,0,18149,0.000000
26,63,265,18149,46.620133
26,64,757,18149,168.164089
26,65,0,18149,0.000000
26,66,0,18149,0.000000
26,67,0,18149,0.000000
26,68,0,18149,0.000000
26,69,0,18149,0.000000
26,70,0,18149,0.000000
26,71,0,18149,0.000000
26,72,0,18149,0.000000
26,73,0,18149,0.000000
26,74,0,18149,0.000000
26,75,0,18149,0.000000
26,76,0,18149,0.000000
26,77,0,18149,0.000000
26,78,0,18149,0.000000
26,79,0,18149,0.000000
26,80,0,18149,0.000000
26,81,0,18149,0.000000
26,82,1169,18149,303.549084
26,83,0,18149,0.000000
26,84,0,18149,0.000000
26,85,0,18149,0.000000
26,86,0,18149,0.000000
26,87,0,18149,0.000000
26,88,0,18149,0.000000
26,89,0,18149,0.000000
26,90,0,18149,0.000000
26,91,0,18149,0.000000
26,92,0,18149,0.000000
26,93,1398,18149,207.055078
26,94,0,18149,0.000000
26,95,0,18149,0.000000
26,96,0,18149,0.000000
26,97,0,18149,0.000000
26,98,0,18149,0.000000
26,99,0,18149,0.000000
26,100,0,18149,0.000000
26,101,1080,18149,274.324110
26,102,403,18149,108.382555
26,103,0,18149,0.000000
26,104,0,18149,0.000000
26,105,292,18149,71.525262
26,106,0,18149,0.000000
26,107,0,18149,0.000000
26,108,0,18149,0.000000
26,109,0,18149,0.000000
26,110,0,18149,0.000000
26,111,0,18149,0.000000
26,112,0,18149,0.000000
26,113,0,18149,0.000000
26,114,0,18149,0.000000
26,115,0,18149,0.000000
26,116,3138,18149,687.344456
26,117,0,18149,0.000000
26,118,0,18149,0.000000
26,119,0,18149,0.000000
26,120,196,18149,45.975811
26,121,0,18149,0.000000
26,122,0,18149,0.000000
26,123,955,18149,245.394756
26,124,1450,18149,343.879391
26,125,0,18149,0.000000
26,126,908,18149,198.566476
26,127,4795,18149,1376.383177
26,128,0,18149,0.000000
26,129,0,18149,0.000000
26,130,0,18149,0.000000
26,131,0,18149,0.000000
26,132,4321,18149,1365.698281
26,133,0,18149,0.000000
26,134,300,18149,68.537643
26,135,0,18149,0.000000
26,136,177,18149,41.874561
26,137,0,18149,0.000000
26,138,0,18149,0.000000
26,139,940,18149,214.034063
26,140,0,18149,0.000000
26,141,0,18149,0.000000
26,142,0,18149,0.000000
26,143,0,18149,0.000000
26,144,1399,18149,468.633577
26,145,0,18149,0.000000
26,146,0,18149,0.000000
26,147,1975,18149,528.025193
26,148,0,18149,0.000000
26,149,0,18149,0.000000
26,150,0,18149,0.000000
26,151,0,18149,0.000000
26,152,0,18149,0.000000
26,153,0,18149,0.000000
26,154,0,18149,0.000000
26,155,0,18149,0.000000
26,156,0,18149,0.000000
26,157,0,18149,0.000000
26,158,0,18149,0.000000
26,159,550,18149,147.940204
26,160,377,18149,67.698038
26,161,0,18149,0.000000
26,162,0,18149,0.000000
26,163,0,18149,0.000000
26,164,0,18149,0.000000
26,165,0,18149,0.000000
26,166,0,18149,0.000000
26,167,666,18149,121.724581
26,168,0,18149,0.000000
26,169,143,18149,37.841949
26,170,1310,18149,491.472452
26,171,0,18149,0.000000
26,172,0,18149,0.000000
26,173,573,18149,142.009285
26,174,1414,18149,405.592364
26,175,0,18149,0.000000
26,176,0,18149,0.000000
26,177,0,18149,0.000000
26,178,0,18149,0.000000
26,179,0,18149,0.000000
26,180,0,18149,0.000000
26,181,0,18149,0.000000
26,182,0,18149,0.000000
26,183,1676,18149,458.790494
26,184,702,18149,186.477549
26,185,259,18149,55.122645
26,186,1106,18149,185.145055
26,187,0,18149,0.000000
26,188,560,18149,140.358102
26,189,0,18149,0.000000
26,190,0,18149,0.000000
26,191,819,18149,154.076628
26,192,0,18149,0.000000
26,193,0,18149,0.000000
26,194,0,18149,0.000000
26,195,179,18149,37.653197
26,196,0,18149,0.000000
26,197,0,18149,0.000000
26,198,698,18149,136.490908
26,199,0,18149,0.000000
26,200,174,18149,31.893613
26,201,1754,18149,414.460930
26,202,0,18149,0.000000
26,203,0,18149,0.000000
26,204,0,18149,0.000000
26,205,0,18149,0.000000
26,206,602,18149,157.461481
26,207,0,18149,0.000000
26,208,0,18149,0.000000
26,209,0,18149,0.000000
26,210,0,18149,0.000000
26,211,771,18149,137.455261
26,212,0,18149,0.000000
26,213,0,18149,0.000000
26,214,0,18149,0.000000
26,215,2749,18149,823.708208
26,216,0,18149,0.000000
26,217,2381,18149,702.299957
26,218,0,18149,0.000000
26,219,0,18149,0.000000
26,220,0,18149,0.000000
26,221,0,18149,0.000000
26,222,0,18149,0.000000
26,223,0,18149,0.000000
26,224,0,18149,0.000000
26,225,0,18149,0.000000
26,226,0,18149,0.000000
26,227,0,18149,0.000000
26,228,2218,18149,540.091908
26,229,0,18149,0.000000
26,230,0,18149,0.000000
26,231,1756,18149,421.017214
26,232,0,18149,0.000000
26,233,1,18149,0.185209
26,234,0,18149,0.000000
26,235,1229,18149,344.410453
26,236,0,18149,0.000000
26,237,0,18149,0.000000
26,238,0,18149,0.000000
26,239,1139,18149,190.238943
26,240,0,18149,0.000000
26,241,0,18149,0.000000
26,242,0,18149,0.000000
26,243,0,18149,0.000000
26,244,0,18149,0.000000
26,245,736,18149,154.586338
26,246,0,18149,0.000000
26,247,0,18149,0.000000
26,248,7,18149,2.002742
26,249,0,18149,0.000000
26,250,0,18149,0.000000
26,251,0,18149,0.000000
26,252,0,18149,0.000000
26,253,0,18149,0.000000
26,254,0,18149,0.000000
26,255,0,18149,0.000000
26,256,1211,18149,338.661581
26,257,43,18149,7.284719
26,258,0,18149,0.000000
26,259,0,18149,0.000000
26,260,0,18149,0.000000
26,261,0,18149,0.000000
26,262,0,18149,0.000000
26,263,854,18149,170.624608
26,264,0,18149,0.000000
26,265,1694,18149,427.486868
26,266,0,18149,0.000000
26,267,481,18149,107.828550
26,268,1206,18149,265.561401
26,269,0,18149,0.000000
26,270,0,18149,0.000000
26,271,0,18149,0.000000
26,272,0,18149,0.000000
26,273,0,18149,0.000000
26,274,0,18149,0.000000
26,275,0,18149,0.000000
26,276,95,18149,22.019283
26,277,612,18149,90.713571
26,278,0,18149,0.000000
26,279,1665,18149,506.105570
26,280,275,18149,54.973588
26,281,0,18149,0.000000
26,282,0,18149,0.000000
26,283,0,18149,0.000000
26,284,0,18149,0.000000
26,285,0,18149,0.000000
26,286,1348,18149,365.525816
26,287,0,18149,0.000000
26,288,0,18149,0.000000
26,289,0,18149,0.000000
26,290,0,18149,0.000000
26,291,0,18149,0.000000
26,292,0,18149,0.000000
26,293,0,18149,0.000000
26,294,0,18149,0.000000
26,295,0,18149,0.000000
26,296,0,18149,0.000000
26,297,1151,18149,199.238298
26,298,0,18149,0.000000
26,299,0,18149,0.000000
26,300,0,18149,0.000000
26,301,0,18149,0.000000
26,302,0,18149,0.000000
26,303,1534,18149,360.454898
26,304,0,18149,0.000000
26,305,0,18149,0.000000
26,306,0,18149,0.000000
26,307,896,18149,235.404863
26,308,0,18149,0.000000
26,309,1203,18149,256.961626
26,310,0,18149,0.000000
26,311,0,18149,0.000000
26,312,0,18149,0.000000
26,313,0,18149,0.000000
26,314,0,18149,0.000000
26,315,1681,18149,490.895311
26,316,0,18149,0.000000
26,317,0,18149,0.000000
26,318,0,18149,0.000000
26,319,0,18149,0.000000
26,320,0,18149,0.000000
26,321,0,18149,0.000000
26,322,0,18149,0.000000
26,323,0,18149,0.000000
26,324,0,18149,0.000000
26,325,0,18149,0.000000
26,326,0,18149,0.000000
26,327,0,18149,0.000000
26,328,0,18149,0.000000
26,329,0,18149,0.000000
26,330,0,18149,0.000000
26,331,0,18149,0.000000
26,332,0,18149,0.000000
26,333,956,18149,150.636939
26,334,0,18149,0.000000
26,335,0,18149,0.000000
26,336,0,18149,0.000000
26,337,0,18149,0.000000
26,338,4653,18149,1262.550822
26,339,0,18149,0.000000
26,340,2924,18149,770.715672
26,341,2702,18149,524.495728
26,342,0,18149,0.000000
26,343,1712,18149,414.966767
26,344,0,18149,0.000000
26,345,358,18149,64.633669
26,346,0,18149,0.000000
26,347,1032,18149,250.230242
26,348,337,18149,93.322708
26,349,0,18149,0.000000
26,350,0,18149,0.000000
26,351,0,18149,0.000000
26,352,0,18149,0.000000
26,353,0,18149,0.000000
26,354,0,18149,0.000000
26,355,936,18149,195.516764
26,356,0,18149,0.000000
26,357,1455,18149,383.228450
26,358,453,18149,94.788641
26,359,0,18149,0.000000
26,360,0,18149,0.000000
26,361,465,18149,58.706988
26,362,0,18149,0.000000
26,363,1075,18149,300.251263
26,364,0,18149,0.000000
26,365,0,18149,0.000000
26,366,0,18149,0.000000
26,367,0,18149,0.000000
26,368,0,18149,0.000000
26,369,705,18149,224.048052
26,370,0,18149,0.000000
26,371,0,18149,0.000000
26,372,796,18149,201.670329
26,373,0,18149,0.000000
26,374,731,18149,198.418875
26,375,0,18149,0.000000
26,376,0,18149,0.000000
26,377,0,18149,0.000000
26,378,0,18149,0.000000
26,379,0,18149,0.000000
26,380,0,18149,0.000000
26,381,0,18149,0.000000
26,382,0,18149,0.000000
26,383,0,18149,0.000000
27,0,0,18149,0.000000
27,1,0,18149,0.000000
27,2,0,18149,0.000000
27,3,408,18149,128.562037
27,4,0,18149,0.000000
27,5,413,18149,94.337868
27,6,577,18149,167.678709
27,7,0,18149,0.000000
27,8,0,18149,0.000000
27,9,774,18149,238.232099
27,10,267,18149,90.981626
27,11,0,18149,0.000000
27,12,0,18149,0.000000
27,13,0,18149,0.000000
27,14,0,18149,0.000000
27,15,0,18149,0.000000
27,16,0,18149,0.000000
27,17,0,18149,0.000000
27,18,0,18149,0.000000
27,19,0,18149,0.000000
27,20,0,18149,0.000000
27,21,0,18149,0.000000
27,22,703,18149,328.942521
27,23,1330,18149,269.829092
27,24,0,18149,0.000000
27,25,2140,18149,616.111991
27,26,0,18149,0.000000
27,27,0,18149,0.000000
27,28,0,18149,0.000000
27,29,0,18149,0.000000
27,30,0,18149,0.000000
27,31,0,18149,0.000000
27,32,767,18149,211.756722
27,33,0,18149,0.000000
27,34,0,18149,0.000000
27,35,0,18149,0.000000
27,36,0,18149,0.000000
27,37,0,18149,0.000000
27,38,0,18149,0.000000
27,39,919,18149,210.203812
27,40,940,18149,170.967503
27,41,0,18149,0.000000
27,42,0,18149,0.000000
27,43,0,18149,0.000000
27,44,0,18149,0.000000
27,45,226,18149,48.047467
27,46,957,18149,209.528320
27,47,0,18149,0.000000
27,48,0,18149,0.000000
27,49,774,18149,124.750938
27,50,0,18149,0.000000
27,51,0,18149,0.000000
27,52,0,18149,0.000000
27,53,2470,18149,666.400028
27,54,1552,18149,458.786456
27,55,0,18149,0.000000
27,56,0,18149,0.000000
27,57,261,18149,74.459135
27,58,0,18149,0.000000
27,59,0,18149,0.000000
27,60,0,18149,0.000000
27,61,0,18149,0.000000
27,62,0,18149,0.000000
27,63,447,18149,96.427564
27,64,680,18149,137.243880
27,65,0,18149,0.000000
27,66,0,18149,0.000000
27,67,0,18149,0.000000
27,68,0,18149,0.000000
27,69,20,18149,3.638436
27,70,0,18149,0.000000
27,71,4587,18149,1274.481674
27,72,675,18149,91.484420
27,73,0,18149,0.000000
27,74,0,18149,0.000000
27,75,0,18149,0.000000
27,76,0,18149,0.000000
27,77,488,18149,113.202846
27,78,0,18149,0.000000
27,79,0,18149,0.000000
27,80,0,18149,0.000000
27,81,0,18149,0.000000
27,82,0,18149,0.000000
27,83,0,18149,0.000000
27,84,758,18149,165.642545
27,85,0,18149,0.000000
27,86,1374,18149,419.568004
27,87,1059,18149,207.248073
27,88,653,18149,125.597869
27,89,855,18149,259.515303
27,90,0,18149,0.000000
27,91,0,18149,0.000000
27,92,0,18149,0.000000
27,93,0,18149,0.000000
27,94,0,18149,0.000000
27,95,0,18149,0.000000
27,96,0,18149,0.000000
27,97,0,18149,0.000000
27,98,0,18149,0.000000
27,99,0,18149,0.000000
27,100,0,18149,0.000000
27,101,183,18149,33.008767
27,102,0,18149,0.000000
27,103,777,18149,199.510227
27,104,0,18149,0.000000
27,105,2688,18149,659.777594
27,106,0,18149,0.000000
27,107,0,18149,0.000000
27,108,0,18149,0.000000
27,109,0,18149,0.000000
27,110,0,18149,0.000000
27,111,0,18149,0.000000
27,112,0,18149,0.000000
27,113,0,18149,0.000000
27,114,0,18149,0.000000
27,115,406,18149,92.866239
27,116,56,18149,9.197366
27,117,0,18149,0.000000
27,118,0,18149,0.000000
27,119,0,18149,0.000000
27,120,0,18149,0.000000
27,121,783,18149,189.330536
27,122,0,18149,0.000000
27,123,0,18149,0.000000
27,124,0,18149,0.000000
27,125,0,18149,0.000000
27,126,0,18149,0.000000
27,127,0,18149,0.000000
27,128,656,18149,124.928974
27,129,0,18149,0.000000
27,130,0,18149,0.000000
27,131,939,18149,252.406944
27,132,0,18149,0.000000
27,133,0,18149,0.000000
27,134,0,18149,0.000000
27,135,0,18149,0.000000
27,136,908,18149,184.842790
27,137,0,18149,0.000000
27,138,393,18149,83.725295
27,139,0,18149,0.000000
27,140,0,18149,0.000000
27,141,0,18149,0.000000
27,142,0,18149,0.000000
27,143,5783,18149,1670.253177
27,144,1746,18149,681.520583
27,145,0,18149,0.000000
27,146,0,18149,0.000000
27,147,0,18149,0.000000
27,148,486,18149,70.915963
27,149,810,18149,206.610975
27,150,0,18149,0.000000
27,151,0,18149,0.000000
27,152,284,18149,56.572387
27,153,0,18149,0.000000
27,154,67,18149,9.914370
27,155,857,18149,222.042466
27,156,0,18149,0.000000
27,157,0,18149,0.000000
27,158,0,18149,0.000000
27,159,432,18149,93.544607
27,160,0,18149,0.000000
27,161,1353,18149,426.658399
27,162,0,18149,0.000000
27,163,600,18149,193.941228
27,164,924,18149,166.260118
27,165,0,18149,0.000000
27,166,0,18149,0.000000
27,167,1296,18149,296.414139
27,168,0,18149,0.000000
27,169,0,18149,0.000000
27,170,0,18149,0.000000
27,171,0,18149,0.000000
27,172,0,18149,0.000000
27,173,0,18149,0.000000
27,174,0,18149,0.000000
27,175,1529,18149,474.357716
27,176,0,18149,0.000000
27,177,0,18149,0.000000
27,178,1009,18149,191.370249
27,179,0,18149,0.000000
27,180,0,18149,0.000000
27,181,0,18149,0.000000
27,182,0,18149,0.000000
27,183,507,18149,119.548238
27,184,0,18149,0.000000
27,185,2018,18149,535.430365
27,186,1006,18149,178.966731
27,187,0,18149,0.000000
27,188,0,18149,0.000000
27,189,0,18149,0.000000
27,190,0,18149,0.000000
27,191,0,18149,0.000000
27,192,0,18149,0.000000
27,193,0,18149,0.000000
27,194,0,18149,0.000000
27,195,0,18149,0.000000
27,196,0,18149,0.000000
27,197,0,18149,0.000000
27,198,0,18149,0.000000
27,199,1586,18149,332.375006
27,200,0,18149,0.000000
27,201,0,18149,0.000000
27,202,0,18149,0.000000
27,203,0,18149,0.000000
27,204,0,18149,0.000000
27,205,0,18149,0.000000
27,206,0,18149,0.000000
27,207,0,18149,0.000000
27,208,1440,18149,324.943358
27,209,0,18149,0.000000
27,210,0,18149,0.000000
27,211,0,18149,0.000000
27,212,0,18149,0.000000
27,213,0,18149,0.000000
27,214,1857,18149,366.943875
27,215,0,18149,0.000000
27,216,0,18149,0.000000
27,217,0,18149,0.000000
27,218,0,18149,0.000000
27,219,0,18149,0.000000
27,220,0,18149,0.000000
27,221,0,18149,0.000000
27,222,0,18149,0.000000
27,223,554,18149,175.793377
27,224,1400,18149,307.847209
27,225,6539,18149,1687.900551
27,226,0,18149,0.000000
27,227,0,18149,0.000000
27,228,759,18149,203.985625
27,229,0,18149,0.000000
27,230,0,18149,0.000000
27,231,0,18149,0.000000
27,232,0,18149,0.000000
27,233,536,18149,161.379121
27,234,0,18149,0.000000
27,235,0,18149,0.000000
27,236,0,18149,0.000000
27,237,0,18149,0.000000
27,238,0,18149,0.000000
27,239,0,18149,0.000000
27,240,0,18149,0.000000
27,241,0,18149,0.000000
27,242,0,18149,0.000000
27,243,0,18149,0.000000
27,244,0,18149,0.000000
27,245,0,18149,0.000000
27,246,0,18149,0.000000
27,247,0,18149,0.000000
27,248,0,18149,0.000000
27,249,585,18149,132.469033
27,250,3538,18149,748.634337
27,251,0,18149,0.000000
27,252,0,18149,0.000000
27,253,259,18149,47.272885
27,254,719,18149,156.570564
27,255,0,18149,0.000000
27,256,498,18149,116.655659
27,257,483,18149,88.766564
27,258,0,18149,0.000000
27,259,0,18149,0.000000
27,260,0,18149,0.000000
27,261,0,18149,0.000000
27,262,0,18149,0.000000
27,263,0,18149,0.000000
27,264,0,18149,0.000000
27,265,1120,18149,248.437955
27,266,0,18149,0.000000
27,267,1824,18149,729.810898
27,268,0,18149,0.000000
27,269,0,18149,0.000000
27,270,2001,18149,351.710215
27,271,459,18149,80.505911
27,272,138,18149,29.612589
27,273,0,18149,0.000000
27,274,882,18149,218.982135
27,275,0,18149,0.000000
27,276,0,18149,0.000000
27,277,0,18149,0.000000
27,278,0,18149,0.000000
27,279,1125,18149,236.708676
27,280,0,18149,0.000000
27,281,1048,18149,207.280743
27,282,276,18149,66.664212
27,283,0,18149,0.000000
27,284,0,18149,0.000000
27,285,829,18149,167.222630
27,286,0,18149,0.000000
27,287,0,18149,0.000000
27,288,0,18149,0.000000
27,289,0,18149,0.000000
27,290,0,18149,0.000000
27,291,0,18149,0.000000
27,292,0,18149,0.000000
27,293,0,18149,0.000000
27,294,0,18149,0.000000
27,295,0,18149,0.000000
27,296,0,18149,0.000000
27,297,586,18149,110.643439
27,298,0,18149,0.000000
27,299,0,18149,0.000000
27,300,0,18149,0.000000
27,301,0,18149,0.000000
27,302,0,18149,0.000000
27,303,0,18149,0.000000
27,304,659,18149,195.465567
27,305,792,18149,178.572385
27,306,0,18149,0.000000
27,307,0,18149,0.000000
27,308,895,18149,171.041201
27,309,0,18149,0.000000
27,310,0,18149,0.000000
27,311,0,18149,0.000000
27,312,0,18149,0.000000
27,313,0,18149,0.000000
27,314,0,18149,0.000000
27,315,0,18149,0.000000
27,316,0,18149,0.000000
27,317,0,18149,0.000000
27,318,0,18149,0.000000
27,319,0,18149,0.000000
27,320,1259,18149,326.930397
27,321,1415,18149,340.892918
27,322,0,18149,0.000000
27,323,1707,18149,301.626064
27,324,797,18149,233.184597
27,325,0,18149,0.000000
27,326,0,18149,0.000000
27,327,0,18149,0.000000
27,328,397,18149,95.500381
27,329,0,18149,0.000000
27,330,0,18149,0.000000
27,331,810,18149,175.533373
27,332,0,18149,0.000000
27,333,0,18149,0.000000
27,334,0,18149,0.000000
27,335,0,18149,0.000000
27,336,728,18149,251.385706
27,337,0,18149,0.000000
27,338,0,18149,0.000000
27,339,0,18149,0.000000
27,340,0,18149,0.000000
27,341,0,18149,0.000000
27,342,0,18149,0.000000
27,343,0,18149,0.000000
27,344,0,18149,0.000000
27,345,0,18149,0.000000
27,346,0,18149,0.000000
27,347,0,18149,0.000000
27,348,0,18149,0.000000
27,349,0,18149,0.000000
27,350,757,18149,137.657297
27,351,0,18149,0.000000
27,352,0,18149,0.000000
27,353,0,18149,0.000000
27,354,1906,18149,415.425714
27,355,3392,18149,1008.033898
27,356,0,18149,0.000000
27,357,0,18149,0.000000
27,358,451,18149,110.004771
27,359,0,18149,0.000000
27,360,0,18149,0.000000
27,361,0,18149,0.000000
27,362,2247,18149,607.074118
27,363,745,18149,172.850563
27,364,0,18149,0.000000
27,365,727,18149,159.604497
27,366,0,18149,0.000000
27,367,0,18149,0.000000
27,368,1600,18149,420.113994
27,369,0,18149,0.000000
27,370,0,18149,0.000000
27,371,999,18149,195.942677
27,372,0,18149,0.000000
27,373,0,18149,0.000000
27,374,0,18149,0.000000
27,375,0,18149,0.000000
27,376,0,18149,0.000000
27,377,0,18149,0.000000
27,378,0,18149,0.000000
27,379,0,18149,0.000000
27,380,0,18149,0.000000
27,381,0,18149,0.000000
27,382,0,18149,0.000000
27,383,0,18149,0.000000
28,0,0,18149,0.000000
28,1,0,18149,0.000000
28,2,0,18149,0.000000
28,3,0,18149,0.000000
28,4,0,18149,0.000000
28,5,0,18149,0.000000
28,6,0,18149,0.000000
28,7,732,18149,639.068459
28,8,0,18149,0.000000
28,9,0,18149,0.000000
28,10,0,18149,0.000000
28,11,3327,18149,735.134761
28,12,0,18149,0.000000
28,13,0,18149,0.000000
28,14,0,18149,0.000000
28,15,0,18149,0.000000
28,16,0,18149,0.000000
28,17,0,18149,0.000000
28,18,0,18149,0.000000
28,19,0,18149,0.000000
28,20,0,18149,0.000000
28,21,0,18149,0.000000
28,22,0,18149,0.000000
28,23,1027,18149,193.339247
28,24,0,18149,0.000000
28,25,839,18149,99.529844
28,26,0,18149,0.000000
28,27,0,18149,0.000000
28,28,0,18149,0.000000
28,29,1035,18149,240.752915
28,30,0,18149,0.000000
28,31,0,18149,0.000000
28,32,0,18149,0.000000
28,33,0,18149,0.000000
28,34,0,18149,0.000000
28,35,0,18149,0.000000
28,36,0,18149,0.000000
28,37,0,18149,0.000000
28,38,265,18149,92.484794
28,39,0,18149,0.000000
28,40,0,18149,0.000000
28,41,0,18149,0.000000
28,42,0,18149,0.000000
28,43,894,18149,244.254343
28,44,2219,18149,557.829102
28,45,814,18149,214.377137
28,46,0,18149,0.000000
28,47,2007,18149,525.861971
28,48,252,18149,42.483701
28,49,0,18149,0.000000
28,50,626,18149,154.345643
28,51,0,18149,0.000000
28,52,0,18149,0.000000
28,53,0,18149,0.000000
28,54,0,18149,0.000000
28,55,0,18149,0.000000
28,56,0,18149,0.000000
28,57,0,18149,0.000000
28,58,810,18149,187.325853
28,59,0,18149,0.000000
28,60,0,18149,0.000000
28,61,0,18149,0.000000
28,62,0,18149,0.000000
28,63,0,18149,0.000000
28,64,2598,18149,706.044839
28,65,0,18149,0.000000
28,66,0,18149,0.000000
28,67,41,18149,4.576830
28,68,0,18149,0.000000
28,69,0,18149,0.000000
28,70,0,18149,0.000000
28,71,365,18149,84.427267
28,72,0,18149,0.000000
28,73,550,18149,114.413038
28,74,0,18149,0.000000
28,75,0,18149,0.000000
28,76,0,18149,0.000000
28,77,0,18149,0.000000
28,78,0,18149,0.000000
28,79,0,18149,0.000000
28,80,0,18149,0.000000
28,81,0,18149,0.000000
28,82,0,18149,0.000000
28,83,0,18149,0.000000
28,84,1260,18149,242.621984
28,85,0,18149,0.000000
28,86,0,18149,0.000000
28,87,573,18149,114.392367
28,88,0,18149,0.000000
28,89,771,18149,150.900498
28,90,1054,18149,162.180064
28,91,0,18149,0.000000
28,92,749,18149,146.380008
28,93,0,18149,0.000000
28,94,505,18149,88.872334
28,95,0,18149,0.000000
28,96,0,18149,0.000000
28,97,0,18149,0.000000
28,98,658,18149,148.342355
28,99,0,18149,0.000000
28,100,0,18149,0.000000
28,101,3347,18149,575.009993
28,102,0,18149,0.000000
28,103,0,18149,0.000000
28,104,0,18149,0.000000
28,105,3371,18149,1056.263659
28,106,0,18149,0.000000
28,107,0,18149,0.000000
28,108,0,18149,0.000000
28,109,446,18149,97.790038
28,110,0,18149,0.000000
28,111,1272,18149,235.894947
28,112,0,18149,0.000000
28,113,0,18149,0.000000
28,114,0,18149,0.000000
28,115,0,18149,0.000000
28,116,3639,18149,588.957570
28,117,0,18149,0.000000
28,118,542,18149,98.069919
28,119,0,18149,0.000000
28,120,0,18149,0.000000
28,121,0,18149,0.000000
28,122,0,18149,0.000000
28,123,0,18149,0.000000
28,124,696,18149,230.244376
28,125,1009,18149,137.817636
28,126,295,18149,57.888643
28,127,0,18149,0.000000
28,128,0,18149,0.000000
28,129,0,18149,0.000000
28,130,0,18149,0.000000
28,131,0,18149,0.000000
28,132,0,18149,0.000000
28,133,0,18149,0.000000
28,134,0,18149,0.000000
28,135,0,18149,0.000000
28,136,0,18149,0.000000
28,137,688,18149,181.014130
28,138,586,18149,139.564013
28,139,0,18149,0.000000
28,140,0,18149,0.000000
28,141,696,18149,154.810770
28,142,0,18149,0.000000
28,143,574,18149,108.207354
28,144,0,18149,0.000000
28,145,0,18149,0.000000
28,146,0,18149,0.000000
28,147,325,18149,67.727821
28,148,0,18149,0.000000
28,149,0,18149,0.000000
28,150,0,18149,0.000000
28,151,0,18149,0.000000
28,152,0,18149,0.000000
28,153,399,18149,88.590974
28,154,0,18149,0.000000
28,155,0,18149,0.000000
28,156,0,18149,0.000000
28,157,4931,18149,1176.193094
28,158,0,18149,0.000000
28,159,0,18149,0.000000
28,160,0,18149,0.000000
28,161,0,18149,0.000000
28,162,1822,18149,596.289942
28,163,0,18149,0.000000
28,164,0,18149,0.000000
28,165,786,18149,156.337897
28,166,0,18149,0.000000
28,167,0,18149,0.000000
28,168,0,18149,0.000000
28,169,0,18149,0.000000
28,170,0,18149,0.000000
28,171,0,18149,0.000000
28,172,0,18149,0.000000
28,173,0,18149,0.000000
28,174,0,18149,0.000000
28,175,1661,18149,410.870660
28,176,0,18149,0.000000
28,177,0,18149,0.000000
28,178,0,18149,0.000000
28,179,0,18149,0.000000
28,180,886,18149,88.092916
28,181,0,18149,0.000000
28,182,0,18149,0.000000
28,183,2805,18149,914.229434
28,184,0,18149,0.000000
28,185,0,18149,0.000000
28,186,0,18149,0.000000
28,187,0,18149,0.000000
28,188,0,18149,0.000000
28,189,0,18149,0.000000
28,190,0,18149,0.000000
28,191,3170,18149,1150.345941
28,192,0,18149,0.000000
28,193,0,18149,0.000000
28,194,0,18149,0.000000
28,195,0,18149,0.000000
28,196,0,18149,0.000000
28,197,0,18149,0.000000
28,198,0,18149,0.000000
28,199,0,18149,0.000000
28,200,0,18149,0.000000
28,201,0,18149,0.000000
28,202,0,18149,0.000000
28,203,0,18149,0.000000
28,204,0,18149,0.000000
28,205,0,18149,0.000000
28,206,0,18149,0.000000
28,207,0,18149,0.000000
28,208,0,18149,0.000000
28,209,0,18149,0.000000
28,210,0,18149,0.000000
28,211,654,18149,113.474187
28,212,0,18149,0.000000
28,213,0,18149,0.000000
28,214,0,18149,0.000000
28,215,0,18149,0.000000
28,216,0,18149,0.000000
28,217,0,18149,0.000000
28,218,0,18149,0.000000
28,219,0,18149,0.000000
28,220,0,18149,0.000000
28,221,0,18149,0.000000
28,222,0,18149,0.000000
28,223,0,18149,0.000000
28,224,0,18149,0.000000
28,225,0,18149,0.000000
28,226,209,18149,43.965998
28,227,0,18149,0.000000
28,228,0,18149,0.000000
28,229,0,18149,0.000000
28,230,0,18149,0.000000
28,231,0,18149,0.000000
28,232,0,18149,0.000000
28,233,0,18149,0.000000
28,234,512,18149,100.192391
28,235,1109,18149,218.997563
28,236,0,18149,0.000000
28,237,0,18149,0.000000
28,238,0,18149,0.000000
28,239,0,18149,0.000000
28,240,0,18149,0.000000
28,241,1615,18149,650.266029
28,242,0,18149,0.000000
28,243,0,18149,0.000000
28,244,0,18149,0.000000
28,245,0,18149,0.000000
28,246,858,18149,132.564538
28,247,0,18149,0.000000
28,248,0,18149,0.000000
28,249,2173,18149,553.352934
28,250,0,18149,0.000000
28,251,0,18149,0.000000
28,252,1259,18149,242.365673
28,253,0,18149,0.000000
28,254,0,18149,0.000000
28,255,0,18149,0.000000
28,256,0,18149,0.000000
28,257,0,18149,0.000000
28,258,0,18149,0.000000
28,259,0,18149,0.000000
28,260,0,18149,0.000000
28,261,0,18149,0.000000
28,262,2213,18149,438.514179
28,263,0,18149,0.000000
28,264,0,18149,0.000000
28,265,1421,18149,363.627750
28,266,0,18149,0.000000
28,267,0,18149,0.000000
28,268,0,18149,0.000000
28,269,0,18149,0.000000
28,270,0,18149,0.000000
28,271,0,18149,0.000000
28,272,0,18149,0.000000
28,273,0,18149,0.000000
28,274,0,18149,0.000000
28,275,0,18149,0.000000
28,276,0,18149,0.000000
28,277,0,18149,0.000000
28,278,0,18149,0.000000
28,279,0,18149,0.000000
28,280,0,18149,0.000000
28,281,0,18149,0.000000
28,282,0,18149,0.000000
28,283,0,18149,0.000000
28,284,0,18149,0.000000
28,285,0,18149,0.000000
28,286,0,18149,0.000000
28,287,1363,18149,161.866965
28,288,0,18149,0.000000
28,289,0,18149,0.000000
28,290,0,18149,0.000000
28,291,0,18149,0.000000
28,292,0,18149,0.000000
28,293,0,18149,0.000000
28,294,0,18149,0.000000
28,295,0,18149,0.000000
28,296,2032,18149,336.730594
28,297,0,18149,0.000000
28,298,0,18149,0.000000
28,299,0,18149,0.000000
28,300,0,18149,0.000000
28,301,0,18149,0.000000
28,302,0,18149,0.000000
28,303,0,18149,0.000000
28,304,0,18149,0.000000
28,305,0,18149,0.000000
28,306,0,18149,0.000000
28,307,0,18149,0.000000
28,308,0,18149,0.000000
28,309,0,18149,0.000000
28,310,0,18149,0.000000
28,311,0,18149,0.000000
28,312,0,18149,0.000000
28,313,972,18149,199.505860
28,314,1510,18149,369.625900
28,315,3419,18149,1638.067433
28,316,0,18149,0.000000
28,317,0,18149,0.000000
28,318,0,18149,0.000000
28,319,0,18149,0.000000
28,320,55,18149,5.791173
28,321,0,18149,0.000000
28,322,861,18149,247.931903
28,323,0,18149,0.000000
28,324,0,18149,0.000000
28,325,0,18149,0.000000
28,326,0,18149,0.000000
28,327,0,18149,0.000000
28,328,0,18149,0.000000
28,329,0,18149,0.000000
28,330,799,18149,150.251763
28,331,0,18149,0.000000
28,332,4588,18149,1176.796500
28,333,0,18149,0.000000
28,334,6762,18149,1645.879526
28,335,906,18149,207.704103
28,336,0,18149,0.000000
28,337,0,18149,0.000000
28,338,1047,18149,233.930947
28,339,0,18149,0.000000
28,340,0,18149,0.000000
28,341,0,18149,0.000000
28,342,0,18149,0.000000
28,343,0,18149,0.000000
28,344,0,18149,0.000000
28,345,1201,18149,201.046923
28,346,0,18149,0.000000
28,347,0,18149,0.000000
28,348,23,18149,2.931218
28,349,0,18149,0.000000
28,350,0,18149,0.000000
28,351,2446,18149,583.218246
28,352,168,18149,20.336370
28,353,1377,18149,162.591846
28,354,0,18149,0.000000
28,355,55,18149,12.447190
28,356,0,18149,0.000000
28,357,3152,18149,779.537698
28,358,0,18149,0.000000
28,359,0,18149,0.000000
28,360,0,18149,0.000000
28,361,0,18149,0.000000
28,362,0,18149,0.000000
28,363,0,18149,0.000000
28,364,0,18149,0.000000
28,365,0,18149,0.000000
28,366,0,18149,0.000000
28,367,110,18149,19.020082
28,368,0,18149,0.000000
28,369,0,18149,0.000000
28,370,0,18149,0.000000
28,371,3975,18149,1514.532293
28,372,0,18149,0.000000
28,373,0,18149,0.000000
28,374,0,18149,0.000000
28,375,0,18149,0.000000
28,376,0,18149,0.000000
28,377,0,18149,0.000000
28,378,0,18149,0.000000
28,379,0,18149,0.000000
28,380,0,18149,0.000000
28,381,0,18149,0.000000
28,382,2133,18149,496.283220
28,383,0,18149,0.000000
29,0,0,18149,0.000000
29,1,0,18149,0.000000
29,2,0,18149,0.000000
29,3,0,18149,0.000000
29,4,0,18149,0.000000
29,5,0,18149,0.000000
29,6,0,18149,0.000000
29,7,0,18149,0.000000
29,8,0,18149,0.000000
29,9,290,18149,61.992183
29,10,0,18149,0.000000
29,11,0,18149,0.000000
29,12,0,18149,0.000000
29,13,907,18149,136.213366
29,14,0,18149,0.000000
29,15,0,18149,0.000000
29,16,0,18149,0.000000
29,17,744,18149,170.619578
29,18,0,18149,0.000000
29,19,0,18149,0.000000
29,20,0,18149,0.000000
29,21,0,18149,0.000000
29,22,8571,18149,2673.337898
29,23,0,18149,0.000000
29,24,6413,18149,2027.051843
29,25,0,18149,0.000000
29,26,2007,18149,536.677727
29,27,533,18149,116.099947
29,28,0,18149,0.000000
29,29,0,18149,0.000000
29,30,0,18149,0.000000
29,31,0,18149,0.000000
29,32,0,18149,0.000000
29,33,206,18149,58.757726
29,34,0,18149,0.000000
29,35,1982,18149,406.684516
29,36,0,18149,0.000000
29,37,0,18149,0.000000
29,38,0,18149,0.000000
29,39,0,18149,0.000000
29,40,0,18149,0.000000
29,41,0,18149,0.000000
29,42,0,18149,0.000000
29,43,0,18149,0.000000
29,44,0,18149,0.000000
29,45,887,18149,197.058055
29,46,0,18149,0.000000
29,47,0,18149,0.000000
29,48,289,18149,70.523600
29,49,0,18149,0.000000
29,50,0,18149,0.000000
29,51,0,18149,0.000000
29,52,0,18149,0.000000
29,53,0,18149,0.000000
29,54,0,18149,0.000000
29,55,0,18149,0.000000
29,56,0,18149,0.000000
29,57,0,18149,0.000000
29,58,0,18149,0.000000
29,59,371,18149,82.393852
29,60,0,18149,0.000000
29,61,0,18149,0.000000
29,62,375,18149,55.083515
29,63,0,18149,0.000000
29,64,0,18149,0.000000
29,65,0,18149,0.000000
29,66,0,18149,0.000000
29,67,0,18149,0.000000
29,68,0,18149,0.000000
29,69,0,18149,0.000000
29,70,0,18149,0.000000
29,71,0,18149,0.000000
29,72,2304,18149,434.357951
29,73,0,18149,0.000000
29,74,0,18149,0.000000
29,75,505,18149,119.481066
29,76,0,18149,0.000000
29,77,732,18149,180.144593
29,78,796,18149,162.712386
29,79,0,18149,0.000000
29,80,0,18149,0.000000
29,81,0,18149,0.000000
29,82,0,18149,0.000000
29,83,0,18149,0.000000
29,84,0,18149,0.000000
29,85,391,18149,77.918502
29,86,0,18149,0.000000
29,87,0,18149,0.000000
29,88,0,18149,0.000000
29,89,0,18149,0.000000
29,90,0,18149,0.000000
29,91,0,18149,0.000000
29,92,1375,18149,281.682499
29,93,0,18149,0.000000
29,94,0,18149,0.000000
29,95,0,18149,0.000000
29,96,0,18149,0.000000
29,97,1030,18149,215.049307
29,98,0,18149,0.000000
29,99,0,18149,0.000000
29,100,0,18149,0.000000
29,101,306,18149,74.320951
29,102,0,18149,0.000000
29,103,12054,18149,3410.098280
29,104,0,18149,0.000000
29,105,486,18149,113.386787
29,106,0,18149,0.000000
29,107,0,18149,0.000000
29,108,0,18149,0.000000
29,109,0,18149,0.000000
29,110,0,18149,0.000000
29,111,0,18149,0.000000
29,112,0,18149,0.000000
29,113,0,18149,0.000000
29,114,0,18149,0.000000
29,115,378,18149,75.109362
29,116,0,18149,0.000000
29,117,0,18149,0.000000
29,118,0,18149,0.000000
29,119,0,18149,0.000000
29,120,0,18149,0.000000
29,121,0,18149,0.000000
29,122,969,18149,238.833077
29,123,0,18149,0.000000
29,124,0,18149,0.000000
29,125,1044,18149,162.438909
29,126,0,18149,0.000000
29,127,0,18149,0.000000
29,128,0,18149,0.000000
29,129,0,18149,0.000000
29,130,2497,18149,632.217282
29,131,0,18149,0.000000
29,132,0,18149,0.000000
29,133,0,18149,0.000000
29,134,0,18149,0.000000
29,135,0,18149,0.000000
29,136,0,18149,0.000000
29,137,0,18149,0.000000
29,138,0,18149,0.000000
29,139,0,18149,0.000000
29,140,0,18149,0.000000
29,141,794,18149,152.691049
29,142,1656,18149,486.234463
29,143,0,18149,0.000000
29,144,0,18149,0.000000
29,145,0,18149,0.000000
29,146,0,18149,0.000000
29,147,0,18149,0.000000
29,148,0,18149,0.000000
29,149,0,18149,0.000000
29,150,0,18149,0.000000
29,151,0,18149,0.000000
29,152,0,18149,0.000000
29,153,0,18149,0.000000
29,154,0,18149,0.000000
29,155,0,18149,0.000000
29,156,0,18149,0.000000
29,157,650,18149,79.877423
29,158,0,18149,0.000000
29,159,0,18149,0.000000
29,160,1412,18149,259.229980
29,161,0,18149,0.000000
29,162,0,18149,0.000000
29,163,0,18149,0.000000
29,164,523,18149,193.943274
29,165,0,18149,0.000000
29,166,2621,18149,582.753245
29,167,0,18149,0.000000
29,168,0,18149,0.000000
29,169,0,18149,0.000000
29,170,0,18149,0.000000
29,171,0,18149,0.000000
29,172,0,18149,0.000000
29,173,0,18149,0.000000
29,174,0,18149,0.000000
29,175,978,18149,326.029967
29,176,773,18149,178.904203
29,177,0,18149,0.000000
29,178,1406,18149,328.595869
29,179,0,18149,0.000000
29,180,0,18149,0.000000
29,181,0,18149,0.000000
29,182,0,18149,0.000000
29,183,1562,18149,325.766730
29,184,0,18149,0.000000
29,185,0,18149,0.000000
29,186,0,18149,0.000000
29,187,1813,18149,250.821669
29,188,0,18149,0.000000
29,189,0,18149,0.000000
29,190,0,18149,0.000000
29,191,0,18149,0.000000
29,192,0,18149,0.000000
29,193,0,18149,0.000000
29,194,0,18149,0.000000
29,195,0,18149,0.000000
29,196,0,18149,0.000000
29,197,0,18149,0.000000
29,198,0,18149,0.000000
29,199,0,18149,0.000000
29,200,0,18149,0.000000
29,201,0,18149,0.000000
29,202,0,18149,0.000000
29,203,0,18149,0.000000
29,204,0,18149,0.000000
29,205,460,18149,80.493505
29,206,0,18149,0.000000
29,207,0,18149,0.000000
29,208,0,18149,0.000000
29,209,0,18149,0.000000
29,210,2554,18149,641.258791
29,211,0,18149,0.000000
29,212,894,18149,133.692667
29,213,0,18149,0.000000
29,214,0,18149,0.000000
29,215,0,18149,0.000000
29,216,0,18149,0.000000
29,217,0,18149,0.000000
29,218,311,18149,57.717827
29,219,0,18149,0.000000
29,220,0,18149,0.000000
29,221,1070,18149,155.601867
29,222,0,18149,0.000000
29,223,0,18149,0.000000
29,224,0,18149,0.000000
29,225,11233,18149,3366.867612
29,226,0,18149,0.000000
29,227,0,18149,0.000000
29,228,0,18149,0.000000
29,229,0,18149,0.000000
29,230,2061,18149,775.241114
29,231,0,18149,0.000000
29,232,0,18149,0.000000
29,233,0,18149,0.000000
29,234,310,18149,79.854211
29,235,0,18149,0.000000
29,236,0,18149,0.000000
29,237,0,18149,0.000000
29,238,0,18149,0.000000
29,239,0,18149,0.000000
29,240,0,18149,0.000000
29,241,0,18149,0.000000
29,242,0,18149,0.000000
29,243,654,18149,417.765960
29,244,0,18149,0.000000
29,245,0,18149,0.000000
29,246,0,18149,0.000000
29,247,0,18149,0.000000
29,248,0,18149,0.000000
29,249,0,18149,0.000000
29,250,0,18149,0.000000
29,251,402,18149,82.436724
29,252,536,18149,88.640993
29,253,0,18149,0.000000
29,254,0,18149,0.000000
29,255,0,18149,0.000000
29,256,225,18149,49.219824
29,257,950,18149,164.607145
29,258,2644,18149,505.108769
29,259,0,18149,0.000000
29,260,0,18149,0.000000
29,261,0,18149,0.000000
29,262,560,18149,96.334894
29,263,0,18149,0.000000
29,264,0,18149,0.000000
29,265,0,18149,0.000000
29,266,0,18149,0.000000
29,267,0,18149,0.000000
29,268,0,18149,0.000000
29,269,444,18149,87.053660
29,270,0,18149,0.000000
29,271,0,18149,0.000000
29,272,0,18149,0.000000
29,273,0,18149,0.000000
29,274,0,18149,0.000000
29,275,0,18149,0.000000
29,276,0,18149,0.000000
29,277,731,18149,153.464873
29,278,489,18149,98.223867
29,279,0,18149,0.000000
29,280,0,18149,0.000000
29,281,0,18149,0.000000
29,282,0,18149,0.000000
29,283,1028,18149,160.617101
29,284,0,18149,0.000000
29,285,0,18149,0.000000
29,286,0,18149,0.000000
29,287,0,18149,0.000000
29,288,0,18149,0.000000
29,289,636,18149,220.676439
29,290,0,18149,0.000000
29,291,0,18149,0.000000
29,292,0,18149,0.000000
29,293,0,18149,0.000000
29,294,0,18149,0.000000
29,295,0,18149,0.000000
29,296,0,18149,0.000000
29,297,0,18149,0.000000
29,298,0,18149,0.000000
29,299,0,18149,0.000000
29,300,0,18149,0.000000
29,301,0,18149,0.000000
29,302,0,18149,0.000000
29,303,0,18149,0.000000
29,304,0,18149,0.000000
29,305,0,18149,0.000000
29,306,253,18149,71.867657
29,307,1365,18149,231.214819
29,308,2128,18149,422.614990
29,309,0,18149,0.000000
29,310,0,18149,0.000000
29,311,4629,18149,1112.652121
29,312,0,18149,0.000000
29,313,506,18149,91.453708
29,314,0,18149,0.000000
29,315,0,18149,0.000000
29,316,0,18149,0.000000
29,317,313,18149,35.702599
29,318,0,18149,0.000000
29,319,911,18149,130.736974
29,320,0,18149,0.000000
29,321,415,18149,81.780829
29,322,0,18149,0.000000
29,323,0,18149,0.000000
29,324,0,18149,0.000000
29,325,0,18149,0.000000
29,326,0,18149,0.000000
29,327,0,18149,0.000000
29,328,0,18149,0.000000
29,329,0,18149,0.000000
29,330,1202,18149,300.230098
29,331,0,18149,0.000000
29,332,0,18149,0.000000
29,333,0,18149,0.000000
29,334,0,18149,0.000000
29,335,0,18149,0.000000
29,336,140,18149,21.095207
29,337,0,18149,0.000000
29,338,500,18149,128.925237
29,339,0,18149,0.000000
29,340,0,18149,0.000000
29,341,0,18149,0.000000
29,342,0,18149,0.000000
29,343,0,18149,0.000000
29,344,0,18149,0.000000
29,345,0,18149,0.000000
29,346,0,18149,0.000000
29,347,0,18149,0.000000
29,348,0,18149,0.000000
29,349,0,18149,0.000000
29,350,634,18149,105.149048
29,351,2570,18149,576.552218
29,352,0,18149,0.000000
29,353,0,18149,0.000000
29,354,0,18149,0.000000
29,355,0,18149,0.000000
29,356,0,18149,0.000000
29,357,0,18149,0.000000
29,358,0,18149,0.000000
29,359,0,18149,0.000000
29,360,0,18149,0.000000
29,361,0,18149,0.000000
29,362,0,18149,0.000000
29,363,0,18149,0.000000
29,364,0,18149,0.000000
29,365,0,18149,0.000000
29,366,0,18149,0.000000
29,367,665,18149,158.222639
29,368,0,18149,0.000000
29,369,0,18149,0.000000
29,370,0,18149,0.000000
29,371,0,18149,0.000000
29,372,0,18149,0.000000
29,373,0,18149,0.000000
29,374,0,18149,0.000000
29,375,0,18149,0.000000
29,376,370,18149,52.008847
29,377,0,18149,0.000000
29,378,1471,18149,353.322681
29,379,0,18149,0.000000
29,380,0,18149,0.000000
29,381,0,18149,0.000000
29,382,0,18149,0.000000
29,383,0,18149,0.000000
30,0,0,18149,0.000000
30,1,0,18149,0.000000
30,2,352,18149,59.607113
30,3,0,18149,0.000000
30,4,0,18149,0.000000
30,5,563,18149,153.993731
30,6,0,18149,0.000000
30,7,0,18149,0.000000
30,8,0,18149,0.000000
30,9,0,18149,0.000000
30,10,0,18149,0.000000
30,11,119,18149,29.443769
30,12,958,18149,159.863832
30,13,765,18149,137.224406
30,14,0,18149,0.000000
30,15,0,18149,0.000000
30,16,464,18149,138.776594
30,17,0,18149,0.000000
30,18,102,18149,24.363317
30,19,0,18149,0.000000
30,20,1160,18149,329.883069
30,21,0,18149,0.000000
30,22,149,18149,39.628764
30,23,883,18149,248.977758
30,24,0,18149,0.000000
30,25,0,18149,0.000000
30,26,0,18149,0.000000
30,27,0,18149,0.000000
30,28,0,18149,0.000000
30,29,0,18149,0.000000
30,30,0,18149,0.000000
30,31,0,18149,0.000000
30,32,0,18149,0.000000
30,33,0,18149,0.000000
30,34,0,18149,0.000000
30,35,0,18149,0.000000
30,36,1572,18149,480.165731
30,37,0,18149,0.000000
30,38,0,18149,0.000000
30,39,0,18149,0.000000
30,40,0,18149,0.000000
30,41,0,18149,0.000000
30,42,1403,18149,258.806108
30,43,591,18149,120.139780
30,44,0,18149,0.000000
30,45,529,18149,118.758404
30,46,0,18149,0.000000
30,47,0,18149,0.000000
30,48,1059,18149,236.591874
30,49,0,18149,0.000000
30,50,2387,18149,731.247098
30,51,0,18149,0.000000
30,52,0,18149,0.000000
30,53,0,18149,0.000000
30,54,0,18149,0.000000
30,55,239,18149,48.544382
30,56,0,18149,0.000000
30,57,0,18149,0.000000
30,58,0,18149,0.000000
30,59,0,18149,0.000000
30,60,0,18149,0.000000
30,61,1429,18149,427.559701
30,62,0,18149,0.000000
30,63,404,18149,98.949383
30,64,0,18149,0.000000
30,65,0,18149,0.000000
30,66,939,18149,224.433824
30,67,0,18149,0.000000
30,68,0,18149,0.000000
30,69,0,18149,0.000000
30,70,0,18149,0.000000
30,71,0,18149,0.000000
30,72,0,18149,0.000000
30,73,0,18149,0.000000
30,74,0,18149,0.000000
30,75,0,18149,0.000000
30,76,0,18149,0.000000
30,77,0,18149,0.000000
30,78,941,18149,226.078821
30,79,0,18149,0.000000
30,80,0,18149,0.000000
30,81,0,18149,0.000000
30,82,0,18149,0.000000
30,83,0,18149,0.000000
30,84,0,18149,0.000000
30,85,0,18149,0.000000
30,86,0,18149,0.000000
30,87,110,18149,20.549612
30,88,0,18149,0.000000
30,89,0,18149,0.000000
30,90,0,18149,0.000000
30,91,0,18149,0.000000
30,92,0,18149,0.000000
30,93,0,18149,0.000000
30,94,0,18149,0.000000
30,95,6630,18149,1812.621768
30,96,0,18149,0.000000
30,97,0,18149,0.000000
30,98,0,18149,0.000000
30,99,4985,18149,1095.440494
30,100,0,18149,0.000000
30,101,0,18149,0.000000
30,102,0,18149,0.000000
30,103,0,18149,0.000000
30,104,0,18149,0.000000
30,105,0,18149,0.000000
30,106,0,18149,0.000000
30,107,0,18149,0.000000
30,108,0,18149,0.000000
30,109,0,18149,0.000000
30,110,0,18149,0.000000
30,111,0,18149,0.000000
30,112,1288,18149,334.172366
30,113,0,18149,0.000000
30,114,0,18149,0.000000
30,115,0,18149,0.000000
30,116,0,18149,0.000000
30,117,0,18149,0.000000
30,118,0,18149,0.000000
30,119,0,18149,0.000000
30,120,0,18149,0.000000
30,121,0,18149,0.000000
30,122,0,18149,0.000000
30,123,0,18149,0.000000
30,124,0,18149,0.000000
30,125,0,18149,0.000000
30,126,0,18149,0.000000
30,127,0,18149,0.000000
30,128,0,18149,0.000000
30,129,0,18149,0.000000
30,130,0,18149,0.000000
30,131,0,18149,0.000000
30,132,1474,18149,475.259536
30,133,0,18149,0.000000
30,134,1179,18149,302.961727
30,135,1079,18149,218.032600
30,136,0,18149,0.000000
30,137,0,18149,0.000000
30,138,0,18149,0.000000
30,139,0,18149,0.000000
30,140,0,18149,0.000000
30,141,0,18149,0.000000
30,142,0,18149,0.000000
30,143,0,18149,0.000000
30,144,0,18149,0.000000
30,145,0,18149,0.000000
30,146,36,18149,3.764242
30,147,0,18149,0.000000
30,148,1117,18149,282.359203
30,149,808,18149,142.434970
30,150,0,18149,0.000000
30,151,0,18149,0.000000
30,152,0,18149,0.000000
30,153,0,18149,0.000000
30,154,0,18149,0.000000
30,155,0,18149,0.000000
30,156,0,18149,0.000000
30,157,0,18149,0.000000
30,158,0,18149,0.000000
30,159,0,18149,0.000000
30,160,0,18149,0.000000
30,161,2233,18149,555.195792
30,162,0,18149,0.000000
30,163,0,18149,0.000000
30,164,0,18149,0.000000
30,165,0,18149,0.000000
30,166,0,18149,0.000000
30,167,2297,18149,643.022031
30,168,0,18149,0.000000
30,169,0,18149,0.000000
30,170,286,18149,63.632564
30,171,0,18149,0.000000
30,172,1623,18149,530.371336
30,173,578,18149,176.673805
30,174,0,18149,0.000000
30,175,175,18149,40.492457
30,176,0,18149,0.000000
30,177,0,18149,0.000000
30,178,0,18149,0.000000
30,179,1047,18149,401.426214
30,180,0,18149,0.000000
30,181,0,18149,0.000000
30,182,92,18149,16.377037
30,183,0,18149,0.000000
30,184,3060,18149,600.591097
30,185,0,18149,0.000000
30,186,0,18149,0.000000
30,187,0,18149,0.000000
30,188,0,18149,0.000000
30,189,3147,18149,803.784527
30,190,0,18149,0.000000
30,191,0,18149,0.000000
30,192,0,18149,0.000000
30,193,849,18149,316.274849
30,194,0,18149,0.000000
30,195,0,18149,0.000000
30,196,0,18149,0.000000
30,197,2010,18149,400.890291
30,198,0,18149,0.000000
30,199,0,18149,0.000000
30,200,0,18149,0.000000
30,201,0,18149,0.000000
30,202,0,18149,0.000000
30,203,597,18149,116.367329
30,204,0,18149,0.000000
30,205,0,18149,0.000000
30,206,1275,18149,282.080669
30,207,0,18149,0.000000
30,208,0,18149,0.000000
30,209,397,18149,54.848868
30,210,0,18149,0.000000
30,211,273,18149,58.579582
30,212,1109,18149,201.661306
30,213,400,18149,109.234397
30,214,0,18149,0.000000
30,215,0,18149,0.000000
30,216,1312,18149,350.733599
30,217,0,18149,0.000000
30,218,0,18149,0.000000
30,219,695,18149,173.202367
30,220,395,18149,93.206085
30,221,0,18149,0.000000
30,222,0,18149,0.000000
30,223,0,18149,0.000000
30,224,3442,18149,871.426773
30,225,800,18149,128.462893
30,226,362,18149,83.683350
30,227,0,18149,0.000000
30,228,0,18149,0.000000
30,229,1346,18149,218.132359
30,230,0,18149,0.000000
30,231,0,18149,0.000000
30,232,0,18149,0.000000
30,233,3833,18149,1093.789244
30,234,0,18149,0.000000
30,235,1910,18149,508.141281
30,236,1208,18149,255.475293
30,237,0,18149,0.000000
30,238,0,18149,0.000000
30,239,0,18149,0.000000
30,240,0,18149,0.000000
30,241,0,18149,0.000000
30,242,0,18149,0.000000
30,243,0,18149,0.000000
30,244,0,18149,0.000000
30,245,921,18149,192.735917
30,246,0,18149,0.000000
30,247,0,18149,0.000000
30,248,0,18149,0.000000
30,249,0,18149,0.000000
30,250,611,18149,113.978378
30,251,711,18149,189.159944
30,252,0,18149,0.000000
30,253,0,18149,0.000000
30,254,0,18149,0.000000
30,255,0,18149,0.000000
30,256,388,18149,103.418304
30,257,0,18149,0.000000
30,258,0,18149,0.000000
30,259,0,18149,0.000000
30,260,0,18149,0.000000
30,261,0,18149,0.000000
30,262,303,18149,71.329644
30,263,301,18149,63.216866
30,264,216,18149,51.981818
30,265,664,18149,174.126303
30,266,0,18149,0.000000
30,267,0,18149,0.000000
30,268,0,18149,0.000000
30,269,0,18149,0.000000
30,270,0,18149,0.000000
30,271,0,18149,0.000000
30,272,0,18149,0.000000
30,273,0,18149,0.000000
30,274,0,18149,0.000000
30,275,0,18149,0.000000
30,276,0,18149,0.000000
30,277,1054,18149,322.897766
30,278,0,18149,0.000000
30,279,0,18149,0.000000
30,280,1464,18149,282.249230
30,281,686,18149,131.400463
30,282,0,18149,0.000000
30,283,0,18149,0.000000
30,284,0,18149,0.000000
30,285,0,18149,0.000000
30,286,0,18149,0.000000
30,287,0,18149,0.000000
30,288,0,18149,0.000000
30,289,0,18149,0.000000
30,290,0,18149,0.000000
30,291,0,18149,0.000000
30,292,0,18149,0.000000
30,293,0,18149,0.000000
30,294,0,18149,0.000000
30,295,980,18149,171.574195
30,296,0,18149,0.000000
30,297,0,18149,0.000000
30,298,2550,18149,678.947696
30,299,0,18149,0.000000
30,300,680,18149,138.265266
30,301,0,18149,0.000000
30,302,489,18149,88.778365
30,303,0,18149,0.000000
30,304,0,18149,0.000000
30,305,5939,18149,1897.205796
30,306,0,18149,0.000000
30,307,0,18149,0.000000
30,308,0,18149,0.000000
30,309,0,18149,0.000000
30,310,343,18149,64.954987
30,311,0,18149,0.000000
30,312,0,18149,0.000000
30,313,0,18149,0.000000
30,314,0,18149,0.000000
30,315,0,18149,0.000000
30,316,0,18149,0.000000
30,317,0,18149,0.000000
30,318,0,18149,0.000000
30,319,0,18149,0.000000
30,320,0,18149,0.000000
30,321,0,18149,0.000000
30,322,0,18149,0.000000
30,323,0,18149,0.000000
30,324,811,18149,120.090397
30,325,0,18149,0.000000
30,326,617,18149,114.671137
30,327,1192,18149,239.878657
30,328,814,18149,157.004952
30,329,1571,18149,310.379456
30,330,0,18149,0.000000
30,331,560,18149,169.425277
30,332,427,18149,99.232075
30,333,0,18149,0.000000
30,334,195,18149,60.698486
30,335,0,18149,0.000000
30,336,312,18149,61.384284
30,337,0,18149,0.000000
30,338,0,18149,0.000000
30,339,0,18149,0.000000
30,340,0,18149,0.000000
30,341,0,18149,0.000000
30,342,0,18149,0.000000
30,343,0,18149,0.000000
30,344,0,18149,0.000000
30,345,209,18149,34.731799
30,346,1053,18149,455.127970
30,347,1183,18149,280.767918
30,348,0,18149,0.000000
30,349,0,18149,0.000000
30,350,0,18149,0.000000
30,351,0,18149,0.000000
30,352,621,18149,158.264200
30,353,0,18149,0.000000
30,354,0,18149,0.000000
30,355,1348,18149,236.331204
30,356,1071,18149,333.836734
30,357,0,18149,0.000000
30,358,0,18149,0.000000
30,359,0,18149,0.000000
30,360,1191,18149,304.696153
30,361,0,18149,0.000000
30,362,533,18149,186.586378
30,363,0,18149,0.000000
30,364,0,18149,0.000000
30,365,0,18149,0.000000
30,366,0,18149,0.000000
30,367,0,18149,0.000000
30,368,0,18149,0.000000
30,369,0,18149,0.000000
30,370,0,18149,0.000000
30,371,0,18149,0.000000
30,372,0,18149,0.000000
30,373,0,18149,0.000000
30,374,0,18149,0.000000
30,375,0,18149,0.000000
30,376,842,18149,143.694709
30,377,0,18149,0.000000
30,378,734,18149,167.473785
30,379,1901,18149,497.514997
30,380,944,18149,227.097272
30,381,0,18149,0.000000
30,382,0,18149,0.000000
30,383,0,18149,0.000000
31,0,0,18149,0.000000
31,1,0,18149,0.000000
31,2,0,18149,0.000000
31,3,0,18149,0.000000
31,4,0,18149,0.000000
31,5,570,18149,127.254490
31,6,0,18149,0.000000
31,7,0,18149,0.000000
31,8,0,18149,0.000000
31,9,0,18149,0.000000
31,10,0,18149,0.000000
31,11,0,18149,0.000000
31,12,0,18149,0.000000
31,13,0,18149,0.000000
31,14,0,18149,0.000000
31,15,0,18149,0.000000
31,16,0,18149,0.000000
31,17,853,18149,134.548197
31,18,0,18149,0.000000
31,19,985,18149,254.309151
31,20,0,18149,0.000000
31,21,0,18149,0.000000
31,22,262,18149,61.994865
31,23,0,18149,0.000000
31,24,965,18149,263.673874
31,25,590,18149,132.904183
31,26,0,18149,0.000000
31,27,0,18149,0.000000
31,28,1460,18149,463.707004
31,29,0,18149,0.000000
31,30,0,18149,0.000000
31,31,693,18149,136.895139
31,32,0,18149,0.000000
31,33,0,18149,0.000000
31,34,0,18149,0.000000
31,35,0,18149,0.000000
31,36,511,18149,139.225765
31,37,0,18149,0.000000
31,38,0,18149,0.000000
31,39,0,18149,0.000000
31,40,6929,18149,1868.369855
31,41,0,18149,0.000000
31,42,0,18149,0.000000
31,43,0,18149,0.000000
31,44,0,18149,0.000000
31,45,492,18149,114.619602
31,46,0,18149,0.000000
31,47,0,18149,0.000000
31,48,766,18149,182.302385
31,49,0,18149,0.000000
31,50,0,18149,0.000000
31,51,0,18149,0.000000
31,52,1011,18149,249.233013
31,53,0,18149,0.000000
31,54,905,18149,202.232007
31,55,0,18149,0.000000
31,56,0,18149,0.000000
31,57,0,18149,0.000000
31,58,0,18149,0.000000
31,59,0,18149,0.000000
31,60,0,18149,0.000000
31,61,0,18149,0.000000
31,62,0,18149,0.000000
31,63,0,18149,0.000000
31,64,767,18149,137.067247
31,65,0,18149,0.000000
31,66,0,18149,0.000000
31,67,0,18149,0.000000
31,68,1109,18149,280.254067
31,69,0,18149,0.000000
31,70,69,18149,12.106147
31,71,0,18149,0.000000
31,72,0,18149,0.000000
31,73,0,18149,0.000000
31,74,0,18149,0.000000
31,75,0,18149,0.000000
31,76,0,18149,0.000000
31,77,2749,18149,878.614191
31,78,0,18149,0.000000
31,79,0,18149,0.000000
31,80,0,18149,0.000000
31,81,0,18149,0.000000
31,82,0,18149,0.000000
31,83,0,18149,0.000000
31,84,0,18149,0.000000
31,85,0,18149,0.000000
31,86,0,18149,0.000000
31,87,759,18149,195.345943
31,88,470,18149,111.174386
31,89,0,18149,0.000000
31,90,0,18149,0.000000
31,91,0,18149,0.000000
31,92,0,18149,0.000000
31,93,0,18149,0.000000
31,94,837,18149,186.144402
31,95,0,18149,0.000000
31,96,0,18149,0.000000
31,97,0,18149,0.000000
31,98,0,18149,0.000000
31,99,397,18149,95.245263
31,100,0,18149,0.000000
31,101,0,18149,0.000000
31,102,0,18149,0.000000
31,103,1307,18149,234.669425
31,104,0,18149,0.000000
31,105,0,18149,0.000000
31,106,0,18149,0.000000
31,107,0,18149,0.000000
31,108,782,18149,181.248951
31,109,0,18149,0.000000
31,110,0,18149,0.000000
31,111,0,18149,0.000000
31,112,0,18149,0.000000
31,113,0,18149,0.000000
31,114,0,18149,0.000000
31,115,0,18149,0.000000
31,116,0,18149,0.000000
31,117,3613,18149,860.944796
31,118,0,18149,0.000000
31,119,0,18149,0.000000
31,120,2371,18149,796.126323
31,121,0,18149,0.000000
31,122,0,18149,0.000000
31,123,0,18149,0.000000
31,124,0,18149,0.000000
31,125,0,18149,0.000000
31,126,0,18149,0.000000
31,127,0,18149,0.000000
31,128,0,18149,0.000000
31,129,0,18149,0.000000
31,130,0,18149,0.000000
31,131,0,18149,0.000000
31,132,0,18149,0.000000
31,133,0,18149,0.000000
31,134,0,18149,0.000000
31,135,0,18149,0.000000
31,136,0,18149,0.000000
31,137,351,18149,85.110183
31,138,1146,18149,279.892094
31,139,0,18149,0.000000
31,140,0,18149,0.000000
31,141,2667,18149,584.791398
31,142,0,18149,0.000000
31,143,0,18149,0.000000
31,144,0,18149,0.000000
31,145,0,18149,0.000000
31,146,0,18149,0.000000
31,147,0,18149,0.000000
31,148,0,18149,0.000000
31,149,0,18149,0.000000
31,150,0,18149,0.000000
31,151,0,18149,0.000000
31,152,0,18149,0.000000
31,153,0,18149,0.000000
31,154,2463,18149,602.748130
31,155,966,18149,163.274789
31,156,0,18149,0.000000
31,157,0,18149,0.000000
31,158,0,18149,0.000000
31,159,0,18149,0.000000
31,160,284,18149,65.900772
31,161,0,18149,0.000000
31,162,0,18149,0.000000
31,163,0,18149,0.000000
31,164,0,18149,0.000000
31,165,0,18149,0.000000
31,166,0,18149,0.000000
31,167,3504,18149,844.150764
31,168,0,18149,0.000000
31,169,0,18149,0.000000
31,170,0,18149,0.000000
31,171,0,18149,0.000000
31,172,0,18149,0.000000
31,173,0,18149,0.000000
31,174,656,18149,149.207007
31,175,0,18149,0.000000
31,176,0,18149,0.000000
31,177,0,18149,0.000000
31,178,0,18149,0.000000
31,179,0,18149,0.000000
31,180,0,18149,0.000000
31,181,0,18149,0.000000
31,182,0,18149,0.000000
31,183,0,18149,0.000000
31,184,431,18149,110.068464
31,185,902,18149,163.297407
31,186,0,18149,0.000000
31,187,0,18149,0.000000
31,188,2600,18149,499.789783
31,189,0,18149,0.000000
31,190,0,18149,0.000000
31,191,1139,18149,300.792359
31,192,0,18149,0.000000
31,193,0,18149,0.000000
31,194,0,18149,0.000000
31,195,681,18149,159.702608
31,196,0,18149,0.000000
31,197,0,18149,0.000000
31,198,0,18149,0.000000
31,199,0,18149,0.000000
31,200,0,18149,0.000000
31,201,0,18149,0.000000
31,202,0,18149,0.000000
31,203,1008,18149,183.124635
31,204,0,18149,0.000000
31,205,0,18149,0.000000
31,206,422,18149,91.204437
31,207,0,18149,0.000000
31,208,465,18149,197.690100
31,209,0,18149,0.000000
31,210,0,18149,0.000000
31,211,0,18149,0.000000
31,212,0,18149,0.000000
31,213,0,18149,0.000000
31,214,0,18149,0.000000
31,215,0,18149,0.000000
31,216,1273,18149,299.138493
31,217,408,18149,94.607070
31,218,0,18149,0.000000
31,219,925,18149,266.044381
31,220,0,18149,0.000000
31,221,0,18149,0.000000
31,222,0,18149,0.000000
31,223,0,18149,0.000000
31,224,0,18149,0.000000
31,225,396,18149,96.112636
31,226,0,18149,0.000000
31,227,0,18149,0.000000
31,228,0,18149,0.000000
31,229,4051,18149,991.742985
31,230,227,18149,50.043909
31,231,0,18149,0.000000
31,232,0,18149,0.000000
31,233,0,18149,0.000000
31,234,0,18149,0.000000
31,235,0,18149,0.000000
31,236,0,18149,0.000000
31,237,0,18149,0.000000
31,238,0,18149,0.000000
31,239,0,18149,0.000000
31,240,0,18149,0.000000
31,241,0,18149,0.000000
31,242,0,18149,0.000000
31,243,0,18149,0.000000
31,244,0,18149,0.000000
31,245,618,18149,125.403895
31,246,0,18149,0.000000
31,247,0,18149,0.000000
31,248,0,18149,0.000000
31,249,652,18149,144.685653
31,250,2437,18149,759.943290
31,251,0,18149,0.000000
31,252,0,18149,0.000000
31,253,883,18149,229.664866
31,254,0,18149,0.000000
31,255,942,18149,146.287630
31,256,0,18149,0.000000
31,257,0,18149,0.000000
31,258,0,18149,0.000000
31,259,0,18149,0.000000
31,260,0,18149,0.000000
31,261,0,18149,0.000000
31,262,0,18149,0.000000
31,263,0,18149,0.000000
31,264,0,18149,0.000000
31,265,0,18149,0.000000
31,266,0,18149,0.000000
31,267,0,18149,0.000000
31,268,0,18149,0.000000
31,269,3770,18149,889.918029
31,270,0,18149,0.000000
31,271,0,18149,0.000000
31,272,0,18149,0.000000
31,273,0,18149,0.000000
31,274,101,18149,16.196764
31,275,0,18149,0.000000
31,276,733,18149,128.926873
31,277,0,18149,0.000000
31,278,0,18149,0.000000
31,279,0,18149,0.000000
31,280,764,18149,154.456903
31,281,0,18149,0.000000
31,282,0,18149,0.000000
31,283,0,18149,0.000000
31,284,0,18149,0.000000
31,285,415,18149,104.618836
31,286,0,18149,0.000000
31,287,10936,18149,3241.615511
31,288,0,18149,0.000000
31,289,951,18149,245.730116
31,290,0,18149,0.000000
31,291,0,18149,0.000000
31,292,0,18149,0.000000
31,293,0,18149,0.000000
31,294,0,18149,0.000000
31,295,0,18149,0.000000
31,296,0,18149,0.000000
31,297,970,18149,221.295327
31,298,0,18149,0.000000
31,299,0,18149,0.000000
31,300,0,18149,0.000000
31,301,0,18149,0.000000
31,302,0,18149,0.000000
31,303,929,18149,243.723166
31,304,0,18149,0.000000
31,305,3766,18149,706.684811
31,306,0,18149,0.000000
31,307,0,18149,0.000000
31,308,206,18149,65.455587
31,309,0,18149,0.000000
31,310,0,18149,0.000000
31,311,0,18149,0.000000
31,312,0,18149,0.000000
31,313,0,18149,0.000000
31,314,0,18149,0.000000
31,315,0,18149,0.000000
31,316,0,18149,0.000000
31,317,0,18149,0.000000
31,318,1022,18149,198.697893
31,319,0,18149,0.000000
31,320,0,18149,0.000000
31,321,0,18149,0.000000
31,322,0,18149,0.000000
31,323,0,18149,0.000000
31,324,0,18149,0.000000
31,325,117,18149,23.536295
31,326,982,18149,232.076968
31,327,0,18149,0.000000
31,328,0,18149,0.000000
31,329,0,18149,0.000000
31,330,351,18149,96.405912
31,331,0,18149,0.000000
31,332,552,18149,133.225278
31,333,0,18149,0.000000
31,334,500,18149,110.581328
31,335,0,18149,0.000000
31,336,0,18149,0.000000
31,337,0,18149,0.000000
31,338,0,18149,0.000000
31,339,29,18149,3.133864
31,340,0,18149,0.000000
31,341,0,18149,0.000000
31,342,0,18149,0.000000
31,343,0,18149,0.000000
31,344,0,18149,0.000000
31,345,0,18149,0.000000
31,346,0,18149,0.000000
31,347,180,18149,55.566696
31,348,0,18149,0.000000
31,349,0,18149,0.000000
31,350,347,18149,92.183766
31,351,0,18149,0.000000
31,352,0,18149,0.000000
31,353,0,18149,0.000000
31,354,0,18149,0.000000
31,355,0,18149,0.000000
31,356,0,18149,0.000000
31,357,692,18149,173.771590
31,358,1151,18149,207.987248
31,359,0,18149,0.000000
31,360,0,18149,0.000000
31,361,0,18149,0.000000
31,362,1104,18149,215.766436
31,363,0,18149,0.000000
31,364,0,18149,0.000000
31,365,0,18149,0.000000
31,366,0,18149,0.000000
31,367,0,18149,0.000000
31,368,0,18149,0.000000
31,369,0,18149,0.000000
31,370,0,18149,0.000000
31,371,0,18149,0.000000
31,372,8543,18149,2225.772941
31,373,0,18149,0.000000
31,374,3772,18149,1039.172415
31,375,543,18149,101.839705
31,376,0,18149,0.000000
31,377,749,18149,310.529482
31,378,0,18149,0.000000
31,379,0,18149,0.000000
31,380,0,18149,0.000000
31,381,0,18149,0.000000
31,382,0,18149,0.000000
31,383,0,18149,0.000000
32,0,0,18149,0.000000
32,1,0,18149,0.000000
32,2,0,18149,0.000000
32,3,0,18149,0.000000
32,4,695,18149,219.741912
32,5,0,18149,0.000000
32,6,0,18149,0.000000
32,7,906,18149,249.225081
32,8,0,18149,0.000000
32,9,0,18149,0.000000
32,10,992,18149,220.977901
32,11,0,18149,0.000000
32,12,0,18149,0.000000
32,13,0,18149,0.000000
32,14,392,18149,91.222644
32,15,0,18149,0.000000
32,16,0,18149,0.000000
32,17,0,18149,0.000000
32,18,0,18149,0.000000
32,19,0,18149,0.000000
32,20,0,18149,0.000000
32,21,798,18149,193.670922
32,22,0,18149,0.000000
32,23,0,18149,0.000000
32,24,0,18149,0.000000
32,25,0,18149,0.000000
32,26,0,18149,0.000000
32,27,0,18149,0.000000
32,28,0,18149,0.000000
32,29,820,18149,147.189757
32,30,0,18149,0.000000
32,31,0,18149,0.000000
32,32,0,18149,0.000000
32,33,5068,18149,1243.915419
32,34,0,18149,0.000000
32,35,0,18149,0.000000
32,36,0,18149,0.000000
32,37,799,18149,171.855321
32,38,0,18149,0.000000
32,39,0,18149,0.000000
32,40,0,18149,0.000000
32,41,3330,18149,824.633228
32,42,0,18149,0.000000
32,43,0,18149,0.000000
32,44,0,18149,0.000000
32,45,0,18149,0.000000
32,46,773,18149,163.886461
32,47,0,18149,0.000000
32,48,0,18149,0.000000
32,49,650,18149,127.465676
32,50,0,18149,0.000000
32,51,0,18149,0.000000
32,52,876,18149,156.045086
32,53,0,18149,0.000000
32,54,0,18149,0.000000
32,55,0,18149,0.000000
32,56,0,18149,0.000000
32,57,0,18149,0.000000
32,58,0,18149,0.000000
32,59,250,18149,46.138784
32,60,0,18149,0.000000
32,61,0,18149,0.000000
32,62,0,18149,0.000000
32,63,0,18149,0.000000
32,64,0,18149,0.000000
32,65,0,18149,0.000000
32,66,0,18149,0.000000
32,67,0,18149,0.000000
32,68,0,18149,0.000000
32,69,0,18149,0.000000
32,70,0,18149,0.000000
32,71,242,18149,65.201447
32,72,0,18149,0.000000
32,73,0,18149,0.000000
32,74,907,18149,227.391041
32,75,0,18149,0.000000
32,76,0,18149,0.000000
32,77,870,18149,239.432410
32,78,1369,18149,296.315657
32,79,0,18149,0.000000
32,80,0,18149,0.000000
32,81,0,18149,0.000000
32,82,2420,18149,422.974092
32,83,0,18149,0.000000
32,84,0,18149,0.000000
32,85,0,18149,0.000000
32,86,0,18149,0.000000
32,87,0,18149,0.000000
32,88,0,18149,0.000000
32,89,1241,18149,310.920019
32,90,671,18149,228.841392
32,91,260,18149,65.607631
32,92,0,18149,0.000000
32,93,0,18149,0.000000
32,94,0,18149,0.000000
32,95,0,18149,0.000000
32,96,0,18149,0.000000
32,97,0,18149,0.000000
32,98,2577,18149,764.466283
32,99,1988,18149,544.060489
32,100,820,18149,141.192961
32,101,1326,18149,396.856169
32,102,847,18149,184.324237
32,103,0,18149,0.000000
32,104,0,18149,0.000000
32,105,194,18149,43.749772
32,106,0,18149,0.000000
32,107,0,18149,0.000000
32,108,0,18149,0.000000
32,109,0,18149,0.000000
32,110,0,18149,0.000000
32,111,0,18149,0.000000
32,112,0,18149,0.000000
32,113,0,18149,0.000000
32,114,0,18149,0.000000
32,115,1045,18149,268.826144
32,116,0,18149,0.000000
32,117,0,18149,0.000000
32,118,0,18149,0.000000
32,119,0,18149,0.000000
32,120,0,18149,0.000000
32,121,0,18149,0.000000
32,122,12698,18149,4046.091698
32,123,0,18149,0.000000
32,124,0,18149,0.000000
32,125,0,18149,0.000000
32,126,0,18149,0.000000
32,127,0,18149,0.000000
32,128,0,18149,0.000000
32,129,0,18149,0.000000
32,130,0,18149,0.000000
32,131,0,18149,0.000000
32,132,562,18149,136.656323
32,133,0,18149,0.000000
32,134,0,18149,0.000000
32,135,0,18149,0.000000
32,136,0,18149,0.000000
32,137,0,18149,0.000000
32,138,0,18149,0.000000
32,139,0,18149,0.000000
32,140,0,18149,0.000000
32,141,0,18149,0.000000
32,142,0,18149,0.000000
32,143,629,18149,144.072656
32,144,0,18149,0.000000
32,145,1725,18149,327.406298
32,146,0,18149,0.000000
32,147,0,18149,0.000000
32,148,0,18149,0.000000
32,149,470,18149,91.303318
32,150,0,18149,0.000000
32,151,0,18149,0.000000
32,152,0,18149,0.000000
32,153,0,18149,0.000000
32,154,0,18149,0.000000
32,155,3969,18149,1131.415503
32,156,0,18149,0.000000
32,157,0,18149,0.000000
32,158,0,18149,0.000000
32,159,0,18149,0.000000
32,160,0,18149,0.000000
32,161,0,18149,0.000000
32,162,0,18149,0.000000
32,163,0,18149,0.000000
32,164,0,18149,0.000000
32,165,0,18149,0.000000
32,166,0,18149,0.000000
32,167,0,18149,0.000000
32,168,1119,18149,315.978991
32,169,0,18149,0.000000
32,170,0,18149,0.000000
32,171,0,18149,0.000000
32,172,0,18149,0.000000
32,173,0,18149,0.000000
32,174,0,18149,0.000000
32,175,0,18149,0.000000
32,176,0,18149,0.000000
32,177,0,18149,0.000000
32,178,0,18149,0.000000
32,179,0,18149,0.000000
32,180,0,18149,0.000000
32,181,282,18149,50.249977
32,182,0,18149,0.000000
32,183,563,18149,124.711074
32,184,1403,18149,299.722773
32,185,0,18149,0.000000
32,186,0,18149,0.000000
32,187,0,18149,0.000000
32,188,0,18149,0.000000
32,189,2106,18149,712.860897
32,190,0,18149,0.000000
32,191,0,18149,0.000000
32,192,0,18149,0.000000
32,193,0,18149,0.000000
32,194,0,18149,0.000000
32,195,0,18149,0.000000
32,196,0,18149,0.000000
32,197,0,18149,0.000000
32,198,0,18149,0.000000
32,199,0,18149,0.000000
32,200,0,18149,0.000000
32,201,8903,18149,2414.131938
32,202,0,18149,0.000000
32,203,0,18149,0.000000
32,204,149,18149,27.958321
32,205,0,18149,0.000000
32,206,0,18149,0.000000
32,207,0,18149,0.000000
32,208,0,18149,0.000000
32,209,0,18149,0.000000
32,210,0,18149,0.000000
32,211,0,18149,0.000000
32,212,0,18149,0.000000
32,213,0,18149,0.000000
32,214,0,18149,0.000000
32,215,0,18149,0.000000
32,216,0,18149,0.000000
32,217,0,18149,0.000000
32,218,1060,18149,358.401732
32,219,0,18149,0.000000
32,220,0,18149,0.000000
32,221,646,18149,131.613710
32,222,0,18149,0.000000
32,223,0,18149,0.000000
32,224,0,18149,0.000000
32,225,0,18149,0.000000
32,226,610,18149,146.895849
32,227,0,18149,0.000000
32,228,798,18149,184.758833
32,229,0,18149,0.000000
32,230,0,18149,0.000000
32,231,0,18149,0.000000
32,232,1140,18149,233.198509
32,233,0,18149,0.000000
32,234,1017,18149,231.756268
32,235,1152,18149,209.484576
32,236,0,18149,0.000000
32,237,232,18149,52.502753
32,238,0,18149,0.000000
32,239,0,18149,0.000000
32,240,0,18149,0.000000
32,241,1357,18149,226.859222
32,242,541,18149,106.920778
32,243,0,18149,0.000000
32,244,0,18149,0.000000
32,245,0,18149,0.000000
32,246,889,18149,152.392336
32,247,0,18149,0.000000
32,248,760,18149,146.767950
32,249,0,18149,0.000000
32,250,0,18149,0.000000
32,251,146,18149,35.668113
32,252,382,18149,114.397099
32,253,0,18149,0.000000
32,254,0,18149,0.000000
32,255,0,18149,0.000000
32,256,0,18149,0.000000
32,257,0,18149,0.000000
32,258,0,18149,0.000000
32,259,0,18149,0.000000
32,260,0,18149,0.000000
32,261,425,18149,97.251874
32,262,0,18149,0.000000
32,263,0,18149,0.000000
32,264,0,18149,0.000000
32,265,0,18149,0.000000
32,266,2723,18149,698.957885
32,267,117,18149,27.974694
32,268,0,18149,0.000000
32,269,0,18149,0.000000
32,270,698,18149,163.128098
32,271,0,18149,0.000000
32,272,0,18149,0.000000
32,273,0,18149,0.000000
32,274,0,18149,0.000000
32,275,0,18149,0.000000
32,276,1244,18149,321.034419
32,277,693,18149,117.329077
32,278,0,18149,0.000000
32,279,312,18149,52.752058
32,280,0,18149,0.000000
32,281,0,18149,0.000000
32,282,0,18149,0.000000
32,283,508,18149,47.406286
32,284,0,18149,0.000000
32,285,0,18149,0.000000
32,286,0,18149,0.000000
32,287,0,18149,0.000000
32,288,762,18149,121.680520
32,289,0,18149,0.000000
32,290,936,18149,230.568947
32,291,0,18149,0.000000
32,292,0,18149,0.000000
32,293,0,18149,0.000000
32,294,411,18149,90.179718
32,295,0,18149,0.000000
32,296,940,18149,192.948726
32,297,0,18149,0.000000
32,298,0,18149,0.000000
32,299,0,18149,0.000000
32,300,0,18149,0.000000
32,301,0,18149,0.000000
32,302,0,18149,0.000000
32,303,1099,18149,192.390212
32,304,0,18149,0.000000
32,305,0,18149,0.000000
32,306,0,18149,0.000000
32,307,0,18149,0.000000
32,308,0,18149,0.000000
32,309,0,18149,0.000000
32,310,0,18149,0.000000
32,311,0,18149,0.000000
32,312,274,18149,54.170116
32,313,0,18149,0.000000
32,314,1053,18149,249.870786
32,315,0,18149,0.000000
32,316,0,18149,0.000000
32,317,0,18149,0.000000
32,318,0,18149,0.000000
32,319,0,18149,0.000000
32,320,0,18149,0.000000
32,321,0,18149,0.000000
32,322,0,18149,0.000000
32,323,0,18149,0.000000
32,324,0,18149,0.000000
32,325,1968,18149,361.597143
32,326,0,18149,0.000000
32,327,0,18149,0.000000
32,328,0,18149,0.000000
32,329,2238,18149,474.543526
32,330,0,18149,0.000000
32,331,4476,18149,1092.616233
32,332,0,18149,0.000000
32,333,0,18149,0.000000
32,334,0,18149,0.000000
32,335,0,18149,0.000000
32,336,0,18149,0.000000
32,337,0,18149,0.000000
32,338,161,18149,37.182826
32,339,701,18149,115.773944
32,340,0,18149,0.000000
32,341,466,18149,89.387677
32,342,0,18149,0.000000
32,343,0,18149,0.000000
32,344,258,18149,56.638754
32,345,0,18149,0.000000
32,346,0,18149,0.000000
32,347,0,18149,0.000000
32,348,0,18149,0.000000
32,349,0,18149,0.000000
32,350,0,18149,0.000000
32,351,0,18149,0.000000
32,352,0,18149,0.000000
32,353,451,18149,84.968140
32,354,0,18149,0.000000
32,355,2415,18149,573.408008
32,356,0,18149,0.000000
32,357,0,18149,0.000000
32,358,0,18149,0.000000
32,359,0,18149,0.000000
32,360,0,18149,0.000000
32,361,0,18149,0.000000
32,362,0,18149,0.000000
32,363,0,18149,0.000000
32,364,0,18149,0.000000
32,365,0,18149,0.000000
32,366,0,18149,0.000000
32,367,0,18149,0.000000
32,368,584,18149,93.764275
32,369,0,18149,0.000000
32,370,0,18149,0.000000
32,371,0,18149,0.000000
32,372,3074,18149,998.365869
32,373,706,18149,192.290946
32,374,0,18149,0.000000
32,375,0,18149,0.000000
32,376,0,18149,0.000000
32,377,0,18149,0.000000
32,378,585,18149,149.543661
32,379,0,18149,0.000000
32,380,0,18149,0.000000
32,381,0,18149,0.000000
32,382,0,18149,0.000000
32,383,182,18149,35.470264
33,0,0,18149,0.000000
33,1,0,18149,0.000000
33,2,0,18149,0.000000
33,3,2105,18149,587.095225
33,4,0,18149,0.000000
33,5,800,18149,112.137427
33,6,0,18149,0.000000
33,7,0,18149,0.000000
33,8,0,18149,0.000000
33,9,921,18149,285.785197
33,10,0,18149,0.000000
33,11,0,18149,0.000000
33,12,0,18149,0.000000
33,13,6,18149,0.650118
33,14,0,18149,0.000000
33,15,0,18149,0.000000
33,16,14295,18149,3880.839836
33,17,0,18149,0.000000
33,18,0,18149,0.000000
33,19,0,18149,0.000000
33,20,0,18149,0.000000
33,21,0,18149,0.000000
33,22,394,18149,47.680986
33,23,0,18149,0.000000
33,24,0,18149,0.000000
33,25,0,18149,0.000000
33,26,0,18149,0.000000
33,27,0,18149,0.000000
33,28,299,18149,55.111468
33,29,0,18149,0.000000
33,30,174,18149,27.691099
33,31,0,18149,0.000000
33,32,538,18149,65.095446
33,33,0,18149,0.000000
33,34,225,18149,56.987227
33,35,0,18149,0.000000
33,36,0,18149,0.000000
33,37,0,18149,0.000000
33,38,0,18149,0.000000
33,39,0,18149,0.000000
33,40,0,18149,0.000000
33,41,0,18149,0.000000
33,42,0,18149,0.000000
33,43,0,18149,0.000000
33,44,0,18149,0.000000
33,45,0,18149,0.000000
33,46,0,18149,0.000000
33,47,0,18149,0.000000
33,48,0,18149,0.000000
33,49,0,18149,0.000000
33,50,0,18149,0.000000
33,51,0,18149,0.000000
33,52,0,18149,0.000000
33,53,0,18149,0.000000
33,54,0,18149,0.000000
33,55,0,18149,0.000000
33,56,0,18149,0.000000
33,57,0,18149,0.000000
33,58,0,18149,0.000000
33,59,0,18149,0.000000
33,60,540,18149,124.455815
33,61,0,18149,0.000000
33,62,0,18149,0.000000
33,63,0,18149,0.000000
33,64,0,18149,0.000000
33,65,0,18149,0.000000
33,66,798,18149,189.130782
33,67,539,18149,78.212834
33,68,0,18149,0.000000
33,69,284,18149,61.451608
33,70,0,18149,0.000000
33,71,0,18149,0.000000
33,72,0,18149,0.000000
33,73,0,18149,0.000000
33,74,0,18149,0.000000
33,75,837,18149,129.740123
33,76,0,18149,0.000000
33,77,0,18149,0.000000
33,78,0,18149,0.000000
33,79,0,18149,0.000000
33,80,0,18149,0.000000
33,81,0,18149,0.000000
33,82,0,18149,0.000000
33,83,0,18149,0.000000
33,84,0,18149,0.000000
33,85,0,18149,0.000000
33,86,0,18149,0.000000
33,87,0,18149,0.000000
33,88,0,18149,0.000000
33,89,0,18149,0.000000
33,90,0,18149,0.000000
33,91,0,18149,0.000000
33,92,446,18149,126.208388
33,93,0,18149,0.000000
33,94,0,18149,0.000000
33,95,0,18149,0.000000
33,96,288,18149,63.956685
33,97,0,18149,0.000000
33,98,0,18149,0.000000
33,99,0,18149,0.000000
33,100,0,18149,0.000000
33,101,256,18149,50.534826
33,102,0,18149,0.000000
33,103,0,18149,0.000000
33,104,134,18149,18.270097
33,105,0,18149,0.000000
33,106,0,18149,0.000000
33,107,0,18149,0.000000
33,108,0,18149,0.000000
33,109,0,18149,0.000000
33,110,0,18149,0.000000
33,111,0,18149,0.000000
33,112,0,18149,0.000000
33,113,590,18149,149.665837
33,114,0,18149,0.000000
33,115,0,18149,0.000000
33,116,0,18149,0.000000
33,117,0,18149,0.000000
33,118,0,18149,0.000000
33,119,544,18149,104.573448
33,120,0,18149,0.000000
33,121,0,18149,0.000000
33,122,325,18149,51.309178
33,123,0,18149,0.000000
33,124,0,18149,0.000000
33,125,70,18149,13.853942
33,126,743,18149,167.178866
33,127,0,18149,0.000000
33,128,0,18149,0.000000
33,129,0,18149,0.000000
33,130,0,18149,0.000000
33,131,0,18149,0.000000
33,132,0,18149,0.000000
33,133,0,18149,0.000000
33,134,13490,18149,4175.687414
33,135,175,18149,22.909433
33,136,0,18149,0.000000
33,137,0,18149,0.000000
33,138,0,18149,0.000000
33,139,0,18149,0.000000
33,140,0,18149,0.000000
33,141,0,18149,0.000000
33,142,0,18149,0.000000
33,143,1913,18149,451.319874
33,144,0,18149,0.000000
33,145,400,18149,95.091533
33,146,0,18149,0.000000
33,147,651,18149,111.526446
33,148,0,18149,0.000000
33,149,0,18149,0.000000
33,150,0,18149,0.000000
33,151,0,18149,0.000000
33,152,0,18149,0.000000
33,153,746,18149,126.394439
33,154,486,18149,90.491530
33,155,0,18149,0.000000
33,156,0,18149,0.000000
33,157,446,18149,89.631990
33,158,0,18149,0.000000
33,159,349,18149,85.879605
33,160,0,18149,0.000000
33,161,0,18149,0.000000
33,162,0,18149,0.000000
33,163,1156,18149,209.828051
33,164,0,18149,0.000000
33,165,0,18149,0.000000
33,166,0,18149,0.000000
33,167,0,18149,0.000000
33,168,0,18149,0.000000
33,169,661,18149,180.037478
33,170,0,18149,0.000000
33,171,0,18149,0.000000
33,172,1053,18149,192.220840
33,173,0,18149,0.000000
33,174,294,18149,47.061785
33,175,0,18149,0.000000
33,176,0,18149,0.000000
33,177,0,18149,0.000000
33,178,0,18149,0.000000
33,179,0,18149,0.000000
33,180,0,18149,0.000000
33,181,0,18149,0.000000
33,182,0,18149,0.000000
33,183,263,18149,63.719953
33,184,1108,18149,221.027727
33,185,0,18149,0.000000
33,186,398,18149,67.787135
33,187,134,18149,23.296949
33,188,0,18149,0.000000
33,189,0,18149,0.000000
33,190,513,18149,80.284882
33,191,0,18149,0.000000
33,192,0,18149,0.000000
33,193,0,18149,0.000000
33,194,155,18149,35.608802
33,195,0,18149,0.000000
33,196,329,18149,150.213270
33,197,0,18149,0.000000
33,198,338,18149,46.298675
33,199,0,18149,0.000000
33,200,0,18149,0.000000
33,201,0,18149,0.000000
33,202,0,18149,0.000000
33,203,0,18149,0.000000
33,204,0,18149,0.000000
33,205,0,18149,0.000000
33,206,0,18149,0.000000
33,207,8000,18149,1942.590258
33,208,0,18149,0.000000
33,209,0,18149,0.000000
33,210,602,18149,107.237821
33,211,0,18149,0.000000
33,212,515,18149,75.955206
33,213,0,18149,0.000000
33,214,0,18149,0.000000
33,215,0,18149,0.000000
33,216,0,18149,0.000000
33,217,0,18149,0.000000
33,218,1287,18149,182.338626
33,219,0,18149,0.000000
33,220,0,18149,0.000000
33,221,588,18149,112.266946
33,222,0,18149,0.000000
33,223,0,18149,0.000000
33,224,0,18149,0.000000
33,225,0,18149,0.000000
33,226,0,18149,0.000000
33,227,0,18149,0.000000
33,228,12215,18149,4465.251876
33,229,962,18149,235.173944
33,230,0,18149,0.000000
33,231,0,18149,0.000000
33,232,233,18149,47.086999
33,233,0,18149,0.000000
33,234,0,18149,0.000000
33,235,0,18149,0.000000
33,236,0,18149,0.000000
33,237,0,18149,0.000000
33,238,0,18149,0.000000
33,239,0,18149,0.000000
33,240,1289,18149,253.508884
33,241,0,18149,0.000000
33,242,0,18149,0.000000
33,243,0,18149,0.000000
33,244,650,18149,90.137049
33,245,0,18149,0.000000
33,246,0,18149,0.000000
33,247,0,18149,0.000000
33,248,0,18149,0.000000
33,249,0,18149,0.000000
33,250,0,18149,0.000000
33,251,0,18149,0.000000
33,252,0,18149,0.000000
33,253,0,18149,0.000000
33,254,0,18149,0.000000
33,255,0,18149,0.000000
33,256,0,18149,0.000000
33,257,0,18149,0.000000
33,258,0,18149,0.000000
33,259,279,18149,48.710328
33,260,631,18149,117.485372
33,261,0,18149,0.000000
33,262,0,18149,0.000000
33,263,0,18149,0.000000
33,264,0,18149,0.000000
33,265,0,18149,0.000000
33,266,0,18149,0.000000
33,267,0,18149,0.000000
33,268,0,18149,0.000000
33,269,0,18149,0.000000
33,270,0,18149,0.000000
33,271,0,18149,0.000000
33,272,0,18149,0.000000
33,273,0,18149,0.000000
33,274,288,18149,62.635096
33,275,0,18149,0.000000
33,276,474,18149,79.325288
33,277,675,18149,106.963436
33,278,0,18149,0.000000
33,279,0,18149,0.000000
33,280,0,18149,0.000000
33,281,421,18149,77.349434
33,282,240,18149,46.842638
33,283,3048,18149,606.530532
33,284,0,18149,0.000000
33,285,0,18149,0.000000
33,286,0,18149,0.000000
33,287,0,18149,0.000000
33,288,0,18149,0.000000
33,289,0,18149,0.000000
33,290,0,18149,0.000000
33,291,0,18149,0.000000
33,292,0,18149,0.000000
33,293,0,18149,0.000000
33,294,0,18149,0.000000
33,295,0,18149,0.000000
33,296,0,18149,0.000000
33,297,0,18149,0.000000
33,298,0,18149,0.000000
33,299,0,18149,0.000000
33,300,0,18149,0.000000
33,301,714,18149,160.172347
33,302,0,18149,0.000000
33,303,0,18149,0.000000
33,304,0,18149,0.000000
33,305,0,18149,0.000000
33,306,365,18149,52.483584
33,307,738,18149,102.996589
33,308,0,18149,0.000000
33,309,0,18149,0.000000
33,310,0,18149,0.000000
33,311,691,18149,110.674887
33,312,535,18149,93.991504
33,313,0,18149,0.000000
33,314,0,18149,0.000000
33,315,486,18149,118.615377
33,316,0,18149,0.000000
33,317,1143,18149,215.577215
33,318,598,18149,106.145301
33,319,0,18149,0.000000
33,320,0,18149,0.000000
33,321,0,18149,0.000000
33,322,0,18149,0.000000
33,323,0,18149,0.000000
33,324,0,18149,0.000000
33,325,0,18149,0.000000
33,326,51,18149,9.310109
33,327,1397,18149,207.752588
33,328,0,18149,0.000000
33,329,0,18149,0.000000
33,330,197,18149,29.467577
33,331,1578,18149,246.237177
33,332,1231,18149,450.558946
33,333,0,18149,0.000000
33,334,0,18149,0.000000
33,335,0,18149,0.000000
33,336,0,18149,0.000000
33,337,0,18149,0.000000
33,338,0,18149,0.000000
33,339,9346,18149,2156.754353
33,340,739,18149,216.054301
33,341,0,18149,0.000000
33,342,0,18149,0.000000
33,343,1260,18149,210.376602
33,344,0,18149,0.000000
33,345,0,18149,0.000000
33,346,0,18149,0.000000
33,347,0,18149,0.000000
33,348,0,18149,0.000000
33,349,0,18149,0.000000
33,350,0,18149,0.000000
33,351,0,18149,0.000000
33,352,0,18149,0.000000
33,353,0,18149,0.000000
33,354,0,18149,0.000000
33,355,0,18149,0.000000
33,356,0,18149,0.000000
33,357,0,18149,0.000000
33,358,0,18149,0.000000
33,359,863,18149,183.695782
33,360,0,18149,0.000000
33,361,0,18149,0.000000
33,362,0,18149,0.000000
33,363,0,18149,0.000000
33,364,0,18149,0.000000
33,365,0,18149,0.000000
33,366,919,18149,318.041756
33,367,0,18149,0.000000
33,368,0,18149,0.000000
33,369,2437,18149,563.270177
33,370,0,18149,0.000000
33,371,0,18149,0.000000
33,372,0,18149,0.000000
33,373,0,18149,0.000000
33,374,0,18149,0.000000
33,375,0,18149,0.000000
33,376,0,18149,0.000000
33,377,0,18149,0.000000
33,378,0,18149,0.000000
33,379,0,18149,0.000000
33,380,0,18149,0.000000
33,381,0,18149,0.000000
33,382,0,18149,0.000000
33,383,0,18149,0.000000
34,0,0,18149,0.000000
34,1,0,18149,0.000000
34,2,0,18149,0.000000
34,3,0,18149,0.000000
34,4,0,18149,0.000000
34,5,0,18149,0.000000
34,6,1044,18149,237.293791
34,7,946,18149,260.265491
34,8,493,18149,90.117998
34,9,0,18149,0.000000
34,10,0,18149,0.000000
34,11,0,18149,0.000000
34,12,0,18149,0.000000
34,13,0,18149,0.000000
34,14,99,18149,15.813866
34,15,0,18149,0.000000
34,16,0,18149,0.000000
34,17,0,18149,0.000000
34,18,0,18149,0.000000
34,19,0,18149,0.000000
34,20,0,18149,0.000000
34,21,0,18149,0.000000
34,22,0,18149,0.000000
34,23,0,18149,0.000000
34,24,0,18149,0.000000
34,25,0,18149,0.000000
34,26,0,18149,0.000000
34,27,0,18149,0.000000
34,28,0,18149,0.000000
34,29,0,18149,0.000000
34,30,0,18149,0.000000
34,31,982,18149,193.398291
34,32,178,18149,41.527463
34,33,0,18149,0.000000
34,34,0,18149,0.000000
34,35,0,18149,0.000000
34,36,0,18149,0.000000
34,37,0,18149,0.000000
34,38,0,18149,0.000000
34,39,0,18149,0.000000
34,40,0,18149,0.000000
34,41,0,18149,0.000000
34,42,0,18149,0.000000
34,43,0,18149,0.000000
34,44,6179,18149,1007.260835
34,45,0,18149,0.000000
34,46,0,18149,0.000000
34,47,0,18149,0.000000
34,48,0,18149,0.000000
34,49,0,18149,0.000000
34,50,0,18149,0.000000
34,51,0,18149,0.000000
34,52,408,18149,117.070582
34,53,0,18149,0.000000
34,54,682,18149,139.484872
34,55,0,18149,0.000000
34,56,0,18149,0.000000
34,57,0,18149,0.000000
34,58,0,18149,0.000000
34,59,0,18149,0.000000
34,60,0,18149,0.000000
34,61,0,18149,0.000000
34,62,0,18149,0.000000
34,63,0,18149,0.000000
34,64,0,18149,0.000000
34,65,806,18149,181.351985
34,66,0,18149,0.000000
34,67,0,18149,0.000000
34,68,0,18149,0.000000
34,69,7420,18149,1797.065592
34,70,0,18149,0.000000
34,71,0,18149,0.000000
34,72,0,18149,0.000000
34,73,9707,18149,2415.432140
34,74,777,18149,138.905809
34,75,0,18149,0.000000
34,76,0,18149,0.000000
34,77,0,18149,0.000000
34,78,0,18149,0.000000
34,79,0,18149,0.000000
34,80,280,18149,84.386767
34,81,0,18149,0.000000
34,82,0,18149,0.000000
34,83,0,18149,0.000000
34,84,0,18149,0.000000
34,85,0,18149,0.000000
34,86,0,18149,0.000000
34,87,0,18149,0.000000
34,88,0,18149,0.000000
34,89,0,18149,0.000000
34,90,0,18149,0.000000
34,91,0,18149,0.000000
34,92,0,18149,0.000000
34,93,0,18149,0.000000
34,94,338,18149,97.804596
34,95,0,18149,0.000000
34,96,0,18149,0.000000
34,97,0,18149,0.000000
34,98,0,18149,0.000000
34,99,0,18149,0.000000
34,100,0,18149,0.000000
34,101,1083,18149,254.189001
34,102,0,18149,0.000000
34,103,365,18149,87.851610
34,104,0,18149,0.000000
34,105,0,18149,0.000000
34,106,0,18149,0.000000
34,107,0,18149,0.000000
34,108,203,18149,55.750637
34,109,0,18149,0.000000
34,110,761,18149,172.184468
34,111,0,18149,0.000000
34,112,743,18149,134.860455
34,113,0,18149,0.000000
34,114,0,18149,0.000000
34,115,954,18149,194.143124
34,116,0,18149,0.000000
34,117,0,18149,0.000000
34,118,0,18149,0.000000
34,119,129,18149,38.686490
34,120,22,18149,2.797214
34,121,0,18149,0.000000
34,122,1419,18149,287.994074
34,123,831,18149,207.758180
34,124,0,18149,0.000000
34,125,834,18149,212.029721
34,126,0,18149,0.000000
34,127,0,18149,0.000000
34,128,95,18149,15.052511
34,129,0,18149,0.000000
34,130,0,18149,0.000000
34,131,0,18149,0.000000
34,132,0,18149,0.000000
34,133,0,18149,0.000000
34,134,1250,18149,247.418489
34,135,0,18149,0.000000
34,136,0,18149,0.000000
34,137,0,18149,0.000000
34,138,0,18149,0.000000
34,139,0,18149,0.000000
34,140,0,18149,0.000000
34,141,0,18149,0.000000
34,142,0,18149,0.000000
34,143,0,18149,0.000000
34,144,0,18149,0.000000
34,145,0,18149,0.000000
34,146,474,18149,197.574983
34,147,0,18149,0.000000
34,148,2577,18149,499.287836
34,149,263,18149,51.871817
34,150,0,18149,0.000000
34,151,0,18149,0.000000
34,152,0,18149,0.000000
34,153,0,18149,0.000000
34,154,957,18149,209.236573
34,155,591,18149,111.914301
34,156,0,18149,0.000000
34,157,0,18149,0.000000
34,158,0,18149,0.000000
34,159,0,18149,0.000000
34,160,0,18149,0.000000
34,161,0,18149,0.000000
34,162,6076,18149,1321.638222
34,163,0,18149,0.000000
34,164,764,18149,137.946845
34,165,0,18149,0.000000
34,166,0,18149,0.000000
34,167,547,18149,93.403369
34,168,0,18149,0.000000
34,169,0,18149,0.000000
34,170,0,18149,0.000000
34,171,0,18149,0.000000
34,172,0,18149,0.000000
34,173,0,18149,0.000000
34,174,0,18149,0.000000
34,175,0,18149,0.000000
34,176,0,18149,0.000000
34,177,0,18149,0.000000
34,178,62,18149,14.015799
34,179,416,18149,96.130390
34,180,0,18149,0.000000
34,181,0,18149,0.000000
34,182,0,18149,0.000000
34,183,1427,18149,251.507070
34,184,0,18149,0.000000
34,185,109,18149,19.517023
34,186,0,18149,0.000000
34,187,214,18149,44.479865
34,188,380,18149,71.822541
34,189,0,18149,0.000000
34,190,0,18149,0.000000
34,191,0,18149,0.000000
34,192,0,18149,0.000000
34,193,0,18149,0.000000
34,194,0,18149,0.000000
34,195,0,18149,0.000000
34,196,0,18149,0.000000
34,197,0,18149,0.000000
34,198,0,18149,0.000000
34,199,0,18149,0.000000
34,200,0,18149,0.000000
34,201,0,18149,0.000000
34,202,0,18149,0.000000
34,203,255,18149,63.432040
34,204,318,18149,84.396617
34,205,0,18149,0.000000
34,206,0,18149,0.000000
34,207,0,18149,0.000000
34,208,0,18149,0.000000
34,209,275,18149,48.938425
34,210,0,18149,0.000000
34,211,0,18149,0.000000
34,212,0,18149,0.000000
34,213,0,18149,0.000000
34,214,0,18149,0.000000
34,215,585,18149,91.384960
34,216,0,18149,0.000000
34,217,0,18149,0.000000
34,218,0,18149,0.000000
34,219,0,18149,0.000000
34,220,0,18149,0.000000
34,221,0,18149,0.000000
34,222,0,18149,0.000000
34,223,131,18149,39.886310
34,224,0,18149,0.000000
34,225,539,18149,83.076526
34,226,0,18149,0.000000
34,227,0,18149,0.000000
34,228,239,18149,55.891577
34,229,0,18149,0.000000
34,230,0,18149,0.000000
34,231,0,18149,0.000000
34,232,0,18149,0.000000
34,233,0,18149,0.000000
34,234,0,18149,0.000000
34,235,14986,18149,6284.296591
34,236,0,18149,0.000000
34,237,0,18149,0.000000
34,238,0,18149,0.000000
34,239,24,18149,4.425450
34,240,0,18149,0.000000
34,241,0,18149,0.000000
34,242,0,18149,0.000000
34,243,0,18149,0.000000
34,244,0,18149,0.000000
34,245,1438,18149,450.214699
34,246,0,18149,0.000000
34,247,0,18149,0.000000
34,248,0,18149,0.000000
34,249,0,18149,0.000000
34,250,650,18149,103.933837
34,251,0,18149,0.000000
34,252,0,18149,0.000000
34,253,0,18149,0.000000
34,254,0,18149,0.000000
34,255,0,18149,0.000000
34,256,0,18149,0.000000
34,257,0,18149,0.000000
34,258,7116,18149,1904.956742
34,259,0,18149,0.000000
34,260,0,18149,0.000000
34,261,1581,18149,269.389664
34,262,0,18149,0.000000
34,263,0,18149,0.000000
34,264,798,18149,177.535702
34,265,0,18149,0.000000
34,266,0,18149,0.000000
34,267,0,18149,0.000000
34,268,291,18149,188.696629
34,269,574,18149,122.949365
34,270,0,18149,0.000000
34,271,0,18149,0.000000
34,272,0,18149,0.000000
34,273,0,18149,0.000000
34,274,0,18149,0.000000
34,275,1330,18149,241.088407
34,276,0,18149,0.000000
34,277,0,18149,0.000000
34,278,0,18149,0.000000
34,279,0,18149,0.000000
34,280,2953,18149,929.154275
34,281,0,18149,0.000000
34,282,0,18149,0.000000
34,283,0,18149,0.000000
34,284,0,18149,0.000000
34,285,0,18149,0.000000
34,286,0,18149,0.000000
34,287,5371,18149,1149.919856
34,288,933,18149,144.603873
34,289,0,18149,0.000000
34,290,831,18149,156.694072
34,291,0,18149,0.000000
34,292,0,18149,0.000000
34,293,0,18149,0.000000
34,294,0,18149,0.000000
34,295,0,18149,0.000000
34,296,0,18149,0.000000
34,297,0,18149,0.000000
34,298,0,18149,0.000000
34,299,0,18149,0.000000
34,300,0,18149,0.000000
34,301,0,18149,0.000000
34,302,0,18149,0.000000
34,303,0,18149,0.000000
34,304,0,18149,0.000000
34,305,0,18149,0.000000
34,306,0,18149,0.000000
34,307,1540,18149,258.234022
34,308,0,18149,0.000000
34,309,0,18149,0.000000
34,310,0,18149,0.000000
34,311,0,18149,0.000000
34,312,0,18149,0.000000
34,313,0,18149,0.000000
34,314,0,18149,0.000000
34,315,0,18149,0.000000
34,316,0,18149,0.000000
34,317,974,18149,185.281382
34,318,636,18149,130.488259
34,319,1675,18149,311.127922
34,320,0,18149,0.000000
34,321,0,18149,0.000000
34,322,0,18149,0.000000
34,323,0,18149,0.000000
34,324,170,18149,45.043785
34,325,730,18149,116.534007
34,326,0,18149,0.000000
34,327,0,18149,0.000000
34,328,0,18149,0.000000
34,329,0,18149,0.000000
34,330,0,18149,0.000000
34,331,0,18149,0.000000
34,332,611,18149,135.027713
34,333,1074,18149,260.940217
34,334,0,18149,0.000000
34,335,0,18149,0.000000
34,336,0,18149,0.000000
34,337,0,18149,0.000000
34,338,0,18149,0.000000
34,339,0,18149,0.000000
34,340,0,18149,0.000000
34,341,0,18149,0.000000
34,342,394,18149,77.047490
34,343,0,18149,0.000000
34,344,0,18149,0.000000
34,345,0,18149,0.000000
34,346,0,18149,0.000000
34,347,0,18149,0.000000
34,348,1494,18149,288.131115
34,349,0,18149,0.000000
34,350,0,18149,0.000000
34,351,0,18149,0.000000
34,352,0,18149,0.000000
34,353,0,18149,0.000000
34,354,0,18149,0.000000
34,355,976,18149,177.651178
34,356,0,18149,0.000000
34,357,0,18149,0.000000
34,358,0,18149,0.000000
34,359,0,18149,0.000000
34,360,0,18149,0.000000
34,361,0,18149,0.000000
34,362,0,18149,0.000000
34,363,0,18149,0.000000
34,364,0,18149,0.000000
34,365,0,18149,0.000000
34,366,169,18149,32.479772
34,367,0,18149,0.000000
34,368,1703,18149,396.087697
34,369,208,18149,42.280269
34,370,604,18149,133.651617
34,371,0,18149,0.000000
34,372,0,18149,0.000000
34,373,440,18149,105.242135
34,374,0,18149,0.000000
34,375,0,18149,0.000000
34,376,299,18149,54.204974
34,377,0,18149,0.000000
34,378,0,18149,0.000000
34,379,0,18149,0.000000
34,380,0,18149,0.000000
34,381,94,18149,30.938220
34,382,0,18149,0.000000
34,383,0,18149,0.000000
35,0,0,18149,0.000000
35,1,0,18149,0.000000
35,2,0,18149,0.000000
35,3,0,18149,0.000000
35,4,3250,18149,935.017690
35,5,0,18149,0.000000
35,6,0,18149,0.000000
35,7,0,18149,0.000000
35,8,0,18149,0.000000
35,9,0,18149,0.000000
35,10,0,18149,0.000000
35,11,0,18149,0.000000
35,12,0,18149,0.000000
35,13,662,18149,135.121065
35,14,0,18149,0.000000
35,15,0,18149,0.000000
35,16,0,18149,0.000000
35,17,699,18149,78.328967
35,18,0,18149,0.000000
35,19,0,18149,0.000000
35,20,0,18149,0.000000
35,21,0,18149,0.000000
35,22,0,18149,0.000000
35,23,0,18149,0.000000
35,24,992,18149,191.252936
35,25,238,18149,49.387454
35,26,0,18149,0.000000
35,27,0,18149,0.000000
35,28,0,18149,0.000000
35,29,0,18149,0.000000
35,30,0,18149,0.000000
35,31,0,18149,0.000000
35,32,0,18149,0.000000
35,33,0,18149,0.000000
35,34,271,18149,52.424345
35,35,0,18149,0.000000
35,36,0,18149,0.000000
35,37,0,18149,0.000000
35,38,480,18149,131.421611
35,39,0,18149,0.000000
35,40,1706,18149,288.282708
35,41,0,18149,0.000000
35,42,829,18149,107.695549
35,43,0,18149,0.000000
35,44,0,18149,0.000000
35,45,0,18149,0.000000
35,46,316,18149,68.728883
35,47,0,18149,0.000000
35,48,0,18149,0.000000
35,49,548,18149,137.683827
35,50,0,18149,0.000000
35,51,0,18149,0.000000
35,52,663,18149,124.288707
35,53,0,18149,0.000000
35,54,0,18149,0.000000
35,55,0,18149,0.000000
35,56,0,18149,0.000000
35,57,0,18149,0.000000
35,58,0,18149,0.000000
35,59,1373,18149,250.624446
35,60,0,18149,0.000000
35,61,14417,18149,5595.237482
35,62,0,18149,0.000000
35,63,153,18149,32.678628
35,64,0,18149,0.000000
35,65,0,18149,0.000000
35,66,0,18149,0.000000
35,67,0,18149,0.000000
35,68,0,18149,0.000000
35,69,0,18149,0.000000
35,70,7709,18149,1663.103554
35,71,0,18149,0.000000
35,72,0,18149,0.000000
35,73,0,18149,0.000000
35,74,0,18149,0.000000
35,75,326,18149,88.197862
35,76,0,18149,0.000000
35,77,0,18149,0.000000
35,78,0,18149,0.000000
35,79,1757,18149,433.172379
35,80,0,18149,0.000000
35,81,0,18149,0.000000
35,82,0,18149,0.000000
35,83,0,18149,0.000000
35,84,522,18149,98.373964
35,85,0,18149,0.000000
35,86,0,18149,0.000000
35,87,0,18149,0.000000
35,88,854,18149,156.641087
35,89,9342,18149,1896.470072
35,90,0,18149,0.000000
35,91,0,18149,0.000000
35,92,0,18149,0.000000
35,93,0,18149,0.000000
35,94,0,18149,0.000000
35,95,0,18149,0.000000
35,96,0,18149,0.000000
35,97,0,18149,0.000000
35,98,0,18149,0.000000
35,99,0,18149,0.000000
35,100,0,18149,0.000000
35,101,0,18149,0.000000
35,102,0,18149,0.000000
35,103,2038,18149,354.050463
35,104,359,18149,90.268833
35,105,0,18149,0.000000
35,106,0,18149,0.000000
35,107,0,18149,0.000000
35,108,0,18149,0.000000
35,109,0,18149,0.000000
35,110,0,18149,0.000000
35,111,0,18149,0.000000
35,112,0,18149,0.000000
35,113,0,18149,0.000000
35,114,0,18149,0.000000
35,115,621,18149,106.860016
35,116,451,18149,98.641522
35,117,0,18149,0.000000
35,118,184,18149,42.428194
35,119,0,18149,0.000000
35,120,0,18149,0.000000
35,121,0,18149,0.000000
35,122,0,18149,0.000000
35,123,0,18149,0.000000
35,124,0,18149,0.000000
35,125,0,18149,0.000000
35,126,0,18149,0.000000
35,127,231,18149,63.253725
35,128,0,18149,0.000000
35,129,0,18149,0.000000
35,130,0,18149,0.000000
35,131,0,18149,0.000000
35,132,0,18149,0.000000
35,133,0,18149,0.000000
35,134,0,18149,0.000000
35,135,0,18149,0.000000
35,136,0,18149,0.000000
35,137,0,18149,0.000000
35,138,0,18149,0.000000
35,139,0,18149,0.000000
35,140,0,18149,0.000000
35,141,0,18149,0.000000
35,142,0,18149,0.000000
35,143,0,18149,0.000000
35,144,383,18149,90.368308
35,145,0,18149,0.000000
35,146,0,18149,0.000000
35,147,0,18149,0.000000
35,148,0,18149,0.000000
35,149,0,18149,0.000000
35,150,0,18149,0.000000
35,151,0,18149,0.000000
35,152,0,18149,0.000000
35,153,913,18149,138.720228
35,154,0,18149,0.000000
35,155,0,18149,0.000000
35,156,0,18149,0.000000
35,157,0,18149,0.000000
35,158,0,18149,0.000000
35,159,0,18149,0.000000
35,160,840,18149,126.379185
35,161,0,18149,0.000000
35,162,1261,18149,209.072882
35,163,0,18149,0.000000
35,164,0,18149,0.000000
35,165,0,18149,0.000000
35,166,478,18149,99.742670
35,167,0,18149,0.000000
35,168,0,18149,0.000000
35,169,0,18149,0.000000
35,170,0,18149,0.000000
35,171,304,18149,55.031990
35,172,0,18149,0.000000
35,173,0,18149,0.000000
35,174,0,18149,0.000000
35,175,0,18149,0.000000
35,176,0,18149,0.000000
35,177,123,18149,34.620164
35,178,0,18149,0.000000
35,179,0,18149,0.000000
35,180,0,18149,0.000000
35,181,0,18149,0.000000
35,182,600,18149,150.252989
35,183,0,18149,0.000000
35,184,0,18149,0.000000
35,185,0,18149,0.000000
35,186,0,18149,0.000000
35,187,0,18149,0.000000
35,188,0,18149,0.000000
35,189,0,18149,0.000000
35,190,0,18149,0.000000
35,191,896,18149,165.296211
35,192,0,18149,0.000000
35,193,409,18149,72.563050
35,194,0,18149,0.000000
35,195,599,18149,166.486330
35,196,0,18149,0.000000
35,197,0,18149,0.000000
35,198,0,18149,0.000000
35,199,433,18149,106.733292
35,200,0,18149,0.000000
35,201,182,18149,34.663220
35,202,0,18149,0.000000
35,203,0,18149,0.000000
35,204,0,18149,0.000000
35,205,0,18149,0.000000
35,206,0,18149,0.000000
35,207,511,18149,95.095560
35,208,0,18149,0.000000
35,209,0,18149,0.000000
35,210,0,18149,0.000000
35,211,0,18149,0.000000
35,212,0,18149,0.000000
35,213,0,18149,0.000000
35,214,0,18149,0.000000
35,215,2438,18149,579.725222
35,216,0,18149,0.000000
35,217,0,18149,0.000000
35,218,169,18149,43.821761
35,219,0,18149,0.000000
35,220,0,18149,0.000000
35,221,0,18149,0.000000
35,222,0,18149,0.000000
35,223,0,18149,0.000000
35,224,0,18149,0.000000
35,225,0,18149,0.000000
35,226,0,18149,0.000000
35,227,782,18149,114.571545
35,228,0,18149,0.000000
35,229,0,18149,0.000000
35,230,0,18149,0.000000
35,231,0,18149,0.000000
35,232,0,18149,0.000000
35,233,0,18149,0.000000
35,234,208,18149,66.248300
35,235,1977,18149,288.196834
35,236,0,18149,0.000000
35,237,13790,18149,4842.902103
35,238,0,18149,0.000000
35,239,0,18149,0.000000
35,240,207,18149,57.822110
35,241,0,18149,0.000000
35,242,0,18149,0.000000
35,243,0,18149,0.000000
35,244,0,18149,0.000000
35,245,0,18149,0.000000
35,246,0,18149,0.000000
35,247,0,18149,0.000000
35,248,0,18149,0.000000
35,249,0,18149,0.000000
35,250,0,18149,0.000000
35,251,454,18149,104.266727
35,252,928,18149,222.454740
35,253,0,18149,0.000000
35,254,0,18149,0.000000
35,255,0,18149,0.000000
35,256,0,18149,0.000000
35,257,0,18149,0.000000
35,258,0,18149,0.000000
35,259,982,18149,161.023298
35,260,0,18149,0.000000
35,261,0,18149,0.000000
35,262,0,18149,0.000000
35,263,0,18149,0.000000
35,264,0,18149,0.000000
35,265,0,18149,0.000000
35,266,422,18149,107.074800
35,267,0,18149,0.000000
35,268,0,18149,0.000000
35,269,0,18149,0.000000
35,270,0,18149,0.000000
35,271,0,18149,0.000000
35,272,0,18149,0.000000
35,273,0,18149,0.000000
35,274,0,18149,0.000000
35,275,0,18149,0.000000
35,276,0,18149,0.000000
35,277,0,18149,0.000000
35,278,0,18149,0.000000
35,279,0,18149,0.000000
35,280,0,18149,0.000000
35,281,0,18149,0.000000
35,282,0,18149,0.000000
35,283,0,18149,0.000000
35,284,101,18149,15.816910
35,285,859,18149,122.203885
35,286,795,18149,217.364584
35,287,0,18149,0.000000
35,288,0,18149,0.000000
35,289,0,18149,0.000000
35,290,0,18149,0.000000
35,291,0,18149,0.000000
35,292,3341,18149,623.714342
35,293,218,18149,82.046911
35,294,0,18149,0.000000
35,295,0,18149,0.000000
35,296,0,18149,0.000000
35,297,0,18149,0.000000
35,298,0,18149,0.000000
35,299,0,18149,0.000000
35,300,0,18149,0.000000
35,301,0,18149,0.000000
35,302,0,18149,0.000000
35,303,122,18149,27.029687
35,304,0,18149,0.000000
35,305,0,18149,0.000000
35,306,3667,18149,665.782555
35,307,0,18149,0.000000
35,308,0,18149,0.000000
35,309,0,18149,0.000000
35,310,0,18149,0.000000
35,311,607,18149,101.036273
35,312,113,18149,32.875186
35,313,602,18149,151.017675
35,314,0,18149,0.000000
35,315,867,18149,170.417905
35,316,732,18149,575.903868
35,317,0,18149,0.000000
35,318,0,18149,0.000000
35,319,0,18149,0.000000
35,320,0,18149,0.000000
35,321,0,18149,0.000000
35,322,0,18149,0.000000
35,323,0,18149,0.000000
35,324,314,18149,75.269276
35,325,0,18149,0.000000
35,326,672,18149,115.561460
35,327,0,18149,0.000000
35,328,0,18149,0.000000
35,329,0,18149,0.000000
35,330,308,18149,59.206919
35,331,0,18149,0.000000
35,332,586,18149,102.594291
35,333,724,18149,101.846790
35,334,0,18149,0.000000
35,335,2535,18149,558.572117
35,336,277,18149,64.321597
35,337,0,18149,0.000000
35,338,0,18149,0.000000
35,339,582,18149,98.596694
35,340,0,18149,0.000000
35,341,0,18149,0.000000
35,342,0,18149,0.000000
35,343,0,18149,0.000000
35,344,538,18149,117.201287
35,345,0,18149,0.000000
35,346,0,18149,0.000000
35,347,144,18149,33.993497
35,348,0,18149,0.000000
35,349,0,18149,0.000000
35,350,0,18149,0.000000
35,351,0,18149,0.000000
35,352,0,18149,0.000000
35,353,0,18149,0.000000
35,354,0,18149,0.000000
35,355,589,18149,103.658045
35,356,1603,18149,267.154646
35,357,0,18149,0.000000
35,358,0,18149,0.000000
35,359,0,18149,0.000000
35,360,0,18149,0.000000
35,361,0,18149,0.000000
35,362,0,18149,0.000000
35,363,0,18149,0.000000
35,364,0,18149,0.000000
35,365,1387,18149,245.794357
35,366,0,18149,0.000000
35,367,0,18149,0.000000
35,368,0,18149,0.000000
35,369,0,18149,0.000000
35,370,0,18149,0.000000
35,371,0,18149,0.000000
35,372,0,18149,0.000000
35,373,0,18149,0.000000
35,374,0,18149,0.000000
35,375,0,18149,0.000000
35,376,0,18149,0.000000
35,377,748,18149,96.486703
35,378,2482,18149,537.857506
35,379,0,18149,0.000000
35,380,0,18149,0.000000
35,381,1400,18149,320.698554
35,382,701,18149,136.707042
35,383,0,18149,0.000000
36,0,0,18149,0.000000
36,1,4061,18149,796.206459
36,2,0,18149,0.000000
36,3,1155,18149,240.588378
36,4,324,18149,100.355529
36,5,0,18149,0.000000
36,6,0,18149,0.000000
36,7,0,18149,0.000000
36,8,0,18149,0.000000
36,9,1472,18149,319.653603
36,10,0,18149,0.000000
36,11,0,18149,0.000000
36,12,913,18149,204.420446
36,13,0,18149,0.000000
36,14,0,18149,0.000000
36,15,0,18149,0.000000
36,16,0,18149,0.000000
36,17,0,18149,0.000000
36,18,0,18149,0.000000
36,19,0,18149,0.000000
36,20,0,18149,0.000000
36,21,0,18149,0.000000
36,22,591,18149,106.616568
36,23,0,18149,0.000000
36,24,0,18149,0.000000
36,25,0,18149,0.000000
36,26,0,18149,0.000000
36,27,941,18149,281.580076
36,28,770,18149,141.609919
36,29,0,18149,0.000000
36,30,0,18149,0.000000
36,31,0,18149,0.000000
36,32,0,18149,0.000000
36,33,0,18149,0.000000
36,34,0,18149,0.000000
36,35,0,18149,0.000000
36,36,209,18149,58.733952
36,37,0,18149,0.000000
36,38,0,18149,0.000000
36,39,0,18149,0.000000
36,40,0,18149,0.000000
36,41,203,18149,52.033753
36,42,0,18149,0.000000
36,43,1277,18149,519.545717
36,44,0,18149,0.000000
36,45,0,18149,0.000000
36,46,0,18149,0.000000
36,47,0,18149,0.000000
36,48,0,18149,0.000000
36,49,0,18149,0.000000
36,50,0,18149,0.000000
36,51,0,18149,0.000000
36,52,1562,18149,405.671299
36,53,0,18149,0.000000
36,54,0,18149,0.000000
36,55,0,18149,0.000000
36,56,0,18149,0.000000
36,57,0,18149,0.000000
36,58,0,18149,0.000000
36,59,206,18149,47.509655
36,60,0,18149,0.000000
36,61,0,18149,0.000000
36,62,0,18149,0.000000
36,63,0,18149,0.000000
36,64,0,18149,0.000000
36,65,0,18149,0.000000
36,66,0,18149,0.000000
36,67,0,18149,0.000000
36,68,0,18149,0.000000
36,69,0,18149,0.000000
36,70,0,18149,0.000000
36,71,1330,18149,292.486184
36,72,0,18149,0.000000
36,73,0,18149,0.000000
36,74,0,18149,0.000000
36,75,0,18149,0.000000
36,76,125,18149,22.444509
36,77,0,18149,0.000000
36,78,0,18149,0.000000
36,79,0,18149,0.000000
36,80,886,18149,220.077047
36,81,0,18149,0.000000
36,82,328,18149,69.398767
36,83,0,18149,0.000000
36,84,604,18149,126.101024
36,85,0,18149,0.000000
36,86,0,18149,0.000000
36,87,0,18149,0.000000
36,88,0,18149,0.000000
36,89,0,18149,0.000000
36,90,0,18149,0.000000
36,91,0,18149,0.000000
36,92,0,18149,0.000000
36,93,0,18149,0.000000
36,94,0,18149,0.000000
36,95,2032,18149,670.414971
36,96,0,18149,0.000000
36,97,0,18149,0.000000
36,98,394,18149,104.703254
36,99,68,18149,18.615587
36,100,0,18149,0.000000
36,101,0,18149,0.000000
36,102,0,18149,0.000000
36,103,1113,18149,243.908436
36,104,0,18149,0.000000
36,105,0,18149,0.000000
36,106,0,18149,0.000000
36,107,0,18149,0.000000
36,108,0,18149,0.000000
36,109,0,18149,0.000000
36,110,0,18149,0.000000
36,111,1319,18149,225.644767
36,112,0,18149,0.000000
36,113,0,18149,0.000000
36,114,1633,18149,277.429355
36,115,0,18149,0.000000
36,116,0,18149,0.000000
36,117,0,18149,0.000000
36,118,0,18149,0.000000
36,119,0,18149,0.000000
36,120,0,18149,0.000000
36,121,785,18149,121.022315
36,122,0,18149,0.000000
36,123,819,18149,189.792896
36,124,0,18149,0.000000
36,125,0,18149,0.000000
36,126,2404,18149,430.971550
36,127,0,18149,0.000000
36,128,0,18149,0.000000
36,129,0,18149,0.000000
36,130,0,18149,0.000000
36,131,0,18149,0.000000
36,132,0,18149,0.000000
36,133,562,18149,104.719920
36,134,131,18149,26.168563
36,135,0,18149,0.000000
36,136,0,18149,0.000000
36,137,0,18149,0.000000
36,138,0,18149,0.000000
36,139,125,18149,27.783816
36,140,12158,18149,3284.086361
36,141,0,18149,0.000000
36,142,0,18149,0.000000
36,143,0,18149,0.000000
36,144,0,18149,0.000000
36,145,0,18149,0.000000
36,146,0,18149,0.000000
36,147,0,18149,0.000000
36,148,0,18149,0.000000
36,149,0,18149,0.000000
36,150,0,18149,0.000000
36,151,0,18149,0.000000
36,152,0,18149,0.000000
36,153,0,18149,0.000000
36,154,0,18149,0.000000
36,155,0,18149,0.000000
36,156,0,18149,0.000000
36,157,695,18149,114.081321
36,158,15978,18149,6165.228778
36,159,0,18149,0.000000
36,160,1190,18149,226.309915
36,161,0,18149,0.000000
36,162,0,18149,0.000000
36,163,348,18149,103.436060
36,164,0,18149,0.000000
36,165,0,18149,0.000000
36,166,0,18149,0.000000
36,167,0,18149,0.000000
36,168,0,18149,0.000000
36,169,0,18149,0.000000
36,170,0,18149,0.000000
36,171,976,18149,213.847517
36,172,0,18149,0.000000
36,173,262,18149,50.493834
36,174,626,18149,127.764309
36,175,0,18149,0.000000
36,176,0,18149,0.000000
36,177,0,18149,0.000000
36,178,0,18149,0.000000
36,179,0,18149,0.000000
36,180,551,18149,127.036950
36,181,0,18149,0.000000
36,182,0,18149,0.000000
36,183,333,18149,61.352408
36,184,0,18149,0.000000
36,185,0,18149,0.000000
36,186,0,18149,0.000000
36,187,0,18149,0.000000
36,188,0,18149,0.000000
36,189,0,18149,0.000000
36,190,0,18149,0.000000
36,191,0,18149,0.000000
36,192,356,18149,70.255563
36,193,0,18149,0.000000
36,194,0,18149,0.000000
36,195,0,18149,0.000000
36,196,468,18149,81.932490
36,197,364,18149,60.451736
36,198,0,18149,0.000000
36,199,0,18149,0.000000
36,200,0,18149,0.000000
36,201,0,18149,0.000000
36,202,0,18149,0.000000
36,203,0,18149,0.000000
36,204,1276,18149,232.941827
36,205,0,18149,0.000000
36,206,0,18149,0.000000
36,207,0,18149,0.000000
36,208,0,18149,0.000000
36,209,0,18149,0.000000
36,210,0,18149,0.000000
36,211,0,18149,0.000000
36,212,719,18149,218.620227
36,213,0,18149,0.000000
36,214,3594,18149,479.556269
36,215,0,18149,0.000000
36,216,0,18149,0.000000
36,217,0,18149,0.000000
36,218,0,18149,0.000000
36,219,0,18149,0.000000
36,220,601,18149,142.578418
36,221,554,18149,51.624799
36,222,0,18149,0.000000
36,223,423,18149,117.569972
36,224,0,18149,0.000000
36,225,0,18149,0.000000
36,226,2105,18149,362.525325
36,227,0,18149,0.000000
36,228,0,18149,0.000000
36,229,0,18149,0.000000
36,230,0,18149,0.000000
36,231,719,18149,125.591754
36,232,0,18149,0.000000
36,233,421,18149,131.892127
36,234,0,18149,0.000000
36,235,0,18149,0.000000
36,236,0,18149,0.000000
36,237,0,18149,0.000000
36,238,1227,18149,309.026945
36,239,0,18149,0.000000
36,240,0,18149,0.000000
36,241,0,18149,0.000000
36,242,0,18149,0.000000
36,243,0,18149,0.000000
36,244,169,18149,57.820328
36,245,0,18149,0.000000
36,246,0,18149,0.000000
36,247,0,18149,0.000000
36,248,0,18149,0.000000
36,249,0,18149,0.000000
36,250,0,18149,0.000000
36,251,0,18149,0.000000
36,252,646,18149,172.323373
36,253,1107,18149,260.668694
36,254,0,18149,0.000000
36,255,0,18149,0.000000
36,256,0,18149,0.000000
36,257,0,18149,0.000000
36,258,0,18149,0.000000
36,259,0,18149,0.000000
36,260,0,18149,0.000000
36,261,0,18149,0.000000
36,262,979,18149,310.723705
36,263,0,18149,0.000000
36,264,0,18149,0.000000
36,265,0,18149,0.000000
36,266,58,18149,12.452699
36,267,0,18149,0.000000
36,268,0,18149,0.000000
36,269,0,18149,0.000000
36,270,0,18149,0.000000
36,271,0,18149,0.000000
36,272,115,18149,34.582101
36,273,0,18149,0.000000
36,274,0,18149,0.000000
36,275,0,18149,0.000000
36,276,0,18149,0.000000
36,277,115,18149,32.131778
36,278,0,18149,0.000000
36,279,317,18149,80.239362
36,280,0,18149,0.000000
36,281,0,18149,0.000000
36,282,0,18149,0.000000
36,283,0,18149,0.000000
36,284,1052,18149,186.533624
36,285,0,18149,0.000000
36,286,0,18149,0.000000
36,287,0,18149,0.000000
36,288,746,18149,119.846314
36,289,0,18149,0.000000
36,290,0,18149,0.000000
36,291,0,18149,0.000000
36,292,0,18149,0.000000
36,293,0,18149,0.000000
36,294,0,18149,0.000000
36,295,0,18149,0.000000
36,296,449,18149,60.561211
36,297,0,18149,0.000000
36,298,0,18149,0.000000
36,299,0,18149,0.000000
36,300,2583,18149,602.528170
36,301,1878,18149,345.957259
36,302,1262,18149,243.539315
36,303,0,18149,0.000000
36,304,0,18149,0.000000
36,305,244,18149,40.814680
36,306,0,18149,0.000000
36,307,0,18149,0.000000
36,308,0,18149,0.000000
36,309,0,18149,0.000000
36,310,370,18149,75.208515
36,311,0,18149,0.000000
36,312,0,18149,0.000000
36,313,802,18149,169.490463
36,314,312,18149,74.184811
36,315,811,18149,196.603998
36,316,0,18149,0.000000
36,317,259,18149,51.745419
36,318,0,18149,0.000000
36,319,0,18149,0.000000
36,320,0,18149,0.000000
36,321,0,18149,0.000000
36,322,609,18149,127.568363
36,323,0,18149,0.000000
36,324,0,18149,0.000000
36,325,0,18149,0.000000
36,326,8897,18149,2136.165023
36,327,0,18149,0.000000
36,328,0,18149,0.000000
36,329,0,18149,0.000000
36,330,0,18149,0.000000
36,331,0,18149,0.000000
36,332,0,18149,0.000000
36,333,0,18149,0.000000
36,334,0,18149,0.000000
36,335,0,18149,0.000000
36,336,615,18149,81.609983
36,337,0,18149,0.000000
36,338,0,18149,0.000000
36,339,384,18149,71.807703
36,340,0,18149,0.000000
36,341,0,18149,0.000000
36,342,0,18149,0.000000
36,343,0,18149,0.000000
36,344,0,18149,0.000000
36,345,0,18149,0.000000
36,346,135,18149,53.997751
36,347,0,18149,0.000000
36,348,0,18149,0.000000
36,349,0,18149,0.000000
36,350,0,18149,0.000000
36,351,5344,18149,1478.045277
36,352,0,18149,0.000000
36,353,2048,18149,374.913920
36,354,0,18149,0.000000
36,355,0,18149,0.000000
36,356,0,18149,0.000000
36,357,0,18149,0.000000
36,358,0,18149,0.000000
36,359,1138,18149,230.653429
36,360,0,18149,0.000000
36,361,254,18149,57.306663
36,362,0,18149,0.000000
36,363,395,18149,69.548013
36,364,0,18149,0.000000
36,365,0,18149,0.000000
36,366,135,18149,23.880930
36,367,0,18149,0.000000
36,368,0,18149,0.000000
36,369,0,18149,0.000000
36,370,0,18149,0.000000
36,371,0,18149,0.000000
36,372,380,18149,85.634001
36,373,0,18149,0.000000
36,374,0,18149,0.000000
36,375,0,18149,0.000000
36,376,0,18149,0.000000
36,377,0,18149,0.000000
36,378,0,18149,0.000000
36,379,0,18149,0.000000
36,380,0,18149,0.000000
36,381,0,18149,0.000000
36,382,0,18149,0.000000
36,383,0,18149,0.000000
37,0,0,18149,0.000000
37,1,0,18149,0.000000
37,2,0,18149,0.000000
37,3,881,18149,163.652711
37,4,221,18149,27.500035
37,5,0,18149,0.000000
37,6,667,18149,111.477357
37,7,0,18149,0.000000
37,8,0,18149,0.000000
37,9,0,18149,0.000000
37,10,0,18149,0.000000
37,11,0,18149,0.000000
37,12,1741,18149,316.553667
37,13,0,18149,0.000000
37,14,0,18149,0.000000
37,15,0,18149,0.000000
37,16,0,18149,0.000000
37,17,0,18149,0.000000
37,18,0,18149,0.000000
37,19,3691,18149,674.362681
37,20,0,18149,0.000000
37,21,0,18149,0.000000
37,22,0,18149,0.000000
37,23,0,18149,0.000000
37,24,0,18149,0.000000
37,25,0,18149,0.000000
37,26,331,18149,74.543358
37,27,0,18149,0.000000
37,28,0,18149,0.000000
37,29,0,18149,0.000000
37,30,0,18149,0.000000
37,31,0,18149,0.000000
37,32,130,18149,32.593777
37,33,0,18149,0.000000
37,34,0,18149,0.000000
37,35,812,18149,114.807562
37,36,0,18149,0.000000
37,37,0,18149,0.000000
37,38,15512,18149,6035.601690
37,39,0,18149,0.000000
37,40,0,18149,0.000000
37,41,0,18149,0.000000
37,42,701,18149,61.552560
37,43,723,18149,152.288837
37,44,573,18149,76.535569
37,45,0,18149,0.000000
37,46,0,18149,0.000000
37,47,0,18149,0.000000
37,48,0,18149,0.000000
37,49,0,18149,0.000000
37,50,0,18149,0.000000
37,51,513,18149,61.371405
37,52,0,18149,0.000000
37,53,0,18149,0.000000
37,54,0,18149,0.000000
37,55,155,18149,34.562670
37,56,0,18149,0.000000
37,57,0,18149,0.000000
37,58,0,18149,0.000000
37,59,0,18149,0.000000
37,60,0,18149,0.000000
37,61,0,18149,0.000000
37,62,0,18149,0.000000
37,63,1403,18149,310.688142
37,64,1141,18149,169.484952
37,65,0,18149,0.000000
37,66,0,18149,0.000000
37,67,0,18149,0.000000
37,68,207,18149,58.186615
37,69,0,18149,0.000000
37,70,300,18149,43.848779
37,71,492,18149,90.552065
37,72,249,18149,40.750921
37,73,790,18149,133.309404
37,74,0,18149,0.000000
37,75,0,18149,0.000000
37,76,0,18149,0.000000
37,77,0,18149,0.000000
37,78,388,18149,151.228449
37,79,0,18149,0.000000
37,80,0,18149,0.000000
37,81,1256,18149,208.849687
37,82,0,18149,0.000000
37,83,1026,18149,280.303681
37,84,0,18149,0.000000
37,85,482,18149,85.531761
37,86,0,18149,0.000000
37,87,0,18149,0.000000
37,88,0,18149,0.000000
37,89,1374,18149,331.439482
37,90,0,18149,0.000000
37,91,0,18149,0.000000
37,92,0,18149,0.000000
37,93,0,18149,0.000000
37,94,0,18149,0.000000
37,95,0,18149,0.000000
37,96,0,18149,0.000000
37,97,0,18149,0.000000
37,98,0,18149,0.000000
37,99,0,18149,0.000000
37,100,0,18149,0.000000
37,101,0,18149,0.000000
37,102,0,18149,0.000000
37,103,0,18149,0.000000
37,104,0,18149,0.000000
37,105,187,18149,64.559216
37,106,0,18149,0.000000
37,107,0,18149,0.000000
37,108,0,18149,0.000000
37,109,0,18149,0.000000
37,110,0,18149,0.000000
37,111,0,18149,0.000000
37,112,0,18149,0.000000
37,113,0,18149,0.000000
37,114,0,18149,0.000000
37,115,0,18149,0.000000
37,116,0,18149,0.000000
37,117,0,18149,0.000000
37,118,0,18149,0.000000
37,119,986,18149,121.558799
37,120,0,18149,0.000000
37,121,752,18149,207.264552
37,122,0,18149,0.000000
37,123,0,18149,0.000000
37,124,1025,18149,318.517564
37,125,0,18149,0.000000
37,126,232,18149,50.437324
37,127,730,18149,676.007082
37,128,199,18149,63.301712
37,129,0,18149,0.000000
37,130,0,18149,0.000000
37,131,0,18149,0.000000
37,132,0,18149,0.000000
37,133,0,18149,0.000000
37,134,0,18149,0.000000
37,135,0,18149,0.000000
37,136,0,18149,0.000000
37,137,0,18149,0.000000
37,138,976,18149,116.626265
37,139,0,18149,0.000000
37,140,0,18149,0.000000
37,141,0,18149,0.000000
37,142,0,18149,0.000000
37,143,0,18149,0.000000
37,144,0,18149,0.000000
37,145,0,18149,0.000000
37,146,0,18149,0.000000
37,147,0,18149,0.000000
37,148,836,18149,175.617783
37,149,0,18149,0.000000
37,150,0,18149,0.000000
37,151,2045,18149,349.137770
37,152,0,18149,0.000000
37,153,0,18149,0.000000
37,154,0,18149,0.000000
37,155,0,18149,0.000000
37,156,0,18149,0.000000
37,157,0,18149,0.000000
37,158,0,18149,0.000000
37,159,0,18149,0.000000
37,160,666,18149,193.285385
37,161,0,18149,0.000000
37,162,0,18149,0.000000
37,163,0,18149,0.000000
37,164,0,18149,0.000000
37,165,0,18149,0.000000
37,166,3663,18149,425.383881
37,167,124,18149,24.868701
37,168,0,18149,0.000000
37,169,1534,18149,290.022410
37,170,862,18149,185.532987
37,171,0,18149,0.000000
37,172,543,18149,82.122366
37,173,0,18149,0.000000
37,174,446,18149,80.145629
37,175,0,18149,0.000000
37,176,0,18149,0.000000
37,177,1320,18149,238.385190
37,178,0,18149,0.000000
37,179,0,18149,0.000000
37,180,0,18149,0.000000
37,181,589,18149,91.598721
37,182,168,18149,40.125407
37,183,0,18149,0.000000
37,184,0,18149,0.000000
37,185,0,18149,0.000000
37,186,59,18149,10.347252
37,187,585,18149,122.788882
37,188,0,18149,0.000000
37,189,0,18149,0.000000
37,190,0,18149,0.000000
37,191,0,18149,0.000000
37,192,0,18149,0.000000
37,193,0,18149,0.000000
37,194,1627,18149,383.422140
37,195,0,18149,0.000000
37,196,0,18149,0.000000
37,197,0,18149,0.000000
37,198,0,18149,0.000000
37,199,0,18149,0.000000
37,200,0,18149,0.000000
37,201,0,18149,0.000000
37,202,0,18149,0.000000
37,203,0,18149,0.000000
37,204,0,18149,0.000000
37,205,0,18149,0.000000
37,206,0,18149,0.000000
37,207,0,18149,0.000000
37,208,0,18149,0.000000
37,209,0,18149,0.000000
37,210,0,18149,0.000000
37,211,0,18149,0.000000
37,212,0,18149,0.000000
37,213,0,18149,0.000000
37,214,1699,18149,252.011228
37,215,0,18149,0.000000
37,216,0,18149,0.000000
37,217,655,18149,84.630002
37,218,1095,18149,190.326739
37,219,1147,18149,204.582826
37,220,0,18149,0.000000
37,221,0,18149,0.000000
37,222,0,18149,0.000000
37,223,0,18149,0.000000
37,224,0,18149,0.000000
37,225,1356,18149,191.837199
37,226,0,18149,0.000000
37,227,0,18149,0.000000
37,228,0,18149,0.000000
37,229,0,18149,0.000000
37,230,1208,18149,152.132137
37,231,0,18149,0.000000
37,232,0,18149,0.000000
37,233,0,18149,0.000000
37,234,13420,18149,5516.622401
37,235,0,18149,0.000000
37,236,0,18149,0.000000
37,237,0,18149,0.000000
37,238,682,18149,144.368610
37,239,0,18149,0.000000
37,240,556,18149,92.161615
37,241,0,18149,0.000000
37,242,0,18149,0.000000
37,243,0,18149,0.000000
37,244,0,18149,0.000000
37,245,0,18149,0.000000
37,246,683,18149,129.543960
37,247,0,18149,0.000000
37,248,0,18149,0.000000
37,249,0,18149,0.000000
37,250,0,18149,0.000000
37,251,0,18149,0.000000
37,252,0,18149,0.000000
37,253,0,18149,0.000000
37,254,0,18149,0.000000
37,255,0,18149,0.000000
37,256,344,18149,81.034313
37,257,0,18149,0.000000
37,258,0,18149,0.000000
37,259,0,18149,0.000000
37,260,0,18149,0.000000
37,261,0,18149,0.000000
37,262,0,18149,0.000000
37,263,0,18149,0.000000
37,264,0,18149,0.000000
37,265,0,18149,0.000000
37,266,0,18149,0.000000
37,267,0,18149,0.000000
37,268,1001,18149,227.312392
37,269,0,18149,0.000000
37,270,0,18149,0.000000
37,271,0,18149,0.000000
37,272,562,18149,123.122590
37,273,0,18149,0.000000
37,274,0,18149,0.000000
37,275,0,18149,0.000000
37,276,172,18149,21.635163
37,277,0,18149,0.000000
37,278,0,18149,0.000000
37,279,1332,18149,189.199519
37,280,0,18149,0.000000
37,281,0,18149,0.000000
37,282,909,18149,187.065850
37,283,0,18149,0.000000
37,284,0,18149,0.000000
37,285,0,18149,0.000000
37,286,0,18149,0.000000
37,287,495,18149,114.341293
37,288,0,18149,0.000000
37,289,0,18149,0.000000
37,290,0,18149,0.000000
37,291,0,18149,0.000000
37,292,610,18149,88.521495
37,293,0,18149,0.000000
37,294,0,18149,0.000000
37,295,1196,18149,314.308740
37,296,687,18149,135.038935
37,297,0,18149,0.000000
37,298,383,18149,77.806252
37,299,0,18149,0.000000
37,300,0,18149,0.000000
37,301,0,18149,0.000000
37,302,0,18149,0.000000
37,303,0,18149,0.000000
37,304,0,18149,0.000000
37,305,0,18149,0.000000
37,306,0,18149,0.000000
37,307,0,18149,0.000000
37,308,1671,18149,304.766624
37,309,0,18149,0.000000
37,310,294,18149,47.950262
37,311,0,18149,0.000000
37,312,0,18149,0.000000
37,313,0,18149,0.000000
37,314,0,18149,0.000000
37,315,0,18149,0.000000
37,316,396,18149,10.436588
37,317,1893,18149,539.195694
37,318,0,18149,0.000000
37,319,0,18149,0.000000
37,320,243,18149,29.745549
37,321,0,18149,0.000000
37,322,0,18149,0.000000
37,323,0,18149,0.000000
37,324,0,18149,0.000000
37,325,0,18149,0.000000
37,326,0,18149,0.000000
37,327,0,18149,0.000000
37,328,679,18149,87.354465
37,329,0,18149,0.000000
37,330,0,18149,0.000000
37,331,0,18149,0.000000
37,332,0,18149,0.000000
37,333,0,18149,0.000000
37,334,0,18149,0.000000
37,335,0,18149,0.000000
37,336,0,18149,0.000000
37,337,0,18149,0.000000
37,338,0,18149,0.000000
37,339,390,18149,59.839613
37,340,0,18149,0.000000
37,341,0,18149,0.000000
37,342,0,18149,0.000000
37,343,0,18149,0.000000
37,344,538,18149,27.876812
37,345,1051,18149,132.166065
37,346,0,18149,0.000000
37,347,0,18149,0.000000
37,348,0,18149,0.000000
37,349,0,18149,0.000000
37,350,438,18149,64.681125
37,351,0,18149,0.000000
37,352,0,18149,0.000000
37,353,0,18149,0.000000
37,354,224,18149,55.498832
37,355,633,18149,176.371833
37,356,0,18149,0.000000
37,357,0,18149,0.000000
37,358,398,18149,91.934627
37,359,1643,18149,379.355097
37,360,1755,18149,220.921818
37,361,0,18149,0.000000
37,362,0,18149,0.000000
37,363,0,18149,0.000000
37,364,7318,18149,1785.960509
37,365,116,18149,19.630744
37,366,248,18149,47.548926
37,367,0,18149,0.000000
37,368,0,18149,0.000000
37,369,597,18149,91.271979
37,370,980,18149,113.730419
37,371,0,18149,0.000000
37,372,0,18149,0.000000
37,373,0,18149,0.000000
37,374,0,18149,0.000000
37,375,0,18149,0.000000
37,376,0,18149,0.000000
37,377,266,18149,70.562587
37,378,0,18149,0.000000
37,379,0,18149,0.000000
37,380,1018,18149,196.461841
37,381,0,18149,0.000000
37,382,0,18149,0.000000
37,383,0,18149,0.000000
38,0,0,18149,0.000000
38,1,0,18149,0.000000
38,2,0,18149,0.000000
38,3,0,18149,0.000000
38,4,0,18149,0.000000
38,5,0,18149,0.000000
38,6,203,18149,58.532406
38,7,427,18149,60.559810
38,8,0,18149,0.000000
38,9,0,18149,0.000000
38,10,9979,18149,3543.281171
38,11,0,18149,0.000000
38,12,0,18149,0.000000
38,13,0,18149,0.000000
38,14,0,18149,0.000000
38,15,0,18149,0.000000
38,16,4666,18149,996.791012
38,17,164,18149,35.253991
38,18,0,18149,0.000000
38,19,0,18149,0.000000
38,20,0,18149,0.000000
38,21,1791,18149,233.572287
38,22,0,18149,0.000000
38,23,0,18149,0.000000
38,24,538,18149,110.893879
38,25,0,18149,0.000000
38,26,0,18149,0.000000
38,27,0,18149,0.000000
38,28,0,18149,0.000000
38,29,0,18149,0.000000
38,30,342,18149,82.425396
38,31,137,18149,36.952491
38,32,0,18149,0.000000
38,33,119,18149,46.094300
38,34,0,18149,0.000000
38,35,649,18149,103.895432
38,36,0,18149,0.000000
38,37,0,18149,0.000000
38,38,0,18149,0.000000
38,39,0,18149,0.000000
38,40,0,18149,0.000000
38,41,0,18149,0.000000
38,42,0,18149,0.000000
38,43,0,18149,0.000000
38,44,0,18149,0.000000
38,45,0,18149,0.000000
38,46,0,18149,0.000000
38,47,0,18149,0.000000
38,48,0,18149,0.000000
38,49,0,18149,0.000000
38,50,167,18149,48.794243
38,51,0,18149,0.000000
38,52,0,18149,0.000000
38,53,0,18149,0.000000
38,54,0,18149,0.000000
38,55,932,18149,126.414200
38,56,0,18149,0.000000
38,57,0,18149,0.000000
38,58,0,18149,0.000000
38,59,463,18149,92.151949
38,60,0,18149,0.000000
38,61,0,18149,0.000000
38,62,0,18149,0.000000
38,63,0,18149,0.000000
38,64,0,18149,0.000000
38,65,0,18149,0.000000
38,66,0,18149,0.000000
38,67,996,18149,767.589455
38,68,0,18149,0.000000
38,69,0,18149,0.000000
38,70,348,18149,83.154633
38,71,0,18149,0.000000
38,72,0,18149,0.000000
38,73,1148,18149,288.320017
38,74,0,18149,0.000000
38,75,0,18149,0.000000
38,76,0,18149,0.000000
38,77,0,18149,0.000000
38,78,0,18149,0.000000
38,79,715,18149,113.862979
38,80,160,18149,57.798707
38,81,0,18149,0.000000
38,82,0,18149,0.000000
38,83,212,18149,41.287955
38,84,0,18149,0.000000
38,85,1968,18149,412.441348
38,86,0,18149,0.000000
38,87,165,18149,35.269618
38,88,47,18149,7.429511
38,89,0,18149,0.000000
38,90,0,18149,0.000000
38,91,652,18149,218.269667
38,92,0,18149,0.000000
38,93,612,18149,73.159291
38,94,180,18149,48.528350
38,95,0,18149,0.000000
38,96,228,18149,58.711658
38,97,634,18149,86.227938
38,98,0,18149,0.000000
38,99,0,18149,0.000000
38,100,427,18149,1.790546
38,101,0,18149,0.000000
38,102,0,18149,0.000000
38,103,226,18149,55.483548
38,104,2016,18149,536.948756
38,105,0,18149,0.000000
38,106,0,18149,0.000000
38,107,0,18149,0.000000
38,108,0,18149,0.000000
38,109,0,18149,0.000000
38,110,0,18149,0.000000
38,111,0,18149,0.000000
38,112,0,18149,0.000000
38,113,0,18149,0.000000
38,114,0,18149,0.000000
38,115,337,18149,40.695236
38,116,0,18149,0.000000
38,117,638,18149,130.509516
38,118,15491,18149,7131.591831
38,119,0,18149,0.000000
38,120,0,18149,0.000000
38,121,0,18149,0.000000
38,122,763,18149,152.876578
38,123,0,18149,0.000000
38,124,0,18149,0.000000
38,125,1100,18149,193.749587
38,126,0,18149,0.000000
38,127,0,18149,0.000000
38,128,0,18149,0.000000
38,129,0,18149,0.000000
38,130,0,18149,0.000000
38,131,205,18149,24.317697
38,132,0,18149,0.000000
38,133,426,18149,54.424037
38,134,1446,18149,377.779440
38,135,0,18149,0.000000
38,136,0,18149,0.000000
38,137,0,18149,0.000000
38,138,676,18149,79.954907
38,139,638,18149,85.134517
38,140,0,18149,0.000000
38,141,1963,18149,286.938233
38,142,0,18149,0.000000
38,143,0,18149,0.000000
38,144,368,18149,69.685940
38,145,0,18149,0.000000
38,146,0,18149,0.000000
38,147,0,18149,0.000000
38,148,4718,18149,1317.965528
38,149,0,18149,0.000000
38,150,254,18149,59.521737
38,151,0,18149,0.000000
38,152,337,18149,68.317528
38,153,0,18149,0.000000
38,154,0,18149,0.000000
38,155,0,18149,0.000000
38,156,0,18149,0.000000
38,157,0,18149,0.000000
38,158,139,18149,34.687923
38,159,0,18149,0.000000
38,160,0,18149,0.000000
38,161,0,18149,0.000000
38,162,192,18149,37.414788
38,163,0,18149,0.000000
38,164,0,18149,0.000000
38,165,0,18149,0.000000
38,166,0,18149,0.000000
38,167,149,18149,23.196194
38,168,0,18149,0.000000
38,169,0,18149,0.000000
38,170,1553,18149,229.899403
38,171,953,18149,121.342771
38,172,0,18149,0.000000
38,173,558,18149,16.534061
38,174,0,18149,0.000000
38,175,0,18149,0.000000
38,176,671,18149,155.643985
38,177,0,18149,0.000000
38,178,0,18149,0.000000
38,179,72,18149,9.255586
38,180,0,18149,0.000000
38,181,0,18149,0.000000
38,182,959,18149,155.543538
38,183,0,18149,0.000000
38,184,0,18149,0.000000
38,185,0,18149,0.000000
38,186,275,18149,40.391551
38,187,0,18149,0.000000
38,188,0,18149,0.000000
38,189,1296,18149,140.474597
38,190,0,18149,0.000000
38,191,0,18149,0.000000
38,192,260,18149,49.849784
38,193,0,18149,0.000000
38,194,0,18149,0.000000
38,195,1877,18149,268.282440
38,196,129,18149,32.177045
38,197,443,18149,111.425464
38,198,0,18149,0.000000
38,199,252,18149,54.666537
38,200,0,18149,0.000000
38,201,1229,18149,272.400024
38,202,114,18149,31.014938
38,203,0,18149,0.000000
38,204,0,18149,0.000000
38,205,0,18149,0.000000
38,206,0,18149,0.000000
38,207,0,18149,0.000000
38,208,373,18149,85.024653
38,209,0,18149,0.000000
38,210,0,18149,0.000000
38,211,1264,18149,350.590796
38,212,0,18149,0.000000
38,213,504,18149,72.270859
38,214,1989,18149,335.332710
38,215,0,18149,0.000000
38,216,0,18149,0.000000
38,217,1154,18149,234.424343
38,218,0,18149,0.000000
38,219,322,18149,72.136681
38,220,0,18149,0.000000
38,221,0,18149,0.000000
38,222,0,18149,0.000000
38,223,0,18149,0.000000
38,224,701,18149,80.945357
38,225,0,18149,0.000000
38,226,1414,18149,218.120622
38,227,745,18149,134.190775
38,228,0,18149,0.000000
38,229,0,18149,0.000000
38,230,1483,18149,396.335565
38,231,856,18149,180.577021
38,232,0,18149,0.000000
38,233,0,18149,0.000000
38,234,246,18149,78.440413
38,235,0,18149,0.000000
38,236,0,18149,0.000000
38,237,153,18149,54.451216
38,238,0,18149,0.000000
38,239,579,18149,24.435604
38,240,0,18149,0.000000
38,241,0,18149,0.000000
38,242,0,18149,0.000000
38,243,0,18149,0.000000
38,244,808,18149,130.987432
38,245,0,18149,0.000000
38,246,200,18149,61.523425
38,247,0,18149,0.000000
38,248,0,18149,0.000000
38,249,2222,18149,252.459890
38,250,0,18149,0.000000
38,251,0,18149,0.000000
38,252,0,18149,0.000000
38,253,0,18149,0.000000
38,254,0,18149,0.000000
38,255,0,18149,0.000000
38,256,0,18149,0.000000
38,257,469,18149,122.481243
38,258,0,18149,0.000000
38,259,0,18149,0.000000
38,260,414,18149,77.452538
38,261,713,18149,119.255923
38,262,0,18149,0.000000
38,263,0,18149,0.000000
38,264,0,18149,0.000000
38,265,619,18149,159.979034
38,266,0,18149,0.000000
38,267,0,18149,0.000000
38,268,320,18149,62.058636
38,269,0,18149,0.000000
38,270,0,18149,0.000000
38,271,0,18149,0.000000
38,272,0,18149,0.000000
38,273,191,18149,41.546836
38,274,0,18149,0.000000
38,275,0,18149,0.000000
38,276,0,18149,0.000000
38,277,0,18149,0.000000
38,278,0,18149,0.000000
38,279,0,18149,0.000000
38,280,3816,18149,597.404998
38,281,0,18149,0.000000
38,282,0,18149,0.000000
38,283,372,18149,49.650609
38,284,0,18149,0.000000
38,285,0,18149,0.000000
38,286,0,18149,0.000000
38,287,0,18149,0.000000
38,288,538,18149,98.017213
38,289,0,18149,0.000000
38,290,0,18149,0.000000
38,291,0,18149,0.000000
38,292,0,18149,0.000000
38,293,0,18149,0.000000
38,294,0,18149,0.000000
38,295,618,18149,39.782163
38,296,1196,18149,195.090418
38,297,0,18149,0.000000
38,298,585,18149,100.879820
38,299,0,18149,0.000000
38,300,0,18149,0.000000
38,301,0,18149,0.000000
38,302,0,18149,0.000000
38,303,0,18149,0.000000
38,304,0,18149,0.000000
38,305,0,18149,0.000000
38,306,0,18149,0.000000
38,307,0,18149,0.000000
38,308,0,18149,0.000000
38,309,1455,18149,324.492905
38,310,0,18149,0.000000
38,311,0,18149,0.000000
38,312,1174,18149,285.383525
38,313,0,18149,0.000000
38,314,0,18149,0.000000
38,315,0,18149,0.000000
38,316,0,18149,0.000000
38,317,0,18149,0.000000
38,318,593,18149,81.927093
38,319,386,18149,50.250839
38,320,380,18149,59.694848
38,321,0,18149,0.000000
38,322,413,18149,91.294204
38,323,0,18149,0.000000
38,324,0,18149,0.000000
38,325,0,18149,0.000000
38,326,459,18149,99.294084
38,327,0,18149,0.000000
38,328,494,18149,122.414607
38,329,625,18149,96.569600
38,330,0,18149,0.000000
38,331,0,18149,0.000000
38,332,0,18149,0.000000
38,333,724,18149,95.472176
38,334,260,18149,38.022111
38,335,0,18149,0.000000
38,336,0,18149,0.000000
38,337,0,18149,0.000000
38,338,0,18149,0.000000
38,339,0,18149,0.000000
38,340,555,18149,86.401799
38,341,0,18149,0.000000
38,342,0,18149,0.000000
38,343,0,18149,0.000000
38,344,0,18149,0.000000
38,345,0,18149,0.000000
38,346,0,18149,0.000000
38,347,244,18149,43.330448
38,348,0,18149,0.000000
38,349,0,18149,0.000000
38,350,0,18149,0.000000
38,351,0,18149,0.000000
38,352,0,18149,0.000000
38,353,0,18149,0.000000
38,354,0,18149,0.000000
38,355,0,18149,0.000000
38,356,0,18149,0.000000
38,357,0,18149,0.000000
38,358,0,18149,0.000000
38,359,0,18149,0.000000
38,360,0,18149,0.000000
38,361,263,18149,57.569554
38,362,0,18149,0.000000
38,363,350,18149,51.407305
38,364,2229,18149,562.078442
38,365,0,18149,0.000000
38,366,0,18149,0.000000
38,367,0,18149,0.000000
38,368,693,18149,141.858453
38,369,379,18149,65.830061
38,370,0,18149,0.000000
38,371,0,18149,0.000000
38,372,0,18149,0.000000
38,373,0,18149,0.000000
38,374,0,18149,0.000000
38,375,446,18149,96.792312
38,376,0,18149,0.000000
38,377,0,18149,0.000000
38,378,116,18149,28.019424
38,379,0,18149,0.000000
38,380,0,18149,0.000000
38,381,0,18149,0.000000
38,382,0,18149,0.000000
38,383,0,18149,0.000000
39,0,1317,18149,321.817569
39,1,0,18149,0.000000
39,2,0,18149,0.000000
39,3,0,18149,0.000000
39,4,394,18149,119.852109
39,5,1795,18149,342.254958
39,6,340,18149,63.152538
39,7,190,18149,81.713939
39,8,1488,18149,250.724610
39,9,0,18149,0.000000
39,10,1079,18149,298.108536
39,11,0,18149,0.000000
39,12,0,18149,0.000000
39,13,0,18149,0.000000
39,14,828,18149,849.783767
39,15,0,18149,0.000000
39,16,0,18149,0.000000
39,17,0,18149,0.000000
39,18,2997,18149,571.361801
39,19,0,18149,0.000000
39,20,957,18149,228.205630
39,21,0,18149,0.000000
39,22,0,18149,0.000000
39,23,0,18149,0.000000
39,24,0,18149,0.000000
39,25,71,18149,33.401850
39,26,622,18149,157.461374
39,27,828,18149,155.032274
39,28,0,18149,0.000000
39,29,0,18149,0.000000
39,30,764,18149,91.513371
39,31,0,18149,0.000000
39,32,3745,18149,754.063215
39,33,0,18149,0.000000
39,34,0,18149,0.000000
39,35,0,18149,0.000000
39,36,976,18149,193.568365
39,37,0,18149,0.000000
39,38,1262,18149,274.751835
39,39,0,18149,0.000000
39,40,0,18149,0.000000
39,41,0,18149,0.000000
39,42,166,18149,29.709424
39,43,0,18149,0.000000
39,44,0,18149,0.000000
39,45,0,18149,0.000000
39,46,0,18149,0.000000
39,47,0,18149,0.000000
39,48,0,18149,0.000000
39,49,0,18149,0.000000
39,50,0,18149,0.000000
39,51,0,18149,0.000000
39,52,0,18149,0.000000
39,53,155,18149,24.891196
39,54,308,18149,77.593009
39,55,853,18149,247.363585
39,56,932,18149,256.305091
39,57,0,18149,0.000000
39,58,982,18149,211.167783
39,59,0,18149,0.000000
39,60,0,18149,0.000000
39,61,857,18149,184.384018
39,62,0,18149,0.000000
39,63,0,18149,0.000000
39,64,0,18149,0.000000
39,65,160,18149,35.829874
39,66,548,18149,116.168559
39,67,0,18149,0.000000
39,68,0,18149,0.000000
39,69,843,18149,168.216147
39,70,484,18149,92.166713
39,71,0,18149,0.000000
39,72,243,18149,61.722088
39,73,0,18149,0.000000
39,74,0,18149,0.000000
39,75,0,18149,0.000000
39,76,3732,18149,1110.020910
39,77,0,18149,0.000000
39,78,0,18149,0.000000
39,79,0,18149,0.000000
39,80,1203,18149,288.369890
39,81,0,18149,0.000000
39,82,0,18149,0.000000
39,83,1292,18149,395.450064
39,84,1131,18149,227.249394
39,85,452,18149,87.997246
39,86,0,18149,0.000000
39,87,508,18149,289.245763
39,88,0,18149,0.000000
39,89,0,18149,0.000000
39,90,0,18149,0.000000
39,91,370,18149,80.842054
39,92,329,18149,86.940571
39,93,0,18149,0.000000
39,94,511,18149,17.203717
39,95,0,18149,0.000000
39,96,0,18149,0.000000
39,97,1480,18149,378.492643
39,98,0,18149,0.000000
39,99,1003,18149,271.799356
39,100,0,18149,0.000000
39,101,140,18149,32.015638
39,102,197,18149,51.719590
39,103,0,18149,0.000000
39,104,0,18149,0.000000
39,105,0,18149,0.000000
39,106,3871,18149,723.647650
39,107,0,18149,0.000000
39,108,0,18149,0.000000
39,109,0,18149,0.000000
39,110,0,18149,0.000000
39,111,0,18149,0.000000
39,112,1497,18149,385.561598
39,113,0,18149,0.000000
39,114,0,18149,0.000000
39,115,0,18149,0.000000
39,116,0,18149,0.000000
39,117,0,18149,0.000000
39,118,250,18149,58.246339
39,119,127,18149,29.541726
39,120,0,18149,0.000000
39,121,239,18149,45.266070
39,122,0,18149,0.000000
39,123,383,18149,47.156165
39,124,0,18149,0.000000
39,125,0,18149,0.000000
39,126,0,18149,0.000000
39,127,0,18149,0.000000
39,128,0,18149,0.000000
39,129,0,18149,0.000000
39,130,0,18149,0.000000
39,131,1811,18149,502.010854
39,132,0,18149,0.000000
39,133,549,18149,132.694928
39,134,0,18149,0.000000
39,135,637,18149,65.999902
39,136,1190,18149,253.493393
39,137,0,18149,0.000000
39,138,0,18149,0.000000
39,139,0,18149,0.000000
39,140,0,18149,0.000000
39,141,767,18149,215.801079
39,142,0,18149,0.000000
39,143,0,18149,0.000000
39,144,0,18149,0.000000
39,145,0,18149,0.000000
39,146,409,18149,70.695818
39,147,0,18149,0.000000
39,148,455,18149,118.544338
39,149,1091,18149,226.882559
39,150,0,18149,0.000000
39,151,0,18149,0.000000
39,152,382,18149,53.803027
39,153,0,18149,0.000000
39,154,0,18149,0.000000
39,155,1106,18149,197.293542
39,156,0,18149,0.000000
39,157,0,18149,0.000000
39,158,0,18149,0.000000
39,159,0,18149,0.000000
39,160,653,18149,153.239842
39,161,0,18149,0.000000
39,162,0,18149,0.000000
39,163,0,18149,0.000000
39,164,0,18149,0.000000
39,165,0,18149,0.000000
39,166,0,18149,0.000000
39,167,0,18149,0.000000
39,168,704,18149,195.801920
39,169,0,18149,0.000000
39,170,0,18149,0.000000
39,171,0,18149,0.000000
39,172,0,18149,0.000000
39,173,428,18149,18.268335
39,174,0,18149,0.000000
39,175,0,18149,0.000000
39,176,464,18149,57.567884
39,177,0,18149,0.000000
39,178,0,18149,0.000000
39,179,0,18149,0.000000
39,180,9396,18149,3202.571883
39,181,0,18149,0.000000
39,182,0,18149,0.000000
39,183,0,18149,0.000000
39,184,0,18149,0.000000
39,185,0,18149,0.000000
39,186,0,18149,0.000000
39,187,0,18149,0.000000
39,188,0,18149,0.000000
39,189,153,18149,34.521564
39,190,0,18149,0.000000
39,191,0,18149,0.000000
39,192,0,18149,0.000000
39,193,0,18149,0.000000
39,194,0,18149,0.000000
39,195,989,18149,201.016825
39,196,0,18149,0.000000
39,197,0,18149,0.000000
39,198,0,18149,0.000000
39,199,0,18149,0.000000
39,200,0,18149,0.000000
39,201,0,18149,0.000000
39,202,306,18149,57.835241
39,203,303,18149,81.884756
39,204,0,18149,0.000000
39,205,0,18149,0.000000
39,206,0,18149,0.000000
39,207,0,18149,0.000000
39,208,257,18149,49.608859
39,209,0,18149,0.000000
39,210,647,18149,112.523782
39,211,0,18149,0.000000
39,212,0,18149,0.000000
39,213,0,18149,0.000000
39,214,0,18149,0.000000
39,215,955,18149,251.160122
39,216,2585,18149,850.232424
39,217,0,18149,0.000000
39,218,0,18149,0.000000
39,219,0,18149,0.000000
39,220,0,18149,0.000000
39,221,1283,18149,299.808346
39,222,0,18149,0.000000
39,223,0,18149,0.000000
39,224,184,18149,43.688581
39,225,0,18149,0.000000
39,226,0,18149,0.000000
39,227,0,18149,0.000000
39,228,0,18149,0.000000
39,229,0,18149,0.000000
39,230,0,18149,0.000000
39,231,239,18149,82.821654
39,232,0,18149,0.000000
39,233,0,18149,0.000000
39,234,0,18149,0.000000
39,235,148,18149,33.154189
39,236,0,18149,0.000000
39,237,0,18149,0.000000
39,238,0,18149,0.000000
39,239,0,18149,0.000000
39,240,0,18149,0.000000
39,241,0,18149,0.000000
39,242,0,18149,0.000000
39,243,0,18149,0.000000
39,244,0,18149,0.000000
39,245,0,18149,0.000000
39,246,1114,18149,255.951896
39,247,0,18149,0.000000
39,248,0,18149,0.000000
39,249,0,18149,0.000000
39,250,0,18149,0.000000
39,251,0,18149,0.000000
39,252,0,18149,0.000000
39,253,0,18149,0.000000
39,254,0,18149,0.000000
39,255,0,18149,0.000000
39,256,908,18149,186.429955
39,257,0,18149,0.000000
39,258,9303,18149,2885.227386
39,259,0,18149,0.000000
39,260,0,18149,0.000000
39,261,184,18149,37.801351
39,262,0,18149,0.000000
39,263,0,18149,0.000000
39,264,0,18149,0.000000
39,265,0,18149,0.000000
39,266,0,18149,0.000000
39,267,0,18149,0.000000
39,268,248,18149,71.934590
39,269,0,18149,0.000000
39,270,0,18149,0.000000
39,271,0,18149,0.000000
39,272,0,18149,0.000000
39,273,0,18149,0.000000
39,274,0,18149,0.000000
39,275,0,18149,0.000000
39,276,0,18149,0.000000
39,277,0,18149,0.000000
39,278,0,18149,0.000000
39,279,0,18149,0.000000
39,280,0,18149,0.000000
39,281,416,18149,114.010688
39,282,0,18149,0.000000
39,283,347,18149,70.995725
39,284,0,18149,0.000000
39,285,0,18149,0.000000
39,286,0,18149,0.000000
39,287,0,18149,0.000000
39,288,4012,18149,799.559150
39,289,0,18149,0.000000
39,290,0,18149,0.000000
39,291,0,18149,0.000000
39,292,0,18149,0.000000
39,293,1162,18149,276.542058
39,294,0,18149,0.000000
39,295,353,18149,73.150821
39,296,734,18149,225.248120
39,297,0,18149,0.000000
39,298,0,18149,0.000000
39,299,0,18149,0.000000
39,300,0,18149,0.000000
39,301,0,18149,0.000000
39,302,0,18149,0.000000
39,303,237,18149,64.167010
39,304,973,18149,238.747538
39,305,0,18149,0.000000
39,306,0,18149,0.000000
39,307,281,18149,51.352225
39,308,0,18149,0.000000
39,309,0,18149,0.000000
39,310,0,18149,0.000000
39,311,0,18149,0.000000
39,312,590,18149,179.195596
39,313,813,18149,222.953180
39,314,0,18149,0.000000
39,315,0,18149,0.000000
39,316,0,18149,0.000000
39,317,197,18149,44.274092
39,318,0,18149,0.000000
39,319,167,18149,45.540786
39,320,0,18149,0.000000
39,321,0,18149,0.000000
39,322,317,18149,65.226965
39,323,0,18149,0.000000
39,324,0,18149,0.000000
39,325,0,18149,0.000000
39,326,521,18149,146.318760
39,327,0,18149,0.000000
39,328,288,18149,55.161642
39,329,0,18149,0.000000
39,330,451,18149,122.544932
39,331,0,18149,0.000000
39,332,4517,18149,714.802125
39,333,0,18149,0.000000
39,334,0,18149,0.000000
39,335,0,18149,0.000000
39,336,243,18149,61.328551
39,337,0,18149,0.000000
39,338,0,18149,0.000000
39,339,0,18149,0.000000
39,340,0,18149,0.000000
39,341,160,18149,39.644599
39,342,0,18149,0.000000
39,343,0,18149,0.000000
39,344,0,18149,0.000000
39,345,0,18149,0.000000
39,346,152,18149,55.935434
39,347,0,18149,0.000000
39,348,439,18149,87.737364
39,349,503,18149,121.144133
39,350,0,18149,0.000000
39,351,0,18149,0.000000
39,352,827,18149,271.923370
39,353,0,18149,0.000000
39,354,0,18149,0.000000
39,355,110,18149,37.870501
39,356,226,18149,37.496838
39,357,0,18149,0.000000
39,358,0,18149,0.000000
39,359,0,18149,0.000000
39,360,0,18149,0.000000
39,361,1110,18149,310.282744
39,362,164,18149,44.417974
39,363,1036,18149,269.350018
39,364,0,18149,0.000000
39,365,879,18149,123.905607
39,366,0,18149,0.000000
39,367,414,18149,94.781630
39,368,287,18149,88.358544
39,369,0,18149,0.000000
39,370,0,18149,0.000000
39,371,0,18149,0.000000
39,372,0,18149,0.000000
39,373,0,18149,0.000000
39,374,932,18149,122.839324
39,375,0,18149,0.000000
39,376,0,18149,0.000000
39,377,0,18149,0.000000
39,378,0,18149,0.000000
39,379,289,18149,47.369592
39,380,0,18149,0.000000
39,381,0,18149,0.000000
39,382,0,18149,0.000000
39,383,0,18149,0.000000
