layer,expert,hits,layer_rows
0,0,1039,47535
0,1,229,47535
0,2,4556,47535
0,3,28,47535
0,4,1367,47535
0,5,429,47535
0,6,28,47535
0,7,132,47535
0,8,494,47535
0,9,464,47535
0,10,1351,47535
0,11,561,47535
0,12,1049,47535
0,13,1,47535
0,14,272,47535
0,15,934,47535
0,16,127,47535
0,17,710,47535
0,18,241,47535
0,19,38,47535
0,20,184,47535
0,21,177,47535
0,22,145,47535
0,23,155,47535
0,24,462,47535
0,25,186,47535
0,26,427,47535
0,27,153,47535
0,28,1240,47535
0,29,1024,47535
0,30,1993,47535
0,31,426,47535
0,32,1027,47535
0,33,316,47535
0,34,379,47535
0,35,4733,47535
0,36,677,47535
0,37,30,47535
0,38,679,47535
0,39,1885,47535
0,40,1110,47535
0,41,1523,47535
0,42,272,47535
0,43,607,47535
0,44,976,47535
0,45,566,47535
0,46,341,47535
0,47,179,47535
0,48,1238,47535
0,49,1070,47535
0,50,71,47535
0,51,154,47535
0,52,29,47535
0,53,281,47535
0,54,344,47535
0,55,1716,47535
0,56,648,47535
0,57,266,47535
0,58,137,47535
0,59,804,47535
0,60,363,47535
0,61,669,47535
0,62,266,47535
0,63,242,47535
0,64,1230,47535
0,65,105,47535
0,66,188,47535
0,67,781,47535
0,68,1159,47535
0,69,2193,47535
0,70,499,47535
0,71,735,47535
0,72,532,47535
0,73,878,47535
0,74,219,47535
0,75,335,47535
0,76,289,47535
0,77,392,47535
0,78,703,47535
0,79,4,47535
0,80,151,47535
0,81,450,47535
0,82,227,47535
0,83,331,47535
0,84,844,47535
0,85,1372,47535
0,86,1681,47535
0,87,473,47535
0,88,639,47535
0,89,218,47535
0,90,464,47535
0,91,4466,47535
0,92,328,47535
0,93,36,47535
0,94,956,47535
0,95,223,47535
0,96,392,47535
0,97,447,47535
0,98,635,47535
0,99,70,47535
0,100,59,47535
0,101,699,47535
0,102,417,47535
0,103,22,47535
0,104,791,47535
0,105,1195,47535
0,106,437,47535
0,107,368,47535
0,108,643,47535
0,109,412,47535
0,110,2767,47535
0,111,566,47535
0,112,2259,47535
0,113,330,47535
0,114,163,47535
0,115,1423,47535
0,116,1941,47535
0,117,396,47535
0,118,1104,47535
0,119,420,47535
0,120,1739,47535
0,121,260,47535
0,122,0,47535
0,123,64,47535
0,124,1424,47535
0,125,189,47535
0,126,684,47535
0,127,1140,47535
0,128,833,47535
0,129,383,47535
0,130,1755,47535
0,131,553,47535
0,132,801,47535
0,133,570,47535
0,134,591,47535
0,135,1317,47535
0,136,495,47535
0,137,84,47535
0,138,1132,47535
0,139,105,47535
0,140,438,47535
0,141,857,47535
0,142,2325,47535
0,143,782,47535
0,144,308,47535
0,145,650,47535
0,146,287,47535
0,147,558,47535
0,148,285,47535
0,149,883,47535
0,150,543,47535
0,151,356,47535
0,152,1284,47535
0,153,375,47535
0,154,604,47535
0,155,1004,47535
0,156,772,47535
0,157,579,47535
0,158,943,47535
0,159,1060,47535
0,160,116,47535
0,161,659,47535
0,162,2220,47535
0,163,144,47535
0,164,249,47535
0,165,610,47535
0,166,555,47535
0,167,793,47535
0,168,521,47535
0,169,632,47535
0,170,1010,47535
0,171,236,47535
0,172,598,47535
0,173,313,47535
0,174,570,47535
0,175,87,47535
0,176,1294,47535
0,177,102,47535
0,178,204,47535
0,179,57,47535
0,180,1052,47535
0,181,385,47535
0,182,82,47535
0,183,1505,47535
0,184,474,47535
0,185,716,47535
0,186,407,47535
0,187,277,47535
0,188,923,47535
0,189,524,47535
0,190,295,47535
0,191,405,47535
0,192,431,47535
0,193,478,47535
0,194,489,47535
0,195,332,47535
0,196,597,47535
0,197,1579,47535
0,198,1970,47535
0,199,81,47535
0,200,384,47535
0,201,785,47535
0,202,18,47535
0,203,1412,47535
0,204,158,47535
0,205,1073,47535
0,206,2397,47535
0,207,487,47535
0,208,666,47535
0,209,1055,47535
0,210,32,47535
0,211,561,47535
0,212,2643,47535
0,213,861,47535
0,214,520,47535
0,215,573,47535
0,216,547,47535
0,217,273,47535
0,218,21,47535
0,219,451,47535
0,220,163,47535
0,221,49,47535
0,222,438,47535
0,223,736,47535
0,224,322,47535
0,225,651,47535
0,226,93,47535
0,227,318,47535
0,228,815,47535
0,229,2314,47535
0,230,442,47535
0,231,528,47535
0,232,820,47535
0,233,15,47535
0,234,621,47535
0,235,122,47535
0,236,1035,47535
0,237,2960,47535
0,238,1514,47535
0,239,378,47535
0,240,1930,47535
0,241,859,47535
0,242,3726,47535
0,243,106,47535
0,244,34,47535
0,245,682,47535
0,246,756,47535
0,247,171,47535
0,248,959,47535
0,249,61,47535
0,250,2001,47535
0,251,683,47535
0,252,277,47535
0,253,1024,47535
0,254,850,47535
0,255,218,47535
0,256,581,47535
0,257,524,47535
0,258,582,47535
0,259,455,47535
0,260,947,47535
0,261,474,47535
0,262,1157,47535
0,263,1007,47535
0,264,667,47535
0,265,204,47535
0,266,451,47535
0,267,666,47535
0,268,675,47535
0,269,2046,47535
0,270,928,47535
0,271,369,47535
0,272,71,47535
0,273,360,47535
0,274,843,47535
0,275,608,47535
0,276,399,47535
0,277,917,47535
0,278,501,47535
0,279,454,47535
0,280,1069,47535
0,281,284,47535
0,282,1641,47535
0,283,1030,47535
0,284,283,47535
0,285,979,47535
0,286,1168,47535
0,287,485,47535
0,288,350,47535
0,289,877,47535
0,290,1499,47535
0,291,545,47535
0,292,1121,47535
0,293,610,47535
0,294,372,47535
0,295,257,47535
0,296,901,47535
0,297,601,47535
0,298,415,47535
0,299,1824,47535
0,300,782,47535
0,301,535,47535
0,302,983,47535
0,303,318,47535
0,304,877,47535
0,305,338,47535
0,306,362,47535
0,307,688,47535
0,308,1352,47535
0,309,104,47535
0,310,1536,47535
0,311,488,47535
0,312,263,47535
0,313,131,47535
0,314,1695,47535
0,315,170,47535
0,316,345,47535
0,317,1012,47535
0,318,1022,47535
0,319,623,47535
0,320,441,47535
0,321,1939,47535
0,322,1118,47535
0,323,1768,47535
0,324,15414,47535
0,325,863,47535
0,326,365,47535
0,327,684,47535
0,328,465,47535
0,329,219,47535
0,330,436,47535
0,331,251,47535
0,332,793,47535
0,333,566,47535
0,334,282,47535
0,335,315,47535
0,336,212,47535
0,337,1009,47535
0,338,1137,47535
0,339,42,47535
0,340,917,47535
0,341,1156,47535
0,342,588,47535
0,343,910,47535
0,344,270,47535
0,345,731,47535
0,346,275,47535
0,347,1301,47535
0,348,370,47535
0,349,552,47535
0,350,629,47535
0,351,758,47535
0,352,1071,47535
0,353,918,47535
0,354,471,47535
0,355,821,47535
0,356,548,47535
0,357,672,47535
0,358,408,47535
0,359,384,47535
0,360,43,47535
0,361,784,47535
0,362,592,47535
0,363,690,47535
0,364,402,47535
0,365,311,47535
0,366,1018,47535
0,367,994,47535
0,368,644,47535
0,369,1041,47535
0,370,1112,47535
0,371,593,47535
0,372,618,47535
0,373,82,47535
0,374,160,47535
0,375,358,47535
0,376,55,47535
0,377,1693,47535
0,378,1767,47535
0,379,747,47535
0,380,110,47535
0,381,847,47535
0,382,437,47535
0,383,373,47535
1,0,968,47535
1,1,261,47535
1,2,279,47535
1,3,350,47535
1,4,1357,47535
1,5,3123,47535
1,6,784,47535
1,7,361,47535
1,8,470,47535
1,9,3,47535
1,10,448,47535
1,11,517,47535
1,12,1141,47535
1,13,613,47535
1,14,1096,47535
1,15,611,47535
1,16,288,47535
1,17,36,47535
1,18,135,47535
1,19,786,47535
1,20,514,47535
1,21,196,47535
1,22,1183,47535
1,23,331,47535
1,24,786,47535
1,25,184,47535
1,26,372,47535
1,27,42,47535
1,28,115,47535
1,29,10,47535
1,30,949,47535
1,31,302,47535
1,32,463,47535
1,33,548,47535
1,34,353,47535
1,35,742,47535
1,36,263,47535
1,37,118,47535
1,38,296,47535
1,39,292,47535
1,40,40,47535
1,41,194,47535
1,42,211,47535
1,43,2080,47535
1,44,696,47535
1,45,1110,47535
1,46,162,47535
1,47,1092,47535
1,48,259,47535
1,49,571,47535
1,50,198,47535
1,51,319,47535
1,52,802,47535
1,53,341,47535
1,54,440,47535
1,55,701,47535
1,56,750,47535
1,57,1522,47535
1,58,15,47535
1,59,604,47535
1,60,174,47535
1,61,342,47535
1,62,914,47535
1,63,276,47535
1,64,699,47535
1,65,1885,47535
1,66,121,47535
1,67,2434,47535
1,68,312,47535
1,69,186,47535
1,70,378,47535
1,71,538,47535
1,72,1230,47535
1,73,424,47535
1,74,0,47535
1,75,622,47535
1,76,1,47535
1,77,1329,47535
1,78,1356,47535
1,79,23,47535
1,80,271,47535
1,81,206,47535
1,82,911,47535
1,83,240,47535
1,84,426,47535
1,85,15886,47535
1,86,233,47535
1,87,1745,47535
1,88,916,47535
1,89,1305,47535
1,90,510,47535
1,91,520,47535
1,92,811,47535
1,93,750,47535
1,94,1705,47535
1,95,804,47535
1,96,183,47535
1,97,360,47535
1,98,1242,47535
1,99,236,47535
1,100,1146,47535
1,101,1577,47535
1,102,486,47535
1,103,269,47535
1,104,1097,47535
1,105,471,47535
1,106,1047,47535
1,107,189,47535
1,108,1491,47535
1,109,350,47535
1,110,1046,47535
1,111,178,47535
1,112,604,47535
1,113,1478,47535
1,114,1772,47535
1,115,324,47535
1,116,140,47535
1,117,996,47535
1,118,139,47535
1,119,957,47535
1,120,3000,47535
1,121,251,47535
1,122,683,47535
1,123,127,47535
1,124,1032,47535
1,125,203,47535
1,126,475,47535
1,127,1408,47535
1,128,824,47535
1,129,1095,47535
1,130,806,47535
1,131,799,47535
1,132,16,47535
1,133,1417,47535
1,134,1048,47535
1,135,418,47535
1,136,8912,47535
1,137,687,47535
1,138,161,47535
1,139,11,47535
1,140,115,47535
1,141,318,47535
1,142,99,47535
1,143,408,47535
1,144,436,47535
1,145,120,47535
1,146,397,47535
1,147,1081,47535
1,148,866,47535
1,149,1186,47535
1,150,4724,47535
1,151,868,47535
1,152,924,47535
1,153,606,47535
1,154,107,47535
1,155,811,47535
1,156,282,47535
1,157,1025,47535
1,158,1202,47535
1,159,843,47535
1,160,331,47535
1,161,863,47535
1,162,841,47535
1,163,1626,47535
1,164,1039,47535
1,165,208,47535
1,166,608,47535
1,167,315,47535
1,168,616,47535
1,169,266,47535
1,170,205,47535
1,171,169,47535
1,172,563,47535
1,173,472,47535
1,174,147,47535
1,175,499,47535
1,176,1226,47535
1,177,1407,47535
1,178,1295,47535
1,179,260,47535
1,180,546,47535
1,181,137,47535
1,182,113,47535
1,183,394,47535
1,184,849,47535
1,185,930,47535
1,186,477,47535
1,187,432,47535
1,188,496,47535
1,189,757,47535
1,190,581,47535
1,191,1434,47535
1,192,1270,47535
1,193,1067,47535
1,194,773,47535
1,195,197,47535
1,196,8,47535
1,197,215,47535
1,198,1952,47535
1,199,229,47535
1,200,1487,47535
1,201,229,47535
1,202,265,47535
1,203,463,47535
1,204,25,47535
1,205,6,47535
1,206,1016,47535
1,207,342,47535
1,208,376,47535
1,209,310,47535
1,210,91,47535
1,211,286,47535
1,212,611,47535
1,213,8340,47535
1,214,780,47535
1,215,498,47535
1,216,453,47535
1,217,4743,47535
1,218,1122,47535
1,219,814,47535
1,220,300,47535
1,221,437,47535
1,222,741,47535
1,223,770,47535
1,224,548,47535
1,225,339,47535
1,226,215,47535
1,227,1318,47535
1,228,998,47535
1,229,160,47535
1,230,161,47535
1,231,448,47535
1,232,164,47535
1,233,93,47535
1,234,295,47535
1,235,203,47535
1,236,800,47535
1,237,152,47535
1,238,78,47535
1,239,354,47535
1,240,389,47535
1,241,249,47535
1,242,254,47535
1,243,63,47535
1,244,1193,47535
1,245,318,47535
1,246,183,47535
1,247,495,47535
1,248,234,47535
1,249,823,47535
1,250,577,47535
1,251,997,47535
1,252,229,47535
1,253,1289,47535
1,254,1007,47535
1,255,338,47535
1,256,269,47535
1,257,259,47535
1,258,962,47535
1,259,861,47535
1,260,518,47535
1,261,24,47535
1,262,242,47535
1,263,444,47535
1,264,494,47535
1,265,1761,47535
1,266,343,47535
1,267,390,47535
1,268,191,47535
1,269,79,47535
1,270,883,47535
1,271,388,47535
1,272,1130,47535
1,273,290,47535
1,274,2594,47535
1,275,258,47535
1,276,226,47535
1,277,565,47535
1,278,51,47535
1,279,1917,47535
1,280,470,47535
1,281,367,47535
1,282,26,47535
1,283,1428,47535
1,284,680,47535
1,285,264,47535
1,286,236,47535
1,287,72,47535
1,288,39,47535
1,289,855,47535
1,290,423,47535
1,291,197,47535
1,292,235,47535
1,293,646,47535
1,294,486,47535
1,295,158,47535
1,296,376,47535
1,297,934,47535
1,298,265,47535
1,299,281,47535
1,300,6015,47535
1,301,284,47535
1,302,56,47535
1,303,113,47535
1,304,149,47535
1,305,360,47535
1,306,287,47535
1,307,1398,47535
1,308,2996,47535
1,309,77,47535
1,310,582,47535
1,311,182,47535
1,312,60,47535
1,313,448,47535
1,314,219,47535
1,315,44,47535
1,316,433,47535
1,317,2050,47535
1,318,3318,47535
1,319,1143,47535
1,320,270,47535
1,321,413,47535
1,322,1028,47535
1,323,840,47535
1,324,497,47535
1,325,78,47535
1,326,216,47535
1,327,347,47535
1,328,247,47535
1,329,582,47535
1,330,143,47535
1,331,68,47535
1,332,848,47535
1,333,281,47535
1,334,276,47535
1,335,766,47535
1,336,2006,47535
1,337,1794,47535
1,338,118,47535
1,339,620,47535
1,340,2808,47535
1,341,419,47535
1,342,431,47535
1,343,750,47535
1,344,274,47535
1,345,699,47535
1,346,347,47535
1,347,346,47535
1,348,407,47535
1,349,1258,47535
1,350,349,47535
1,351,0,47535
1,352,0,47535
1,353,439,47535
1,354,95,47535
1,355,3006,47535
1,356,296,47535
1,357,458,47535
1,358,306,47535
1,359,356,47535
1,360,257,47535
1,361,1838,47535
1,362,306,47535
1,363,277,47535
1,364,107,47535
1,365,381,47535
1,366,211,47535
1,367,761,47535
1,368,334,47535
1,369,1117,47535
1,370,2658,47535
1,371,1323,47535
1,372,328,47535
1,373,416,47535
1,374,1161,47535
1,375,1139,47535
1,376,193,47535
1,377,1000,47535
1,378,1092,47535
1,379,1309,47535
1,380,290,47535
1,381,950,47535
1,382,2195,47535
1,383,167,47535
2,0,101,47535
2,1,549,47535
2,2,342,47535
2,3,306,47535
2,4,287,47535
2,5,88,47535
2,6,482,47535
2,7,1114,47535
2,8,659,47535
2,9,336,47535
2,10,998,47535
2,11,1310,47535
2,12,309,47535
2,13,316,47535
2,14,1353,47535
2,15,920,47535
2,16,205,47535
2,17,19,47535
2,18,33,47535
2,19,153,47535
2,20,1622,47535
2,21,69,47535
2,22,304,47535
2,23,94,47535
2,24,341,47535
2,25,556,47535
2,26,928,47535
2,27,3430,47535
2,28,48,47535
2,29,106,47535
2,30,289,47535
2,31,645,47535
2,32,1428,47535
2,33,459,47535
2,34,25,47535
2,35,2167,47535
2,36,696,47535
2,37,5732,47535
2,38,18,47535
2,39,132,47535
2,40,482,47535
2,41,1530,47535
2,42,1848,47535
2,43,56,47535
2,44,268,47535
2,45,465,47535
2,46,142,47535
2,47,316,47535
2,48,256,47535
2,49,1457,47535
2,50,480,47535
2,51,98,47535
2,52,185,47535
2,53,4681,47535
2,54,431,47535
2,55,151,47535
2,56,892,47535
2,57,52,47535
2,58,2777,47535
2,59,833,47535
2,60,126,47535
2,61,264,47535
2,62,13,47535
2,63,3,47535
2,64,46,47535
2,65,173,47535
2,66,193,47535
2,67,173,47535
2,68,845,47535
2,69,1331,47535
2,70,233,47535
2,71,286,47535
2,72,501,47535
2,73,107,47535
2,74,485,47535
2,75,71,47535
2,76,295,47535
2,77,614,47535
2,78,256,47535
2,79,932,47535
2,80,67,47535
2,81,192,47535
2,82,1564,47535
2,83,32,47535
2,84,891,47535
2,85,192,47535
2,86,32,47535
2,87,1354,47535
2,88,207,47535
2,89,407,47535
2,90,31,47535
2,91,5943,47535
2,92,406,47535
2,93,5550,47535
2,94,94,47535
2,95,463,47535
2,96,1344,47535
2,97,581,47535
2,98,1621,47535
2,99,878,47535
2,100,146,47535
2,101,313,47535
2,102,290,47535
2,103,314,47535
2,104,412,47535
2,105,2490,47535
2,106,82,47535
2,107,653,47535
2,108,272,47535
2,109,384,47535
2,110,755,47535
2,111,550,47535
2,112,1020,47535
2,113,25,47535
2,114,1279,47535
2,115,995,47535
2,116,259,47535
2,117,235,47535
2,118,395,47535
2,119,215,47535
2,120,6694,47535
2,121,1213,47535
2,122,167,47535
2,123,95,47535
2,124,1319,47535
2,125,152,47535
2,126,137,47535
2,127,242,47535
2,128,245,47535
2,129,265,47535
2,130,1908,47535
2,131,2988,47535
2,132,1346,47535
2,133,194,47535
2,134,668,47535
2,135,558,47535
2,136,604,47535
2,137,256,47535
2,138,703,47535
2,139,240,47535
2,140,391,47535
2,141,917,47535
2,142,1636,47535
2,143,80,47535
2,144,1763,47535
2,145,352,47535
2,146,291,47535
2,147,741,47535
2,148,300,47535
2,149,883,47535
2,150,74,47535
2,151,739,47535
2,152,1527,47535
2,153,79,47535
2,154,18050,47535
2,155,179,47535
2,156,130,47535
2,157,320,47535
2,158,932,47535
2,159,4,47535
2,160,958,47535
2,161,844,47535
2,162,267,47535
2,163,355,47535
2,164,2,47535
2,165,241,47535
2,166,2199,47535
2,167,141,47535
2,168,81,47535
2,169,266,47535
2,170,912,47535
2,171,23,47535
2,172,1059,47535
2,173,139,47535
2,174,1283,47535
2,175,198,47535
2,176,466,47535
2,177,523,47535
2,178,736,47535
2,179,286,47535
2,180,816,47535
2,181,480,47535
2,182,103,47535
2,183,220,47535
2,184,1937,47535
2,185,310,47535
2,186,150,47535
2,187,229,47535
2,188,6,47535
2,189,379,47535
2,190,726,47535
2,191,121,47535
2,192,212,47535
2,193,193,47535
2,194,2115,47535
2,195,372,47535
2,196,458,47535
2,197,8,47535
2,198,44,47535
2,199,831,47535
2,200,661,47535
2,201,128,47535
2,202,456,47535
2,203,1165,47535
2,204,245,47535
2,205,307,47535
2,206,1476,47535
2,207,686,47535
2,208,229,47535
2,209,392,47535
2,210,647,47535
2,211,20,47535
2,212,1708,47535
2,213,887,47535
2,214,1107,47535
2,215,383,47535
2,216,2941,47535
2,217,1436,47535
2,218,608,47535
2,219,50,47535
2,220,1799,47535
2,221,141,47535
2,222,2795,47535
2,223,268,47535
2,224,921,47535
2,225,73,47535
2,226,558,47535
2,227,115,47535
2,228,3651,47535
2,229,295,47535
2,230,1638,47535
2,231,53,47535
2,232,226,47535
2,233,1163,47535
2,234,1275,47535
2,235,213,47535
2,236,199,47535
2,237,16,47535
2,238,275,47535
2,239,268,47535
2,240,86,47535
2,241,1380,47535
2,242,521,47535
2,243,167,47535
2,244,21,47535
2,245,121,47535
2,246,736,47535
2,247,1123,47535
2,248,413,47535
2,249,2603,47535
2,250,1050,47535
2,251,282,47535
2,252,520,47535
2,253,97,47535
2,254,983,47535
2,255,950,47535
2,256,1086,47535
2,257,212,47535
2,258,253,47535
2,259,18,47535
2,260,720,47535
2,261,424,47535
2,262,466,47535
2,263,5,47535
2,264,39,47535
2,265,711,47535
2,266,204,47535
2,267,393,47535
2,268,1167,47535
2,269,529,47535
2,270,418,47535
2,271,1597,47535
2,272,904,47535
2,273,90,47535
2,274,88,47535
2,275,58,47535
2,276,147,47535
2,277,109,47535
2,278,591,47535
2,279,911,47535
2,280,584,47535
2,281,506,47535
2,282,551,47535
2,283,507,47535
2,284,515,47535
2,285,466,47535
2,286,553,47535
2,287,16,47535
2,288,130,47535
2,289,1861,47535
2,290,647,47535
2,291,1084,47535
2,292,190,47535
2,293,1003,47535
2,294,58,47535
2,295,283,47535
2,296,1316,47535
2,297,1595,47535
2,298,694,47535
2,299,969,47535
2,300,42,47535
2,301,309,47535
2,302,130,47535
2,303,2700,47535
2,304,539,47535
2,305,8162,47535
2,306,281,47535
2,307,1151,47535
2,308,348,47535
2,309,31,47535
2,310,0,47535
2,311,1042,47535
2,312,232,47535
2,313,178,47535
2,314,838,47535
2,315,4977,47535
2,316,1190,47535
2,317,24,47535
2,318,172,47535
2,319,616,47535
2,320,573,47535
2,321,725,47535
2,322,157,47535
2,323,3164,47535
2,324,2753,47535
2,325,7,47535
2,326,588,47535
2,327,1298,47535
2,328,720,47535
2,329,151,47535
2,330,578,47535
2,331,105,47535
2,332,584,47535
2,333,1854,47535
2,334,132,47535
2,335,157,47535
2,336,345,47535
2,337,899,47535
2,338,50,47535
2,339,100,47535
2,340,203,47535
2,341,62,47535
2,342,205,47535
2,343,41,47535
2,344,1190,47535
2,345,65,47535
2,346,0,47535
2,347,606,47535
2,348,578,47535
2,349,35,47535
2,350,0,47535
2,351,983,47535
2,352,1680,47535
2,353,1490,47535
2,354,463,47535
2,355,423,47535
2,356,18,47535
2,357,691,47535
2,358,720,47535
2,359,252,47535
2,360,138,47535
2,361,85,47535
2,362,2602,47535
2,363,203,47535
2,364,694,47535
2,365,1557,47535
2,366,121,47535
2,367,248,47535
2,368,214,47535
2,369,187,47535
2,370,417,47535
2,371,4,47535
2,372,48,47535
2,373,268,47535
2,374,46,47535
2,375,2284,47535
2,376,211,47535
2,377,264,47535
2,378,221,47535
2,379,67,47535
2,380,1779,47535
2,381,93,47535
2,382,737,47535
2,383,1600,47535
3,0,21,47535
3,1,88,47535
3,2,227,47535
3,3,31,47535
3,4,530,47535
3,5,889,47535
3,6,769,47535
3,7,410,47535
3,8,394,47535
3,9,114,47535
3,10,95,47535
3,11,1282,47535
3,12,1525,47535
3,13,2589,47535
3,14,155,47535
3,15,1338,47535
3,16,300,47535
3,17,3116,47535
3,18,432,47535
3,19,38,47535
3,20,98,47535
3,21,2681,47535
3,22,996,47535
3,23,70,47535
3,24,438,47535
3,25,24,47535
3,26,2455,47535
3,27,54,47535
3,28,287,47535
3,29,66,47535
3,30,158,47535
3,31,816,47535
3,32,263,47535
3,33,518,47535
3,34,637,47535
3,35,326,47535
3,36,24,47535
3,37,1687,47535
3,38,3130,47535
3,39,2117,47535
3,40,244,47535
3,41,7,47535
3,42,98,47535
3,43,267,47535
3,44,175,47535
3,45,381,47535
3,46,214,47535
3,47,17,47535
3,48,1043,47535
3,49,384,47535
3,50,212,47535
3,51,370,47535
3,52,194,47535
3,53,61,47535
3,54,2806,47535
3,55,723,47535
3,56,927,47535
3,57,217,47535
3,58,62,47535
3,59,234,47535
3,60,24,47535
3,61,4649,47535
3,62,522,47535
3,63,195,47535
3,64,714,47535
3,65,143,47535
3,66,372,47535
3,67,1476,47535
3,68,33,47535
3,69,346,47535
3,70,983,47535
3,71,39,47535
3,72,35,47535
3,73,236,47535
3,74,172,47535
3,75,163,47535
3,76,248,47535
3,77,35,47535
3,78,126,47535
3,79,88,47535
3,80,618,47535
3,81,340,47535
3,82,143,47535
3,83,367,47535
3,84,31,47535
3,85,182,47535
3,86,57,47535
3,87,1030,47535
3,88,296,47535
3,89,733,47535
3,90,1337,47535
3,91,558,47535
3,92,1430,47535
3,93,263,47535
3,94,237,47535
3,95,378,47535
3,96,1873,47535
3,97,463,47535
3,98,150,47535
3,99,221,47535
3,100,148,47535
3,101,368,47535
3,102,937,47535
3,103,431,47535
3,104,426,47535
3,105,182,47535
3,106,524,47535
3,107,1604,47535
3,108,228,47535
3,109,274,47535
3,110,1358,47535
3,111,185,47535
3,112,1127,47535
3,113,123,47535
3,114,1397,47535
3,115,48,47535
3,116,261,47535
3,117,318,47535
3,118,1496,47535
3,119,606,47535
3,120,34,47535
3,121,93,47535
3,122,1567,47535
3,123,950,47535
3,124,8,47535
3,125,92,47535
3,126,616,47535
3,127,3,47535
3,128,168,47535
3,129,1008,47535
3,130,217,47535
3,131,1972,47535
3,132,433,47535
3,133,35,47535
3,134,48,47535
3,135,180,47535
3,136,1340,47535
3,137,1063,47535
3,138,841,47535
3,139,17,47535
3,140,233,47535
3,141,665,47535
3,142,855,47535
3,143,627,47535
3,144,621,47535
3,145,928,47535
3,146,705,47535
3,147,2311,47535
3,148,957,47535
3,149,876,47535
3,150,951,47535
3,151,857,47535
3,152,59,47535
3,153,9078,47535
3,154,1206,47535
3,155,792,47535
3,156,169,47535
3,157,91,47535
3,158,65,47535
3,159,764,47535
3,160,295,47535
3,161,769,47535
3,162,6,47535
3,163,349,47535
3,164,90,47535
3,165,1210,47535
3,166,584,47535
3,167,3264,47535
3,168,1881,47535
3,169,360,47535
3,170,709,47535
3,171,216,47535
3,172,1328,47535
3,173,3690,47535
3,174,24,47535
3,175,89,47535
3,176,134,47535
3,177,395,47535
3,178,299,47535
3,179,281,47535
3,180,347,47535
3,181,43,47535
3,182,423,47535
3,183,786,47535
3,184,312,47535
3,185,160,47535
3,186,1036,47535
3,187,151,47535
3,188,66,47535
3,189,1068,47535
3,190,274,47535
3,191,1075,47535
3,192,572,47535
3,193,1043,47535
3,194,620,47535
3,195,263,47535
3,196,53,47535
3,197,733,47535
3,198,125,47535
3,199,385,47535
3,200,903,47535
3,201,287,47535
3,202,878,47535
3,203,17,47535
3,204,173,47535
3,205,1662,47535
3,206,965,47535
3,207,1426,47535
3,208,3,47535
3,209,70,47535
3,210,94,47535
3,211,283,47535
3,212,37,47535
3,213,140,47535
3,214,1104,47535
3,215,94,47535
3,216,192,47535
3,217,102,47535
3,218,1707,47535
3,219,44,47535
3,220,1109,47535
3,221,114,47535
3,222,1628,47535
3,223,1,47535
3,224,4918,47535
3,225,102,47535
3,226,1185,47535
3,227,4,47535
3,228,906,47535
3,229,202,47535
3,230,202,47535
3,231,97,47535
3,232,363,47535
3,233,1098,47535
3,234,94,47535
3,235,102,47535
3,236,516,47535
3,237,901,47535
3,238,21,47535
3,239,823,47535
3,240,722,47535
3,241,122,47535
3,242,12,47535
3,243,494,47535
3,244,115,47535
3,245,341,47535
3,246,1409,47535
3,247,406,47535
3,248,15,47535
3,249,121,47535
3,250,471,47535
3,251,170,47535
3,252,485,47535
3,253,109,47535
3,254,1000,47535
3,255,82,47535
3,256,106,47535
3,257,9149,47535
3,258,777,47535
3,259,110,47535
3,260,744,47535
3,261,72,47535
3,262,6409,47535
3,263,16,47535
3,264,46,47535
3,265,736,47535
3,266,1614,47535
3,267,1170,47535
3,268,953,47535
3,269,782,47535
3,270,677,47535
3,271,890,47535
3,272,166,47535
3,273,417,47535
3,274,512,47535
3,275,2685,47535
3,276,53,47535
3,277,640,47535
3,278,49,47535
3,279,414,47535
3,280,34,47535
3,281,139,47535
3,282,1512,47535
3,283,1442,47535
3,284,24,47535
3,285,160,47535
3,286,192,47535
3,287,23,47535
3,288,1875,47535
3,289,255,47535
3,290,54,47535
3,291,3410,47535
3,292,3,47535
3,293,1369,47535
3,294,384,47535
3,295,439,47535
3,296,17,47535
3,297,612,47535
3,298,1185,47535
3,299,361,47535
3,300,615,47535
3,301,155,47535
3,302,293,47535
3,303,1280,47535
3,304,908,47535
3,305,1276,47535
3,306,81,47535
3,307,359,47535
3,308,3109,47535
3,309,1195,47535
3,310,34,47535
3,311,62,47535
3,312,1070,47535
3,313,83,47535
3,314,207,47535
3,315,40,47535
3,316,198,47535
3,317,4765,47535
3,318,249,47535
3,319,68,47535
3,320,300,47535
3,321,1181,47535
3,322,134,47535
3,323,544,47535
3,324,1075,47535
3,325,3249,47535
3,326,3953,47535
3,327,552,47535
3,328,105,47535
3,329,2318,47535
3,330,6050,47535
3,331,874,47535
3,332,357,47535
3,333,273,47535
3,334,393,47535
3,335,521,47535
3,336,1032,47535
3,337,1118,47535
3,338,256,47535
3,339,438,47535
3,340,43,47535
3,341,309,47535
3,342,8,47535
3,343,2379,47535
3,344,152,47535
3,345,57,47535
3,346,196,47535
3,347,25,47535
3,348,101,47535
3,349,5487,47535
3,350,236,47535
3,351,322,47535
3,352,260,47535
3,353,451,47535
3,354,95,47535
3,355,7871,47535
3,356,92,47535
3,357,4074,47535
3,358,235,47535
3,359,1159,47535
3,360,1022,47535
3,361,219,47535
3,362,219,47535
3,363,209,47535
3,364,226,47535
3,365,1423,47535
3,366,221,47535
3,367,154,47535
3,368,2799,47535
3,369,837,47535
3,370,367,47535
3,371,130,47535
3,372,68,47535
3,373,304,47535
3,374,29,47535
3,375,8,47535
3,376,2267,47535
3,377,1114,47535
3,378,823,47535
3,379,1051,47535
3,380,108,47535
3,381,624,47535
3,382,1112,47535
3,383,62,47535
4,0,793,47535
4,1,105,47535
4,2,147,47535
4,3,2270,47535
4,4,55,47535
4,5,841,47535
4,6,126,47535
4,7,381,47535
4,8,495,47535
4,9,880,47535
4,10,1897,47535
4,11,31,47535
4,12,1347,47535
4,13,297,47535
4,14,212,47535
4,15,105,47535
4,16,279,47535
4,17,1569,47535
4,18,1046,47535
4,19,3334,47535
4,20,366,47535
4,21,941,47535
4,22,179,47535
4,23,1165,47535
4,24,86,47535
4,25,677,47535
4,26,1241,47535
4,27,7,47535
4,28,212,47535
4,29,800,47535
4,30,135,47535
4,31,835,47535
4,32,189,47535
4,33,229,47535
4,34,225,47535
4,35,906,47535
4,36,39,47535
4,37,1888,47535
4,38,660,47535
4,39,444,47535
4,40,441,47535
4,41,115,47535
4,42,328,47535
4,43,195,47535
4,44,1545,47535
4,45,564,47535
4,46,481,47535
4,47,367,47535
4,48,331,47535
4,49,703,47535
4,50,237,47535
4,51,2265,47535
4,52,61,47535
4,53,887,47535
4,54,1168,47535
4,55,186,47535
4,56,333,47535
4,57,127,47535
4,58,1105,47535
4,59,2078,47535
4,60,52,47535
4,61,943,47535
4,62,1688,47535
4,63,184,47535
4,64,61,47535
4,65,126,47535
4,66,14630,47535
4,67,26,47535
4,68,464,47535
4,69,297,47535
4,70,729,47535
4,71,21,47535
4,72,1356,47535
4,73,1392,47535
4,74,61,47535
4,75,1159,47535
4,76,135,47535
4,77,191,47535
4,78,295,47535
4,79,226,47535
4,80,279,47535
4,81,125,47535
4,82,879,47535
4,83,672,47535
4,84,94,47535
4,85,1274,47535
4,86,813,47535
4,87,128,47535
4,88,897,47535
4,89,2427,47535
4,90,332,47535
4,91,49,47535
4,92,164,47535
4,93,282,47535
4,94,5531,47535
4,95,388,47535
4,96,96,47535
4,97,270,47535
4,98,13,47535
4,99,132,47535
4,100,437,47535
4,101,150,47535
4,102,1189,47535
4,103,375,47535
4,104,156,47535
4,105,110,47535
4,106,391,47535
4,107,1090,47535
4,108,75,47535
4,109,70,47535
4,110,1392,47535
4,111,403,47535
4,112,2578,47535
4,113,275,47535
4,114,167,47535
4,115,162,47535
4,116,252,47535
4,117,28,47535
4,118,10,47535
4,119,1137,47535
4,120,453,47535
4,121,262,47535
4,122,7758,47535
4,123,525,47535
4,124,1553,47535
4,125,335,47535
4,126,1049,47535
4,127,3439,47535
4,128,945,47535
4,129,14,47535
4,130,45,47535
4,131,164,47535
4,132,1987,47535
4,133,45,47535
4,134,1251,47535
4,135,876,47535
4,136,476,47535
4,137,278,47535
4,138,69,47535
4,139,122,47535
4,140,2056,47535
4,141,2826,47535
4,142,235,47535
4,143,300,47535
4,144,1468,47535
4,145,663,47535
4,146,828,47535
4,147,1367,47535
4,148,821,47535
4,149,49,47535
4,150,295,47535
4,151,351,47535
4,152,938,47535
4,153,125,47535
4,154,1118,47535
4,155,128,47535
4,156,5370,47535
4,157,1380,47535
4,158,117,47535
4,159,130,47535
4,160,163,47535
4,161,1046,47535
4,162,36,47535
4,163,92,47535
4,164,278,47535
4,165,69,47535
4,166,483,47535
4,167,307,47535
4,168,323,47535
4,169,679,47535
4,170,531,47535
4,171,339,47535
4,172,42,47535
4,173,705,47535
4,174,487,47535
4,175,81,47535
4,176,757,47535
4,177,985,47535
4,178,419,47535
4,179,890,47535
4,180,400,47535
4,181,1117,47535
4,182,182,47535
4,183,90,47535
4,184,1158,47535
4,185,107,47535
4,186,3,47535
4,187,476,47535
4,188,280,47535
4,189,663,47535
4,190,139,47535
4,191,2693,47535
4,192,1029,47535
4,193,102,47535
4,194,2852,47535
4,195,5051,47535
4,196,689,47535
4,197,274,47535
4,198,813,47535
4,199,2257,47535
4,200,236,47535
4,201,1373,47535
4,202,1401,47535
4,203,392,47535
4,204,397,47535
4,205,82,47535
4,206,923,47535
4,207,295,47535
4,208,940,47535
4,209,176,47535
4,210,2319,47535
4,211,1171,47535
4,212,188,47535
4,213,230,47535
4,214,1017,47535
4,215,249,47535
4,216,516,47535
4,217,385,47535
4,218,193,47535
4,219,1365,47535
4,220,535,47535
4,221,4130,47535
4,222,65,47535
4,223,288,47535
4,224,1190,47535
4,225,459,47535
4,226,132,47535
4,227,207,47535
4,228,59,47535
4,229,165,47535
4,230,464,47535
4,231,309,47535
4,232,93,47535
4,233,97,47535
4,234,124,47535
4,235,212,47535
4,236,701,47535
4,237,399,47535
4,238,77,47535
4,239,673,47535
4,240,64,47535
4,241,47,47535
4,242,50,47535
4,243,168,47535
4,244,207,47535
4,245,88,47535
4,246,245,47535
4,247,365,47535
4,248,436,47535
4,249,219,47535
4,250,238,47535
4,251,396,47535
4,252,130,47535
4,253,285,47535
4,254,1243,47535
4,255,207,47535
4,256,31,47535
4,257,1186,47535
4,258,1081,47535
4,259,257,47535
4,260,1790,47535
4,261,110,47535
4,262,1315,47535
4,263,36,47535
4,264,626,47535
4,265,1256,47535
4,266,405,47535
4,267,346,47535
4,268,1904,47535
4,269,64,47535
4,270,634,47535
4,271,2030,47535
4,272,176,47535
4,273,447,47535
4,274,34,47535
4,275,66,47535
4,276,701,47535
4,277,93,47535
4,278,3094,47535
4,279,1216,47535
4,280,1571,47535
4,281,380,47535
4,282,607,47535
4,283,3,47535
4,284,159,47535
4,285,556,47535
4,286,2105,47535
4,287,134,47535
4,288,1657,47535
4,289,622,47535
4,290,191,47535
4,291,4232,47535
4,292,1688,47535
4,293,1196,47535
4,294,1991,47535
4,295,68,47535
4,296,661,47535
4,297,1402,47535
4,298,643,47535
4,299,90,47535
4,300,343,47535
4,301,895,47535
4,302,302,47535
4,303,118,47535
4,304,311,47535
4,305,0,47535
4,306,556,47535
4,307,694,47535
4,308,62,47535
4,309,111,47535
4,310,782,47535
4,311,776,47535
4,312,866,47535
4,313,597,47535
4,314,426,47535
4,315,1265,47535
4,316,531,47535
4,317,188,47535
4,318,3169,47535
4,319,1327,47535
4,320,82,47535
4,321,193,47535
4,322,1096,47535
4,323,902,47535
4,324,64,47535
4,325,119,47535
4,326,1364,47535
4,327,57,47535
4,328,60,47535
4,329,3597,47535
4,330,455,47535
4,331,43,47535
4,332,109,47535
4,333,542,47535
4,334,57,47535
4,335,3124,47535
4,336,514,47535
4,337,1585,47535
4,338,1036,47535
4,339,337,47535
4,340,1183,47535
4,341,6,47535
4,342,2105,47535
4,343,1475,47535
4,344,176,47535
4,345,10,47535
4,346,910,47535
4,347,1507,47535
4,348,161,47535
4,349,14,47535
4,350,1622,47535
4,351,199,47535
4,352,36,47535
4,353,692,47535
4,354,299,47535
4,355,247,47535
4,356,66,47535
4,357,1292,47535
4,358,1051,47535
4,359,781,47535
4,360,401,47535
4,361,470,47535
4,362,104,47535
4,363,92,47535
4,364,297,47535
4,365,152,47535
4,366,28,47535
4,367,2570,47535
4,368,103,47535
4,369,386,47535
4,370,678,47535
4,371,341,47535
4,372,817,47535
4,373,477,47535
4,374,231,47535
4,375,448,47535
4,376,364,47535
4,377,196,47535
4,378,1283,47535
4,379,1078,47535
4,380,902,47535
4,381,180,47535
4,382,1330,47535
4,383,749,47535
5,0,93,47535
5,1,685,47535
5,2,298,47535
5,3,86,47535
5,4,284,47535
5,5,970,47535
5,6,504,47535
5,7,1141,47535
5,8,2278,47535
5,9,710,47535
5,10,336,47535
5,11,207,47535
5,12,79,47535
5,13,1439,47535
5,14,30,47535
5,15,218,47535
5,16,456,47535
5,17,46,47535
5,18,889,47535
5,19,1327,47535
5,20,54,47535
5,21,4594,47535
5,22,137,47535
5,23,109,47535
5,24,847,47535
5,25,149,47535
5,26,1313,47535
5,27,10,47535
5,28,236,47535
5,29,742,47535
5,30,75,47535
5,31,466,47535
5,32,453,47535
5,33,1563,47535
5,34,1326,47535
5,35,564,47535
5,36,1314,47535
5,37,7820,47535
5,38,68,47535
5,39,475,47535
5,40,13106,47535
5,41,517,47535
5,42,2585,47535
5,43,72,47535
5,44,744,47535
5,45,583,47535
5,46,903,47535
5,47,164,47535
5,48,858,47535
5,49,182,47535
5,50,56,47535
5,51,205,47535
5,52,227,47535
5,53,1507,47535
5,54,1184,47535
5,55,687,47535
5,56,108,47535
5,57,2387,47535
5,58,674,47535
5,59,20,47535
5,60,369,47535
5,61,386,47535
5,62,156,47535
5,63,643,47535
5,64,4,47535
5,65,516,47535
5,66,578,47535
5,67,99,47535
5,68,848,47535
5,69,2342,47535
5,70,70,47535
5,71,27,47535
5,72,413,47535
5,73,229,47535
5,74,77,47535
5,75,5,47535
5,76,238,47535
5,77,129,47535
5,78,271,47535
5,79,2782,47535
5,80,126,47535
5,81,1649,47535
5,82,651,47535
5,83,387,47535
5,84,384,47535
5,85,247,47535
5,86,396,47535
5,87,190,47535
5,88,99,47535
5,89,531,47535
5,90,523,47535
5,91,15,47535
5,92,86,47535
5,93,3693,47535
5,94,894,47535
5,95,304,47535
5,96,111,47535
5,97,164,47535
5,98,475,47535
5,99,288,47535
5,100,494,47535
5,101,93,47535
5,102,51,47535
5,103,17,47535
5,104,1355,47535
5,105,437,47535
5,106,300,47535
5,107,378,47535
5,108,32,47535
5,109,1566,47535
5,110,63,47535
5,111,43,47535
5,112,554,47535
5,113,2255,47535
5,114,37,47535
5,115,760,47535
5,116,293,47535
5,117,1334,47535
5,118,130,47535
5,119,1737,47535
5,120,41,47535
5,121,1240,47535
5,122,206,47535
5,123,103,47535
5,124,480,47535
5,125,735,47535
5,126,15,47535
5,127,706,47535
5,128,1310,47535
5,129,1053,47535
5,130,394,47535
5,131,185,47535
5,132,252,47535
5,133,185,47535
5,134,680,47535
5,135,348,47535
5,136,4875,47535
5,137,2925,47535
5,138,469,47535
5,139,406,47535
5,140,128,47535
5,141,1180,47535
5,142,582,47535
5,143,150,47535
5,144,733,47535
5,145,82,47535
5,146,371,47535
5,147,962,47535
5,148,216,47535
5,149,961,47535
5,150,211,47535
5,151,263,47535
5,152,1060,47535
5,153,634,47535
5,154,953,47535
5,155,161,47535
5,156,1030,47535
5,157,451,47535
5,158,734,47535
5,159,858,47535
5,160,1730,47535
5,161,224,47535
5,162,140,47535
5,163,429,47535
5,164,1528,47535
5,165,466,47535
5,166,55,47535
5,167,2527,47535
5,168,193,47535
5,169,1810,47535
5,170,494,47535
5,171,122,47535
5,172,310,47535
5,173,90,47535
5,174,240,47535
5,175,89,47535
5,176,282,47535
5,177,566,47535
5,178,219,47535
5,179,4746,47535
5,180,100,47535
5,181,333,47535
5,182,354,47535
5,183,842,47535
5,184,223,47535
5,185,697,47535
5,186,465,47535
5,187,5115,47535
5,188,542,47535
5,189,116,47535
5,190,221,47535
5,191,193,47535
5,192,536,47535
5,193,1211,47535
5,194,3166,47535
5,195,241,47535
5,196,427,47535
5,197,149,47535
5,198,991,47535
5,199,119,47535
5,200,674,47535
5,201,87,47535
5,202,426,47535
5,203,1905,47535
5,204,253,47535
5,205,467,47535
5,206,446,47535
5,207,270,47535
5,208,2210,47535
5,209,149,47535
5,210,868,47535
5,211,231,47535
5,212,392,47535
5,213,114,47535
5,214,2014,47535
5,215,604,47535
5,216,922,47535
5,217,112,47535
5,218,191,47535
5,219,1870,47535
5,220,214,47535
5,221,951,47535
5,222,304,47535
5,223,287,47535
5,224,685,47535
5,225,1527,47535
5,226,536,47535
5,227,73,47535
5,228,1802,47535
5,229,162,47535
5,230,79,47535
5,231,1018,47535
5,232,1919,47535
5,233,40,47535
5,234,1087,47535
5,235,1750,47535
5,236,207,47535
5,237,328,47535
5,238,119,47535
5,239,378,47535
5,240,119,47535
5,241,325,47535
5,242,716,47535
5,243,188,47535
5,244,40,47535
5,245,164,47535
5,246,51,47535
5,247,983,47535
5,248,998,47535
5,249,67,47535
5,250,1735,47535
5,251,1003,47535
5,252,112,47535
5,253,182,47535
5,254,153,47535
5,255,107,47535
5,256,985,47535
5,257,226,47535
5,258,1047,47535
5,259,698,47535
5,260,700,47535
5,261,114,47535
5,262,321,47535
5,263,3364,47535
5,264,523,47535
5,265,146,47535
5,266,16,47535
5,267,180,47535
5,268,368,47535
5,269,215,47535
5,270,100,47535
5,271,31,47535
5,272,278,47535
5,273,534,47535
5,274,43,47535
5,275,203,47535
5,276,152,47535
5,277,100,47535
5,278,427,47535
5,279,23,47535
5,280,782,47535
5,281,174,47535
5,282,1769,47535
5,283,488,47535
5,284,509,47535
5,285,1024,47535
5,286,969,47535
5,287,33,47535
5,288,816,47535
5,289,271,47535
5,290,180,47535
5,291,844,47535
5,292,430,47535
5,293,2570,47535
5,294,599,47535
5,295,168,47535
5,296,155,47535
5,297,41,47535
5,298,443,47535
5,299,249,47535
5,300,102,47535
5,301,104,47535
5,302,1394,47535
5,303,1082,47535
5,304,10044,47535
5,305,6124,47535
5,306,1150,47535
5,307,243,47535
5,308,90,47535
5,309,585,47535
5,310,902,47535
5,311,188,47535
5,312,1386,47535
5,313,200,47535
5,314,1768,47535
5,315,2658,47535
5,316,384,47535
5,317,1650,47535
5,318,57,47535
5,319,526,47535
5,320,28,47535
5,321,419,47535
5,322,1733,47535
5,323,542,47535
5,324,77,47535
5,325,276,47535
5,326,829,47535
5,327,222,47535
5,328,627,47535
5,329,1045,47535
5,330,30,47535
5,331,335,47535
5,332,50,47535
5,333,29,47535
5,334,1047,47535
5,335,893,47535
5,336,65,47535
5,337,5523,47535
5,338,1601,47535
5,339,847,47535
5,340,100,47535
5,341,377,47535
5,342,406,47535
5,343,93,47535
5,344,265,47535
5,345,120,47535
5,346,162,47535
5,347,140,47535
5,348,56,47535
5,349,1140,47535
5,350,474,47535
5,351,914,47535
5,352,2130,47535
5,353,220,47535
5,354,473,47535
5,355,1435,47535
5,356,125,47535
5,357,302,47535
5,358,450,47535
5,359,235,47535
5,360,755,47535
5,361,2669,47535
5,362,46,47535
5,363,284,47535
5,364,51,47535
5,365,1369,47535
5,366,172,47535
5,367,104,47535
5,368,930,47535
5,369,912,47535
5,370,78,47535
5,371,746,47535
5,372,142,47535
5,373,134,47535
5,374,1049,47535
5,375,275,47535
5,376,1029,47535
5,377,203,47535
5,378,227,47535
5,379,2619,47535
5,380,608,47535
5,381,1011,47535
5,382,61,47535
5,383,229,47535
6,0,16,47535
6,1,919,47535
6,2,302,47535
6,3,392,47535
6,4,66,47535
6,5,3874,47535
6,6,31,47535
6,7,607,47535
6,8,262,47535
6,9,16,47535
6,10,1261,47535
6,11,43,47535
6,12,483,47535
6,13,225,47535
6,14,150,47535
6,15,373,47535
6,16,9,47535
6,17,1765,47535
6,18,1189,47535
6,19,27,47535
6,20,2458,47535
6,21,65,47535
6,22,820,47535
6,23,423,47535
6,24,190,47535
6,25,17,47535
6,26,372,47535
6,27,919,47535
6,28,1460,47535
6,29,168,47535
6,30,30,47535
6,31,1686,47535
6,32,322,47535
6,33,833,47535
6,34,154,47535
6,35,110,47535
6,36,254,47535
6,37,611,47535
6,38,58,47535
6,39,226,47535
6,40,437,47535
6,41,3,47535
6,42,35,47535
6,43,39,47535
6,44,318,47535
6,45,49,47535
6,46,509,47535
6,47,193,47535
6,48,1139,47535
6,49,100,47535
6,50,377,47535
6,51,3997,47535
6,52,81,47535
6,53,579,47535
6,54,74,47535
6,55,177,47535
6,56,2586,47535
6,57,60,47535
6,58,349,47535
6,59,1856,47535
6,60,80,47535
6,61,224,47535
6,62,120,47535
6,63,1008,47535
6,64,70,47535
6,65,241,47535
6,66,763,47535
6,67,675,47535
6,68,16,47535
6,69,116,47535
6,70,91,47535
6,71,222,47535
6,72,818,47535
6,73,719,47535
6,74,80,47535
6,75,115,47535
6,76,177,47535
6,77,162,47535
6,78,101,47535
6,79,862,47535
6,80,30,47535
6,81,973,47535
6,82,455,47535
6,83,171,47535
6,84,222,47535
6,85,215,47535
6,86,175,47535
6,87,9,47535
6,88,231,47535
6,89,99,47535
6,90,403,47535
6,91,764,47535
6,92,525,47535
6,93,520,47535
6,94,69,47535
6,95,11,47535
6,96,163,47535
6,97,77,47535
6,98,1426,47535
6,99,812,47535
6,100,927,47535
6,101,898,47535
6,102,735,47535
6,103,461,47535
6,104,5407,47535
6,105,157,47535
6,106,56,47535
6,107,430,47535
6,108,208,47535
6,109,79,47535
6,110,841,47535
6,111,268,47535
6,112,1406,47535
6,113,163,47535
6,114,337,47535
6,115,182,47535
6,116,395,47535
6,117,4250,47535
6,118,387,47535
6,119,62,47535
6,120,1770,47535
6,121,30,47535
6,122,12041,47535
6,123,8,47535
6,124,742,47535
6,125,1576,47535
6,126,122,47535
6,127,115,47535
6,128,450,47535
6,129,621,47535
6,130,7,47535
6,131,15,47535
6,132,65,47535
6,133,413,47535
6,134,1067,47535
6,135,1334,47535
6,136,78,47535
6,137,445,47535
6,138,54,47535
6,139,30,47535
6,140,6122,47535
6,141,554,47535
6,142,36,47535
6,143,85,47535
6,144,761,47535
6,145,42,47535
6,146,1176,47535
6,147,191,47535
6,148,528,47535
6,149,630,47535
6,150,193,47535
6,151,356,47535
6,152,598,47535
6,153,1893,47535
6,154,988,47535
6,155,17,47535
6,156,11,47535
6,157,415,47535
6,158,496,47535
6,159,1007,47535
6,160,1075,47535
6,161,133,47535
6,162,319,47535
6,163,43,47535
6,164,252,47535
6,165,52,47535
6,166,679,47535
6,167,746,47535
6,168,195,47535
6,169,40,47535
6,170,41,47535
6,171,258,47535
6,172,207,47535
6,173,209,47535
6,174,1717,47535
6,175,562,47535
6,176,326,47535
6,177,501,47535
6,178,235,47535
6,179,8,47535
6,180,211,47535
6,181,821,47535
6,182,46,47535
6,183,921,47535
6,184,1158,47535
6,185,422,47535
6,186,18,47535
6,187,286,47535
6,188,8,47535
6,189,1128,47535
6,190,1698,47535
6,191,338,47535
6,192,1540,47535
6,193,89,47535
6,194,674,47535
6,195,303,47535
6,196,981,47535
6,197,98,47535
6,198,31,47535
6,199,459,47535
6,200,2987,47535
6,201,450,47535
6,202,109,47535
6,203,654,47535
6,204,1180,47535
6,205,156,47535
6,206,1174,47535
6,207,789,47535
6,208,611,47535
6,209,1730,47535
6,210,1437,47535
6,211,189,47535
6,212,166,47535
6,213,73,47535
6,214,393,47535
6,215,477,47535
6,216,462,47535
6,217,931,47535
6,218,42,47535
6,219,465,47535
6,220,63,47535
6,221,201,47535
6,222,49,47535
6,223,163,47535
6,224,1627,47535
6,225,1765,47535
6,226,161,47535
6,227,1678,47535
6,228,458,47535
6,229,234,47535
6,230,2608,47535
6,231,1074,47535
6,232,55,47535
6,233,179,47535
6,234,253,47535
6,235,169,47535
6,236,277,47535
6,237,230,47535
6,238,30,47535
6,239,34,47535
6,240,413,47535
6,241,84,47535
6,242,189,47535
6,243,4921,47535
6,244,5006,47535
6,245,117,47535
6,246,570,47535
6,247,137,47535
6,248,195,47535
6,249,2328,47535
6,250,56,47535
6,251,6473,47535
6,252,266,47535
6,253,244,47535
6,254,1041,47535
6,255,2174,47535
6,256,59,47535
6,257,5928,47535
6,258,375,47535
6,259,245,47535
6,260,238,47535
6,261,592,47535
6,262,365,47535
6,263,542,47535
6,264,384,47535
6,265,17,47535
6,266,85,47535
6,267,109,47535
6,268,143,47535
6,269,46,47535
6,270,130,47535
6,271,32,47535
6,272,967,47535
6,273,462,47535
6,274,290,47535
6,275,6088,47535
6,276,113,47535
6,277,456,47535
6,278,150,47535
6,279,193,47535
6,280,1938,47535
6,281,151,47535
6,282,1813,47535
6,283,1827,47535
6,284,648,47535
6,285,19,47535
6,286,143,47535
6,287,203,47535
6,288,480,47535
6,289,102,47535
6,290,1218,47535
6,291,254,47535
6,292,1103,47535
6,293,1157,47535
6,294,339,47535
6,295,70,47535
6,296,223,47535
6,297,203,47535
6,298,323,47535
6,299,163,47535
6,300,1186,47535
6,301,317,47535
6,302,1036,47535
6,303,348,47535
6,304,71,47535
6,305,888,47535
6,306,620,47535
6,307,1046,47535
6,308,349,47535
6,309,13833,47535
6,310,147,47535
6,311,1716,47535
6,312,1184,47535
6,313,54,47535
6,314,126,47535
6,315,552,47535
6,316,97,47535
6,317,1850,47535
6,318,164,47535
6,319,719,47535
6,320,113,47535
6,321,81,47535
6,322,641,47535
6,323,459,47535
6,324,52,47535
6,325,68,47535
6,326,248,47535
6,327,248,47535
6,328,163,47535
6,329,123,47535
6,330,399,47535
6,331,121,47535
6,332,1033,47535
6,333,2689,47535
6,334,85,47535
6,335,21,47535
6,336,21,47535
6,337,2859,47535
6,338,72,47535
6,339,1476,47535
6,340,342,47535
6,341,300,47535
6,342,922,47535
6,343,1239,47535
6,344,26,47535
6,345,1373,47535
6,346,170,47535
6,347,71,47535
6,348,523,47535
6,349,2322,47535
6,350,469,47535
6,351,972,47535
6,352,51,47535
6,353,480,47535
6,354,780,47535
6,355,4,47535
6,356,607,47535
6,357,546,47535
6,358,1117,47535
6,359,257,47535
6,360,8814,47535
6,361,1387,47535
6,362,12,47535
6,363,93,47535
6,364,41,47535
6,365,44,47535
6,366,37,47535
6,367,4174,47535
6,368,6281,47535
6,369,1013,47535
6,370,1220,47535
6,371,2925,47535
6,372,1535,47535
6,373,723,47535
6,374,254,47535
6,375,27,47535
6,376,767,47535
6,377,301,47535
6,378,594,47535
6,379,52,47535
6,380,311,47535
6,381,68,47535
6,382,419,47535
6,383,176,47535
7,0,994,47535
7,1,6,47535
7,2,257,47535
7,3,260,47535
7,4,579,47535
7,5,256,47535
7,6,543,47535
7,7,2938,47535
7,8,339,47535
7,9,183,47535
7,10,759,47535
7,11,247,47535
7,12,785,47535
7,13,1762,47535
7,14,117,47535
7,15,102,47535
7,16,110,47535
7,17,92,47535
7,18,102,47535
7,19,2227,47535
7,20,1688,47535
7,21,781,47535
7,22,187,47535
7,23,201,47535
7,24,119,47535
7,25,102,47535
7,26,402,47535
7,27,268,47535
7,28,51,47535
7,29,1831,47535
7,30,282,47535
7,31,238,47535
7,32,2057,47535
7,33,87,47535
7,34,80,47535
7,35,822,47535
7,36,269,47535
7,37,89,47535
7,38,118,47535
7,39,936,47535
7,40,217,47535
7,41,124,47535
7,42,187,47535
7,43,273,47535
7,44,2792,47535
7,45,75,47535
7,46,177,47535
7,47,153,47535
7,48,670,47535
7,49,114,47535
7,50,290,47535
7,51,3480,47535
7,52,36,47535
7,53,2480,47535
7,54,79,47535
7,55,330,47535
7,56,379,47535
7,57,36,47535
7,58,1172,47535
7,59,60,47535
7,60,153,47535
7,61,84,47535
7,62,1592,47535
7,63,1053,47535
7,64,40,47535
7,65,824,47535
7,66,33,47535
7,67,354,47535
7,68,222,47535
7,69,441,47535
7,70,62,47535
7,71,60,47535
7,72,440,47535
7,73,462,47535
7,74,68,47535
7,75,1261,47535
7,76,28,47535
7,77,303,47535
7,78,214,47535
7,79,151,47535
7,80,198,47535
7,81,651,47535
7,82,121,47535
7,83,121,47535
7,84,727,47535
7,85,362,47535
7,86,1117,47535
7,87,6,47535
7,88,522,47535
7,89,698,47535
7,90,8780,47535
7,91,25,47535
7,92,410,47535
7,93,883,47535
7,94,2384,47535
7,95,8,47535
7,96,225,47535
7,97,198,47535
7,98,6267,47535
7,99,46,47535
7,100,240,47535
7,101,199,47535
7,102,3291,47535
7,103,79,47535
7,104,336,47535
7,105,176,47535
7,106,683,47535
7,107,901,47535
7,108,761,47535
7,109,259,47535
7,110,89,47535
7,111,298,47535
7,112,283,47535
7,113,214,47535
7,114,2727,47535
7,115,1270,47535
7,116,242,47535
7,117,318,47535
7,118,1513,47535
7,119,32,47535
7,120,170,47535
7,121,132,47535
7,122,1546,47535
7,123,1235,47535
7,124,693,47535
7,125,1781,47535
7,126,21,47535
7,127,101,47535
7,128,47,47535
7,129,250,47535
7,130,360,47535
7,131,1685,47535
7,132,495,47535
7,133,27,47535
7,134,453,47535
7,135,77,47535
7,136,898,47535
7,137,2788,47535
7,138,267,47535
7,139,750,47535
7,140,661,47535
7,141,527,47535
7,142,255,47535
7,143,436,47535
7,144,1936,47535
7,145,198,47535
7,146,69,47535
7,147,464,47535
7,148,5061,47535
7,149,102,47535
7,150,1186,47535
7,151,258,47535
7,152,684,47535
7,153,389,47535
7,154,6438,47535
7,155,283,47535
7,156,848,47535
7,157,6871,47535
7,158,640,47535
7,159,21,47535
7,160,749,47535
7,161,319,47535
7,162,812,47535
7,163,460,47535
7,164,1459,47535
7,165,2783,47535
7,166,70,47535
7,167,438,47535
7,168,64,47535
7,169,734,47535
7,170,1178,47535
7,171,2339,47535
7,172,332,47535
7,173,670,47535
7,174,23,47535
7,175,1881,47535
7,176,471,47535
7,177,278,47535
7,178,166,47535
7,179,342,47535
7,180,183,47535
7,181,627,47535
7,182,514,47535
7,183,52,47535
7,184,185,47535
7,185,16,47535
7,186,9,47535
7,187,1294,47535
7,188,194,47535
7,189,744,47535
7,190,84,47535
7,191,146,47535
7,192,126,47535
7,193,1055,47535
7,194,90,47535
7,195,277,47535
7,196,2020,47535
7,197,71,47535
7,198,524,47535
7,199,17,47535
7,200,1561,47535
7,201,3736,47535
7,202,639,47535
7,203,149,47535
7,204,974,47535
7,205,1008,47535
7,206,470,47535
7,207,13464,47535
7,208,3565,47535
7,209,2,47535
7,210,26,47535
7,211,173,47535
7,212,1001,47535
7,213,360,47535
7,214,60,47535
7,215,2025,47535
7,216,119,47535
7,217,544,47535
7,218,384,47535
7,219,80,47535
7,220,401,47535
7,221,182,47535
7,222,197,47535
7,223,51,47535
7,224,178,47535
7,225,946,47535
7,226,164,47535
7,227,198,47535
7,228,1134,47535
7,229,580,47535
7,230,19,47535
7,231,840,47535
7,232,204,47535
7,233,868,47535
7,234,485,47535
7,235,741,47535
7,236,396,47535
7,237,11,47535
7,238,147,47535
7,239,213,47535
7,240,731,47535
7,241,700,47535
7,242,712,47535
7,243,740,47535
7,244,149,47535
7,245,13443,47535
7,246,39,47535
7,247,553,47535
7,248,1605,47535
7,249,77,47535
7,250,3000,47535
7,251,120,47535
7,252,295,47535
7,253,133,47535
7,254,117,47535
7,255,826,47535
7,256,24,47535
7,257,347,47535
7,258,139,47535
7,259,85,47535
7,260,207,47535
7,261,94,47535
7,262,136,47535
7,263,3716,47535
7,264,54,47535
7,265,575,47535
7,266,291,47535
7,267,275,47535
7,268,1144,47535
7,269,22,47535
7,270,956,47535
7,271,361,47535
7,272,677,47535
7,273,168,47535
7,274,81,47535
7,275,982,47535
7,276,46,47535
7,277,29,47535
7,278,2084,47535
7,279,336,47535
7,280,135,47535
7,281,100,47535
7,282,441,47535
7,283,215,47535
7,284,257,47535
7,285,38,47535
7,286,63,47535
7,287,4785,47535
7,288,300,47535
7,289,242,47535
7,290,69,47535
7,291,2722,47535
7,292,368,47535
7,293,141,47535
7,294,191,47535
7,295,620,47535
7,296,1110,47535
7,297,598,47535
7,298,192,47535
7,299,686,47535
7,300,349,47535
7,301,3,47535
7,302,102,47535
7,303,105,47535
7,304,5,47535
7,305,629,47535
7,306,815,47535
7,307,87,47535
7,308,167,47535
7,309,2164,47535
7,310,438,47535
7,311,591,47535
7,312,192,47535
7,313,802,47535
7,314,412,47535
7,315,103,47535
7,316,681,47535
7,317,1119,47535
7,318,20,47535
7,319,18,47535
7,320,683,47535
7,321,57,47535
7,322,452,47535
7,323,1453,47535
7,324,2921,47535
7,325,300,47535
7,326,214,47535
7,327,42,47535
7,328,456,47535
7,329,542,47535
7,330,50,47535
7,331,528,47535
7,332,155,47535
7,333,39,47535
7,334,0,47535
7,335,3158,47535
7,336,567,47535
7,337,5771,47535
7,338,121,47535
7,339,191,47535
7,340,1345,47535
7,341,128,47535
7,342,191,47535
7,343,2120,47535
7,344,238,47535
7,345,92,47535
7,346,67,47535
7,347,63,47535
7,348,292,47535
7,349,20,47535
7,350,2846,47535
7,351,214,47535
7,352,159,47535
7,353,1585,47535
7,354,1381,47535
7,355,31,47535
7,356,191,47535
7,357,4871,47535
7,358,1255,47535
7,359,188,47535
7,360,420,47535
7,361,194,47535
7,362,17,47535
7,363,68,47535
7,364,250,47535
7,365,187,47535
7,366,704,47535
7,367,38,47535
7,368,327,47535
7,369,22,47535
7,370,761,47535
7,371,21,47535
7,372,134,47535
7,373,77,47535
7,374,132,47535
7,375,12,47535
7,376,39,47535
7,377,640,47535
7,378,16,47535
7,379,1992,47535
7,380,124,47535
7,381,94,47535
7,382,159,47535
7,383,572,47535
8,0,1393,47535
8,1,1034,47535
8,2,480,47535
8,3,743,47535
8,4,639,47535
8,5,152,47535
8,6,375,47535
8,7,230,47535
8,8,3556,47535
8,9,621,47535
8,10,42,47535
8,11,371,47535
8,12,77,47535
8,13,113,47535
8,14,1383,47535
8,15,709,47535
8,16,2426,47535
8,17,325,47535
8,18,292,47535
8,19,118,47535
8,20,236,47535
8,21,120,47535
8,22,2315,47535
8,23,142,47535
8,24,924,47535
8,25,185,47535
8,26,254,47535
8,27,146,47535
8,28,233,47535
8,29,9952,47535
8,30,86,47535
8,31,54,47535
8,32,16,47535
8,33,143,47535
8,34,1231,47535
8,35,33,47535
8,36,304,47535
8,37,99,47535
8,38,325,47535
8,39,427,47535
8,40,14,47535
8,41,473,47535
8,42,984,47535
8,43,186,47535
8,44,208,47535
8,45,918,47535
8,46,145,47535
8,47,471,47535
8,48,77,47535
8,49,494,47535
8,50,575,47535
8,51,413,47535
8,52,21,47535
8,53,715,47535
8,54,1197,47535
8,55,522,47535
8,56,44,47535
8,57,1370,47535
8,58,1196,47535
8,59,72,47535
8,60,397,47535
8,61,575,47535
8,62,358,47535
8,63,378,47535
8,64,580,47535
8,65,175,47535
8,66,1063,47535
8,67,4381,47535
8,68,79,47535
8,69,62,47535
8,70,298,47535
8,71,502,47535
8,72,29,47535
8,73,1175,47535
8,74,134,47535
8,75,460,47535
8,76,56,47535
8,77,173,47535
8,78,603,47535
8,79,66,47535
8,80,53,47535
8,81,1121,47535
8,82,10,47535
8,83,248,47535
8,84,396,47535
8,85,118,47535
8,86,31,47535
8,87,761,47535
8,88,58,47535
8,89,562,47535
8,90,2967,47535
8,91,468,47535
8,92,1287,47535
8,93,35,47535
8,94,3401,47535
8,95,457,47535
8,96,74,47535
8,97,1006,47535
8,98,145,47535
8,99,236,47535
8,100,381,47535
8,101,682,47535
8,102,977,47535
8,103,737,47535
8,104,1774,47535
8,105,514,47535
8,106,17,47535
8,107,61,47535
8,108,24,47535
8,109,641,47535
8,110,580,47535
8,111,1052,47535
8,112,1946,47535
8,113,736,47535
8,114,380,47535
8,115,770,47535
8,116,159,47535
8,117,393,47535
8,118,501,47535
8,119,513,47535
8,120,26,47535
8,121,1502,47535
8,122,410,47535
8,123,532,47535
8,124,81,47535
8,125,22,47535
8,126,263,47535
8,127,1590,47535
8,128,626,47535
8,129,1079,47535
8,130,91,47535
8,131,229,47535
8,132,26,47535
8,133,214,47535
8,134,750,47535
8,135,572,47535
8,136,84,47535
8,137,1426,47535
8,138,188,47535
8,139,69,47535
8,140,44,47535
8,141,831,47535
8,142,1803,47535
8,143,249,47535
8,144,1489,47535
8,145,120,47535
8,146,323,47535
8,147,13,47535
8,148,48,47535
8,149,478,47535
8,150,68,47535
8,151,149,47535
8,152,568,47535
8,153,202,47535
8,154,596,47535
8,155,455,47535
8,156,720,47535
8,157,359,47535
8,158,1978,47535
8,159,20,47535
8,160,248,47535
8,161,896,47535
8,162,19,47535
8,163,846,47535
8,164,1892,47535
8,165,685,47535
8,166,0,47535
8,167,15,47535
8,168,705,47535
8,169,840,47535
8,170,104,47535
8,171,1746,47535
8,172,624,47535
8,173,749,47535
8,174,554,47535
8,175,134,47535
8,176,16,47535
8,177,738,47535
8,178,3578,47535
8,179,1537,47535
8,180,54,47535
8,181,590,47535
8,182,1195,47535
8,183,173,47535
8,184,294,47535
8,185,2906,47535
8,186,4809,47535
8,187,205,47535
8,188,61,47535
8,189,435,47535
8,190,168,47535
8,191,612,47535
8,192,3196,47535
8,193,811,47535
8,194,286,47535
8,195,446,47535
8,196,82,47535
8,197,676,47535
8,198,166,47535
8,199,68,47535
8,200,509,47535
8,201,68,47535
8,202,285,47535
8,203,242,47535
8,204,366,47535
8,205,589,47535
8,206,60,47535
8,207,282,47535
8,208,818,47535
8,209,1186,47535
8,210,5791,47535
8,211,1613,47535
8,212,3462,47535
8,213,340,47535
8,214,223,47535
8,215,198,47535
8,216,2290,47535
8,217,677,47535
8,218,678,47535
8,219,459,47535
8,220,529,47535
8,221,332,47535
8,222,7686,47535
8,223,1713,47535
8,224,719,47535
8,225,535,47535
8,226,5286,47535
8,227,461,47535
8,228,1921,47535
8,229,4755,47535
8,230,14,47535
8,231,268,47535
8,232,482,47535
8,233,2184,47535
8,234,1068,47535
8,235,250,47535
8,236,139,47535
8,237,799,47535
8,238,14,47535
8,239,73,47535
8,240,245,47535
8,241,355,47535
8,242,20,47535
8,243,38,47535
8,244,29,47535
8,245,873,47535
8,246,3520,47535
8,247,43,47535
8,248,1349,47535
8,249,17,47535
8,250,309,47535
8,251,219,47535
8,252,198,47535
8,253,36,47535
8,254,350,47535
8,255,439,47535
8,256,1812,47535
8,257,106,47535
8,258,2677,47535
8,259,87,47535
8,260,406,47535
8,261,501,47535
8,262,457,47535
8,263,145,47535
8,264,0,47535
8,265,2085,47535
8,266,35,47535
8,267,148,47535
8,268,293,47535
8,269,375,47535
8,270,2362,47535
8,271,1958,47535
8,272,88,47535
8,273,177,47535
8,274,79,47535
8,275,70,47535
8,276,437,47535
8,277,2890,47535
8,278,315,47535
8,279,1036,47535
8,280,968,47535
8,281,5,47535
8,282,2597,47535
8,283,514,47535
8,284,40,47535
8,285,14,47535
8,286,1477,47535
8,287,81,47535
8,288,7993,47535
8,289,4267,47535
8,290,13,47535
8,291,609,47535
8,292,165,47535
8,293,445,47535
8,294,640,47535
8,295,794,47535
8,296,1372,47535
8,297,1044,47535
8,298,288,47535
8,299,531,47535
8,300,261,47535
8,301,82,47535
8,302,259,47535
8,303,30,47535
8,304,1834,47535
8,305,2247,47535
8,306,363,47535
8,307,130,47535
8,308,1052,47535
8,309,15,47535
8,310,1626,47535
8,311,217,47535
8,312,15,47535
8,313,209,47535
8,314,386,47535
8,315,65,47535
8,316,977,47535
8,317,73,47535
8,318,100,47535
8,319,1052,47535
8,320,582,47535
8,321,167,47535
8,322,28,47535
8,323,1753,47535
8,324,1656,47535
8,325,807,47535
8,326,280,47535
8,327,18,47535
8,328,83,47535
8,329,114,47535
8,330,102,47535
8,331,540,47535
8,332,1049,47535
8,333,838,47535
8,334,140,47535
8,335,12,47535
8,336,1824,47535
8,337,379,47535
8,338,366,47535
8,339,10,47535
8,340,358,47535
8,341,473,47535
8,342,459,47535
8,343,100,47535
8,344,3,47535
8,345,17,47535
8,346,197,47535
8,347,795,47535
8,348,518,47535
8,349,920,47535
8,350,990,47535
8,351,242,47535
8,352,1968,47535
8,353,730,47535
8,354,126,47535
8,355,77,47535
8,356,398,47535
8,357,491,47535
8,358,46,47535
8,359,255,47535
8,360,1241,47535
8,361,6138,47535
8,362,502,47535
8,363,19,47535
8,364,35,47535
8,365,254,47535
8,366,518,47535
8,367,172,47535
8,368,13,47535
8,369,107,47535
8,370,443,47535
8,371,4157,47535
8,372,420,47535
8,373,499,47535
8,374,1241,47535
8,375,91,47535
8,376,929,47535
8,377,188,47535
8,378,824,47535
8,379,236,47535
8,380,1983,47535
8,381,358,47535
8,382,386,47535
8,383,85,47535
9,0,3,47535
9,1,88,47535
9,2,198,47535
9,3,2620,47535
9,4,259,47535
9,5,611,47535
9,6,33,47535
9,7,200,47535
9,8,252,47535
9,9,1700,47535
9,10,4113,47535
9,11,394,47535
9,12,158,47535
9,13,1161,47535
9,14,88,47535
9,15,138,47535
9,16,2252,47535
9,17,353,47535
9,18,365,47535
9,19,52,47535
9,20,953,47535
9,21,42,47535
9,22,2346,47535
9,23,28,47535
9,24,213,47535
9,25,275,47535
9,26,698,47535
9,27,66,47535
9,28,488,47535
9,29,51,47535
9,30,151,47535
9,31,996,47535
9,32,246,47535
9,33,1679,47535
9,34,40,47535
9,35,1012,47535
9,36,126,47535
9,37,960,47535
9,38,17,47535
9,39,184,47535
9,40,487,47535
9,41,1802,47535
9,42,953,47535
9,43,14,47535
9,44,27,47535
9,45,78,47535
9,46,2428,47535
9,47,2173,47535
9,48,115,47535
9,49,1428,47535
9,50,496,47535
9,51,1520,47535
9,52,642,47535
9,53,2303,47535
9,54,214,47535
9,55,113,47535
9,56,659,47535
9,57,87,47535
9,58,903,47535
9,59,77,47535
9,60,34,47535
9,61,338,47535
9,62,351,47535
9,63,615,47535
9,64,134,47535
9,65,17,47535
9,66,3113,47535
9,67,86,47535
9,68,429,47535
9,69,785,47535
9,70,928,47535
9,71,1577,47535
9,72,13,47535
9,73,794,47535
9,74,93,47535
9,75,876,47535
9,76,1035,47535
9,77,3039,47535
9,78,93,47535
9,79,1291,47535
9,80,180,47535
9,81,430,47535
9,82,5758,47535
9,83,47,47535
9,84,56,47535
9,85,100,47535
9,86,4115,47535
9,87,1776,47535
9,88,106,47535
9,89,96,47535
9,90,759,47535
9,91,538,47535
9,92,263,47535
9,93,1082,47535
9,94,162,47535
9,95,7,47535
9,96,120,47535
9,97,3384,47535
9,98,831,47535
9,99,461,47535
9,100,210,47535
9,101,248,47535
9,102,2294,47535
9,103,65,47535
9,104,84,47535
9,105,122,47535
9,106,314,47535
9,107,2387,47535
9,108,723,47535
9,109,72,47535
9,110,1609,47535
9,111,528,47535
9,112,102,47535
9,113,32,47535
9,114,192,47535
9,115,1784,47535
9,116,854,47535
9,117,458,47535
9,118,417,47535
9,119,787,47535
9,120,1475,47535
9,121,263,47535
9,122,23,47535
9,123,13,47535
9,124,1296,47535
9,125,737,47535
9,126,26,47535
9,127,698,47535
9,128,258,47535
9,129,492,47535
9,130,76,47535
9,131,1243,47535
9,132,893,47535
9,133,73,47535
9,134,6476,47535
9,135,495,47535
9,136,1363,47535
9,137,2618,47535
9,138,1418,47535
9,139,293,47535
9,140,782,47535
9,141,563,47535
9,142,451,47535
9,143,160,47535
9,144,258,47535
9,145,74,47535
9,146,672,47535
9,147,855,47535
9,148,521,47535
9,149,1526,47535
9,150,1224,47535
9,151,172,47535
9,152,207,47535
9,153,271,47535
9,154,191,47535
9,155,1847,47535
9,156,2134,47535
9,157,21,47535
9,158,494,47535
9,159,30,47535
9,160,744,47535
9,161,402,47535
9,162,42,47535
9,163,182,47535
9,164,173,47535
9,165,170,47535
9,166,301,47535
9,167,462,47535
9,168,844,47535
9,169,451,47535
9,170,810,47535
9,171,202,47535
9,172,22,47535
9,173,382,47535
9,174,181,47535
9,175,137,47535
9,176,249,47535
9,177,655,47535
9,178,162,47535
9,179,66,47535
9,180,1793,47535
9,181,31,47535
9,182,200,47535
9,183,1094,47535
9,184,672,47535
9,185,59,47535
9,186,149,47535
9,187,1092,47535
9,188,1895,47535
9,189,723,47535
9,190,238,47535
9,191,457,47535
9,192,40,47535
9,193,76,47535
9,194,4,47535
9,195,1541,47535
9,196,252,47535
9,197,8115,47535
9,198,45,47535
9,199,713,47535
9,200,661,47535
9,201,823,47535
9,202,1939,47535
9,203,156,47535
9,204,45,47535
9,205,792,47535
9,206,192,47535
9,207,118,47535
9,208,1348,47535
9,209,181,47535
9,210,9,47535
9,211,154,47535
9,212,571,47535
9,213,115,47535
9,214,56,47535
9,215,134,47535
9,216,453,47535
9,217,544,47535
9,218,182,47535
9,219,236,47535
9,220,716,47535
9,221,213,47535
9,222,768,47535
9,223,1002,47535
9,224,3828,47535
9,225,106,47535
9,226,64,47535
9,227,224,47535
9,228,109,47535
9,229,132,47535
9,230,41,47535
9,231,1360,47535
9,232,941,47535
9,233,1217,47535
9,234,478,47535
9,235,388,47535
9,236,291,47535
9,237,235,47535
9,238,2090,47535
9,239,137,47535
9,240,52,47535
9,241,184,47535
9,242,624,47535
9,243,676,47535
9,244,685,47535
9,245,739,47535
9,246,1337,47535
9,247,106,47535
9,248,653,47535
9,249,1388,47535
9,250,326,47535
9,251,507,47535
9,252,232,47535
9,253,8,47535
9,254,474,47535
9,255,380,47535
9,256,1527,47535
9,257,1928,47535
9,258,916,47535
9,259,86,47535
9,260,197,47535
9,261,16,47535
9,262,429,47535
9,263,15696,47535
9,264,910,47535
9,265,777,47535
9,266,1783,47535
9,267,62,47535
9,268,42,47535
9,269,588,47535
9,270,866,47535
9,271,181,47535
9,272,359,47535
9,273,473,47535
9,274,626,47535
9,275,33,47535
9,276,1,47535
9,277,19,47535
9,278,571,47535
9,279,175,47535
9,280,49,47535
9,281,30,47535
9,282,973,47535
9,283,327,47535
9,284,82,47535
9,285,1474,47535
9,286,867,47535
9,287,311,47535
9,288,1489,47535
9,289,936,47535
9,290,32,47535
9,291,399,47535
9,292,152,47535
9,293,45,47535
9,294,2697,47535
9,295,373,47535
9,296,269,47535
9,297,2544,47535
9,298,57,47535
9,299,114,47535
9,300,48,47535
9,301,117,47535
9,302,1323,47535
9,303,3506,47535
9,304,5,47535
9,305,2646,47535
9,306,506,47535
9,307,14,47535
9,308,2763,47535
9,309,220,47535
9,310,400,47535
9,311,1397,47535
9,312,6163,47535
9,313,24,47535
9,314,605,47535
9,315,860,47535
9,316,54,47535
9,317,205,47535
9,318,1114,47535
9,319,870,47535
9,320,855,47535
9,321,489,47535
9,322,457,47535
9,323,256,47535
9,324,895,47535
9,325,177,47535
9,326,481,47535
9,327,1103,47535
9,328,427,47535
9,329,811,47535
9,330,274,47535
9,331,864,47535
9,332,72,47535
9,333,2639,47535
9,334,172,47535
9,335,2015,47535
9,336,107,47535
9,337,398,47535
9,338,488,47535
9,339,1276,47535
9,340,9,47535
9,341,1583,47535
9,342,832,47535
9,343,3136,47535
9,344,362,47535
9,345,1687,47535
9,346,105,47535
9,347,199,47535
9,348,271,47535
9,349,87,47535
9,350,1106,47535
9,351,358,47535
9,352,171,47535
9,353,126,47535
9,354,718,47535
9,355,145,47535
9,356,92,47535
9,357,92,47535
9,358,31,47535
9,359,43,47535
9,360,124,47535
9,361,14,47535
9,362,1235,47535
9,363,91,47535
9,364,371,47535
9,365,55,47535
9,366,755,47535
9,367,834,47535
9,368,575,47535
9,369,616,47535
9,370,144,47535
9,371,827,47535
9,372,41,47535
9,373,805,47535
9,374,735,47535
9,375,51,47535
9,376,237,47535
9,377,1982,47535
9,378,3425,47535
9,379,391,47535
9,380,28,47535
9,381,458,47535
9,382,266,47535
9,383,170,47535
10,0,34,47535
10,1,661,47535
10,2,828,47535
10,3,237,47535
10,4,127,47535
10,5,587,47535
10,6,101,47535
10,7,1211,47535
10,8,1705,47535
10,9,276,47535
10,10,55,47535
10,11,638,47535
10,12,87,47535
10,13,2708,47535
10,14,507,47535
10,15,369,47535
10,16,120,47535
10,17,641,47535
10,18,33,47535
10,19,533,47535
10,20,179,47535
10,21,93,47535
10,22,257,47535
10,23,276,47535
10,24,1657,47535
10,25,588,47535
10,26,2126,47535
10,27,325,47535
10,28,49,47535
10,29,125,47535
10,30,158,47535
10,31,51,47535
10,32,3820,47535
10,33,206,47535
10,34,649,47535
10,35,966,47535
10,36,83,47535
10,37,172,47535
10,38,43,47535
10,39,834,47535
10,40,254,47535
10,41,894,47535
10,42,241,47535
10,43,470,47535
10,44,964,47535
10,45,663,47535
10,46,44,47535
10,47,1269,47535
10,48,336,47535
10,49,807,47535
10,50,503,47535
10,51,385,47535
10,52,381,47535
10,53,334,47535
10,54,735,47535
10,55,18,47535
10,56,841,47535
10,57,2272,47535
10,58,453,47535
10,59,1779,47535
10,60,246,47535
10,61,1345,47535
10,62,702,47535
10,63,3202,47535
10,64,21,47535
10,65,48,47535
10,66,1073,47535
10,67,798,47535
10,68,69,47535
10,69,355,47535
10,70,939,47535
10,71,315,47535
10,72,460,47535
10,73,61,47535
10,74,4178,47535
10,75,920,47535
10,76,815,47535
10,77,217,47535
10,78,359,47535
10,79,401,47535
10,80,1151,47535
10,81,9,47535
10,82,251,47535
10,83,49,47535
10,84,560,47535
10,85,313,47535
10,86,405,47535
10,87,1007,47535
10,88,17,47535
10,89,170,47535
10,90,279,47535
10,91,952,47535
10,92,1036,47535
10,93,1284,47535
10,94,356,47535
10,95,2446,47535
10,96,1072,47535
10,97,870,47535
10,98,270,47535
10,99,143,47535
10,100,168,47535
10,101,533,47535
10,102,245,47535
10,103,218,47535
10,104,449,47535
10,105,124,47535
10,106,79,47535
10,107,437,47535
10,108,83,47535
10,109,862,47535
10,110,1462,47535
10,111,519,47535
10,112,8,47535
10,113,394,47535
10,114,1802,47535
10,115,269,47535
10,116,117,47535
10,117,96,47535
10,118,38,47535
10,119,51,47535
10,120,347,47535
10,121,98,47535
10,122,173,47535
10,123,252,47535
10,124,671,47535
10,125,469,47535
10,126,480,47535
10,127,5424,47535
10,128,1167,47535
10,129,297,47535
10,130,163,47535
10,131,13,47535
10,132,508,47535
10,133,85,47535
10,134,1541,47535
10,135,75,47535
10,136,460,47535
10,137,105,47535
10,138,103,47535
10,139,30,47535
10,140,1678,47535
10,141,771,47535
10,142,673,47535
10,143,586,47535
10,144,163,47535
10,145,524,47535
10,146,939,47535
10,147,324,47535
10,148,927,47535
10,149,403,47535
10,150,41,47535
10,151,1226,47535
10,152,531,47535
10,153,105,47535
10,154,961,47535
10,155,487,47535
10,156,186,47535
10,157,1459,47535
10,158,882,47535
10,159,377,47535
10,160,91,47535
10,161,527,47535
10,162,1663,47535
10,163,458,47535
10,164,17,47535
10,165,5439,47535
10,166,761,47535
10,167,817,47535
10,168,432,47535
10,169,563,47535
10,170,471,47535
10,171,301,47535
10,172,60,47535
10,173,1744,47535
10,174,230,47535
10,175,11,47535
10,176,0,47535
10,177,19,47535
10,178,812,47535
10,179,1140,47535
10,180,266,47535
10,181,2608,47535
10,182,3321,47535
10,183,22,47535
10,184,210,47535
10,185,198,47535
10,186,119,47535
10,187,125,47535
10,188,613,47535
10,189,31,47535
10,190,267,47535
10,191,323,47535
10,192,191,47535
10,193,816,47535
10,194,50,47535
10,195,1253,47535
10,196,335,47535
10,197,2377,47535
10,198,13,47535
10,199,181,47535
10,200,165,47535
10,201,2921,47535
10,202,2372,47535
10,203,389,47535
10,204,36,47535
10,205,546,47535
10,206,58,47535
10,207,180,47535
10,208,445,47535
10,209,382,47535
10,210,1506,47535
10,211,855,47535
10,212,215,47535
10,213,62,47535
10,214,192,47535
10,215,32,47535
10,216,789,47535
10,217,5,47535
10,218,235,47535
10,219,216,47535
10,220,78,47535
10,221,76,47535
10,222,314,47535
10,223,1202,47535
10,224,812,47535
10,225,134,47535
10,226,21,47535
10,227,1030,47535
10,228,105,47535
10,229,901,47535
10,230,457,47535
10,231,16,47535
10,232,629,47535
10,233,556,47535
10,234,484,47535
10,235,375,47535
10,236,233,47535
10,237,3935,47535
10,238,307,47535
10,239,21,47535
10,240,81,47535
10,241,26,47535
10,242,335,47535
10,243,269,47535
10,244,368,47535
10,245,548,47535
10,246,111,47535
10,247,824,47535
10,248,315,47535
10,249,139,47535
10,250,179,47535
10,251,4154,47535
10,252,674,47535
10,253,1054,47535
10,254,816,47535
10,255,869,47535
10,256,906,47535
10,257,559,47535
10,258,1556,47535
10,259,21,47535
10,260,117,47535
10,261,82,47535
10,262,172,47535
10,263,4149,47535
10,264,577,47535
10,265,175,47535
10,266,13347,47535
10,267,603,47535
10,268,155,47535
10,269,491,47535
10,270,98,47535
10,271,817,47535
10,272,39,47535
10,273,746,47535
10,274,1632,47535
10,275,65,47535
10,276,1719,47535
10,277,527,47535
10,278,442,47535
10,279,716,47535
10,280,372,47535
10,281,972,47535
10,282,43,47535
10,283,57,47535
10,284,2438,47535
10,285,67,47535
10,286,910,47535
10,287,3342,47535
10,288,344,47535
10,289,116,47535
10,290,19,47535
10,291,161,47535
10,292,8523,47535
10,293,211,47535
10,294,28,47535
10,295,649,47535
10,296,985,47535
10,297,2109,47535
10,298,828,47535
10,299,613,47535
10,300,63,47535
10,301,28,47535
10,302,659,47535
10,303,332,47535
10,304,400,47535
10,305,1101,47535
10,306,484,47535
10,307,660,47535
10,308,568,47535
10,309,103,47535
10,310,292,47535
10,311,263,47535
10,312,417,47535
10,313,650,47535
10,314,647,47535
10,315,119,47535
10,316,331,47535
10,317,1170,47535
10,318,493,47535
10,319,7,47535
10,320,843,47535
10,321,403,47535
10,322,4708,47535
10,323,3330,47535
10,324,1693,47535
10,325,125,47535
10,326,1086,47535
10,327,415,47535
10,328,116,47535
10,329,62,47535
10,330,317,47535
10,331,267,47535
10,332,850,47535
10,333,542,47535
10,334,326,47535
10,335,2718,47535
10,336,784,47535
10,337,173,47535
10,338,637,47535
10,339,3970,47535
10,340,1013,47535
10,341,3254,47535
10,342,3178,47535
10,343,783,47535
10,344,174,47535
10,345,68,47535
10,346,944,47535
10,347,58,47535
10,348,68,47535
10,349,1496,47535
10,350,35,47535
10,351,1,47535
10,352,954,47535
10,353,276,47535
10,354,26,47535
10,355,833,47535
10,356,261,47535
10,357,174,47535
10,358,1095,47535
10,359,8,47535
10,360,499,47535
10,361,114,47535
10,362,1202,47535
10,363,253,47535
10,364,46,47535
10,365,717,47535
10,366,19,47535
10,367,242,47535
10,368,241,47535
10,369,262,47535
10,370,255,47535
10,371,361,47535
10,372,141,47535
10,373,778,47535
10,374,713,47535
10,375,788,47535
10,376,1011,47535
10,377,1071,47535
10,378,461,47535
10,379,166,47535
10,380,897,47535
10,381,11610,47535
10,382,361,47535
10,383,149,47535
11,0,446,47535
11,1,174,47535
11,2,254,47535
11,3,22,47535
11,4,198,47535
11,5,858,47535
11,6,377,47535
11,7,345,47535
11,8,180,47535
11,9,395,47535
11,10,175,47535
11,11,710,47535
11,12,229,47535
11,13,9037,47535
11,14,816,47535
11,15,469,47535
11,16,435,47535
11,17,536,47535
11,18,469,47535
11,19,886,47535
11,20,3958,47535
11,21,1047,47535
11,22,1450,47535
11,23,115,47535
11,24,6556,47535
11,25,543,47535
11,26,504,47535
11,27,327,47535
11,28,714,47535
11,29,240,47535
11,30,1204,47535
11,31,1244,47535
11,32,458,47535
11,33,240,47535
11,34,306,47535
11,35,6268,47535
11,36,447,47535
11,37,652,47535
11,38,27,47535
11,39,259,47535
11,40,35,47535
11,41,827,47535
11,42,467,47535
11,43,372,47535
11,44,142,47535
11,45,76,47535
11,46,440,47535
11,47,1415,47535
11,48,511,47535
11,49,384,47535
11,50,1021,47535
11,51,25,47535
11,52,865,47535
11,53,75,47535
11,54,700,47535
11,55,339,47535
11,56,6377,47535
11,57,318,47535
11,58,69,47535
11,59,27,47535
11,60,7540,47535
11,61,11,47535
11,62,64,47535
11,63,52,47535
11,64,648,47535
11,65,952,47535
11,66,574,47535
11,67,111,47535
11,68,556,47535
11,69,19,47535
11,70,540,47535
11,71,94,47535
11,72,146,47535
11,73,811,47535
11,74,670,47535
11,75,287,47535
11,76,96,47535
11,77,349,47535
11,78,381,47535
11,79,275,47535
11,80,50,47535
11,81,453,47535
11,82,2091,47535
11,83,892,47535
11,84,658,47535
11,85,462,47535
11,86,157,47535
11,87,1171,47535
11,88,613,47535
11,89,77,47535
11,90,516,47535
11,91,279,47535
11,92,620,47535
11,93,103,47535
11,94,1400,47535
11,95,243,47535
11,96,1226,47535
11,97,464,47535
11,98,2914,47535
11,99,1908,47535
11,100,554,47535
11,101,93,47535
11,102,2292,47535
11,103,742,47535
11,104,34,47535
11,105,218,47535
11,106,117,47535
11,107,61,47535
11,108,921,47535
11,109,439,47535
11,110,249,47535
11,111,2637,47535
11,112,837,47535
11,113,16,47535
11,114,1289,47535
11,115,7,47535
11,116,501,47535
11,117,174,47535
11,118,36,47535
11,119,353,47535
11,120,150,47535
11,121,498,47535
11,122,737,47535
11,123,133,47535
11,124,1528,47535
11,125,878,47535
11,126,165,47535
11,127,62,47535
11,128,612,47535
11,129,361,47535
11,130,1710,47535
11,131,2110,47535
11,132,591,47535
11,133,123,47535
11,134,14,47535
11,135,190,47535
11,136,122,47535
11,137,49,47535
11,138,827,47535
11,139,71,47535
11,140,397,47535
11,141,3068,47535
11,142,574,47535
11,143,689,47535
11,144,157,47535
11,145,79,47535
11,146,159,47535
11,147,1694,47535
11,148,1494,47535
11,149,664,47535
11,150,1544,47535
11,151,65,47535
11,152,2409,47535
11,153,187,47535
11,154,274,47535
11,155,141,47535
11,156,67,47535
11,157,58,47535
11,158,437,47535
11,159,17,47535
11,160,211,47535
11,161,100,47535
11,162,621,47535
11,163,385,47535
11,164,811,47535
11,165,657,47535
11,166,1999,47535
11,167,882,47535
11,168,1028,47535
11,169,168,47535
11,170,406,47535
11,171,613,47535
11,172,408,47535
11,173,633,47535
11,174,1720,47535
11,175,3576,47535
11,176,497,47535
11,177,590,47535
11,178,5011,47535
11,179,63,47535
11,180,919,47535
11,181,998,47535
11,182,446,47535
11,183,378,47535
11,184,339,47535
11,185,25,47535
11,186,251,47535
11,187,2433,47535
11,188,74,47535
11,189,984,47535
11,190,32,47535
11,191,1242,47535
11,192,267,47535
11,193,3,47535
11,194,347,47535
11,195,753,47535
11,196,7085,47535
11,197,51,47535
11,198,337,47535
11,199,29,47535
11,200,403,47535
11,201,1345,47535
11,202,160,47535
11,203,2387,47535
11,204,26,47535
11,205,143,47535
11,206,16,47535
11,207,330,47535
11,208,1352,47535
11,209,1319,47535
11,210,39,47535
11,211,1245,47535
11,212,555,47535
11,213,476,47535
11,214,1648,47535
11,215,397,47535
11,216,760,47535
11,217,48,47535
11,218,781,47535
11,219,43,47535
11,220,282,47535
11,221,1799,47535
11,222,367,47535
11,223,69,47535
11,224,1682,47535
11,225,982,47535
11,226,2446,47535
11,227,3301,47535
11,228,246,47535
11,229,219,47535
11,230,1395,47535
11,231,1483,47535
11,232,660,47535
11,233,2208,47535
11,234,132,47535
11,235,551,47535
11,236,587,47535
11,237,670,47535
11,238,107,47535
11,239,110,47535
11,240,276,47535
11,241,354,47535
11,242,672,47535
11,243,518,47535
11,244,276,47535
11,245,981,47535
11,246,79,47535
11,247,365,47535
11,248,262,47535
11,249,115,47535
11,250,288,47535
11,251,1146,47535
11,252,526,47535
11,253,632,47535
11,254,2389,47535
11,255,872,47535
11,256,444,47535
11,257,112,47535
11,258,636,47535
11,259,1623,47535
11,260,420,47535
11,261,637,47535
11,262,1208,47535
11,263,1730,47535
11,264,384,47535
11,265,1249,47535
11,266,1043,47535
11,267,244,47535
11,268,235,47535
11,269,23,47535
11,270,291,47535
11,271,552,47535
11,272,185,47535
11,273,853,47535
11,274,44,47535
11,275,831,47535
11,276,123,47535
11,277,94,47535
11,278,120,47535
11,279,629,47535
11,280,1426,47535
11,281,202,47535
11,282,116,47535
11,283,241,47535
11,284,545,47535
11,285,1912,47535
11,286,698,47535
11,287,940,47535
11,288,305,47535
11,289,249,47535
11,290,1603,47535
11,291,723,47535
11,292,645,47535
11,293,33,47535
11,294,5484,47535
11,295,1298,47535
11,296,6,47535
11,297,858,47535
11,298,214,47535
11,299,100,47535
11,300,56,47535
11,301,193,47535
11,302,802,47535
11,303,70,47535
11,304,1486,47535
11,305,233,47535
11,306,319,47535
11,307,454,47535
11,308,752,47535
11,309,552,47535
11,310,448,47535
11,311,232,47535
11,312,4,47535
11,313,812,47535
11,314,1144,47535
11,315,502,47535
11,316,84,47535
11,317,254,47535
11,318,23,47535
11,319,341,47535
11,320,1756,47535
11,321,1029,47535
11,322,84,47535
11,323,63,47535
11,324,61,47535
11,325,466,47535
11,326,577,47535
11,327,855,47535
11,328,880,47535
11,329,1119,47535
11,330,99,47535
11,331,56,47535
11,332,1762,47535
11,333,719,47535
11,334,284,47535
11,335,34,47535
11,336,99,47535
11,337,743,47535
11,338,410,47535
11,339,276,47535
11,340,229,47535
11,341,25,47535
11,342,3,47535
11,343,3657,47535
11,344,344,47535
11,345,4602,47535
11,346,917,47535
11,347,106,47535
11,348,135,47535
11,349,1276,47535
11,350,46,47535
11,351,505,47535
11,352,425,47535
11,353,2747,47535
11,354,28,47535
11,355,893,47535
11,356,1097,47535
11,357,402,47535
11,358,164,47535
11,359,423,47535
11,360,126,47535
11,361,277,47535
11,362,395,47535
11,363,1284,47535
11,364,75,47535
11,365,461,47535
11,366,24,47535
11,367,270,47535
11,368,188,47535
11,369,1139,47535
11,370,173,47535
11,371,1516,47535
11,372,24,47535
11,373,39,47535
11,374,1549,47535
11,375,377,47535
11,376,379,47535
11,377,72,47535
11,378,58,47535
11,379,1357,47535
11,380,134,47535
11,381,150,47535
11,382,536,47535
11,383,47,47535
12,0,641,47535
12,1,299,47535
12,2,64,47535
12,3,109,47535
12,4,344,47535
12,5,940,47535
12,6,1335,47535
12,7,228,47535
12,8,164,47535
12,9,321,47535
12,10,561,47535
12,11,1106,47535
12,12,2073,47535
12,13,60,47535
12,14,557,47535
12,15,76,47535
12,16,669,47535
12,17,109,47535
12,18,822,47535
12,19,1342,47535
12,20,846,47535
12,21,3375,47535
12,22,273,47535
12,23,1491,47535
12,24,83,47535
12,25,1572,47535
12,26,144,47535
12,27,1173,47535
12,28,183,47535
12,29,438,47535
12,30,160,47535
12,31,568,47535
12,32,2418,47535
12,33,578,47535
12,34,629,47535
12,35,347,47535
12,36,1048,47535
12,37,219,47535
12,38,270,47535
12,39,419,47535
12,40,1397,47535
12,41,457,47535
12,42,966,47535
12,43,433,47535
12,44,1171,47535
12,45,150,47535
12,46,815,47535
12,47,171,47535
12,48,2319,47535
12,49,2339,47535
12,50,1015,47535
12,51,283,47535
12,52,17,47535
12,53,1289,47535
12,54,106,47535
12,55,1122,47535
12,56,84,47535
12,57,229,47535
12,58,982,47535
12,59,1375,47535
12,60,70,47535
12,61,129,47535
12,62,819,47535
12,63,250,47535
12,64,1226,47535
12,65,85,47535
12,66,856,47535
12,67,1410,47535
12,68,10,47535
12,69,322,47535
12,70,44,47535
12,71,1837,47535
12,72,786,47535
12,73,3536,47535
12,74,370,47535
12,75,672,47535
12,76,163,47535
12,77,1171,47535
12,78,186,47535
12,79,165,47535
12,80,776,47535
12,81,23,47535
12,82,38,47535
12,83,379,47535
12,84,14,47535
12,85,502,47535
12,86,392,47535
12,87,1969,47535
12,88,1004,47535
12,89,242,47535
12,90,1712,47535
12,91,638,47535
12,92,286,47535
12,93,945,47535
12,94,784,47535
12,95,1662,47535
12,96,994,47535
12,97,1968,47535
12,98,1315,47535
12,99,93,47535
12,100,1109,47535
12,101,969,47535
12,102,657,47535
12,103,241,47535
12,104,263,47535
12,105,645,47535
12,106,565,47535
12,107,384,47535
12,108,204,47535
12,109,1596,47535
12,110,390,47535
12,111,927,47535
12,112,1,47535
12,113,243,47535
12,114,177,47535
12,115,35,47535
12,116,248,47535
12,117,26,47535
12,118,732,47535
12,119,82,47535
12,120,79,47535
12,121,116,47535
12,122,6768,47535
12,123,2106,47535
12,124,1043,47535
12,125,233,47535
12,126,870,47535
12,127,387,47535
12,128,451,47535
12,129,523,47535
12,130,62,47535
12,131,987,47535
12,132,184,47535
12,133,590,47535
12,134,1223,47535
12,135,785,47535
12,136,1385,47535
12,137,277,47535
12,138,503,47535
12,139,2006,47535
12,140,153,47535
12,141,979,47535
12,142,364,47535
12,143,1362,47535
12,144,1097,47535
12,145,268,47535
12,146,183,47535
12,147,131,47535
12,148,6,47535
12,149,18,47535
12,150,198,47535
12,151,11755,47535
12,152,186,47535
12,153,315,47535
12,154,3370,47535
12,155,625,47535
12,156,629,47535
12,157,127,47535
12,158,451,47535
12,159,1645,47535
12,160,109,47535
12,161,842,47535
12,162,3700,47535
12,163,1168,47535
12,164,5,47535
12,165,831,47535
12,166,177,47535
12,167,223,47535
12,168,611,47535
12,169,565,47535
12,170,62,47535
12,171,1122,47535
12,172,22,47535
12,173,247,47535
12,174,267,47535
12,175,131,47535
12,176,1055,47535
12,177,58,47535
12,178,45,47535
12,179,427,47535
12,180,1259,47535
12,181,548,47535
12,182,385,47535
12,183,489,47535
12,184,45,47535
12,185,128,47535
12,186,497,47535
12,187,441,47535
12,188,57,47535
12,189,888,47535
12,190,129,47535
12,191,118,47535
12,192,696,47535
12,193,29,47535
12,194,2625,47535
12,195,326,47535
12,196,508,47535
12,197,13,47535
12,198,531,47535
12,199,188,47535
12,200,457,47535
12,201,2347,47535
12,202,407,47535
12,203,1,47535
12,204,27,47535
12,205,126,47535
12,206,1024,47535
12,207,3006,47535
12,208,969,47535
12,209,1321,47535
12,210,394,47535
12,211,238,47535
12,212,533,47535
12,213,804,47535
12,214,712,47535
12,215,655,47535
12,216,221,47535
12,217,931,47535
12,218,346,47535
12,219,680,47535
12,220,91,47535
12,221,1119,47535
12,222,443,47535
12,223,1106,47535
12,224,1817,47535
12,225,1777,47535
12,226,61,47535
12,227,112,47535
12,228,126,47535
12,229,2035,47535
12,230,1309,47535
12,231,91,47535
12,232,252,47535
12,233,404,47535
12,234,161,47535
12,235,484,47535
12,236,287,47535
12,237,58,47535
12,238,927,47535
12,239,270,47535
12,240,787,47535
12,241,249,47535
12,242,462,47535
12,243,718,47535
12,244,96,47535
12,245,23,47535
12,246,453,47535
12,247,1188,47535
12,248,1433,47535
12,249,687,47535
12,250,200,47535
12,251,650,47535
12,252,1197,47535
12,253,1474,47535
12,254,2291,47535
12,255,1144,47535
12,256,79,47535
12,257,132,47535
12,258,140,47535
12,259,140,47535
12,260,185,47535
12,261,6341,47535
12,262,417,47535
12,263,549,47535
12,264,290,47535
12,265,470,47535
12,266,310,47535
12,267,1432,47535
12,268,45,47535
12,269,382,47535
12,270,726,47535
12,271,265,47535
12,272,967,47535
12,273,119,47535
12,274,110,47535
12,275,1143,47535
12,276,294,47535
12,277,448,47535
12,278,839,47535
12,279,2070,47535
12,280,1283,47535
12,281,146,47535
12,282,272,47535
12,283,1574,47535
12,284,263,47535
12,285,665,47535
12,286,235,47535
12,287,1497,47535
12,288,192,47535
12,289,73,47535
12,290,176,47535
12,291,628,47535
12,292,298,47535
12,293,927,47535
12,294,141,47535
12,295,876,47535
12,296,3671,47535
12,297,15,47535
12,298,409,47535
12,299,1077,47535
12,300,579,47535
12,301,426,47535
12,302,819,47535
12,303,442,47535
12,304,73,47535
12,305,181,47535
12,306,1071,47535
12,307,328,47535
12,308,1182,47535
12,309,22,47535
12,310,2141,47535
12,311,493,47535
12,312,348,47535
12,313,175,47535
12,314,333,47535
12,315,84,47535
12,316,1637,47535
12,317,697,47535
12,318,1255,47535
12,319,920,47535
12,320,609,47535
12,321,1248,47535
12,322,114,47535
12,323,183,47535
12,324,835,47535
12,325,53,47535
12,326,1112,47535
12,327,708,47535
12,328,2282,47535
12,329,1162,47535
12,330,289,47535
12,331,649,47535
12,332,264,47535
12,333,167,47535
12,334,1559,47535
12,335,657,47535
12,336,1479,47535
12,337,716,47535
12,338,444,47535
12,339,571,47535
12,340,2486,47535
12,341,533,47535
12,342,97,47535
12,343,416,47535
12,344,125,47535
12,345,1476,47535
12,346,7,47535
12,347,183,47535
12,348,1604,47535
12,349,481,47535
12,350,230,47535
12,351,31,47535
12,352,184,47535
12,353,103,47535
12,354,204,47535
12,355,19,47535
12,356,63,47535
12,357,44,47535
12,358,259,47535
12,359,398,47535
12,360,732,47535
12,361,819,47535
12,362,410,47535
12,363,913,47535
12,364,229,47535
12,365,70,47535
12,366,2523,47535
12,367,124,47535
12,368,450,47535
12,369,1960,47535
12,370,146,47535
12,371,14,47535
12,372,55,47535
12,373,2048,47535
12,374,679,47535
12,375,149,47535
12,376,2817,47535
12,377,537,47535
12,378,63,47535
12,379,619,47535
12,380,1653,47535
12,381,1297,47535
12,382,1035,47535
12,383,5008,47535
13,0,791,47535
13,1,1024,47535
13,2,412,47535
13,3,1867,47535
13,4,428,47535
13,5,361,47535
13,6,715,47535
13,7,195,47535
13,8,890,47535
13,9,64,47535
13,10,3139,47535
13,11,947,47535
13,12,160,47535
13,13,243,47535
13,14,1109,47535
13,15,782,47535
13,16,226,47535
13,17,54,47535
13,18,1536,47535
13,19,3050,47535
13,20,755,47535
13,21,500,47535
13,22,1456,47535
13,23,612,47535
13,24,366,47535
13,25,16,47535
13,26,1259,47535
13,27,211,47535
13,28,1368,47535
13,29,242,47535
13,30,60,47535
13,31,177,47535
13,32,146,47535
13,33,627,47535
13,34,626,47535
13,35,480,47535
13,36,719,47535
13,37,233,47535
13,38,1914,47535
13,39,407,47535
13,40,1102,47535
13,41,278,47535
13,42,1567,47535
13,43,288,47535
13,44,625,47535
13,45,495,47535
13,46,575,47535
13,47,692,47535
13,48,107,47535
13,49,90,47535
13,50,698,47535
13,51,579,47535
13,52,70,47535
13,53,266,47535
13,54,1160,47535
13,55,128,47535
13,56,236,47535
13,57,842,47535
13,58,1249,47535
13,59,919,47535
13,60,186,47535
13,61,360,47535
13,62,119,47535
13,63,1144,47535
13,64,330,47535
13,65,282,47535
13,66,1330,47535
13,67,435,47535
13,68,33,47535
13,69,493,47535
13,70,569,47535
13,71,1294,47535
13,72,42,47535
13,73,1184,47535
13,74,232,47535
13,75,664,47535
13,76,659,47535
13,77,894,47535
13,78,1186,47535
13,79,613,47535
13,80,26,47535
13,81,564,47535
13,82,546,47535
13,83,3448,47535
13,84,327,47535
13,85,53,47535
13,86,657,47535
13,87,1269,47535
13,88,626,47535
13,89,614,47535
13,90,372,47535
13,91,193,47535
13,92,840,47535
13,93,228,47535
13,94,848,47535
13,95,928,47535
13,96,472,47535
13,97,79,47535
13,98,279,47535
13,99,360,47535
13,100,18,47535
13,101,69,47535
13,102,187,47535
13,103,613,47535
13,104,540,47535
13,105,303,47535
13,106,704,47535
13,107,106,47535
13,108,81,47535
13,109,935,47535
13,110,47,47535
13,111,392,47535
13,112,391,47535
13,113,452,47535
13,114,1060,47535
13,115,430,47535
13,116,247,47535
13,117,30,47535
13,118,504,47535
13,119,4,47535
13,120,306,47535
13,121,3313,47535
13,122,196,47535
13,123,1472,47535
13,124,805,47535
13,125,617,47535
13,126,120,47535
13,127,542,47535
13,128,351,47535
13,129,746,47535
13,130,62,47535
13,131,830,47535
13,132,837,47535
13,133,35,47535
13,134,417,47535
13,135,39,47535
13,136,571,47535
13,137,1302,47535
13,138,17,47535
13,139,2456,47535
13,140,779,47535
13,141,76,47535
13,142,456,47535
13,143,1988,47535
13,144,49,47535
13,145,609,47535
13,146,24,47535
13,147,312,47535
13,148,6369,47535
13,149,116,47535
13,150,771,47535
13,151,918,47535
13,152,753,47535
13,153,1151,47535
13,154,604,47535
13,155,28,47535
13,156,110,47535
13,157,3374,47535
13,158,214,47535
13,159,930,47535
13,160,349,47535
13,161,341,47535
13,162,67,47535
13,163,100,47535
13,164,197,47535
13,165,227,47535
13,166,1368,47535
13,167,374,47535
13,168,271,47535
13,169,450,47535
13,170,83,47535
13,171,61,47535
13,172,433,47535
13,173,200,47535
13,174,1933,47535
13,175,1625,47535
13,176,334,47535
13,177,543,47535
13,178,246,47535
13,179,65,47535
13,180,794,47535
13,181,246,47535
13,182,2701,47535
13,183,37,47535
13,184,553,47535
13,185,51,47535
13,186,25,47535
13,187,196,47535
13,188,2846,47535
13,189,83,47535
13,190,276,47535
13,191,611,47535
13,192,532,47535
13,193,744,47535
13,194,356,47535
13,195,991,47535
13,196,202,47535
13,197,661,47535
13,198,142,47535
13,199,416,47535
13,200,65,47535
13,201,1508,47535
13,202,193,47535
13,203,1199,47535
13,204,944,47535
13,205,552,47535
13,206,993,47535
13,207,1488,47535
13,208,178,47535
13,209,410,47535
13,210,1212,47535
13,211,375,47535
13,212,1010,47535
13,213,283,47535
13,214,290,47535
13,215,626,47535
13,216,101,47535
13,217,165,47535
13,218,1618,47535
13,219,336,47535
13,220,825,47535
13,221,6691,47535
13,222,1046,47535
13,223,788,47535
13,224,2060,47535
13,225,396,47535
13,226,1194,47535
13,227,635,47535
13,228,800,47535
13,229,638,47535
13,230,109,47535
13,231,251,47535
13,232,576,47535
13,233,23,47535
13,234,3741,47535
13,235,2609,47535
13,236,869,47535
13,237,987,47535
13,238,84,47535
13,239,241,47535
13,240,139,47535
13,241,847,47535
13,242,878,47535
13,243,645,47535
13,244,61,47535
13,245,614,47535
13,246,847,47535
13,247,730,47535
13,248,2198,47535
13,249,748,47535
13,250,44,47535
13,251,631,47535
13,252,550,47535
13,253,762,47535
13,254,577,47535
13,255,811,47535
13,256,59,47535
13,257,72,47535
13,258,2871,47535
13,259,337,47535
13,260,1213,47535
13,261,688,47535
13,262,2112,47535
13,263,746,47535
13,264,258,47535
13,265,563,47535
13,266,3621,47535
13,267,364,47535
13,268,97,47535
13,269,485,47535
13,270,25,47535
13,271,782,47535
13,272,1552,47535
13,273,902,47535
13,274,1306,47535
13,275,249,47535
13,276,267,47535
13,277,1284,47535
13,278,1506,47535
13,279,579,47535
13,280,611,47535
13,281,2294,47535
13,282,7600,47535
13,283,782,47535
13,284,67,47535
13,285,2181,47535
13,286,309,47535
13,287,825,47535
13,288,115,47535
13,289,184,47535
13,290,108,47535
13,291,648,47535
13,292,996,47535
13,293,3822,47535
13,294,41,47535
13,295,833,47535
13,296,4344,47535
13,297,1121,47535
13,298,1039,47535
13,299,45,47535
13,300,487,47535
13,301,65,47535
13,302,57,47535
13,303,280,47535
13,304,116,47535
13,305,978,47535
13,306,569,47535
13,307,488,47535
13,308,355,47535
13,309,948,47535
13,310,458,47535
13,311,115,47535
13,312,315,47535
13,313,988,47535
13,314,335,47535
13,315,581,47535
13,316,497,47535
13,317,9,47535
13,318,953,47535
13,319,177,47535
13,320,19,47535
13,321,225,47535
13,322,296,47535
13,323,669,47535
13,324,733,47535
13,325,191,47535
13,326,703,47535
13,327,643,47535
13,328,221,47535
13,329,324,47535
13,330,80,47535
13,331,505,47535
13,332,286,47535
13,333,136,47535
13,334,316,47535
13,335,801,47535
13,336,1262,47535
13,337,480,47535
13,338,1472,47535
13,339,127,47535
13,340,470,47535
13,341,130,47535
13,342,581,47535
13,343,13,47535
13,344,1137,47535
13,345,1346,47535
13,346,996,47535
13,347,29,47535
13,348,593,47535
13,349,46,47535
13,350,10,47535
13,351,141,47535
13,352,296,47535
13,353,5510,47535
13,354,457,47535
13,355,236,47535
13,356,1160,47535
13,357,245,47535
13,358,1003,47535
13,359,409,47535
13,360,536,47535
13,361,575,47535
13,362,38,47535
13,363,360,47535
13,364,271,47535
13,365,17,47535
13,366,307,47535
13,367,859,47535
13,368,1261,47535
13,369,397,47535
13,370,1326,47535
13,371,665,47535
13,372,991,47535
13,373,669,47535
13,374,1564,47535
13,375,84,47535
13,376,2786,47535
13,377,8509,47535
13,378,87,47535
13,379,36,47535
13,380,443,47535
13,381,289,47535
13,382,466,47535
13,383,93,47535
14,0,277,47535
14,1,5472,47535
14,2,408,47535
14,3,732,47535
14,4,107,47535
14,5,290,47535
14,6,565,47535
14,7,263,47535
14,8,173,47535
14,9,28,47535
14,10,754,47535
14,11,639,47535
14,12,247,47535
14,13,121,47535
14,14,417,47535
14,15,29,47535
14,16,1337,47535
14,17,496,47535
14,18,1431,47535
14,19,530,47535
14,20,1028,47535
14,21,145,47535
14,22,1639,47535
14,23,234,47535
14,24,223,47535
14,25,282,47535
14,26,535,47535
14,27,457,47535
14,28,588,47535
14,29,1292,47535
14,30,1730,47535
14,31,736,47535
14,32,1070,47535
14,33,486,47535
14,34,146,47535
14,35,121,47535
14,36,691,47535
14,37,1198,47535
14,38,81,47535
14,39,118,47535
14,40,1070,47535
14,41,324,47535
14,42,102,47535
14,43,381,47535
14,44,75,47535
14,45,1167,47535
14,46,530,47535
14,47,495,47535
14,48,933,47535
14,49,95,47535
14,50,760,47535
14,51,1282,47535
14,52,70,47535
14,53,71,47535
14,54,191,47535
14,55,43,47535
14,56,580,47535
14,57,793,47535
14,58,478,47535
14,59,660,47535
14,60,214,47535
14,61,252,47535
14,62,440,47535
14,63,533,47535
14,64,6115,47535
14,65,276,47535
14,66,18,47535
14,67,602,47535
14,68,57,47535
14,69,97,47535
14,70,3962,47535
14,71,486,47535
14,72,1017,47535
14,73,113,47535
14,74,186,47535
14,75,196,47535
14,76,421,47535
14,77,201,47535
14,78,647,47535
14,79,184,47535
14,80,1875,47535
14,81,41,47535
14,82,233,47535
14,83,407,47535
14,84,1075,47535
14,85,1070,47535
14,86,38,47535
14,87,86,47535
14,88,4442,47535
14,89,188,47535
14,90,584,47535
14,91,306,47535
14,92,332,47535
14,93,582,47535
14,94,116,47535
14,95,126,47535
14,96,517,47535
14,97,329,47535
14,98,310,47535
14,99,420,47535
14,100,275,47535
14,101,229,47535
14,102,223,47535
14,103,329,47535
14,104,298,47535
14,105,15,47535
14,106,579,47535
14,107,399,47535
14,108,101,47535
14,109,693,47535
14,110,342,47535
14,111,9,47535
14,112,261,47535
14,113,351,47535
14,114,338,47535
14,115,37,47535
14,116,2343,47535
14,117,859,47535
14,118,516,47535
14,119,38,47535
14,120,11,47535
14,121,450,47535
14,122,702,47535
14,123,140,47535
14,124,183,47535
14,125,127,47535
14,126,445,47535
14,127,860,47535
14,128,652,47535
14,129,800,47535
14,130,725,47535
14,131,335,47535
14,132,433,47535
14,133,37,47535
14,134,505,47535
14,135,4310,47535
14,136,54,47535
14,137,2621,47535
14,138,335,47535
14,139,893,47535
14,140,804,47535
14,141,715,47535
14,142,91,47535
14,143,124,47535
14,144,66,47535
14,145,544,47535
14,146,11047,47535
14,147,568,47535
14,148,123,47535
14,149,866,47535
14,150,73,47535
14,151,195,47535
14,152,1151,47535
14,153,616,47535
14,154,26,47535
14,155,80,47535
14,156,399,47535
14,157,1580,47535
14,158,357,47535
14,159,533,47535
14,160,890,47535
14,161,515,47535
14,162,1120,47535
14,163,142,47535
14,164,398,47535
14,165,1774,47535
14,166,75,47535
14,167,635,47535
14,168,659,47535
14,169,1801,47535
14,170,587,47535
14,171,370,47535
14,172,629,47535
14,173,152,47535
14,174,75,47535
14,175,160,47535
14,176,1005,47535
14,177,99,47535
14,178,41,47535
14,179,270,47535
14,180,470,47535
14,181,725,47535
14,182,2512,47535
14,183,292,47535
14,184,141,47535
14,185,589,47535
14,186,63,47535
14,187,214,47535
14,188,66,47535
14,189,303,47535
14,190,190,47535
14,191,119,47535
14,192,220,47535
14,193,834,47535
14,194,462,47535
14,195,595,47535
14,196,55,47535
14,197,927,47535
14,198,301,47535
14,199,1316,47535
14,200,222,47535
14,201,1138,47535
14,202,1355,47535
14,203,191,47535
14,204,741,47535
14,205,3,47535
14,206,85,47535
14,207,616,47535
14,208,159,47535
14,209,69,47535
14,210,1722,47535
14,211,26,47535
14,212,1186,47535
14,213,715,47535
14,214,909,47535
14,215,120,47535
14,216,3469,47535
14,217,1440,47535
14,218,355,47535
14,219,158,47535
14,220,70,47535
14,221,1508,47535
14,222,120,47535
14,223,712,47535
14,224,58,47535
14,225,450,47535
14,226,2104,47535
14,227,203,47535
14,228,877,47535
14,229,77,47535
14,230,97,47535
14,231,4606,47535
14,232,793,47535
14,233,1882,47535
14,234,601,47535
14,235,3613,47535
14,236,281,47535
14,237,69,47535
14,238,543,47535
14,239,1534,47535
14,240,330,47535
14,241,496,47535
14,242,457,47535
14,243,738,47535
14,244,436,47535
14,245,878,47535
14,246,29,47535
14,247,166,47535
14,248,676,47535
14,249,4653,47535
14,250,894,47535
14,251,2080,47535
14,252,932,47535
14,253,173,47535
14,254,1023,47535
14,255,1163,47535
14,256,1814,47535
14,257,99,47535
14,258,423,47535
14,259,1614,47535
14,260,91,47535
14,261,459,47535
14,262,1421,47535
14,263,415,47535
14,264,8,47535
14,265,621,47535
14,266,24,47535
14,267,514,47535
14,268,185,47535
14,269,53,47535
14,270,425,47535
14,271,27,47535
14,272,12,47535
14,273,2699,47535
14,274,310,47535
14,275,224,47535
14,276,462,47535
14,277,289,47535
14,278,714,47535
14,279,380,47535
14,280,518,47535
14,281,152,47535
14,282,233,47535
14,283,1066,47535
14,284,155,47535
14,285,5,47535
14,286,55,47535
14,287,369,47535
14,288,708,47535
14,289,1383,47535
14,290,78,47535
14,291,2563,47535
14,292,1047,47535
14,293,267,47535
14,294,186,47535
14,295,2108,47535
14,296,19,47535
14,297,210,47535
14,298,21,47535
14,299,1355,47535
14,300,76,47535
14,301,230,47535
14,302,416,47535
14,303,798,47535
14,304,868,47535
14,305,620,47535
14,306,586,47535
14,307,901,47535
14,308,713,47535
14,309,37,47535
14,310,1039,47535
14,311,80,47535
14,312,49,47535
14,313,674,47535
14,314,243,47535
14,315,758,47535
14,316,110,47535
14,317,1424,47535
14,318,600,47535
14,319,85,47535
14,320,1420,47535
14,321,872,47535
14,322,377,47535
14,323,1165,47535
14,324,310,47535
14,325,787,47535
14,326,8,47535
14,327,187,47535
14,328,552,47535
14,329,268,47535
14,330,1170,47535
14,331,1133,47535
14,332,712,47535
14,333,126,47535
14,334,492,47535
14,335,717,47535
14,336,45,47535
14,337,2877,47535
14,338,15,47535
14,339,109,47535
14,340,513,47535
14,341,162,47535
14,342,171,47535
14,343,921,47535
14,344,28,47535
14,345,742,47535
14,346,2548,47535
14,347,136,47535
14,348,54,47535
14,349,2146,47535
14,350,1099,47535
14,351,52,47535
14,352,1210,47535
14,353,1167,47535
14,354,1442,47535
14,355,605,47535
14,356,30,47535
14,357,1036,47535
14,358,4829,47535
14,359,1014,47535
14,360,836,47535
14,361,1501,47535
14,362,72,47535
14,363,466,47535
14,364,272,47535
14,365,1201,47535
14,366,592,47535
14,367,481,47535
14,368,4401,47535
14,369,184,47535
14,370,205,47535
14,371,5055,47535
14,372,176,47535
14,373,1361,47535
14,374,16,47535
14,375,9284,47535
14,376,1139,47535
14,377,385,47535
14,378,545,47535
14,379,1997,47535
14,380,2193,47535
14,381,770,47535
14,382,643,47535
14,383,1187,47535
15,0,2012,47535
15,1,677,47535
15,2,281,47535
15,3,579,47535
15,4,4379,47535
15,5,271,47535
15,6,667,47535
15,7,621,47535
15,8,2043,47535
15,9,374,47535
15,10,44,47535
15,11,362,47535
15,12,404,47535
15,13,243,47535
15,14,459,47535
15,15,1357,47535
15,16,1148,47535
15,17,330,47535
15,18,555,47535
15,19,1318,47535
15,20,592,47535
15,21,800,47535
15,22,498,47535
15,23,2285,47535
15,24,2,47535
15,25,1161,47535
15,26,2230,47535
15,27,747,47535
15,28,579,47535
15,29,124,47535
15,30,60,47535
15,31,163,47535
15,32,212,47535
15,33,1176,47535
15,34,310,47535
15,35,362,47535
15,36,426,47535
15,37,201,47535
15,38,898,47535
15,39,291,47535
15,40,1355,47535
15,41,77,47535
15,42,970,47535
15,43,768,47535
15,44,860,47535
15,45,606,47535
15,46,3160,47535
15,47,100,47535
15,48,129,47535
15,49,510,47535
15,50,842,47535
15,51,1649,47535
15,52,291,47535
15,53,73,47535
15,54,353,47535
15,55,18,47535
15,56,91,47535
15,57,525,47535
15,58,531,47535
15,59,335,47535
15,60,301,47535
15,61,7124,47535
15,62,627,47535
15,63,188,47535
15,64,35,47535
15,65,672,47535
15,66,4192,47535
15,67,227,47535
15,68,237,47535
15,69,2129,47535
15,70,898,47535
15,71,27,47535
15,72,184,47535
15,73,820,47535
15,74,566,47535
15,75,546,47535
15,76,987,47535
15,77,18,47535
15,78,164,47535
15,79,1603,47535
15,80,251,47535
15,81,317,47535
15,82,391,47535
15,83,2131,47535
15,84,130,47535
15,85,943,47535
15,86,679,47535
15,87,1146,47535
15,88,505,47535
15,89,954,47535
15,90,634,47535
15,91,1049,47535
15,92,448,47535
15,93,1050,47535
15,94,77,47535
15,95,1007,47535
15,96,290,47535
15,97,250,47535
15,98,360,47535
15,99,1228,47535
15,100,817,47535
15,101,28,47535
15,102,1126,47535
15,103,847,47535
15,104,475,47535
15,105,63,47535
15,106,3266,47535
15,107,49,47535
15,108,46,47535
15,109,262,47535
15,110,569,47535
15,111,1044,47535
15,112,540,47535
15,113,922,47535
15,114,250,47535
15,115,488,47535
15,116,208,47535
15,117,308,47535
15,118,941,47535
15,119,1000,47535
15,120,48,47535
15,121,612,47535
15,122,399,47535
15,123,983,47535
15,124,612,47535
15,125,443,47535
15,126,465,47535
15,127,0,47535
15,128,18,47535
15,129,1765,47535
15,130,572,47535
15,131,616,47535
15,132,137,47535
15,133,3353,47535
15,134,531,47535
15,135,209,47535
15,136,1025,47535
15,137,1888,47535
15,138,248,47535
15,139,986,47535
15,140,564,47535
15,141,815,47535
15,142,95,47535
15,143,911,47535
15,144,558,47535
15,145,329,47535
15,146,2404,47535
15,147,60,47535
15,148,901,47535
15,149,104,47535
15,150,2380,47535
15,151,368,47535
15,152,535,47535
15,153,264,47535
15,154,1221,47535
15,155,357,47535
15,156,190,47535
15,157,445,47535
15,158,428,47535
15,159,664,47535
15,160,456,47535
15,161,353,47535
15,162,933,47535
15,163,111,47535
15,164,357,47535
15,165,6783,47535
15,166,522,47535
15,167,1410,47535
15,168,823,47535
15,169,549,47535
15,170,995,47535
15,171,553,47535
15,172,2088,47535
15,173,20,47535
15,174,644,47535
15,175,135,47535
15,176,578,47535
15,177,2407,47535
15,178,949,47535
15,179,338,47535
15,180,492,47535
15,181,75,47535
15,182,259,47535
15,183,48,47535
15,184,552,47535
15,185,285,47535
15,186,812,47535
15,187,790,47535
15,188,603,47535
15,189,441,47535
15,190,218,47535
15,191,37,47535
15,192,2572,47535
15,193,703,47535
15,194,511,47535
15,195,1876,47535
15,196,912,47535
15,197,1036,47535
15,198,523,47535
15,199,540,47535
15,200,6740,47535
15,201,325,47535
15,202,471,47535
15,203,86,47535
15,204,9,47535
15,205,394,47535
15,206,1055,47535
15,207,595,47535
15,208,797,47535
15,209,403,47535
15,210,845,47535
15,211,566,47535
15,212,778,47535
15,213,1165,47535
15,214,433,47535
15,215,1831,47535
15,216,473,47535
15,217,85,47535
15,218,341,47535
15,219,623,47535
15,220,582,47535
15,221,1058,47535
15,222,1402,47535
15,223,895,47535
15,224,251,47535
15,225,75,47535
15,226,640,47535
15,227,346,47535
15,228,407,47535
15,229,867,47535
15,230,65,47535
15,231,409,47535
15,232,613,47535
15,233,246,47535
15,234,66,47535
15,235,973,47535
15,236,597,47535
15,237,519,47535
15,238,52,47535
15,239,365,47535
15,240,55,47535
15,241,730,47535
15,242,804,47535
15,243,361,47535
15,244,29,47535
15,245,531,47535
15,246,892,47535
15,247,67,47535
15,248,646,47535
15,249,85,47535
15,250,818,47535
15,251,370,47535
15,252,918,47535
15,253,20,47535
15,254,424,47535
15,255,469,47535
15,256,220,47535
15,257,592,47535
15,258,504,47535
15,259,494,47535
15,260,39,47535
15,261,424,47535
15,262,278,47535
15,263,27,47535
15,264,42,47535
15,265,127,47535
15,266,314,47535
15,267,990,47535
15,268,1120,47535
15,269,404,47535
15,270,648,47535
15,271,1348,47535
15,272,3285,47535
15,273,197,47535
15,274,561,47535
15,275,200,47535
15,276,492,47535
15,277,9,47535
15,278,3,47535
15,279,16,47535
15,280,630,47535
15,281,947,47535
15,282,183,47535
15,283,893,47535
15,284,319,47535
15,285,150,47535
15,286,37,47535
15,287,2404,47535
15,288,750,47535
15,289,416,47535
15,290,12,47535
15,291,1174,47535
15,292,1929,47535
15,293,466,47535
15,294,1148,47535
15,295,93,47535
15,296,148,47535
15,297,836,47535
15,298,600,47535
15,299,1175,47535
15,300,99,47535
15,301,684,47535
15,302,565,47535
15,303,4070,47535
15,304,1994,47535
15,305,389,47535
15,306,205,47535
15,307,1363,47535
15,308,391,47535
15,309,569,47535
15,310,763,47535
15,311,65,47535
15,312,991,47535
15,313,565,47535
15,314,567,47535
15,315,166,47535
15,316,754,47535
15,317,612,47535
15,318,399,47535
15,319,609,47535
15,320,265,47535
15,321,1331,47535
15,322,532,47535
15,323,325,47535
15,324,1359,47535
15,325,293,47535
15,326,2266,47535
15,327,453,47535
15,328,948,47535
15,329,408,47535
15,330,447,47535
15,331,723,47535
15,332,937,47535
15,333,262,47535
15,334,1711,47535
15,335,121,47535
15,336,498,47535
15,337,920,47535
15,338,110,47535
15,339,358,47535
15,340,3,47535
15,341,990,47535
15,342,613,47535
15,343,205,47535
15,344,356,47535
15,345,374,47535
15,346,673,47535
15,347,241,47535
15,348,833,47535
15,349,719,47535
15,350,238,47535
15,351,4191,47535
15,352,1676,47535
15,353,143,47535
15,354,488,47535
15,355,521,47535
15,356,3985,47535
15,357,405,47535
15,358,266,47535
15,359,1181,47535
15,360,751,47535
15,361,865,47535
15,362,230,47535
15,363,599,47535
15,364,131,47535
15,365,527,47535
15,366,157,47535
15,367,2552,47535
15,368,837,47535
15,369,5019,47535
15,370,332,47535
15,371,366,47535
15,372,451,47535
15,373,391,47535
15,374,618,47535
15,375,625,47535
15,376,57,47535
15,377,332,47535
15,378,564,47535
15,379,507,47535
15,380,61,47535
15,381,228,47535
15,382,804,47535
15,383,1802,47535
16,0,1135,47535
16,1,599,47535
16,2,715,47535
16,3,2603,47535
16,4,315,47535
16,5,438,47535
16,6,2163,47535
16,7,33,47535
16,8,1375,47535
16,9,226,47535
16,10,1230,47535
16,11,497,47535
16,12,29,47535
16,13,27,47535
16,14,33,47535
16,15,161,47535
16,16,20,47535
16,17,705,47535
16,18,1108,47535
16,19,160,47535
16,20,6777,47535
16,21,2036,47535
16,22,856,47535
16,23,124,47535
16,24,216,47535
16,25,2924,47535
16,26,1137,47535
16,27,719,47535
16,28,1144,47535
16,29,665,47535
16,30,908,47535
16,31,71,47535
16,32,230,47535
16,33,188,47535
16,34,448,47535
16,35,354,47535
16,36,201,47535
16,37,183,47535
16,38,108,47535
16,39,511,47535
16,40,685,47535
16,41,1703,47535
16,42,82,47535
16,43,791,47535
16,44,2,47535
16,45,114,47535
16,46,1300,47535
16,47,462,47535
16,48,2395,47535
16,49,87,47535
16,50,174,47535
16,51,760,47535
16,52,442,47535
16,53,42,47535
16,54,1295,47535
16,55,477,47535
16,56,541,47535
16,57,0,47535
16,58,148,47535
16,59,89,47535
16,60,678,47535
16,61,391,47535
16,62,1551,47535
16,63,25,47535
16,64,1128,47535
16,65,97,47535
16,66,1262,47535
16,67,115,47535
16,68,698,47535
16,69,108,47535
16,70,3988,47535
16,71,282,47535
16,72,1219,47535
16,73,1092,47535
16,74,880,47535
16,75,61,47535
16,76,69,47535
16,77,1176,47535
16,78,965,47535
16,79,433,47535
16,80,196,47535
16,81,441,47535
16,82,294,47535
16,83,174,47535
16,84,875,47535
16,85,697,47535
16,86,2844,47535
16,87,14,47535
16,88,719,47535
16,89,1977,47535
16,90,295,47535
16,91,165,47535
16,92,25,47535
16,93,262,47535
16,94,176,47535
16,95,195,47535
16,96,394,47535
16,97,4671,47535
16,98,840,47535
16,99,420,47535
16,100,794,47535
16,101,230,47535
16,102,513,47535
16,103,326,47535
16,104,70,47535
16,105,183,47535
16,106,107,47535
16,107,248,47535
16,108,892,47535
16,109,3409,47535
16,110,537,47535
16,111,3155,47535
16,112,21,47535
16,113,300,47535
16,114,40,47535
16,115,674,47535
16,116,676,47535
16,117,3617,47535
16,118,179,47535
16,119,837,47535
16,120,1298,47535
16,121,26,47535
16,122,1922,47535
16,123,523,47535
16,124,789,47535
16,125,300,47535
16,126,525,47535
16,127,165,47535
16,128,521,47535
16,129,82,47535
16,130,1055,47535
16,131,73,47535
16,132,201,47535
16,133,658,47535
16,134,272,47535
16,135,11,47535
16,136,789,47535
16,137,900,47535
16,138,88,47535
16,139,1966,47535
16,140,244,47535
16,141,35,47535
16,142,1453,47535
16,143,52,47535
16,144,95,47535
16,145,1,47535
16,146,1148,47535
16,147,751,47535
16,148,25,47535
16,149,1645,47535
16,150,233,47535
16,151,63,47535
16,152,715,47535
16,153,27,47535
16,154,27,47535
16,155,14,47535
16,156,209,47535
16,157,755,47535
16,158,5,47535
16,159,20,47535
16,160,1671,47535
16,161,1272,47535
16,162,346,47535
16,163,5173,47535
16,164,201,47535
16,165,115,47535
16,166,1099,47535
16,167,439,47535
16,168,5,47535
16,169,213,47535
16,170,192,47535
16,171,119,47535
16,172,1474,47535
16,173,400,47535
16,174,317,47535
16,175,145,47535
16,176,656,47535
16,177,1006,47535
16,178,1104,47535
16,179,1522,47535
16,180,82,47535
16,181,317,47535
16,182,23,47535
16,183,181,47535
16,184,456,47535
16,185,941,47535
16,186,406,47535
16,187,306,47535
16,188,26,47535
16,189,1178,47535
16,190,320,47535
16,191,2920,47535
16,192,1405,47535
16,193,184,47535
16,194,215,47535
16,195,339,47535
16,196,105,47535
16,197,250,47535
16,198,182,47535
16,199,475,47535
16,200,337,47535
16,201,174,47535
16,202,2821,47535
16,203,879,47535
16,204,1693,47535
16,205,98,47535
16,206,1246,47535
16,207,20,47535
16,208,267,47535
16,209,1591,47535
16,210,2323,47535
16,211,1120,47535
16,212,2962,47535
16,213,61,47535
16,214,84,47535
16,215,22,47535
16,216,742,47535
16,217,356,47535
16,218,117,47535
16,219,959,47535
16,220,159,47535
16,221,28,47535
16,222,174,47535
16,223,5268,47535
16,224,202,47535
16,225,88,47535
16,226,1035,47535
16,227,12,47535
16,228,1006,47535
16,229,148,47535
16,230,240,47535
16,231,748,47535
16,232,316,47535
16,233,43,47535
16,234,633,47535
16,235,94,47535
16,236,119,47535
16,237,1732,47535
16,238,647,47535
16,239,4912,47535
16,240,31,47535
16,241,92,47535
16,242,481,47535
16,243,550,47535
16,244,137,47535
16,245,4735,47535
16,246,62,47535
16,247,410,47535
16,248,889,47535
16,249,16,47535
16,250,130,47535
16,251,41,47535
16,252,1282,47535
16,253,121,47535
16,254,125,47535
16,255,120,47535
16,256,236,47535
16,257,212,47535
16,258,43,47535
16,259,43,47535
16,260,87,47535
16,261,320,47535
16,262,902,47535
16,263,6530,47535
16,264,159,47535
16,265,3924,47535
16,266,97,47535
16,267,852,47535
16,268,894,47535
16,269,614,47535
16,270,64,47535
16,271,45,47535
16,272,55,47535
16,273,160,47535
16,274,60,47535
16,275,451,47535
16,276,7,47535
16,277,21,47535
16,278,191,47535
16,279,741,47535
16,280,1076,47535
16,281,329,47535
16,282,100,47535
16,283,622,47535
16,284,382,47535
16,285,57,47535
16,286,937,47535
16,287,43,47535
16,288,912,47535
16,289,431,47535
16,290,121,47535
16,291,287,47535
16,292,35,47535
16,293,1198,47535
16,294,1117,47535
16,295,162,47535
16,296,43,47535
16,297,263,47535
16,298,4,47535
16,299,978,47535
16,300,5456,47535
16,301,112,47535
16,302,376,47535
16,303,3,47535
16,304,8424,47535
16,305,316,47535
16,306,206,47535
16,307,348,47535
16,308,859,47535
16,309,1583,47535
16,310,101,47535
16,311,177,47535
16,312,1667,47535
16,313,461,47535
16,314,686,47535
16,315,4,47535
16,316,4,47535
16,317,162,47535
16,318,563,47535
16,319,1111,47535
16,320,9,47535
16,321,288,47535
16,322,344,47535
16,323,775,47535
16,324,272,47535
16,325,363,47535
16,326,17,47535
16,327,219,47535
16,328,669,47535
16,329,551,47535
16,330,130,47535
16,331,2197,47535
16,332,3779,47535
16,333,602,47535
16,334,3250,47535
16,335,236,47535
16,336,1866,47535
16,337,724,47535
16,338,258,47535
16,339,683,47535
16,340,51,47535
16,341,55,47535
16,342,135,47535
16,343,1335,47535
16,344,1298,47535
16,345,585,47535
16,346,227,47535
16,347,578,47535
16,348,97,47535
16,349,1415,47535
16,350,615,47535
16,351,47,47535
16,352,5944,47535
16,353,106,47535
16,354,1059,47535
16,355,601,47535
16,356,398,47535
16,357,515,47535
16,358,56,47535
16,359,501,47535
16,360,193,47535
16,361,237,47535
16,362,306,47535
16,363,76,47535
16,364,2786,47535
16,365,648,47535
16,366,58,47535
16,367,430,47535
16,368,2119,47535
16,369,144,47535
16,370,746,47535
16,371,1378,47535
16,372,4,47535
16,373,355,47535
16,374,179,47535
16,375,179,47535
16,376,66,47535
16,377,335,47535
16,378,2978,47535
16,379,563,47535
16,380,10,47535
16,381,692,47535
16,382,2314,47535
16,383,1320,47535
17,0,628,47535
17,1,10,47535
17,2,1309,47535
17,3,596,47535
17,4,44,47535
17,5,869,47535
17,6,356,47535
17,7,180,47535
17,8,73,47535
17,9,46,47535
17,10,279,47535
17,11,156,47535
17,12,606,47535
17,13,204,47535
17,14,487,47535
17,15,170,47535
17,16,427,47535
17,17,770,47535
17,18,672,47535
17,19,1478,47535
17,20,783,47535
17,21,14,47535
17,22,779,47535
17,23,755,47535
17,24,2115,47535
17,25,1296,47535
17,26,908,47535
17,27,1315,47535
17,28,161,47535
17,29,18,47535
17,30,1440,47535
17,31,415,47535
17,32,733,47535
17,33,81,47535
17,34,306,47535
17,35,76,47535
17,36,1253,47535
17,37,203,47535
17,38,729,47535
17,39,1051,47535
17,40,463,47535
17,41,714,47535
17,42,627,47535
17,43,880,47535
17,44,364,47535
17,45,655,47535
17,46,217,47535
17,47,1295,47535
17,48,157,47535
17,49,603,47535
17,50,107,47535
17,51,134,47535
17,52,45,47535
17,53,24,47535
17,54,786,47535
17,55,822,47535
17,56,360,47535
17,57,1046,47535
17,58,446,47535
17,59,631,47535
17,60,94,47535
17,61,965,47535
17,62,820,47535
17,63,397,47535
17,64,1103,47535
17,65,90,47535
17,66,36,47535
17,67,2187,47535
17,68,1269,47535
17,69,550,47535
17,70,316,47535
17,71,1427,47535
17,72,169,47535
17,73,305,47535
17,74,126,47535
17,75,238,47535
17,76,164,47535
17,77,219,47535
17,78,1114,47535
17,79,169,47535
17,80,147,47535
17,81,195,47535
17,82,1260,47535
17,83,272,47535
17,84,131,47535
17,85,130,47535
17,86,15,47535
17,87,32,47535
17,88,1718,47535
17,89,681,47535
17,90,382,47535
17,91,219,47535
17,92,69,47535
17,93,751,47535
17,94,41,47535
17,95,146,47535
17,96,214,47535
17,97,578,47535
17,98,395,47535
17,99,1063,47535
17,100,225,47535
17,101,481,47535
17,102,932,47535
17,103,69,47535
17,104,37,47535
17,105,114,47535
17,106,331,47535
17,107,687,47535
17,108,13,47535
17,109,975,47535
17,110,574,47535
17,111,34,47535
17,112,49,47535
17,113,393,47535
17,114,198,47535
17,115,753,47535
17,116,4556,47535
17,117,461,47535
17,118,416,47535
17,119,138,47535
17,120,690,47535
17,121,482,47535
17,122,1124,47535
17,123,295,47535
17,124,782,47535
17,125,24,47535
17,126,280,47535
17,127,177,47535
17,128,194,47535
17,129,324,47535
17,130,267,47535
17,131,1690,47535
17,132,557,47535
17,133,708,47535
17,134,4345,47535
17,135,807,47535
17,136,502,47535
17,137,342,47535
17,138,183,47535
17,139,310,47535
17,140,419,47535
17,141,483,47535
17,142,239,47535
17,143,593,47535
17,144,431,47535
17,145,215,47535
17,146,9394,47535
17,147,168,47535
17,148,482,47535
17,149,824,47535
17,150,216,47535
17,151,5145,47535
17,152,2112,47535
17,153,214,47535
17,154,211,47535
17,155,67,47535
17,156,295,47535
17,157,304,47535
17,158,521,47535
17,159,514,47535
17,160,744,47535
17,161,5502,47535
17,162,66,47535
17,163,1223,47535
17,164,643,47535
17,165,1424,47535
17,166,132,47535
17,167,702,47535
17,168,3299,47535
17,169,683,47535
17,170,996,47535
17,171,741,47535
17,172,470,47535
17,173,165,47535
17,174,1043,47535
17,175,694,47535
17,176,114,47535
17,177,932,47535
17,178,1197,47535
17,179,382,47535
17,180,711,47535
17,181,118,47535
17,182,357,47535
17,183,201,47535
17,184,1328,47535
17,185,109,47535
17,186,63,47535
17,187,78,47535
17,188,89,47535
17,189,249,47535
17,190,194,47535
17,191,19,47535
17,192,19,47535
17,193,611,47535
17,194,30,47535
17,195,5655,47535
17,196,179,47535
17,197,2108,47535
17,198,171,47535
17,199,438,47535
17,200,84,47535
17,201,1121,47535
17,202,513,47535
17,203,1807,47535
17,204,648,47535
17,205,548,47535
17,206,71,47535
17,207,1323,47535
17,208,466,47535
17,209,1513,47535
17,210,170,47535
17,211,470,47535
17,212,3412,47535
17,213,1315,47535
17,214,115,47535
17,215,1,47535
17,216,71,47535
17,217,99,47535
17,218,385,47535
17,219,12,47535
17,220,1418,47535
17,221,252,47535
17,222,723,47535
17,223,561,47535
17,224,342,47535
17,225,718,47535
17,226,310,47535
17,227,510,47535
17,228,418,47535
17,229,81,47535
17,230,573,47535
17,231,112,47535
17,232,228,47535
17,233,684,47535
17,234,980,47535
17,235,1266,47535
17,236,727,47535
17,237,752,47535
17,238,624,47535
17,239,1007,47535
17,240,99,47535
17,241,291,47535
17,242,45,47535
17,243,393,47535
17,244,470,47535
17,245,873,47535
17,246,165,47535
17,247,104,47535
17,248,567,47535
17,249,3,47535
17,250,1440,47535
17,251,705,47535
17,252,110,47535
17,253,605,47535
17,254,53,47535
17,255,498,47535
17,256,621,47535
17,257,101,47535
17,258,8,47535
17,259,290,47535
17,260,405,47535
17,261,61,47535
17,262,724,47535
17,263,178,47535
17,264,599,47535
17,265,222,47535
17,266,867,47535
17,267,2068,47535
17,268,188,47535
17,269,63,47535
17,270,1083,47535
17,271,47,47535
17,272,859,47535
17,273,573,47535
17,274,2532,47535
17,275,8709,47535
17,276,134,47535
17,277,580,47535
17,278,493,47535
17,279,37,47535
17,280,123,47535
17,281,894,47535
17,282,182,47535
17,283,392,47535
17,284,592,47535
17,285,227,47535
17,286,850,47535
17,287,824,47535
17,288,371,47535
17,289,3913,47535
17,290,231,47535
17,291,79,47535
17,292,475,47535
17,293,157,47535
17,294,1640,47535
17,295,377,47535
17,296,1022,47535
17,297,868,47535
17,298,212,47535
17,299,3090,47535
17,300,148,47535
17,301,110,47535
17,302,1269,47535
17,303,205,47535
17,304,283,47535
17,305,1430,47535
17,306,1828,47535
17,307,288,47535
17,308,378,47535
17,309,741,47535
17,310,278,47535
17,311,1264,47535
17,312,6988,47535
17,313,136,47535
17,314,232,47535
17,315,101,47535
17,316,1057,47535
17,317,165,47535
17,318,121,47535
17,319,107,47535
17,320,39,47535
17,321,57,47535
17,322,178,47535
17,323,1023,47535
17,324,703,47535
17,325,232,47535
17,326,100,47535
17,327,861,47535
17,328,233,47535
17,329,7139,47535
17,330,96,47535
17,331,3645,47535
17,332,515,47535
17,333,189,47535
17,334,1905,47535
17,335,458,47535
17,336,1321,47535
17,337,1563,47535
17,338,16,47535
17,339,695,47535
17,340,197,47535
17,341,246,47535
17,342,230,47535
17,343,110,47535
17,344,177,47535
17,345,218,47535
17,346,2290,47535
17,347,197,47535
17,348,218,47535
17,349,204,47535
17,350,152,47535
17,351,3465,47535
17,352,538,47535
17,353,835,47535
17,354,1,47535
17,355,1238,47535
17,356,538,47535
17,357,714,47535
17,358,217,47535
17,359,298,47535
17,360,5983,47535
17,361,469,47535
17,362,168,47535
17,363,272,47535
17,364,187,47535
17,365,1569,47535
17,366,244,47535
17,367,152,47535
17,368,16,47535
17,369,178,47535
17,370,4835,47535
17,371,703,47535
17,372,78,47535
17,373,855,47535
17,374,329,47535
17,375,258,47535
17,376,24,47535
17,377,1627,47535
17,378,7575,47535
17,379,225,47535
17,380,963,47535
17,381,297,47535
17,382,79,47535
17,383,523,47535
18,0,332,47535
18,1,131,47535
18,2,33,47535
18,3,152,47535
18,4,831,47535
18,5,169,47535
18,6,35,47535
18,7,1,47535
18,8,11,47535
18,9,997,47535
18,10,416,47535
18,11,1701,47535
18,12,1034,47535
18,13,1758,47535
18,14,701,47535
18,15,280,47535
18,16,72,47535
18,17,751,47535
18,18,2351,47535
18,19,746,47535
18,20,381,47535
18,21,434,47535
18,22,1130,47535
18,23,77,47535
18,24,707,47535
18,25,911,47535
18,26,193,47535
18,27,2573,47535
18,28,228,47535
18,29,51,47535
18,30,571,47535
18,31,112,47535
18,32,36,47535
18,33,101,47535
18,34,2096,47535
18,35,133,47535
18,36,820,47535
18,37,513,47535
18,38,1129,47535
18,39,183,47535
18,40,20,47535
18,41,629,47535
18,42,453,47535
18,43,349,47535
18,44,2290,47535
18,45,1136,47535
18,46,504,47535
18,47,905,47535
18,48,132,47535
18,49,39,47535
18,50,212,47535
18,51,860,47535
18,52,652,47535
18,53,373,47535
18,54,2166,47535
18,55,749,47535
18,56,301,47535
18,57,44,47535
18,58,46,47535
18,59,54,47535
18,60,1018,47535
18,61,441,47535
18,62,246,47535
18,63,46,47535
18,64,145,47535
18,65,1136,47535
18,66,154,47535
18,67,817,47535
18,68,11,47535
18,69,1737,47535
18,70,245,47535
18,71,431,47535
18,72,5451,47535
18,73,106,47535
18,74,950,47535
18,75,465,47535
18,76,595,47535
18,77,949,47535
18,78,254,47535
18,79,580,47535
18,80,142,47535
18,81,42,47535
18,82,151,47535
18,83,611,47535
18,84,431,47535
18,85,160,47535
18,86,2450,47535
18,87,770,47535
18,88,271,47535
18,89,327,47535
18,90,3498,47535
18,91,1459,47535
18,92,164,47535
18,93,3,47535
18,94,899,47535
18,95,1396,47535
18,96,1277,47535
18,97,1259,47535
18,98,240,47535
18,99,1346,47535
18,100,129,47535
18,101,252,47535
18,102,102,47535
18,103,97,47535
18,104,339,47535
18,105,361,47535
18,106,2491,47535
18,107,402,47535
18,108,2379,47535
18,109,128,47535
18,110,641,47535
18,111,235,47535
18,112,942,47535
18,113,384,47535
18,114,2327,47535
18,115,210,47535
18,116,2789,47535
18,117,795,47535
18,118,82,47535
18,119,598,47535
18,120,61,47535
18,121,718,47535
18,122,153,47535
18,123,1164,47535
18,124,11,47535
18,125,585,47535
18,126,66,47535
18,127,787,47535
18,128,58,47535
18,129,54,47535
18,130,51,47535
18,131,160,47535
18,132,296,47535
18,133,1966,47535
18,134,163,47535
18,135,440,47535
18,136,27,47535
18,137,170,47535
18,138,1100,47535
18,139,23,47535
18,140,385,47535
18,141,853,47535
18,142,19,47535
18,143,1938,47535
18,144,4637,47535
18,145,203,47535
18,146,110,47535
18,147,11482,47535
18,148,241,47535
18,149,5,47535
18,150,459,47535
18,151,70,47535
18,152,768,47535
18,153,83,47535
18,154,1153,47535
18,155,442,47535
18,156,1205,47535
18,157,5,47535
18,158,282,47535
18,159,485,47535
18,160,193,47535
18,161,830,47535
18,162,856,47535
18,163,14,47535
18,164,712,47535
18,165,244,47535
18,166,312,47535
18,167,2388,47535
18,168,5367,47535
18,169,3529,47535
18,170,1525,47535
18,171,752,47535
18,172,41,47535
18,173,395,47535
18,174,843,47535
18,175,1085,47535
18,176,942,47535
18,177,57,47535
18,178,18,47535
18,179,744,47535
18,180,756,47535
18,181,238,47535
18,182,845,47535
18,183,1214,47535
18,184,165,47535
18,185,178,47535
18,186,316,47535
18,187,399,47535
18,188,758,47535
18,189,33,47535
18,190,382,47535
18,191,452,47535
18,192,385,47535
18,193,1261,47535
18,194,222,47535
18,195,932,47535
18,196,847,47535
18,197,2,47535
18,198,108,47535
18,199,583,47535
18,200,144,47535
18,201,803,47535
18,202,314,47535
18,203,2029,47535
18,204,141,47535
18,205,500,47535
18,206,1084,47535
18,207,797,47535
18,208,416,47535
18,209,601,47535
18,210,43,47535
18,211,56,47535
18,212,12,47535
18,213,151,47535
18,214,400,47535
18,215,123,47535
18,216,2191,47535
18,217,971,47535
18,218,1131,47535
18,219,748,47535
18,220,1538,47535
18,221,500,47535
18,222,292,47535
18,223,130,47535
18,224,879,47535
18,225,1536,47535
18,226,312,47535
18,227,262,47535
18,228,30,47535
18,229,908,47535
18,230,38,47535
18,231,1928,47535
18,232,763,47535
18,233,220,47535
18,234,978,47535
18,235,463,47535
18,236,717,47535
18,237,385,47535
18,238,664,47535
18,239,46,47535
18,240,505,47535
18,241,407,47535
18,242,2845,47535
18,243,627,47535
18,244,1149,47535
18,245,1997,47535
18,246,98,47535
18,247,199,47535
18,248,690,47535
18,249,1007,47535
18,250,109,47535
18,251,2501,47535
18,252,105,47535
18,253,112,47535
18,254,24,47535
18,255,1819,47535
18,256,508,47535
18,257,511,47535
18,258,265,47535
18,259,253,47535
18,260,93,47535
18,261,654,47535
18,262,105,47535
18,263,386,47535
18,264,268,47535
18,265,1500,47535
18,266,4304,47535
18,267,8761,47535
18,268,884,47535
18,269,51,47535
18,270,446,47535
18,271,206,47535
18,272,522,47535
18,273,1266,47535
18,274,527,47535
18,275,682,47535
18,276,653,47535
18,277,608,47535
18,278,199,47535
18,279,827,47535
18,280,958,47535
18,281,553,47535
18,282,82,47535
18,283,246,47535
18,284,1003,47535
18,285,92,47535
18,286,837,47535
18,287,79,47535
18,288,271,47535
18,289,453,47535
18,290,665,47535
18,291,504,47535
18,292,507,47535
18,293,599,47535
18,294,20,47535
18,295,704,47535
18,296,18,47535
18,297,292,47535
18,298,122,47535
18,299,253,47535
18,300,616,47535
18,301,43,47535
18,302,909,47535
18,303,274,47535
18,304,1474,47535
18,305,1774,47535
18,306,65,47535
18,307,574,47535
18,308,122,47535
18,309,78,47535
18,310,397,47535
18,311,1162,47535
18,312,822,47535
18,313,120,47535
18,314,380,47535
18,315,58,47535
18,316,68,47535
18,317,1605,47535
18,318,402,47535
18,319,1521,47535
18,320,1077,47535
18,321,1189,47535
18,322,616,47535
18,323,272,47535
18,324,19,47535
18,325,399,47535
18,326,43,47535
18,327,815,47535
18,328,486,47535
18,329,1187,47535
18,330,91,47535
18,331,163,47535
18,332,629,47535
18,333,270,47535
18,334,339,47535
18,335,1134,47535
18,336,739,47535
18,337,207,47535
18,338,613,47535
18,339,285,47535
18,340,239,47535
18,341,1059,47535
18,342,107,47535
18,343,2856,47535
18,344,539,47535
18,345,7662,47535
18,346,510,47535
18,347,146,47535
18,348,1947,47535
18,349,14,47535
18,350,389,47535
18,351,458,47535
18,352,488,47535
18,353,11,47535
18,354,4863,47535
18,355,1088,47535
18,356,181,47535
18,357,240,47535
18,358,151,47535
18,359,1961,47535
18,360,326,47535
18,361,345,47535
18,362,131,47535
18,363,21,47535
18,364,1475,47535
18,365,147,47535
18,366,179,47535
18,367,98,47535
18,368,125,47535
18,369,390,47535
18,370,1132,47535
18,371,1352,47535
18,372,126,47535
18,373,991,47535
18,374,153,47535
18,375,6479,47535
18,376,67,47535
18,377,79,47535
18,378,266,47535
18,379,939,47535
18,380,203,47535
18,381,367,47535
18,382,10,47535
18,383,736,47535
19,0,650,47535
19,1,203,47535
19,2,1191,47535
19,3,591,47535
19,4,1114,47535
19,5,959,47535
19,6,894,47535
19,7,189,47535
19,8,1206,47535
19,9,701,47535
19,10,3958,47535
19,11,169,47535
19,12,50,47535
19,13,127,47535
19,14,866,47535
19,15,2800,47535
19,16,623,47535
19,17,1270,47535
19,18,256,47535
19,19,183,47535
19,20,1523,47535
19,21,190,47535
19,22,412,47535
19,23,20,47535
19,24,98,47535
19,25,202,47535
19,26,10,47535
19,27,370,47535
19,28,1554,47535
19,29,646,47535
19,30,608,47535
19,31,477,47535
19,32,779,47535
19,33,2319,47535
19,34,1143,47535
19,35,706,47535
19,36,65,47535
19,37,977,47535
19,38,19,47535
19,39,102,47535
19,40,1149,47535
19,41,13,47535
19,42,803,47535
19,43,1426,47535
19,44,213,47535
19,45,470,47535
19,46,344,47535
19,47,1994,47535
19,48,634,47535
19,49,1625,47535
19,50,1453,47535
19,51,755,47535
19,52,128,47535
19,53,918,47535
19,54,378,47535
19,55,8,47535
19,56,877,47535
19,57,57,47535
19,58,484,47535
19,59,1471,47535
19,60,16,47535
19,61,1002,47535
19,62,1348,47535
19,63,897,47535
19,64,766,47535
19,65,55,47535
19,66,906,47535
19,67,1180,47535
19,68,548,47535
19,69,1386,47535
19,70,28,47535
19,71,375,47535
19,72,51,47535
19,73,763,47535
19,74,807,47535
19,75,1066,47535
19,76,357,47535
19,77,685,47535
19,78,104,47535
19,79,316,47535
19,80,1232,47535
19,81,538,47535
19,82,264,47535
19,83,528,47535
19,84,396,47535
19,85,2,47535
19,86,395,47535
19,87,508,47535
19,88,254,47535
19,89,1123,47535
19,90,21,47535
19,91,113,47535
19,92,1090,47535
19,93,559,47535
19,94,1083,47535
19,95,45,47535
19,96,105,47535
19,97,2,47535
19,98,1796,47535
19,99,1011,47535
19,100,740,47535
19,101,1281,47535
19,102,1975,47535
19,103,819,47535
19,104,167,47535
19,105,462,47535
19,106,2739,47535
19,107,596,47535
19,108,320,47535
19,109,1321,47535
19,110,669,47535
19,111,65,47535
19,112,1263,47535
19,113,741,47535
19,114,869,47535
19,115,104,47535
19,116,41,47535
19,117,478,47535
19,118,5197,47535
19,119,28,47535
19,120,907,47535
19,121,1137,47535
19,122,610,47535
19,123,433,47535
19,124,1150,47535
19,125,148,47535
19,126,182,47535
19,127,549,47535
19,128,1365,47535
19,129,1644,47535
19,130,3255,47535
19,131,1146,47535
19,132,10,47535
19,133,983,47535
19,134,320,47535
19,135,557,47535
19,136,347,47535
19,137,522,47535
19,138,841,47535
19,139,86,47535
19,140,746,47535
19,141,97,47535
19,142,262,47535
19,143,1116,47535
19,144,2,47535
19,145,646,47535
19,146,75,47535
19,147,1174,47535
19,148,1005,47535
19,149,42,47535
19,150,956,47535
19,151,124,47535
19,152,721,47535
19,153,90,47535
19,154,682,47535
19,155,542,47535
19,156,694,47535
19,157,507,47535
19,158,442,47535
19,159,230,47535
19,160,753,47535
19,161,83,47535
19,162,1616,47535
19,163,609,47535
19,164,338,47535
19,165,2321,47535
19,166,622,47535
19,167,311,47535
19,168,491,47535
19,169,721,47535
19,170,498,47535
19,171,932,47535
19,172,208,47535
19,173,21,47535
19,174,635,47535
19,175,565,47535
19,176,922,47535
19,177,1181,47535
19,178,2087,47535
19,179,923,47535
19,180,153,47535
19,181,212,47535
19,182,277,47535
19,183,1178,47535
19,184,378,47535
19,185,258,47535
19,186,65,47535
19,187,64,47535
19,188,631,47535
19,189,869,47535
19,190,1216,47535
19,191,2393,47535
19,192,1130,47535
19,193,261,47535
19,194,629,47535
19,195,2151,47535
19,196,402,47535
19,197,582,47535
19,198,443,47535
19,199,181,47535
19,200,206,47535
19,201,673,47535
19,202,96,47535
19,203,669,47535
19,204,1092,47535
19,205,83,47535
19,206,18,47535
19,207,2460,47535
19,208,30,47535
19,209,47,47535
19,210,1425,47535
19,211,205,47535
19,212,984,47535
19,213,1230,47535
19,214,449,47535
19,215,1120,47535
19,216,2141,47535
19,217,1266,47535
19,218,1049,47535
19,219,245,47535
19,220,547,47535
19,221,814,47535
19,222,318,47535
19,223,940,47535
19,224,229,47535
19,225,252,47535
19,226,154,47535
19,227,793,47535
19,228,1130,47535
19,229,615,47535
19,230,215,47535
19,231,25,47535
19,232,701,47535
19,233,432,47535
19,234,1133,47535
19,235,658,47535
19,236,114,47535
19,237,175,47535
19,238,179,47535
19,239,9,47535
19,240,291,47535
19,241,519,47535
19,242,16,47535
19,243,220,47535
19,244,178,47535
19,245,233,47535
19,246,51,47535
19,247,1494,47535
19,248,191,47535
19,249,484,47535
19,250,750,47535
19,251,453,47535
19,252,903,47535
19,253,443,47535
19,254,371,47535
19,255,2352,47535
19,256,529,47535
19,257,23,47535
19,258,469,47535
19,259,1359,47535
19,260,1269,47535
19,261,189,47535
19,262,819,47535
19,263,90,47535
19,264,5379,47535
19,265,1157,47535
19,266,686,47535
19,267,137,47535
19,268,407,47535
19,269,298,47535
19,270,524,47535
19,271,748,47535
19,272,542,47535
19,273,808,47535
19,274,73,47535
19,275,644,47535
19,276,1769,47535
19,277,117,47535
19,278,795,47535
19,279,144,47535
19,280,1217,47535
19,281,1095,47535
19,282,493,47535
19,283,463,47535
19,284,180,47535
19,285,8058,47535
19,286,9,47535
19,287,158,47535
19,288,383,47535
19,289,2191,47535
19,290,30,47535
19,291,591,47535
19,292,336,47535
19,293,846,47535
19,294,3,47535
19,295,1907,47535
19,296,470,47535
19,297,1603,47535
19,298,1463,47535
19,299,1018,47535
19,300,883,47535
19,301,93,47535
19,302,162,47535
19,303,390,47535
19,304,3136,47535
19,305,727,47535
19,306,1165,47535
19,307,1175,47535
19,308,313,47535
19,309,2466,47535
19,310,775,47535
19,311,563,47535
19,312,602,47535
19,313,204,47535
19,314,1212,47535
19,315,72,47535
19,316,578,47535
19,317,64,47535
19,318,68,47535
19,319,1384,47535
19,320,790,47535
19,321,51,47535
19,322,609,47535
19,323,2,47535
19,324,631,47535
19,325,344,47535
19,326,219,47535
19,327,270,47535
19,328,451,47535
19,329,1233,47535
19,330,1484,47535
19,331,155,47535
19,332,67,47535
19,333,676,47535
19,334,118,47535
19,335,789,47535
19,336,169,47535
19,337,711,47535
19,338,140,47535
19,339,724,47535
19,340,112,47535
19,341,684,47535
19,342,1209,47535
19,343,232,47535
19,344,264,47535
19,345,155,47535
19,346,102,47535
19,347,103,47535
19,348,830,47535
19,349,709,47535
19,350,5408,47535
19,351,1027,47535
19,352,756,47535
19,353,823,47535
19,354,133,47535
19,355,419,47535
19,356,64,47535
19,357,110,47535
19,358,141,47535
19,359,563,47535
19,360,1439,47535
19,361,458,47535
19,362,592,47535
19,363,153,47535
19,364,2754,47535
19,365,951,47535
19,366,882,47535
19,367,1334,47535
19,368,1643,47535
19,369,1580,47535
19,370,3887,47535
19,371,2024,47535
19,372,36,47535
19,373,81,47535
19,374,1174,47535
19,375,437,47535
19,376,1336,47535
19,377,225,47535
19,378,236,47535
19,379,726,47535
19,380,416,47535
19,381,1796,47535
19,382,1220,47535
19,383,291,47535
20,0,65,47535
20,1,250,47535
20,2,7,47535
20,3,1189,47535
20,4,332,47535
20,5,9,47535
20,6,336,47535
20,7,931,47535
20,8,778,47535
20,9,79,47535
20,10,2303,47535
20,11,142,47535
20,12,426,47535
20,13,961,47535
20,14,2119,47535
20,15,1157,47535
20,16,407,47535
20,17,68,47535
20,18,664,47535
20,19,8867,47535
20,20,43,47535
20,21,18,47535
20,22,366,47535
20,23,486,47535
20,24,834,47535
20,25,276,47535
20,26,10,47535
20,27,1404,47535
20,28,623,47535
20,29,553,47535
20,30,461,47535
20,31,1333,47535
20,32,1587,47535
20,33,265,47535
20,34,237,47535
20,35,277,47535
20,36,265,47535
20,37,570,47535
20,38,168,47535
20,39,135,47535
20,40,60,47535
20,41,708,47535
20,42,1287,47535
20,43,476,47535
20,44,1873,47535
20,45,346,47535
20,46,630,47535
20,47,3110,47535
20,48,1644,47535
20,49,361,47535
20,50,57,47535
20,51,18941,47535
20,52,195,47535
20,53,40,47535
20,54,326,47535
20,55,168,47535
20,56,108,47535
20,57,6,47535
20,58,478,47535
20,59,200,47535
20,60,66,47535
20,61,483,47535
20,62,59,47535
20,63,57,47535
20,64,1004,47535
20,65,835,47535
20,66,8,47535
20,67,1194,47535
20,68,368,47535
20,69,986,47535
20,70,2081,47535
20,71,725,47535
20,72,1164,47535
20,73,36,47535
20,74,80,47535
20,75,99,47535
20,76,138,47535
20,77,761,47535
20,78,536,47535
20,79,1192,47535
20,80,940,47535
20,81,2941,47535
20,82,69,47535
20,83,798,47535
20,84,130,47535
20,85,1425,47535
20,86,480,47535
20,87,446,47535
20,88,78,47535
20,89,438,47535
20,90,171,47535
20,91,187,47535
20,92,39,47535
20,93,28,47535
20,94,808,47535
20,95,308,47535
20,96,623,47535
20,97,759,47535
20,98,72,47535
20,99,139,47535
20,100,94,47535
20,101,2497,47535
20,102,106,47535
20,103,1411,47535
20,104,848,47535
20,105,255,47535
20,106,240,47535
20,107,432,47535
20,108,715,47535
20,109,6414,47535
20,110,1423,47535
20,111,193,47535
20,112,416,47535
20,113,359,47535
20,114,125,47535
20,115,57,47535
20,116,908,47535
20,117,35,47535
20,118,1537,47535
20,119,3,47535
20,120,131,47535
20,121,1419,47535
20,122,16,47535
20,123,175,47535
20,124,1597,47535
20,125,163,47535
20,126,520,47535
20,127,999,47535
20,128,33,47535
20,129,1294,47535
20,130,2736,47535
20,131,355,47535
20,132,1001,47535
20,133,409,47535
20,134,249,47535
20,135,399,47535
20,136,137,47535
20,137,103,47535
20,138,278,47535
20,139,384,47535
20,140,611,47535
20,141,174,47535
20,142,1027,47535
20,143,687,47535
20,144,2482,47535
20,145,930,47535
20,146,372,47535
20,147,381,47535
20,148,939,47535
20,149,163,47535
20,150,504,47535
20,151,119,47535
20,152,86,47535
20,153,1159,47535
20,154,704,47535
20,155,23,47535
20,156,1308,47535
20,157,99,47535
20,158,481,47535
20,159,116,47535
20,160,1,47535
20,161,1121,47535
20,162,636,47535
20,163,714,47535
20,164,1735,47535
20,165,360,47535
20,166,257,47535
20,167,1489,47535
20,168,290,47535
20,169,242,47535
20,170,1645,47535
20,171,242,47535
20,172,15,47535
20,173,18,47535
20,174,111,47535
20,175,76,47535
20,176,846,47535
20,177,489,47535
20,178,603,47535
20,179,17,47535
20,180,1909,47535
20,181,311,47535
20,182,82,47535
20,183,653,47535
20,184,135,47535
20,185,3598,47535
20,186,422,47535
20,187,758,47535
20,188,4,47535
20,189,409,47535
20,190,508,47535
20,191,507,47535
20,192,591,47535
20,193,228,47535
20,194,106,47535
20,195,6,47535
20,196,5070,47535
20,197,154,47535
20,198,1701,47535
20,199,61,47535
20,200,182,47535
20,201,1495,47535
20,202,542,47535
20,203,133,47535
20,204,203,47535
20,205,430,47535
20,206,883,47535
20,207,46,47535
20,208,69,47535
20,209,161,47535
20,210,2687,47535
20,211,19,47535
20,212,77,47535
20,213,654,47535
20,214,452,47535
20,215,555,47535
20,216,922,47535
20,217,658,47535
20,218,822,47535
20,219,43,47535
20,220,954,47535
20,221,335,47535
20,222,166,47535
20,223,915,47535
20,224,773,47535
20,225,481,47535
20,226,201,47535
20,227,1765,47535
20,228,541,47535
20,229,439,47535
20,230,1297,47535
20,231,488,47535
20,232,204,47535
20,233,1993,47535
20,234,52,47535
20,235,48,47535
20,236,302,47535
20,237,100,47535
20,238,341,47535
20,239,1579,47535
20,240,52,47535
20,241,489,47535
20,242,222,47535
20,243,32,47535
20,244,29,47535
20,245,339,47535
20,246,331,47535
20,247,94,47535
20,248,122,47535
20,249,203,47535
20,250,123,47535
20,251,74,47535
20,252,411,47535
20,253,880,47535
20,254,248,47535
20,255,558,47535
20,256,252,47535
20,257,635,47535
20,258,183,47535
20,259,558,47535
20,260,157,47535
20,261,1182,47535
20,262,1577,47535
20,263,112,47535
20,264,12,47535
20,265,407,47535
20,266,52,47535
20,267,270,47535
20,268,105,47535
20,269,23,47535
20,270,344,47535
20,271,301,47535
20,272,940,47535
20,273,26,47535
20,274,905,47535
20,275,771,47535
20,276,862,47535
20,277,128,47535
20,278,1727,47535
20,279,8465,47535
20,280,8937,47535
20,281,587,47535
20,282,6439,47535
20,283,73,47535
20,284,166,47535
20,285,273,47535
20,286,2144,47535
20,287,195,47535
20,288,44,47535
20,289,19,47535
20,290,654,47535
20,291,10,47535
20,292,1622,47535
20,293,187,47535
20,294,9,47535
20,295,1163,47535
20,296,1377,47535
20,297,245,47535
20,298,63,47535
20,299,972,47535
20,300,313,47535
20,301,475,47535
20,302,16,47535
20,303,137,47535
20,304,770,47535
20,305,424,47535
20,306,174,47535
20,307,2566,47535
20,308,129,47535
20,309,692,47535
20,310,66,47535
20,311,17,47535
20,312,3,47535
20,313,1010,47535
20,314,1102,47535
20,315,314,47535
20,316,398,47535
20,317,488,47535
20,318,280,47535
20,319,4,47535
20,320,866,47535
20,321,1060,47535
20,322,885,47535
20,323,2,47535
20,324,458,47535
20,325,813,47535
20,326,1580,47535
20,327,608,47535
20,328,215,47535
20,329,657,47535
20,330,10,47535
20,331,735,47535
20,332,119,47535
20,333,533,47535
20,334,670,47535
20,335,840,47535
20,336,984,47535
20,337,563,47535
20,338,1677,47535
20,339,1245,47535
20,340,1103,47535
20,341,572,47535
20,342,1226,47535
20,343,342,47535
20,344,859,47535
20,345,267,47535
20,346,7,47535
20,347,441,47535
20,348,3755,47535
20,349,1333,47535
20,350,60,47535
20,351,2274,47535
20,352,1802,47535
20,353,227,47535
20,354,92,47535
20,355,1237,47535
20,356,1,47535
20,357,3278,47535
20,358,2023,47535
20,359,764,47535
20,360,1353,47535
20,361,63,47535
20,362,579,47535
20,363,822,47535
20,364,11,47535
20,365,614,47535
20,366,62,47535
20,367,357,47535
20,368,8,47535
20,369,77,47535
20,370,533,47535
20,371,66,47535
20,372,413,47535
20,373,32,47535
20,374,39,47535
20,375,93,47535
20,376,869,47535
20,377,215,47535
20,378,360,47535
20,379,2354,47535
20,380,633,47535
20,381,344,47535
20,382,446,47535
20,383,202,47535
21,0,305,47535
21,1,186,47535
21,2,957,47535
21,3,57,47535
21,4,399,47535
21,5,927,47535
21,6,924,47535
21,7,608,47535
21,8,503,47535
21,9,1904,47535
21,10,650,47535
21,11,601,47535
21,12,279,47535
21,13,363,47535
21,14,533,47535
21,15,533,47535
21,16,214,47535
21,17,39,47535
21,18,2575,47535
21,19,796,47535
21,20,193,47535
21,21,931,47535
21,22,1738,47535
21,23,326,47535
21,24,1172,47535
21,25,709,47535
21,26,600,47535
21,27,111,47535
21,28,485,47535
21,29,4289,47535
21,30,667,47535
21,31,645,47535
21,32,224,47535
21,33,668,47535
21,34,33,47535
21,35,363,47535
21,36,887,47535
21,37,1651,47535
21,38,15,47535
21,39,101,47535
21,40,355,47535
21,41,855,47535
21,42,560,47535
21,43,144,47535
21,44,950,47535
21,45,994,47535
21,46,367,47535
21,47,1488,47535
21,48,682,47535
21,49,31,47535
21,50,933,47535
21,51,752,47535
21,52,1156,47535
21,53,10,47535
21,54,885,47535
21,55,544,47535
21,56,249,47535
21,57,204,47535
21,58,274,47535
21,59,2259,47535
21,60,447,47535
21,61,7630,47535
21,62,715,47535
21,63,417,47535
21,64,555,47535
21,65,380,47535
21,66,508,47535
21,67,387,47535
21,68,64,47535
21,69,1174,47535
21,70,992,47535
21,71,142,47535
21,72,353,47535
21,73,214,47535
21,74,93,47535
21,75,106,47535
21,76,379,47535
21,77,290,47535
21,78,61,47535
21,79,33,47535
21,80,617,47535
21,81,26,47535
21,82,234,47535
21,83,7,47535
21,84,443,47535
21,85,10,47535
21,86,217,47535
21,87,1897,47535
21,88,315,47535
21,89,6917,47535
21,90,94,47535
21,91,168,47535
21,92,46,47535
21,93,952,47535
21,94,5,47535
21,95,60,47535
21,96,15,47535
21,97,752,47535
21,98,140,47535
21,99,186,47535
21,100,94,47535
21,101,1204,47535
21,102,915,47535
21,103,112,47535
21,104,788,47535
21,105,345,47535
21,106,1854,47535
21,107,1279,47535
21,108,412,47535
21,109,166,47535
21,110,785,47535
21,111,68,47535
21,112,481,47535
21,113,271,47535
21,114,56,47535
21,115,908,47535
21,116,1052,47535
21,117,395,47535
21,118,253,47535
21,119,99,47535
21,120,1010,47535
21,121,275,47535
21,122,334,47535
21,123,2812,47535
21,124,1702,47535
21,125,756,47535
21,126,343,47535
21,127,190,47535
21,128,104,47535
21,129,192,47535
21,130,501,47535
21,131,3490,47535
21,132,241,47535
21,133,2722,47535
21,134,552,47535
21,135,389,47535
21,136,763,47535
21,137,1113,47535
21,138,536,47535
21,139,418,47535
21,140,272,47535
21,141,785,47535
21,142,577,47535
21,143,676,47535
21,144,77,47535
21,145,206,47535
21,146,705,47535
21,147,275,47535
21,148,475,47535
21,149,244,47535
21,150,28,47535
21,151,1286,47535
21,152,154,47535
21,153,49,47535
21,154,91,47535
21,155,1117,47535
21,156,7,47535
21,157,56,47535
21,158,966,47535
21,159,312,47535
21,160,953,47535
21,161,696,47535
21,162,206,47535
21,163,399,47535
21,164,1010,47535
21,165,2432,47535
21,166,93,47535
21,167,409,47535
21,168,280,47535
21,169,742,47535
21,170,1200,47535
21,171,1017,47535
21,172,334,47535
21,173,450,47535
21,174,1,47535
21,175,188,47535
21,176,1789,47535
21,177,8493,47535
21,178,561,47535
21,179,555,47535
21,180,322,47535
21,181,403,47535
21,182,462,47535
21,183,281,47535
21,184,1688,47535
21,185,1104,47535
21,186,728,47535
21,187,536,47535
21,188,456,47535
21,189,50,47535
21,190,1443,47535
21,191,270,47535
21,192,1077,47535
21,193,606,47535
21,194,324,47535
21,195,454,47535
21,196,381,47535
21,197,293,47535
21,198,51,47535
21,199,40,47535
21,200,645,47535
21,201,230,47535
21,202,137,47535
21,203,833,47535
21,204,90,47535
21,205,895,47535
21,206,958,47535
21,207,0,47535
21,208,2294,47535
21,209,1279,47535
21,210,733,47535
21,211,606,47535
21,212,5,47535
21,213,6,47535
21,214,469,47535
21,215,3621,47535
21,216,0,47535
21,217,56,47535
21,218,2,47535
21,219,195,47535
21,220,100,47535
21,221,1483,47535
21,222,53,47535
21,223,94,47535
21,224,100,47535
21,225,5501,47535
21,226,378,47535
21,227,745,47535
21,228,379,47535
21,229,968,47535
21,230,14,47535
21,231,355,47535
21,232,470,47535
21,233,118,47535
21,234,1126,47535
21,235,83,47535
21,236,693,47535
21,237,196,47535
21,238,1,47535
21,239,481,47535
21,240,851,47535
21,241,4,47535
21,242,73,47535
21,243,457,47535
21,244,57,47535
21,245,77,47535
21,246,290,47535
21,247,989,47535
21,248,580,47535
21,249,98,47535
21,250,999,47535
21,251,7273,47535
21,252,862,47535
21,253,51,47535
21,254,1027,47535
21,255,1020,47535
21,256,617,47535
21,257,4677,47535
21,258,668,47535
21,259,39,47535
21,260,897,47535
21,261,397,47535
21,262,412,47535
21,263,514,47535
21,264,275,47535
21,265,1023,47535
21,266,283,47535
21,267,3,47535
21,268,104,47535
21,269,677,47535
21,270,1111,47535
21,271,4,47535
21,272,528,47535
21,273,203,47535
21,274,745,47535
21,275,529,47535
21,276,243,47535
21,277,174,47535
21,278,537,47535
21,279,16,47535
21,280,375,47535
21,281,278,47535
21,282,1396,47535
21,283,6,47535
21,284,568,47535
21,285,1043,47535
21,286,323,47535
21,287,147,47535
21,288,201,47535
21,289,695,47535
21,290,732,47535
21,291,293,47535
21,292,354,47535
21,293,1368,47535
21,294,405,47535
21,295,63,47535
21,296,569,47535
21,297,57,47535
21,298,12,47535
21,299,1226,47535
21,300,1415,47535
21,301,252,47535
21,302,1135,47535
21,303,0,47535
21,304,10214,47535
21,305,71,47535
21,306,16,47535
21,307,16,47535
21,308,144,47535
21,309,172,47535
21,310,478,47535
21,311,559,47535
21,312,551,47535
21,313,214,47535
21,314,165,47535
21,315,1631,47535
21,316,927,47535
21,317,1039,47535
21,318,531,47535
21,319,321,47535
21,320,1073,47535
21,321,101,47535
21,322,94,47535
21,323,518,47535
21,324,711,47535
21,325,47,47535
21,326,177,47535
21,327,3396,47535
21,328,19,47535
21,329,2163,47535
21,330,410,47535
21,331,591,47535
21,332,175,47535
21,333,42,47535
21,334,1374,47535
21,335,798,47535
21,336,252,47535
21,337,211,47535
21,338,1220,47535
21,339,168,47535
21,340,32,47535
21,341,1030,47535
21,342,126,47535
21,343,2826,47535
21,344,23,47535
21,345,27,47535
21,346,363,47535
21,347,443,47535
21,348,168,47535
21,349,650,47535
21,350,425,47535
21,351,231,47535
21,352,236,47535
21,353,969,47535
21,354,83,47535
21,355,722,47535
21,356,531,47535
21,357,811,47535
21,358,661,47535
21,359,810,47535
21,360,11,47535
21,361,201,47535
21,362,1588,47535
21,363,1557,47535
21,364,660,47535
21,365,354,47535
21,366,5368,47535
21,367,8783,47535
21,368,2983,47535
21,369,154,47535
21,370,84,47535
21,371,705,47535
21,372,139,47535
21,373,903,47535
21,374,65,47535
21,375,1682,47535
21,376,503,47535
21,377,482,47535
21,378,25,47535
21,379,872,47535
21,380,2948,47535
21,381,392,47535
21,382,677,47535
21,383,1620,47535
22,0,587,47535
22,1,324,47535
22,2,147,47535
22,3,66,47535
22,4,374,47535
22,5,33,47535
22,6,2326,47535
22,7,109,47535
22,8,261,47535
22,9,394,47535
22,10,414,47535
22,11,23,47535
22,12,2029,47535
22,13,560,47535
22,14,96,47535
22,15,170,47535
22,16,324,47535
22,17,114,47535
22,18,302,47535
22,19,956,47535
22,20,946,47535
22,21,139,47535
22,22,357,47535
22,23,877,47535
22,24,114,47535
22,25,12,47535
22,26,73,47535
22,27,264,47535
22,28,1625,47535
22,29,184,47535
22,30,312,47535
22,31,41,47535
22,32,671,47535
22,33,18,47535
22,34,865,47535
22,35,124,47535
22,36,1434,47535
22,37,1,47535
22,38,276,47535
22,39,330,47535
22,40,92,47535
22,41,57,47535
22,42,514,47535
22,43,238,47535
22,44,1259,47535
22,45,88,47535
22,46,90,47535
22,47,228,47535
22,48,2375,47535
22,49,417,47535
22,50,172,47535
22,51,38,47535
22,52,2740,47535
22,53,1462,47535
22,54,343,47535
22,55,878,47535
22,56,72,47535
22,57,252,47535
22,58,385,47535
22,59,137,47535
22,60,592,47535
22,61,407,47535
22,62,401,47535
22,63,831,47535
22,64,704,47535
22,65,4098,47535
22,66,33,47535
22,67,564,47535
22,68,227,47535
22,69,1183,47535
22,70,179,47535
22,71,0,47535
22,72,523,47535
22,73,145,47535
22,74,1099,47535
22,75,46,47535
22,76,11,47535
22,77,385,47535
22,78,1525,47535
22,79,436,47535
22,80,265,47535
22,81,843,47535
22,82,275,47535
22,83,329,47535
22,84,851,47535
22,85,701,47535
22,86,273,47535
22,87,969,47535
22,88,12,47535
22,89,13,47535
22,90,411,47535
22,91,247,47535
22,92,62,47535
22,93,341,47535
22,94,1,47535
22,95,204,47535
22,96,585,47535
22,97,357,47535
22,98,124,47535
22,99,550,47535
22,100,381,47535
22,101,97,47535
22,102,19,47535
22,103,4,47535
22,104,546,47535
22,105,211,47535
22,106,4,47535
22,107,3278,47535
22,108,99,47535
22,109,447,47535
22,110,237,47535
22,111,496,47535
22,112,950,47535
22,113,284,47535
22,114,1115,47535
22,115,422,47535
22,116,120,47535
22,117,979,47535
22,118,2106,47535
22,119,66,47535
22,120,1858,47535
22,121,6732,47535
22,122,4,47535
22,123,747,47535
22,124,10,47535
22,125,984,47535
22,126,790,47535
22,127,548,47535
22,128,181,47535
22,129,48,47535
22,130,305,47535
22,131,1920,47535
22,132,72,47535
22,133,1420,47535
22,134,29,47535
22,135,27,47535
22,136,350,47535
22,137,158,47535
22,138,251,47535
22,139,649,47535
22,140,1259,47535
22,141,1500,47535
22,142,278,47535
22,143,1,47535
22,144,408,47535
22,145,461,47535
22,146,447,47535
22,147,404,47535
22,148,328,47535
22,149,698,47535
22,150,2321,47535
22,151,665,47535
22,152,250,47535
22,153,44,47535
22,154,1666,47535
22,155,1153,47535
22,156,966,47535
22,157,1282,47535
22,158,3448,47535
22,159,686,47535
22,160,788,47535
22,161,58,47535
22,162,161,47535
22,163,760,47535
22,164,24,47535
22,165,0,47535
22,166,153,47535
22,167,668,47535
22,168,169,47535
22,169,383,47535
22,170,33,47535
22,171,775,47535
22,172,601,47535
22,173,604,47535
22,174,435,47535
22,175,93,47535
22,176,627,47535
22,177,542,47535
22,178,170,47535
22,179,621,47535
22,180,650,47535
22,181,860,47535
22,182,460,47535
22,183,58,47535
22,184,11158,47535
22,185,541,47535
22,186,28,47535
22,187,141,47535
22,188,33,47535
22,189,229,47535
22,190,31,47535
22,191,23,47535
22,192,815,47535
22,193,250,47535
22,194,45,47535
22,195,524,47535
22,196,33,47535
22,197,57,47535
22,198,383,47535
22,199,749,47535
22,200,1090,47535
22,201,440,47535
22,202,11,47535
22,203,1646,47535
22,204,426,47535
22,205,468,47535
22,206,429,47535
22,207,1227,47535
22,208,1271,47535
22,209,1266,47535
22,210,1582,47535
22,211,13,47535
22,212,154,47535
22,213,926,47535
22,214,307,47535
22,215,240,47535
22,216,1323,47535
22,217,257,47535
22,218,746,47535
22,219,2567,47535
22,220,468,47535
22,221,228,47535
22,222,1,47535
22,223,241,47535
22,224,225,47535
22,225,824,47535
22,226,515,47535
22,227,75,47535
22,228,3046,47535
22,229,54,47535
22,230,819,47535
22,231,1218,47535
22,232,170,47535
22,233,939,47535
22,234,1379,47535
22,235,1025,47535
22,236,457,47535
22,237,44,47535
22,238,2253,47535
22,239,925,47535
22,240,83,47535
22,241,581,47535
22,242,323,47535
22,243,6,47535
22,244,1677,47535
22,245,185,47535
22,246,64,47535
22,247,186,47535
22,248,183,47535
22,249,553,47535
22,250,301,47535
22,251,173,47535
22,252,1,47535
22,253,407,47535
22,254,148,47535
22,255,39,47535
22,256,251,47535
22,257,27,47535
22,258,2867,47535
22,259,2941,47535
22,260,221,47535
22,261,270,47535
22,262,95,47535
22,263,496,47535
22,264,334,47535
22,265,70,47535
22,266,468,47535
22,267,1073,47535
22,268,19,47535
22,269,785,47535
22,270,28,47535
22,271,563,47535
22,272,714,47535
22,273,182,47535
22,274,412,47535
22,275,137,47535
22,276,43,47535
22,277,16522,47535
22,278,522,47535
22,279,341,47535
22,280,271,47535
22,281,447,47535
22,282,143,47535
22,283,410,47535
22,284,188,47535
22,285,277,47535
22,286,526,47535
22,287,326,47535
22,288,9355,47535
22,289,830,47535
22,290,245,47535
22,291,73,47535
22,292,344,47535
22,293,549,47535
22,294,716,47535
22,295,390,47535
22,296,792,47535
22,297,463,47535
22,298,35,47535
22,299,271,47535
22,300,569,47535
22,301,949,47535
22,302,998,47535
22,303,83,47535
22,304,87,47535
22,305,337,47535
22,306,234,47535
22,307,457,47535
22,308,104,47535
22,309,65,47535
22,310,0,47535
22,311,34,47535
22,312,23,47535
22,313,3450,47535
22,314,3432,47535
22,315,32,47535
22,316,162,47535
22,317,1225,47535
22,318,1322,47535
22,319,590,47535
22,320,729,47535
22,321,1818,47535
22,322,94,47535
22,323,522,47535
22,324,49,47535
22,325,457,47535
22,326,490,47535
22,327,363,47535
22,328,67,47535
22,329,295,47535
22,330,3928,47535
22,331,742,47535
22,332,8,47535
22,333,1238,47535
22,334,327,47535
22,335,3603,47535
22,336,2713,47535
22,337,519,47535
22,338,1354,47535
22,339,96,47535
22,340,618,47535
22,341,265,47535
22,342,1330,47535
22,343,330,47535
22,344,650,47535
22,345,491,47535
22,346,48,47535
22,347,325,47535
22,348,680,47535
22,349,495,47535
22,350,638,47535
22,351,2070,47535
22,352,223,47535
22,353,14,47535
22,354,504,47535
22,355,1552,47535
22,356,390,47535
22,357,258,47535
22,358,56,47535
22,359,45,47535
22,360,391,47535
22,361,2,47535
22,362,1165,47535
22,363,3616,47535
22,364,638,47535
22,365,685,47535
22,366,537,47535
22,367,1316,47535
22,368,218,47535
22,369,79,47535
22,370,420,47535
22,371,1174,47535
22,372,876,47535
22,373,2888,47535
22,374,1395,47535
22,375,359,47535
22,376,2088,47535
22,377,15770,47535
22,378,313,47535
22,379,90,47535
22,380,282,47535
22,381,271,47535
22,382,147,47535
22,383,853,47535
23,0,522,47535
23,1,241,47535
23,2,22,47535
23,3,232,47535
23,4,310,47535
23,5,863,47535
23,6,226,47535
23,7,391,47535
23,8,44,47535
23,9,164,47535
23,10,469,47535
23,11,448,47535
23,12,362,47535
23,13,439,47535
23,14,337,47535
23,15,375,47535
23,16,1932,47535
23,17,1617,47535
23,18,675,47535
23,19,408,47535
23,20,570,47535
23,21,12,47535
23,22,234,47535
23,23,2328,47535
23,24,662,47535
23,25,1506,47535
23,26,278,47535
23,27,548,47535
23,28,366,47535
23,29,1900,47535
23,30,988,47535
23,31,5,47535
23,32,561,47535
23,33,345,47535
23,34,576,47535
23,35,669,47535
23,36,103,47535
23,37,79,47535
23,38,185,47535
23,39,99,47535
23,40,329,47535
23,41,514,47535
23,42,31,47535
23,43,578,47535
23,44,52,47535
23,45,576,47535
23,46,1938,47535
23,47,474,47535
23,48,773,47535
23,49,765,47535
23,50,2233,47535
23,51,70,47535
23,52,673,47535
23,53,113,47535
23,54,1210,47535
23,55,1068,47535
23,56,1166,47535
23,57,446,47535
23,58,22,47535
23,59,238,47535
23,60,950,47535
23,61,54,47535
23,62,163,47535
23,63,234,47535
23,64,393,47535
23,65,2011,47535
23,66,641,47535
23,67,1902,47535
23,68,978,47535
23,69,602,47535
23,70,188,47535
23,71,49,47535
23,72,471,47535
23,73,184,47535
23,74,34,47535
23,75,511,47535
23,76,1009,47535
23,77,672,47535
23,78,390,47535
23,79,968,47535
23,80,550,47535
23,81,4111,47535
23,82,640,47535
23,83,3,47535
23,84,75,47535
23,85,133,47535
23,86,467,47535
23,87,583,47535
23,88,1075,47535
23,89,252,47535
23,90,846,47535
23,91,755,47535
23,92,497,47535
23,93,1316,47535
23,94,474,47535
23,95,2880,47535
23,96,244,47535
23,97,2771,47535
23,98,441,47535
23,99,46,47535
23,100,216,47535
23,101,56,47535
23,102,142,47535
23,103,1139,47535
23,104,349,47535
23,105,23,47535
23,106,778,47535
23,107,81,47535
23,108,177,47535
23,109,648,47535
23,110,610,47535
23,111,969,47535
23,112,190,47535
23,113,616,47535
23,114,16,47535
23,115,617,47535
23,116,1048,47535
23,117,203,47535
23,118,522,47535
23,119,1101,47535
23,120,616,47535
23,121,553,47535
23,122,259,47535
23,123,711,47535
23,124,131,47535
23,125,285,47535
23,126,411,47535
23,127,1220,47535
23,128,419,47535
23,129,535,47535
23,130,484,47535
23,131,1225,47535
23,132,787,47535
23,133,498,47535
23,134,518,47535
23,135,397,47535
23,136,105,47535
23,137,381,47535
23,138,2,47535
23,139,577,47535
23,140,1578,47535
23,141,73,47535
23,142,575,47535
23,143,960,47535
23,144,358,47535
23,145,37,47535
23,146,843,47535
23,147,2911,47535
23,148,310,47535
23,149,855,47535
23,150,978,47535
23,151,469,47535
23,152,3643,47535
23,153,480,47535
23,154,666,47535
23,155,2446,47535
23,156,636,47535
23,157,936,47535
23,158,261,47535
23,159,1164,47535
23,160,4782,47535
23,161,394,47535
23,162,1167,47535
23,163,1547,47535
23,164,588,47535
23,165,2241,47535
23,166,328,47535
23,167,1455,47535
23,168,144,47535
23,169,166,47535
23,170,2122,47535
23,171,16751,47535
23,172,638,47535
23,173,634,47535
23,174,185,47535
23,175,490,47535
23,176,190,47535
23,177,10577,47535
23,178,269,47535
23,179,1679,47535
23,180,676,47535
23,181,411,47535
23,182,177,47535
23,183,243,47535
23,184,435,47535
23,185,49,47535
23,186,144,47535
23,187,256,47535
23,188,5279,47535
23,189,896,47535
23,190,2349,47535
23,191,711,47535
23,192,693,47535
23,193,265,47535
23,194,15,47535
23,195,225,47535
23,196,2030,47535
23,197,160,47535
23,198,593,47535
23,199,326,47535
23,200,74,47535
23,201,758,47535
23,202,263,47535
23,203,4,47535
23,204,38,47535
23,205,3161,47535
23,206,117,47535
23,207,369,47535
23,208,324,47535
23,209,1438,47535
23,210,779,47535
23,211,181,47535
23,212,313,47535
23,213,645,47535
23,214,414,47535
23,215,57,47535
23,216,1048,47535
23,217,78,47535
23,218,555,47535
23,219,1522,47535
23,220,353,47535
23,221,107,47535
23,222,735,47535
23,223,193,47535
23,224,1479,47535
23,225,1986,47535
23,226,335,47535
23,227,250,47535
23,228,183,47535
23,229,10,47535
23,230,446,47535
23,231,526,47535
23,232,164,47535
23,233,31,47535
23,234,51,47535
23,235,818,47535
23,236,349,47535
23,237,304,47535
23,238,227,47535
23,239,294,47535
23,240,8,47535
23,241,9,47535
23,242,312,47535
23,243,1102,47535
23,244,2,47535
23,245,152,47535
23,246,5,47535
23,247,673,47535
23,248,108,47535
23,249,138,47535
23,250,521,47535
23,251,1067,47535
23,252,2,47535
23,253,45,47535
23,254,168,47535
23,255,639,47535
23,256,540,47535
23,257,254,47535
23,258,1281,47535
23,259,41,47535
23,260,384,47535
23,261,32,47535
23,262,71,47535
23,263,1032,47535
23,264,684,47535
23,265,193,47535
23,266,1419,47535
23,267,385,47535
23,268,1284,47535
23,269,732,47535
23,270,185,47535
23,271,1469,47535
23,272,138,47535
23,273,1119,47535
23,274,1689,47535
23,275,353,47535
23,276,483,47535
23,277,4055,47535
23,278,49,47535
23,279,844,47535
23,280,4,47535
23,281,647,47535
23,282,417,47535
23,283,2753,47535
23,284,567,47535
23,285,541,47535
23,286,727,47535
23,287,370,47535
23,288,5,47535
23,289,3,47535
23,290,399,47535
23,291,877,47535
23,292,915,47535
23,293,519,47535
23,294,610,47535
23,295,53,47535
23,296,705,47535
23,297,108,47535
23,298,588,47535
23,299,769,47535
23,300,525,47535
23,301,437,47535
23,302,498,47535
23,303,300,47535
23,304,425,47535
23,305,383,47535
23,306,120,47535
23,307,220,47535
23,308,25,47535
23,309,303,47535
23,310,52,47535
23,311,62,47535
23,312,1738,47535
23,313,267,47535
23,314,448,47535
23,315,364,47535
23,316,661,47535
23,317,1483,47535
23,318,219,47535
23,319,761,47535
23,320,3254,47535
23,321,114,47535
23,322,719,47535
23,323,303,47535
23,324,403,47535
23,325,206,47535
23,326,502,47535
23,327,2,47535
23,328,28,47535
23,329,971,47535
23,330,202,47535
23,331,1029,47535
23,332,379,47535
23,333,647,47535
23,334,377,47535
23,335,380,47535
23,336,2428,47535
23,337,45,47535
23,338,484,47535
23,339,623,47535
23,340,331,47535
23,341,235,47535
23,342,357,47535
23,343,503,47535
23,344,1115,47535
23,345,327,47535
23,346,242,47535
23,347,59,47535
23,348,2466,47535
23,349,382,47535
23,350,253,47535
23,351,8,47535
23,352,371,47535
23,353,100,47535
23,354,711,47535
23,355,916,47535
23,356,2756,47535
23,357,943,47535
23,358,4139,47535
23,359,2,47535
23,360,371,47535
23,361,512,47535
23,362,420,47535
23,363,255,47535
23,364,2037,47535
23,365,548,47535
23,366,3064,47535
23,367,658,47535
23,368,1171,47535
23,369,26,47535
23,370,612,47535
23,371,36,47535
23,372,236,47535
23,373,5144,47535
23,374,3921,47535
23,375,588,47535
23,376,455,47535
23,377,365,47535
23,378,1224,47535
23,379,63,47535
23,380,191,47535
23,381,223,47535
23,382,86,47535
23,383,181,47535
24,0,1314,47535
24,1,194,47535
24,2,3256,47535
24,3,784,47535
24,4,652,47535
24,5,689,47535
24,6,1169,47535
24,7,42,47535
24,8,163,47535
24,9,405,47535
24,10,10089,47535
24,11,573,47535
24,12,1000,47535
24,13,322,47535
24,14,457,47535
24,15,599,47535
24,16,363,47535
24,17,255,47535
24,18,94,47535
24,19,1329,47535
24,20,495,47535
24,21,18,47535
24,22,1785,47535
24,23,409,47535
24,24,1130,47535
24,25,193,47535
24,26,56,47535
24,27,390,47535
24,28,2432,47535
24,29,9,47535
24,30,646,47535
24,31,162,47535
24,32,447,47535
24,33,705,47535
24,34,181,47535
24,35,148,47535
24,36,511,47535
24,37,234,47535
24,38,4952,47535
24,39,1010,47535
24,40,188,47535
24,41,2035,47535
24,42,568,47535
24,43,467,47535
24,44,85,47535
24,45,1280,47535
24,46,489,47535
24,47,4787,47535
24,48,1501,47535
24,49,56,47535
24,50,189,47535
24,51,216,47535
24,52,252,47535
24,53,874,47535
24,54,188,47535
24,55,218,47535
24,56,3,47535
24,57,4122,47535
24,58,174,47535
24,59,8,47535
24,60,5683,47535
24,61,30,47535
24,62,178,47535
24,63,1080,47535
24,64,458,47535
24,65,0,47535
24,66,2195,47535
24,67,1447,47535
24,68,330,47535
24,69,24,47535
24,70,874,47535
24,71,58,47535
24,72,1988,47535
24,73,3873,47535
24,74,134,47535
24,75,6,47535
24,76,682,47535
24,77,116,47535
24,78,72,47535
24,79,9,47535
24,80,120,47535
24,81,241,47535
24,82,272,47535
24,83,1429,47535
24,84,2422,47535
24,85,59,47535
24,86,341,47535
24,87,620,47535
24,88,454,47535
24,89,107,47535
24,90,331,47535
24,91,627,47535
24,92,452,47535
24,93,158,47535
24,94,234,47535
24,95,8,47535
24,96,842,47535
24,97,940,47535
24,98,1571,47535
24,99,79,47535
24,100,354,47535
24,101,407,47535
24,102,10,47535
24,103,3289,47535
24,104,192,47535
24,105,706,47535
24,106,485,47535
24,107,2226,47535
24,108,446,47535
24,109,791,47535
24,110,214,47535
24,111,85,47535
24,112,711,47535
24,113,606,47535
24,114,429,47535
24,115,480,47535
24,116,1947,47535
24,117,433,47535
24,118,641,47535
24,119,183,47535
24,120,205,47535
24,121,354,47535
24,122,314,47535
24,123,386,47535
24,124,562,47535
24,125,56,47535
24,126,229,47535
24,127,895,47535
24,128,26,47535
24,129,189,47535
24,130,1271,47535
24,131,231,47535
24,132,630,47535
24,133,227,47535
24,134,234,47535
24,135,666,47535
24,136,196,47535
24,137,20,47535
24,138,705,47535
24,139,3816,47535
24,140,5444,47535
24,141,605,47535
24,142,120,47535
24,143,1938,47535
24,144,345,47535
24,145,580,47535
24,146,1378,47535
24,147,3841,47535
24,148,161,47535
24,149,278,47535
24,150,300,47535
24,151,45,47535
24,152,20,47535
24,153,113,47535
24,154,510,47535
24,155,175,47535
24,156,17,47535
24,157,563,47535
24,158,4539,47535
24,159,212,47535
24,160,866,47535
24,161,938,47535
24,162,771,47535
24,163,95,47535
24,164,946,47535
24,165,982,47535
24,166,982,47535
24,167,1126,47535
24,168,1503,47535
24,169,52,47535
24,170,220,47535
24,171,2547,47535
24,172,88,47535
24,173,4435,47535
24,174,82,47535
24,175,71,47535
24,176,1092,47535
24,177,330,47535
24,178,1254,47535
24,179,7,47535
24,180,37,47535
24,181,1632,47535
24,182,212,47535
24,183,1492,47535
24,184,202,47535
24,185,1949,47535
24,186,227,47535
24,187,5029,47535
24,188,22,47535
24,189,1317,47535
24,190,1528,47535
24,191,550,47535
24,192,48,47535
24,193,148,47535
24,194,32,47535
24,195,162,47535
24,196,1204,47535
24,197,84,47535
24,198,241,47535
24,199,454,47535
24,200,537,47535
24,201,630,47535
24,202,994,47535
24,203,1230,47535
24,204,254,47535
24,205,7,47535
24,206,64,47535
24,207,10,47535
24,208,193,47535
24,209,92,47535
24,210,47,47535
24,211,131,47535
24,212,2135,47535
24,213,855,47535
24,214,164,47535
24,215,225,47535
24,216,658,47535
24,217,4,47535
24,218,1283,47535
24,219,338,47535
24,220,6,47535
24,221,363,47535
24,222,162,47535
24,223,3989,47535
24,224,501,47535
24,225,4691,47535
24,226,26,47535
24,227,537,47535
24,228,27,47535
24,229,155,47535
24,230,318,47535
24,231,1009,47535
24,232,885,47535
24,233,524,47535
24,234,44,47535
24,235,162,47535
24,236,208,47535
24,237,6774,47535
24,238,3720,47535
24,239,22,47535
24,240,118,47535
24,241,338,47535
24,242,72,47535
24,243,88,47535
24,244,1676,47535
24,245,211,47535
24,246,93,47535
24,247,513,47535
24,248,423,47535
24,249,1312,47535
24,250,31,47535
24,251,66,47535
24,252,2133,47535
24,253,916,47535
24,254,177,47535
24,255,68,47535
24,256,995,47535
24,257,748,47535
24,258,1306,47535
24,259,67,47535
24,260,98,47535
24,261,236,47535
24,262,456,47535
24,263,172,47535
24,264,422,47535
24,265,483,47535
24,266,790,47535
24,267,31,47535
24,268,266,47535
24,269,29,47535
24,270,0,47535
24,271,287,47535
24,272,645,47535
24,273,1657,47535
24,274,650,47535
24,275,777,47535
24,276,378,47535
24,277,29,47535
24,278,1397,47535
24,279,15,47535
24,280,314,47535
24,281,708,47535
24,282,1201,47535
24,283,965,47535
24,284,1410,47535
24,285,336,47535
24,286,158,47535
24,287,363,47535
24,288,24,47535
24,289,197,47535
24,290,540,47535
24,291,301,47535
24,292,160,47535
24,293,34,47535
24,294,18,47535
24,295,161,47535
24,296,585,47535
24,297,329,47535
24,298,27,47535
24,299,256,47535
24,300,154,47535
24,301,29,47535
24,302,39,47535
24,303,369,47535
24,304,725,47535
24,305,130,47535
24,306,89,47535
24,307,134,47535
24,308,5224,47535
24,309,44,47535
24,310,0,47535
24,311,263,47535
24,312,3,47535
24,313,732,47535
24,314,884,47535
24,315,366,47535
24,316,256,47535
24,317,311,47535
24,318,221,47535
24,319,165,47535
24,320,767,47535
24,321,434,47535
24,322,147,47535
24,323,481,47535
24,324,515,47535
24,325,728,47535
24,326,1158,47535
24,327,343,47535
24,328,133,47535
24,329,352,47535
24,330,348,47535
24,331,510,47535
24,332,2227,47535
24,333,569,47535
24,334,16,47535
24,335,167,47535
24,336,401,47535
24,337,3201,47535
24,338,973,47535
24,339,855,47535
24,340,242,47535
24,341,440,47535
24,342,574,47535
24,343,636,47535
24,344,307,47535
24,345,1234,47535
24,346,4975,47535
24,347,175,47535
24,348,1296,47535
24,349,245,47535
24,350,0,47535
24,351,204,47535
24,352,9,47535
24,353,1271,47535
24,354,215,47535
24,355,289,47535
24,356,327,47535
24,357,12,47535
24,358,476,47535
24,359,368,47535
24,360,229,47535
24,361,21,47535
24,362,746,47535
24,363,592,47535
24,364,168,47535
24,365,807,47535
24,366,195,47535
24,367,1016,47535
24,368,237,47535
24,369,897,47535
24,370,58,47535
24,371,14,47535
24,372,1444,47535
24,373,24,47535
24,374,8,47535
24,375,799,47535
24,376,114,47535
24,377,593,47535
24,378,144,47535
24,379,119,47535
24,380,5282,47535
24,381,121,47535
24,382,80,47535
24,383,1620,47535
25,0,670,47535
25,1,633,47535
25,2,15,47535
25,3,309,47535
25,4,582,47535
25,5,5644,47535
25,6,12,47535
25,7,3404,47535
25,8,65,47535
25,9,5,47535
25,10,305,47535
25,11,879,47535
25,12,349,47535
25,13,106,47535
25,14,44,47535
25,15,586,47535
25,16,1059,47535
25,17,214,47535
25,18,1232,47535
25,19,73,47535
25,20,1944,47535
25,21,4829,47535
25,22,9,47535
25,23,287,47535
25,24,35,47535
25,25,26,47535
25,26,353,47535
25,27,4,47535
25,28,735,47535
25,29,1563,47535
25,30,14,47535
25,31,208,47535
25,32,137,47535
25,33,398,47535
25,34,303,47535
25,35,61,47535
25,36,762,47535
25,37,1610,47535
25,38,702,47535
25,39,17,47535
25,40,51,47535
25,41,120,47535
25,42,3278,47535
25,43,352,47535
25,44,144,47535
25,45,332,47535
25,46,133,47535
25,47,278,47535
25,48,104,47535
25,49,5,47535
25,50,279,47535
25,51,71,47535
25,52,75,47535
25,53,118,47535
25,54,222,47535
25,55,1592,47535
25,56,151,47535
25,57,226,47535
25,58,1131,47535
25,59,375,47535
25,60,40,47535
25,61,436,47535
25,62,1138,47535
25,63,755,47535
25,64,2270,47535
25,65,87,47535
25,66,170,47535
25,67,1469,47535
25,68,52,47535
25,69,126,47535
25,70,91,47535
25,71,16,47535
25,72,35,47535
25,73,366,47535
25,74,347,47535
25,75,2413,47535
25,76,29,47535
25,77,200,47535
25,78,4,47535
25,79,2,47535
25,80,44,47535
25,81,41,47535
25,82,1162,47535
25,83,5667,47535
25,84,43,47535
25,85,2,47535
25,86,462,47535
25,87,11,47535
25,88,660,47535
25,89,197,47535
25,90,467,47535
25,91,20,47535
25,92,889,47535
25,93,623,47535
25,94,3779,47535
25,95,28,47535
25,96,48,47535
25,97,399,47535
25,98,651,47535
25,99,431,47535
25,100,43,47535
25,101,376,47535
25,102,13,47535
25,103,3213,47535
25,104,38,47535
25,105,1043,47535
25,106,1125,47535
25,107,13,47535
25,108,138,47535
25,109,155,47535
25,110,673,47535
25,111,4942,47535
25,112,644,47535
25,113,502,47535
25,114,146,47535
25,115,832,47535
25,116,21,47535
25,117,329,47535
25,118,227,47535
25,119,1819,47535
25,120,1479,47535
25,121,1041,47535
25,122,4896,47535
25,123,467,47535
25,124,649,47535
25,125,199,47535
25,126,127,47535
25,127,37,47535
25,128,1003,47535
25,129,237,47535
25,130,2269,47535
25,131,76,47535
25,132,477,47535
25,133,42,47535
25,134,981,47535
25,135,152,47535
25,136,217,47535
25,137,104,47535
25,138,533,47535
25,139,136,47535
25,140,733,47535
25,141,673,47535
25,142,413,47535
25,143,334,47535
25,144,496,47535
25,145,98,47535
25,146,43,47535
25,147,89,47535
25,148,456,47535
25,149,68,47535
25,150,801,47535
25,151,582,47535
25,152,80,47535
25,153,308,47535
25,154,327,47535
25,155,42,47535
25,156,894,47535
25,157,484,47535
25,158,596,47535
25,159,687,47535
25,160,256,47535
25,161,403,47535
25,162,256,47535
25,163,422,47535
25,164,4212,47535
25,165,153,47535
25,166,55,47535
25,167,404,47535
25,168,562,47535
25,169,710,47535
25,170,509,47535
25,171,469,47535
25,172,7,47535
25,173,7,47535
25,174,276,47535
25,175,105,47535
25,176,4005,47535
25,177,1158,47535
25,178,1749,47535
25,179,231,47535
25,180,1280,47535
25,181,407,47535
25,182,428,47535
25,183,65,47535
25,184,165,47535
25,185,312,47535
25,186,176,47535
25,187,276,47535
25,188,559,47535
25,189,112,47535
25,190,147,47535
25,191,83,47535
25,192,411,47535
25,193,2020,47535
25,194,153,47535
25,195,103,47535
25,196,231,47535
25,197,801,47535
25,198,85,47535
25,199,223,47535
25,200,201,47535
25,201,26,47535
25,202,130,47535
25,203,259,47535
25,204,429,47535
25,205,58,47535
25,206,945,47535
25,207,680,47535
25,208,3099,47535
25,209,313,47535
25,210,410,47535
25,211,7211,47535
25,212,7,47535
25,213,4194,47535
25,214,150,47535
25,215,783,47535
25,216,1261,47535
25,217,31,47535
25,218,654,47535
25,219,299,47535
25,220,1972,47535
25,221,370,47535
25,222,5,47535
25,223,797,47535
25,224,78,47535
25,225,147,47535
25,226,104,47535
25,227,247,47535
25,228,27,47535
25,229,19,47535
25,230,103,47535
25,231,1167,47535
25,232,1552,47535
25,233,942,47535
25,234,938,47535
25,235,1240,47535
25,236,520,47535
25,237,1331,47535
25,238,4777,47535
25,239,4213,47535
25,240,11,47535
25,241,508,47535
25,242,4067,47535
25,243,201,47535
25,244,2480,47535
25,245,22,47535
25,246,247,47535
25,247,620,47535
25,248,347,47535
25,249,153,47535
25,250,126,47535
25,251,3608,47535
25,252,61,47535
25,253,931,47535
25,254,153,47535
25,255,2886,47535
25,256,167,47535
25,257,61,47535
25,258,0,47535
25,259,7,47535
25,260,5647,47535
25,261,232,47535
25,262,45,47535
25,263,756,47535
25,264,204,47535
25,265,368,47535
25,266,337,47535
25,267,42,47535
25,268,21,47535
25,269,82,47535
25,270,58,47535
25,271,240,47535
25,272,3950,47535
25,273,500,47535
25,274,126,47535
25,275,122,47535
25,276,191,47535
25,277,241,47535
25,278,70,47535
25,279,626,47535
25,280,499,47535
25,281,284,47535
25,282,65,47535
25,283,584,47535
25,284,1,47535
25,285,105,47535
25,286,459,47535
25,287,201,47535
25,288,564,47535
25,289,7,47535
25,290,1634,47535
25,291,360,47535
25,292,25,47535
25,293,4907,47535
25,294,101,47535
25,295,639,47535
25,296,26,47535
25,297,515,47535
25,298,162,47535
25,299,475,47535
25,300,1090,47535
25,301,1007,47535
25,302,196,47535
25,303,637,47535
25,304,223,47535
25,305,196,47535
25,306,72,47535
25,307,325,47535
25,308,48,47535
25,309,987,47535
25,310,330,47535
25,311,3334,47535
25,312,397,47535
25,313,104,47535
25,314,5,47535
25,315,671,47535
25,316,34,47535
25,317,286,47535
25,318,589,47535
25,319,158,47535
25,320,264,47535
25,321,3416,47535
25,322,284,47535
25,323,4455,47535
25,324,115,47535
25,325,73,47535
25,326,551,47535
25,327,341,47535
25,328,1367,47535
25,329,3,47535
25,330,1659,47535
25,331,842,47535
25,332,82,47535
25,333,552,47535
25,334,194,47535
25,335,77,47535
25,336,708,47535
25,337,1858,47535
25,338,9,47535
25,339,319,47535
25,340,517,47535
25,341,69,47535
25,342,62,47535
25,343,146,47535
25,344,960,47535
25,345,38,47535
25,346,16,47535
25,347,1596,47535
25,348,2705,47535
25,349,1225,47535
25,350,328,47535
25,351,596,47535
25,352,172,47535
25,353,307,47535
25,354,113,47535
25,355,1738,47535
25,356,106,47535
25,357,338,47535
25,358,1482,47535
25,359,10716,47535
25,360,907,47535
25,361,1419,47535
25,362,12539,47535
25,363,17,47535
25,364,1072,47535
25,365,1287,47535
25,366,133,47535
25,367,94,47535
25,368,82,47535
25,369,218,47535
25,370,27,47535
25,371,793,47535
25,372,296,47535
25,373,774,47535
25,374,293,47535
25,375,216,47535
25,376,20,47535
25,377,15,47535
25,378,107,47535
25,379,1,47535
25,380,218,47535
25,381,1112,47535
25,382,47,47535
25,383,125,47535
26,0,383,47535
26,1,329,47535
26,2,252,47535
26,3,91,47535
26,4,555,47535
26,5,22,47535
26,6,110,47535
26,7,34,47535
26,8,156,47535
26,9,2565,47535
26,10,123,47535
26,11,320,47535
26,12,662,47535
26,13,219,47535
26,14,749,47535
26,15,1004,47535
26,16,362,47535
26,17,6326,47535
26,18,178,47535
26,19,2046,47535
26,20,674,47535
26,21,68,47535
26,22,112,47535
26,23,1,47535
26,24,104,47535
26,25,39,47535
26,26,280,47535
26,27,3890,47535
26,28,453,47535
26,29,575,47535
26,30,914,47535
26,31,4,47535
26,32,937,47535
26,33,49,47535
26,34,244,47535
26,35,2,47535
26,36,3553,47535
26,37,4241,47535
26,38,135,47535
26,39,1317,47535
26,40,562,47535
26,41,562,47535
26,42,286,47535
26,43,30,47535
26,44,2567,47535
26,45,1484,47535
26,46,108,47535
26,47,149,47535
26,48,409,47535
26,49,317,47535
26,50,21,47535
26,51,1988,47535
26,52,26,47535
26,53,8,47535
26,54,689,47535
26,55,141,47535
26,56,61,47535
26,57,953,47535
26,58,100,47535
26,59,117,47535
26,60,312,47535
26,61,88,47535
26,62,121,47535
26,63,1022,47535
26,64,1644,47535
26,65,136,47535
26,66,195,47535
26,67,109,47535
26,68,24,47535
26,69,418,47535
26,70,797,47535
26,71,111,47535
26,72,40,47535
26,73,80,47535
26,74,278,47535
26,75,255,47535
26,76,711,47535
26,77,74,47535
26,78,509,47535
26,79,341,47535
26,80,326,47535
26,81,289,47535
26,82,1734,47535
26,83,700,47535
26,84,109,47535
26,85,494,47535
26,86,466,47535
26,87,826,47535
26,88,368,47535
26,89,366,47535
26,90,140,47535
26,91,248,47535
26,92,728,47535
26,93,3093,47535
26,94,109,47535
26,95,322,47535
26,96,67,47535
26,97,789,47535
26,98,11,47535
26,99,34,47535
26,100,166,47535
26,101,1819,47535
26,102,1447,47535
26,103,270,47535
26,104,82,47535
26,105,889,47535
26,106,592,47535
26,107,269,47535
26,108,86,47535
26,109,241,47535
26,110,588,47535
26,111,46,47535
26,112,251,47535
26,113,61,47535
26,114,241,47535
26,115,104,47535
26,116,12662,47535
26,117,7,47535
26,118,695,47535
26,119,147,47535
26,120,1487,47535
26,121,738,47535
26,122,190,47535
26,123,1105,47535
26,124,1951,47535
26,125,692,47535
26,126,1684,47535
26,127,4819,47535
26,128,449,47535
26,129,168,47535
26,130,9,47535
26,131,63,47535
26,132,3394,47535
26,133,376,47535
26,134,1335,47535
26,135,321,47535
26,136,879,47535
26,137,333,47535
26,138,686,47535
26,139,855,47535
26,140,446,47535
26,141,16,47535
26,142,366,47535
26,143,4,47535
26,144,2872,47535
26,145,31,47535
26,146,134,47535
26,147,4742,47535
26,148,333,47535
26,149,190,47535
26,150,59,47535
26,151,310,47535
26,152,489,47535
26,153,433,47535
26,154,106,47535
26,155,212,47535
26,156,391,47535
26,157,478,47535
26,158,210,47535
26,159,1020,47535
26,160,939,47535
26,161,4,47535
26,162,247,47535
26,163,383,47535
26,164,329,47535
26,165,369,47535
26,166,215,47535
26,167,1171,47535
26,168,480,47535
26,169,1139,47535
26,170,1613,47535
26,171,400,47535
26,172,167,47535
26,173,1371,47535
26,174,2962,47535
26,175,74,47535
26,176,544,47535
26,177,536,47535
26,178,227,47535
26,179,565,47535
26,180,102,47535
26,181,288,47535
26,182,64,47535
26,183,1931,47535
26,184,1141,47535
26,185,1105,47535
26,186,1307,47535
26,187,317,47535
26,188,2021,47535
26,189,63,47535
26,190,233,47535
26,191,1058,47535
26,192,536,47535
26,193,82,47535
26,194,315,47535
26,195,836,47535
26,196,32,47535
26,197,42,47535
26,198,1528,47535
26,199,315,47535
26,200,1462,47535
26,201,2591,47535
26,202,272,47535
26,203,35,47535
26,204,304,47535
26,205,180,47535
26,206,1171,47535
26,207,824,47535
26,208,746,47535
26,209,737,47535
26,210,215,47535
26,211,1309,47535
26,212,92,47535
26,213,581,47535
26,214,512,47535
26,215,2774,47535
26,216,79,47535
26,217,5234,47535
26,218,63,47535
26,219,6,47535
26,220,247,47535
26,221,31,47535
26,222,437,47535
26,223,317,47535
26,224,733,47535
26,225,657,47535
26,226,28,47535
26,227,315,47535
26,228,5880,47535
26,229,3,47535
26,230,84,47535
26,231,3672,47535
26,232,20,47535
26,233,894,47535
26,234,186,47535
26,235,1681,47535
26,236,130,47535
26,237,759,47535
26,238,2,47535
26,239,986,47535
26,240,492,47535
26,241,805,47535
26,242,624,47535
26,243,3,47535
26,244,395,47535
26,245,1023,47535
26,246,99,47535
26,247,97,47535
26,248,854,47535
26,249,681,47535
26,250,464,47535
26,251,495,47535
26,252,206,47535
26,253,211,47535
26,254,307,47535
26,255,44,47535
26,256,1553,47535
26,257,1271,47535
26,258,99,47535
26,259,799,47535
26,260,181,47535
26,261,32,47535
26,262,25,47535
26,263,873,47535
26,264,34,47535
26,265,7114,47535
26,266,409,47535
26,267,1682,47535
26,268,1101,47535
26,269,386,47535
26,270,387,47535
26,271,0,47535
26,272,689,47535
26,273,804,47535
26,274,69,47535
26,275,25,47535
26,276,4583,47535
26,277,920,47535
26,278,6,47535
26,279,1800,47535
26,280,1188,47535
26,281,365,47535
26,282,222,47535
26,283,657,47535
26,284,348,47535
26,285,186,47535
26,286,2037,47535
26,287,595,47535
26,288,128,47535
26,289,343,47535
26,290,469,47535
26,291,332,47535
26,292,371,47535
26,293,381,47535
26,294,7,47535
26,295,135,47535
26,296,519,47535
26,297,1078,47535
26,298,282,47535
26,299,175,47535
26,300,58,47535
26,301,30,47535
26,302,720,47535
26,303,1508,47535
26,304,178,47535
26,305,805,47535
26,306,125,47535
26,307,1363,47535
26,308,771,47535
26,309,3195,47535
26,310,186,47535
26,311,280,47535
26,312,27,47535
26,313,7,47535
26,314,45,47535
26,315,2567,47535
26,316,227,47535
26,317,469,47535
26,318,397,47535
26,319,333,47535
26,320,148,47535
26,321,601,47535
26,322,241,47535
26,323,129,47535
26,324,52,47535
26,325,442,47535
26,326,15,47535
26,327,216,47535
26,328,186,47535
26,329,75,47535
26,330,205,47535
26,331,631,47535
26,332,85,47535
26,333,1550,47535
26,334,535,47535
26,335,26,47535
26,336,677,47535
26,337,131,47535
26,338,4624,47535
26,339,133,47535
26,340,4994,47535
26,341,5171,47535
26,342,24,47535
26,343,3831,47535
26,344,308,47535
26,345,1294,47535
26,346,51,47535
26,347,1607,47535
26,348,851,47535
26,349,267,47535
26,350,334,47535
26,351,350,47535
26,352,458,47535
26,353,402,47535
26,354,421,47535
26,355,1478,47535
26,356,230,47535
26,357,1521,47535
26,358,1048,47535
26,359,608,47535
26,360,39,47535
26,361,878,47535
26,362,360,47535
26,363,2020,47535
26,364,207,47535
26,365,301,47535
26,366,14,47535
26,367,364,47535
26,368,522,47535
26,369,1459,47535
26,370,752,47535
26,371,257,47535
26,372,889,47535
26,373,233,47535
26,374,1666,47535
26,375,157,47535
26,376,314,47535
26,377,144,47535
26,378,96,47535
26,379,78,47535
26,380,791,47535
26,381,229,47535
26,382,657,47535
26,383,603,47535
27,0,106,47535
27,1,0,47535
27,2,696,47535
27,3,1129,47535
27,4,210,47535
27,5,1921,47535
27,6,996,47535
27,7,140,47535
27,8,237,47535
27,9,1617,47535
27,10,959,47535
27,11,719,47535
27,12,529,47535
27,13,73,47535
27,14,364,47535
27,15,247,47535
27,16,417,47535
27,17,45,47535
27,18,610,47535
27,19,330,47535
27,20,368,47535
27,21,7,47535
27,22,878,47535
27,23,1916,47535
27,24,12,47535
27,25,2348,47535
27,26,416,47535
27,27,226,47535
27,28,409,47535
27,29,316,47535
27,30,40,47535
27,31,147,47535
27,32,835,47535
27,33,472,47535
27,34,47,47535
27,35,121,47535
27,36,285,47535
27,37,43,47535
27,38,3,47535
27,39,1694,47535
27,40,1344,47535
27,41,461,47535
27,42,0,47535
27,43,331,47535
27,44,47,47535
27,45,4019,47535
27,46,1317,47535
27,47,260,47535
27,48,581,47535
27,49,2112,47535
27,50,58,47535
27,51,741,47535
27,52,208,47535
27,53,3958,47535
27,54,2409,47535
27,55,520,47535
27,56,162,47535
27,57,2716,47535
27,58,247,47535
27,59,341,47535
27,60,44,47535
27,61,610,47535
27,62,221,47535
27,63,2304,47535
27,64,1468,47535
27,65,514,47535
27,66,589,47535
27,67,269,47535
27,68,527,47535
27,69,2499,47535
27,70,149,47535
27,71,6387,47535
27,72,868,47535
27,73,20,47535
27,74,170,47535
27,75,732,47535
27,76,152,47535
27,77,2418,47535
27,78,173,47535
27,79,515,47535
27,80,639,47535
27,81,286,47535
27,82,83,47535
27,83,150,47535
27,84,4341,47535
27,85,325,47535
27,86,2862,47535
27,87,1530,47535
27,88,2175,47535
27,89,1309,47535
27,90,504,47535
27,91,149,47535
27,92,484,47535
27,93,577,47535
27,94,647,47535
27,95,449,47535
27,96,691,47535
27,97,43,47535
27,98,613,47535
27,99,69,47535
27,100,389,47535
27,101,1099,47535
27,102,608,47535
27,103,1446,47535
27,104,256,47535
27,105,7412,47535
27,106,165,47535
27,107,266,47535
27,108,515,47535
27,109,377,47535
27,110,431,47535
27,111,38,47535
27,112,171,47535
27,113,319,47535
27,114,91,47535
27,115,931,47535
27,116,1311,47535
27,117,61,47535
27,118,10,47535
27,119,68,47535
27,120,4,47535
27,121,1293,47535
27,122,495,47535
27,123,38,47535
27,124,591,47535
27,125,130,47535
27,126,503,47535
27,127,350,47535
27,128,1046,47535
27,129,164,47535
27,130,187,47535
27,131,1257,47535
27,132,71,47535
27,133,225,47535
27,134,137,47535
27,135,764,47535
27,136,1314,47535
27,137,219,47535
27,138,853,47535
27,139,25,47535
27,140,354,47535
27,141,448,47535
27,142,220,47535
27,143,6120,47535
27,144,1706,47535
27,145,421,47535
27,146,422,47535
27,147,650,47535
27,148,1338,47535
27,149,1115,47535
27,150,3,47535
27,151,111,47535
27,152,1059,47535
27,153,558,47535
27,154,994,47535
27,155,842,47535
27,156,584,47535
27,157,216,47535
27,158,336,47535
27,159,1450,47535
27,160,181,47535
27,161,1636,47535
27,162,217,47535
27,163,995,47535
27,164,1460,47535
27,165,614,47535
27,166,182,47535
27,167,1073,47535
27,168,302,47535
27,169,214,47535
27,170,302,47535
27,171,90,47535
27,172,48,47535
27,173,256,47535
27,174,513,47535
27,175,1391,47535
27,176,366,47535
27,177,154,47535
27,178,1129,47535
27,179,329,47535
27,180,604,47535
27,181,16,47535
27,182,484,47535
27,183,979,47535
27,184,54,47535
27,185,2000,47535
27,186,1743,47535
27,187,427,47535
27,188,212,47535
27,189,464,47535
27,190,9,47535
27,191,253,47535
27,192,567,47535
27,193,20,47535
27,194,683,47535
27,195,744,47535
27,196,76,47535
27,197,535,47535
27,198,516,47535
27,199,1357,47535
27,200,525,47535
27,201,114,47535
27,202,453,47535
27,203,213,47535
27,204,29,47535
27,205,547,47535
27,206,0,47535
27,207,378,47535
27,208,4590,47535
27,209,819,47535
27,210,309,47535
27,211,566,47535
27,212,163,47535
27,213,50,47535
27,214,2273,47535
27,215,164,47535
27,216,242,47535
27,217,787,47535
27,218,151,47535
27,219,91,47535
27,220,105,47535
27,221,15,47535
27,222,189,47535
27,223,889,47535
27,224,2177,47535
27,225,6359,47535
27,226,42,47535
27,227,126,47535
27,228,1346,47535
27,229,84,47535
27,230,652,47535
27,231,268,47535
27,232,68,47535
27,233,1065,47535
27,234,53,47535
27,235,250,47535
27,236,167,47535
27,237,460,47535
27,238,786,47535
27,239,46,47535
27,240,575,47535
27,241,234,47535
27,242,570,47535
27,243,152,47535
27,244,336,47535
27,245,479,47535
27,246,562,47535
27,247,729,47535
27,248,495,47535
27,249,1188,47535
27,250,6190,47535
27,251,487,47535
27,252,21,47535
27,253,868,47535
27,254,979,47535
27,255,64,47535
27,256,1313,47535
27,257,1009,47535
27,258,132,47535
27,259,407,47535
27,260,1,47535
27,261,667,47535
27,262,124,47535
27,263,427,47535
27,264,795,47535
27,265,3083,47535
27,266,128,47535
27,267,2485,47535
27,268,249,47535
27,269,119,47535
27,270,1119,47535
27,271,1008,47535
27,272,1076,47535
27,273,258,47535
27,274,1173,47535
27,275,84,47535
27,276,55,47535
27,277,179,47535
27,278,534,47535
27,279,2203,47535
27,280,577,47535
27,281,1514,47535
27,282,1363,47535
27,283,410,47535
27,284,278,47535
27,285,2959,47535
27,286,48,47535
27,287,57,47535
27,288,8,47535
27,289,527,47535
27,290,4,47535
27,291,730,47535
27,292,366,47535
27,293,541,47535
27,294,350,47535
27,295,41,47535
27,296,351,47535
27,297,1215,47535
27,298,70,47535
27,299,45,47535
27,300,4,47535
27,301,615,47535
27,302,39,47535
27,303,486,47535
27,304,913,47535
27,305,2287,47535
27,306,817,47535
27,307,265,47535
27,308,1353,47535
27,309,49,47535
27,310,244,47535
27,311,6,47535
27,312,400,47535
27,313,101,47535
27,314,233,47535
27,315,815,47535
27,316,68,47535
27,317,296,47535
27,318,51,47535
27,319,420,47535
27,320,1366,47535
27,321,2248,47535
27,322,263,47535
27,323,1397,47535
27,324,1069,47535
27,325,181,47535
27,326,294,47535
27,327,482,47535
27,328,886,47535
27,329,485,47535
27,330,11,47535
27,331,2225,47535
27,332,15,47535
27,333,30,47535
27,334,278,47535
27,335,436,47535
27,336,4939,47535
27,337,123,47535
27,338,168,47535
27,339,130,47535
27,340,33,47535
27,341,68,47535
27,342,288,47535
27,343,646,47535
27,344,97,47535
27,345,36,47535
27,346,44,47535
27,347,55,47535
27,348,72,47535
27,349,9,47535
27,350,1029,47535
27,351,613,47535
27,352,91,47535
27,353,636,47535
27,354,1979,47535
27,355,3323,47535
27,356,184,47535
27,357,68,47535
27,358,1412,47535
27,359,82,47535
27,360,123,47535
27,361,130,47535
27,362,6375,47535
27,363,6231,47535
27,364,372,47535
27,365,1740,47535
27,366,309,47535
27,367,247,47535
27,368,4436,47535
27,369,565,47535
27,370,57,47535
27,371,1251,47535
27,372,4,47535
27,373,641,47535
27,374,541,47535
27,375,740,47535
27,376,45,47535
27,377,64,47535
27,378,400,47535
27,379,92,47535
27,380,565,47535
27,381,188,47535
27,382,583,47535
27,383,549,47535
28,0,332,47535
28,1,31,47535
28,2,14,47535
28,3,435,47535
28,4,39,47535
28,5,122,47535
28,6,34,47535
28,7,1354,47535
28,8,588,47535
28,9,394,47535
28,10,167,47535
28,11,6052,47535
28,12,722,47535
28,13,55,47535
28,14,163,47535
28,15,386,47535
28,16,387,47535
28,17,92,47535
28,18,435,47535
28,19,243,47535
28,20,137,47535
28,21,1,47535
28,22,469,47535
28,23,939,47535
28,24,33,47535
28,25,1361,47535
28,26,764,47535
28,27,685,47535
28,28,42,47535
28,29,1485,47535
28,30,232,47535
28,31,280,47535
28,32,261,47535
28,33,167,47535
28,34,356,47535
28,35,79,47535
28,36,755,47535
28,37,15,47535
28,38,2671,47535
28,39,43,47535
28,40,601,47535
28,41,570,47535
28,42,370,47535
28,43,1092,47535
28,44,3731,47535
28,45,1402,47535
28,46,599,47535
28,47,2717,47535
28,48,989,47535
28,49,266,47535
28,50,954,47535
28,51,460,47535
28,52,578,47535
28,53,536,47535
28,54,199,47535
28,55,189,47535
28,56,225,47535
28,57,820,47535
28,58,1822,47535
28,59,833,47535
28,60,410,47535
28,61,483,47535
28,62,16,47535
28,63,231,47535
28,64,2431,47535
28,65,703,47535
28,66,380,47535
28,67,1572,47535
28,68,61,47535
28,69,195,47535
28,70,459,47535
28,71,939,47535
28,72,230,47535
28,73,1132,47535
28,74,263,47535
28,75,778,47535
28,76,253,47535
28,77,73,47535
28,78,687,47535
28,79,58,47535
28,80,339,47535
28,81,99,47535
28,82,308,47535
28,83,314,47535
28,84,1127,47535
28,85,144,47535
28,86,619,47535
28,87,1515,47535
28,88,242,47535
28,89,1143,47535
28,90,1561,47535
28,91,196,47535
28,92,1653,47535
28,93,26,47535
28,94,965,47535
28,95,11,47535
28,96,83,47535
28,97,224,47535
28,98,2443,47535
28,99,393,47535
28,100,223,47535
28,101,3786,47535
28,102,61,47535
28,103,47,47535
28,104,245,47535
28,105,6529,47535
28,106,8,47535
28,107,411,47535
28,108,706,47535
28,109,1017,47535
28,110,673,47535
28,111,1842,47535
28,112,208,47535
28,113,133,47535
28,114,0,47535
28,115,201,47535
28,116,2849,47535
28,117,21,47535
28,118,1523,47535
28,119,554,47535
28,120,92,47535
28,121,131,47535
28,122,227,47535
28,123,491,47535
28,124,1540,47535
28,125,1346,47535
28,126,1004,47535
28,127,607,47535
28,128,394,47535
28,129,741,47535
28,130,597,47535
28,131,221,47535
28,132,451,47535
28,133,29,47535
28,134,226,47535
28,135,462,47535
28,136,79,47535
28,137,3592,47535
28,138,958,47535
28,139,108,47535
28,140,153,47535
28,141,2558,47535
28,142,77,47535
28,143,2162,47535
28,144,471,47535
28,145,101,47535
28,146,203,47535
28,147,858,47535
28,148,308,47535
28,149,18,47535
28,150,500,47535
28,151,184,47535
28,152,2,47535
28,153,2296,47535
28,154,24,47535
28,155,3,47535
28,156,163,47535
28,157,5438,47535
28,158,582,47535
28,159,140,47535
28,160,124,47535
28,161,149,47535
28,162,1507,47535
28,163,409,47535
28,164,128,47535
28,165,1428,47535
28,166,231,47535
28,167,21,47535
28,168,236,47535
28,169,516,47535
28,170,796,47535
28,171,358,47535
28,172,633,47535
28,173,144,47535
28,174,54,47535
28,175,5358,47535
28,176,57,47535
28,177,689,47535
28,178,158,47535
28,179,200,47535
28,180,963,47535
28,181,811,47535
28,182,796,47535
28,183,2276,47535
28,184,337,47535
28,185,42,47535
28,186,55,47535
28,187,251,47535
28,188,333,47535
28,189,584,47535
28,190,226,47535
28,191,3679,47535
28,192,289,47535
28,193,370,47535
28,194,341,47535
28,195,43,47535
28,196,126,47535
28,197,97,47535
28,198,542,47535
28,199,426,47535
28,200,445,47535
28,201,143,47535
28,202,177,47535
28,203,396,47535
28,204,99,47535
28,205,258,47535
28,206,109,47535
28,207,178,47535
28,208,212,47535
28,209,383,47535
28,210,34,47535
28,211,1293,47535
28,212,320,47535
28,213,357,47535
28,214,765,47535
28,215,333,47535
28,216,598,47535
28,217,49,47535
28,218,599,47535
28,219,42,47535
28,220,124,47535
28,221,520,47535
28,222,144,47535
28,223,70,47535
28,224,337,47535
28,225,762,47535
28,226,1395,47535
28,227,106,47535
28,228,146,47535
28,229,514,47535
28,230,406,47535
28,231,24,47535
28,232,165,47535
28,233,478,47535
28,234,1042,47535
28,235,978,47535
28,236,64,47535
28,237,4,47535
28,238,9,47535
28,239,16,47535
28,240,364,47535
28,241,1421,47535
28,242,321,47535
28,243,538,47535
28,244,436,47535
28,245,466,47535
28,246,1708,47535
28,247,338,47535
28,248,708,47535
28,249,6541,47535
28,250,17,47535
28,251,126,47535
28,252,1170,47535
28,253,529,47535
28,254,175,47535
28,255,424,47535
28,256,90,47535
28,257,150,47535
28,258,501,47535
28,259,192,47535
28,260,200,47535
28,261,170,47535
28,262,5378,47535
28,263,285,47535
28,264,40,47535
28,265,2500,47535
28,266,413,47535
28,267,0,47535
28,268,159,47535
28,269,392,47535
28,270,207,47535
28,271,814,47535
28,272,68,47535
28,273,559,47535
28,274,573,47535
28,275,566,47535
28,276,559,47535
28,277,144,47535
28,278,144,47535
28,279,170,47535
28,280,22,47535
28,281,4,47535
28,282,96,47535
28,283,756,47535
28,284,87,47535
28,285,153,47535
28,286,803,47535
28,287,1585,47535
28,288,380,47535
28,289,209,47535
28,290,149,47535
28,291,729,47535
28,292,47,47535
28,293,53,47535
28,294,600,47535
28,295,775,47535
28,296,2900,47535
28,297,277,47535
28,298,117,47535
28,299,829,47535
28,300,286,47535
28,301,0,47535
28,302,68,47535
28,303,417,47535
28,304,128,47535
28,305,110,47535
28,306,4,47535
28,307,25,47535
28,308,266,47535
28,309,29,47535
28,310,197,47535
28,311,277,47535
28,312,380,47535
28,313,1026,47535
28,314,2014,47535
28,315,12764,47535
28,316,163,47535
28,317,374,47535
28,318,27,47535
28,319,187,47535
28,320,1730,47535
28,321,405,47535
28,322,1355,47535
28,323,269,47535
28,324,625,47535
28,325,159,47535
28,326,12,47535
28,327,682,47535
28,328,729,47535
28,329,22,47535
28,330,1306,47535
28,331,139,47535
28,332,8105,47535
28,333,290,47535
28,334,6430,47535
28,335,2479,47535
28,336,294,47535
28,337,420,47535
28,338,1243,47535
28,339,23,47535
28,340,14,47535
28,341,221,47535
28,342,187,47535
28,343,189,47535
28,344,378,47535
28,345,1258,47535
28,346,487,47535
28,347,731,47535
28,348,4209,47535
28,349,445,47535
28,350,572,47535
28,351,2191,47535
28,352,3157,47535
28,353,2737,47535
28,354,168,47535
28,355,881,47535
28,356,322,47535
28,357,8058,47535
28,358,273,47535
28,359,258,47535
28,360,51,47535
28,361,464,47535
28,362,248,47535
28,363,98,47535
28,364,569,47535
28,365,363,47535
28,366,333,47535
28,367,1327,47535
28,368,314,47535
28,369,467,47535
28,370,790,47535
28,371,5409,47535
28,372,48,47535
28,373,5,47535
28,374,297,47535
28,375,458,47535
28,376,201,47535
28,377,282,47535
28,378,376,47535
28,379,45,47535
28,380,353,47535
28,381,401,47535
28,382,2322,47535
28,383,684,47535
29,0,161,47535
29,1,194,47535
29,2,109,47535
29,3,758,47535
29,4,293,47535
29,5,57,47535
29,6,706,47535
29,7,440,47535
29,8,49,47535
29,9,934,47535
29,10,582,47535
29,11,432,47535
29,12,87,47535
29,13,980,47535
29,14,542,47535
29,15,31,47535
29,16,9,47535
29,17,1935,47535
29,18,481,47535
29,19,173,47535
29,20,181,47535
29,21,418,47535
29,22,10045,47535
29,23,529,47535
29,24,6696,47535
29,25,130,47535
29,26,3318,47535
29,27,1665,47535
29,28,160,47535
29,29,327,47535
29,30,419,47535
29,31,302,47535
29,32,140,47535
29,33,889,47535
29,34,278,47535
29,35,3721,47535
29,36,132,47535
29,37,565,47535
29,38,122,47535
29,39,552,47535
29,40,631,47535
29,41,239,47535
29,42,356,47535
29,43,489,47535
29,44,162,47535
29,45,1394,47535
29,46,117,47535
29,47,823,47535
29,48,1020,47535
29,49,1,47535
29,50,100,47535
29,51,3,47535
29,52,585,47535
29,53,232,47535
29,54,256,47535
29,55,675,47535
29,56,46,47535
29,57,114,47535
29,58,805,47535
29,59,894,47535
29,60,280,47535
29,61,708,47535
29,62,1584,47535
29,63,491,47535
29,64,307,47535
29,65,31,47535
29,66,247,47535
29,67,441,47535
29,68,67,47535
29,69,235,47535
29,70,423,47535
29,71,581,47535
29,72,8133,47535
29,73,66,47535
29,74,35,47535
29,75,7731,47535
29,76,488,47535
29,77,2265,47535
29,78,1567,47535
29,79,181,47535
29,80,757,47535
29,81,270,47535
29,82,33,47535
29,83,162,47535
29,84,725,47535
29,85,1285,47535
29,86,569,47535
29,87,436,47535
29,88,31,47535
29,89,211,47535
29,90,57,47535
29,91,680,47535
29,92,2784,47535
29,93,86,47535
29,94,149,47535
29,95,426,47535
29,96,25,47535
29,97,1303,47535
29,98,39,47535
29,99,249,47535
29,100,73,47535
29,101,2452,47535
29,102,245,47535
29,103,13180,47535
29,104,745,47535
29,105,1578,47535
29,106,220,47535
29,107,345,47535
29,108,0,47535
29,109,482,47535
29,110,32,47535
29,111,173,47535
29,112,257,47535
29,113,113,47535
29,114,377,47535
29,115,969,47535
29,116,343,47535
29,117,649,47535
29,118,178,47535
29,119,746,47535
29,120,461,47535
29,121,92,47535
29,122,2823,47535
29,123,353,47535
29,124,65,47535
29,125,2099,47535
29,126,462,47535
29,127,119,47535
29,128,552,47535
29,129,494,47535
29,130,4324,47535
29,131,380,47535
29,132,30,47535
29,133,243,47535
29,134,205,47535
29,135,308,47535
29,136,215,47535
29,137,287,47535
29,138,252,47535
29,139,642,47535
29,140,400,47535
29,141,1032,47535
29,142,4186,47535
29,143,41,47535
29,144,129,47535
29,145,76,47535
29,146,67,47535
29,147,126,47535
29,148,173,47535
29,149,147,47535
29,150,317,47535
29,151,1,47535
29,152,75,47535
29,153,783,47535
29,154,504,47535
29,155,319,47535
29,156,548,47535
29,157,961,47535
29,158,502,47535
29,159,449,47535
29,160,3860,47535
29,161,799,47535
29,162,189,47535
29,163,495,47535
29,164,878,47535
29,165,338,47535
29,166,2593,47535
29,167,541,47535
29,168,240,47535
29,169,30,47535
29,170,358,47535
29,171,833,47535
29,172,542,47535
29,173,509,47535
29,174,161,47535
29,175,1450,47535
29,176,900,47535
29,177,289,47535
29,178,2947,47535
29,179,368,47535
29,180,178,47535
29,181,460,47535
29,182,47,47535
29,183,1565,47535
29,184,830,47535
29,185,24,47535
29,186,543,47535
29,187,2902,47535
29,188,257,47535
29,189,266,47535
29,190,504,47535
29,191,762,47535
29,192,79,47535
29,193,62,47535
29,194,137,47535
29,195,144,47535
29,196,248,47535
29,197,322,47535
29,198,72,47535
29,199,645,47535
29,200,555,47535
29,201,310,47535
29,202,802,47535
29,203,675,47535
29,204,71,47535
29,205,891,47535
29,206,707,47535
29,207,298,47535
29,208,149,47535
29,209,834,47535
29,210,4989,47535
29,211,101,47535
29,212,960,47535
29,213,150,47535
29,214,796,47535
29,215,293,47535
29,216,350,47535
29,217,26,47535
29,218,866,47535
29,219,238,47535
29,220,747,47535
29,221,1975,47535
29,222,55,47535
29,223,0,47535
29,224,277,47535
29,225,12874,47535
29,226,250,47535
29,227,8,47535
29,228,522,47535
29,229,162,47535
29,230,2148,47535
29,231,165,47535
29,232,40,47535
29,233,218,47535
29,234,1067,47535
29,235,81,47535
29,236,227,47535
29,237,37,47535
29,238,152,47535
29,239,510,47535
29,240,379,47535
29,241,338,47535
29,242,17,47535
29,243,842,47535
29,244,435,47535
29,245,404,47535
29,246,116,47535
29,247,139,47535
29,248,268,47535
29,249,10,47535
29,250,250,47535
29,251,1496,47535
29,252,1211,47535
29,253,67,47535
29,254,149,47535
29,255,48,47535
29,256,1246,47535
29,257,1651,47535
29,258,7493,47535
29,259,528,47535
29,260,698,47535
29,261,421,47535
29,262,888,47535
29,263,351,47535
29,264,106,47535
29,265,88,47535
29,266,571,47535
29,267,35,47535
29,268,225,47535
29,269,1218,47535
29,270,344,47535
29,271,617,47535
29,272,333,47535
29,273,111,47535
29,274,89,47535
29,275,149,47535
29,276,88,47535
29,277,2097,47535
29,278,1227,47535
29,279,429,47535
29,280,423,47535
29,281,2,47535
29,282,47,47535
29,283,1473,47535
29,284,477,47535
29,285,45,47535
29,286,565,47535
29,287,241,47535
29,288,142,47535
29,289,1009,47535
29,290,320,47535
29,291,364,47535
29,292,362,47535
29,293,256,47535
29,294,764,47535
29,295,16,47535
29,296,393,47535
29,297,211,47535
29,298,62,47535
29,299,36,47535
29,300,763,47535
29,301,345,47535
29,302,268,47535
29,303,2,47535
29,304,352,47535
29,305,775,47535
29,306,1071,47535
29,307,1946,47535
29,308,6436,47535
29,309,277,47535
29,310,556,47535
29,311,4320,47535
29,312,112,47535
29,313,1071,47535
29,314,386,47535
29,315,456,47535
29,316,22,47535
29,317,1077,47535
29,318,554,47535
29,319,2041,47535
29,320,301,47535
29,321,911,47535
29,322,478,47535
29,323,145,47535
29,324,264,47535
29,325,456,47535
29,326,460,47535
29,327,111,47535
29,328,94,47535
29,329,783,47535
29,330,2130,47535
29,331,36,47535
29,332,25,47535
29,333,77,47535
29,334,484,47535
29,335,297,47535
29,336,1742,47535
29,337,135,47535
29,338,1120,47535
29,339,319,47535
29,340,195,47535
29,341,81,47535
29,342,558,47535
29,343,10,47535
29,344,240,47535
29,345,766,47535
29,346,479,47535
29,347,475,47535
29,348,782,47535
29,349,416,47535
29,350,1011,47535
29,351,2925,47535
29,352,438,47535
29,353,418,47535
29,354,107,47535
29,355,85,47535
29,356,252,47535
29,357,345,47535
29,358,436,47535
29,359,336,47535
29,360,246,47535
29,361,276,47535
29,362,364,47535
29,363,554,47535
29,364,36,47535
29,365,330,47535
29,366,273,47535
29,367,1741,47535
29,368,1,47535
29,369,260,47535
29,370,349,47535
29,371,17,47535
29,372,180,47535
29,373,28,47535
29,374,35,47535
29,375,234,47535
29,376,892,47535
29,377,6,47535
29,378,2095,47535
29,379,768,47535
29,380,132,47535
29,381,153,47535
29,382,660,47535
29,383,683,47535
30,0,375,47535
30,1,5,47535
30,2,4397,47535
30,3,635,47535
30,4,265,47535
30,5,1092,47535
30,6,680,47535
30,7,258,47535
30,8,366,47535
30,9,181,47535
30,10,51,47535
30,11,1580,47535
30,12,880,47535
30,13,1355,47535
30,14,640,47535
30,15,364,47535
30,16,2554,47535
30,17,408,47535
30,18,1456,47535
30,19,695,47535
30,20,1526,47535
30,21,289,47535
30,22,1160,47535
30,23,949,47535
30,24,295,47535
30,25,418,47535
30,26,350,47535
30,27,216,47535
30,28,385,47535
30,29,20,47535
30,30,188,47535
30,31,78,47535
30,32,325,47535
30,33,344,47535
30,34,55,47535
30,35,218,47535
30,36,1829,47535
30,37,307,47535
30,38,253,47535
30,39,228,47535
30,40,5,47535
30,41,407,47535
30,42,2454,47535
30,43,1740,47535
30,44,324,47535
30,45,1011,47535
30,46,43,47535
30,47,294,47535
30,48,3169,47535
30,49,321,47535
30,50,4832,47535
30,51,295,47535
30,52,107,47535
30,53,334,47535
30,54,8,47535
30,55,946,47535
30,56,361,47535
30,57,417,47535
30,58,269,47535
30,59,71,47535
30,60,279,47535
30,61,1394,47535
30,62,704,47535
30,63,1303,47535
30,64,234,47535
30,65,356,47535
30,66,2205,47535
30,67,484,47535
30,68,531,47535
30,69,337,47535
30,70,447,47535
30,71,113,47535
30,72,428,47535
30,73,57,47535
30,74,801,47535
30,75,10,47535
30,76,282,47535
30,77,270,47535
30,78,1143,47535
30,79,358,47535
30,80,74,47535
30,81,36,47535
30,82,734,47535
30,83,91,47535
30,84,454,47535
30,85,284,47535
30,86,358,47535
30,87,998,47535
30,88,595,47535
30,89,0,47535
30,90,651,47535
30,91,284,47535
30,92,45,47535
30,93,130,47535
30,94,398,47535
30,95,10888,47535
30,96,383,47535
30,97,292,47535
30,98,222,47535
30,99,10602,47535
30,100,776,47535
30,101,7,47535
30,102,58,47535
30,103,612,47535
30,104,72,47535
30,105,91,47535
30,106,740,47535
30,107,237,47535
30,108,475,47535
30,109,212,47535
30,110,372,47535
30,111,148,47535
30,112,1074,47535
30,113,13,47535
30,114,733,47535
30,115,199,47535
30,116,289,47535
30,117,49,47535
30,118,260,47535
30,119,213,47535
30,120,278,47535
30,121,337,47535
30,122,629,47535
30,123,263,47535
30,124,603,47535
30,125,279,47535
30,126,432,47535
30,127,146,47535
30,128,173,47535
30,129,1,47535
30,130,763,47535
30,131,132,47535
30,132,1221,47535
30,133,588,47535
30,134,954,47535
30,135,1083,47535
30,136,726,47535
30,137,318,47535
30,138,351,47535
30,139,736,47535
30,140,12,47535
30,141,231,47535
30,142,448,47535
30,143,462,47535
30,144,147,47535
30,145,293,47535
30,146,1322,47535
30,147,28,47535
30,148,1076,47535
30,149,979,47535
30,150,27,47535
30,151,54,47535
30,152,2,47535
30,153,283,47535
30,154,811,47535
30,155,40,47535
30,156,254,47535
30,157,139,47535
30,158,39,47535
30,159,705,47535
30,160,433,47535
30,161,6890,47535
30,162,99,47535
30,163,669,47535
30,164,389,47535
30,165,485,47535
30,166,290,47535
30,167,1898,47535
30,168,745,47535
30,169,75,47535
30,170,975,47535
30,171,579,47535
30,172,1595,47535
30,173,849,47535
30,174,37,47535
30,175,2981,47535
30,176,197,47535
30,177,225,47535
30,178,104,47535
30,179,1523,47535
30,180,86,47535
30,181,420,47535
30,182,1866,47535
30,183,26,47535
30,184,2569,47535
30,185,447,47535
30,186,16,47535
30,187,3,47535
30,188,534,47535
30,189,2770,47535
30,190,803,47535
30,191,78,47535
30,192,296,47535
30,193,1951,47535
30,194,83,47535
30,195,662,47535
30,196,76,47535
30,197,2190,47535
30,198,37,47535
30,199,568,47535
30,200,141,47535
30,201,12,47535
30,202,98,47535
30,203,1155,47535
30,204,19,47535
30,205,537,47535
30,206,976,47535
30,207,714,47535
30,208,38,47535
30,209,961,47535
30,210,620,47535
30,211,921,47535
30,212,1565,47535
30,213,1334,47535
30,214,0,47535
30,215,763,47535
30,216,1734,47535
30,217,167,47535
30,218,201,47535
30,219,922,47535
30,220,1176,47535
30,221,237,47535
30,222,486,47535
30,223,25,47535
30,224,4269,47535
30,225,2740,47535
30,226,878,47535
30,227,594,47535
30,228,103,47535
30,229,2010,47535
30,230,104,47535
30,231,489,47535
30,232,362,47535
30,233,9691,47535
30,234,441,47535
30,235,3202,47535
30,236,2305,47535
30,237,288,47535
30,238,12,47535
30,239,222,47535
30,240,755,47535
30,241,168,47535
30,242,535,47535
30,243,436,47535
30,244,69,47535
30,245,1207,47535
30,246,79,47535
30,247,72,47535
30,248,637,47535
30,249,153,47535
30,250,1055,47535
30,251,986,47535
30,252,370,47535
30,253,178,47535
30,254,100,47535
30,255,493,47535
30,256,977,47535
30,257,189,47535
30,258,642,47535
30,259,658,47535
30,260,72,47535
30,261,75,47535
30,262,1484,47535
30,263,2303,47535
30,264,841,47535
30,265,2051,47535
30,266,98,47535
30,267,359,47535
30,268,5,47535
30,269,508,47535
30,270,505,47535
30,271,0,47535
30,272,201,47535
30,273,107,47535
30,274,136,47535
30,275,285,47535
30,276,423,47535
30,277,1569,47535
30,278,476,47535
30,279,263,47535
30,280,950,47535
30,281,1319,47535
30,282,103,47535
30,283,263,47535
30,284,124,47535
30,285,407,47535
30,286,583,47535
30,287,748,47535
30,288,452,47535
30,289,39,47535
30,290,64,47535
30,291,550,47535
30,292,334,47535
30,293,105,47535
30,294,177,47535
30,295,1593,47535
30,296,282,47535
30,297,144,47535
30,298,2718,47535
30,299,412,47535
30,300,1049,47535
30,301,670,47535
30,302,1153,47535
30,303,597,47535
30,304,84,47535
30,305,6286,47535
30,306,270,47535
30,307,666,47535
30,308,206,47535
30,309,251,47535
30,310,981,47535
30,311,218,47535
30,312,626,47535
30,313,699,47535
30,314,57,47535
30,315,88,47535
30,316,56,47535
30,317,601,47535
30,318,646,47535
30,319,88,47535
30,320,348,47535
30,321,787,47535
30,322,732,47535
30,323,132,47535
30,324,875,47535
30,325,0,47535
30,326,1027,47535
30,327,2447,47535
30,328,1035,47535
30,329,1528,47535
30,330,14,47535
30,331,855,47535
30,332,887,47535
30,333,64,47535
30,334,1165,47535
30,335,570,47535
30,336,966,47535
30,337,429,47535
30,338,60,47535
30,339,96,47535
30,340,469,47535
30,341,53,47535
30,342,367,47535
30,343,1,47535
30,344,198,47535
30,345,1913,47535
30,346,1344,47535
30,347,1646,47535
30,348,180,47535
30,349,360,47535
30,350,81,47535
30,351,229,47535
30,352,2047,47535
30,353,194,47535
30,354,151,47535
30,355,1963,47535
30,356,1878,47535
30,357,121,47535
30,358,562,47535
30,359,372,47535
30,360,1510,47535
30,361,440,47535
30,362,926,47535
30,363,81,47535
30,364,260,47535
30,365,467,47535
30,366,428,47535
30,367,284,47535
30,368,464,47535
30,369,60,47535
30,370,80,47535
30,371,714,47535
30,372,0,47535
30,373,338,47535
30,374,134,47535
30,375,175,47535
30,376,1246,47535
30,377,472,47535
30,378,1221,47535
30,379,10110,47535
30,380,1456,47535
30,381,132,47535
30,382,70,47535
30,383,458,47535
31,0,802,47535
31,1,43,47535
31,2,795,47535
31,3,709,47535
31,4,454,47535
31,5,1865,47535
31,6,769,47535
31,7,557,47535
31,8,586,47535
31,9,312,47535
31,10,71,47535
31,11,482,47535
31,12,314,47535
31,13,62,47535
31,14,416,47535
31,15,534,47535
31,16,227,47535
31,17,1059,47535
31,18,73,47535
31,19,1926,47535
31,20,246,47535
31,21,2,47535
31,22,896,47535
31,23,300,47535
31,24,845,47535
31,25,939,47535
31,26,545,47535
31,27,175,47535
31,28,3373,47535
31,29,464,47535
31,30,20,47535
31,31,955,47535
31,32,49,47535
31,33,264,47535
31,34,172,47535
31,35,61,47535
31,36,1526,47535
31,37,732,47535
31,38,655,47535
31,39,286,47535
31,40,7704,47535
31,41,514,47535
31,42,244,47535
31,43,211,47535
31,44,125,47535
31,45,960,47535
31,46,739,47535
31,47,51,47535
31,48,3575,47535
31,49,160,47535
31,50,589,47535
31,51,417,47535
31,52,5171,47535
31,53,490,47535
31,54,904,47535
31,55,162,47535
31,56,599,47535
31,57,290,47535
31,58,127,47535
31,59,267,47535
31,60,11,47535
31,61,103,47535
31,62,236,47535
31,63,147,47535
31,64,2538,47535
31,65,20,47535
31,66,775,47535
31,67,273,47535
31,68,1757,47535
31,69,67,47535
31,70,1480,47535
31,71,542,47535
31,72,177,47535
31,73,0,47535
31,74,29,47535
31,75,768,47535
31,76,302,47535
31,77,2829,47535
31,78,61,47535
31,79,194,47535
31,80,96,47535
31,81,351,47535
31,82,786,47535
31,83,215,47535
31,84,472,47535
31,85,226,47535
31,86,575,47535
31,87,1089,47535
31,88,2725,47535
31,89,105,47535
31,90,383,47535
31,91,389,47535
31,92,82,47535
31,93,43,47535
31,94,2413,47535
31,95,202,47535
31,96,368,47535
31,97,255,47535
31,98,576,47535
31,99,1168,47535
31,100,134,47535
31,101,499,47535
31,102,741,47535
31,103,5017,47535
31,104,629,47535
31,105,652,47535
31,106,62,47535
31,107,394,47535
31,108,1932,47535
31,109,557,47535
31,110,333,47535
31,111,598,47535
31,112,215,47535
31,113,142,47535
31,114,744,47535
31,115,819,47535
31,116,427,47535
31,117,4071,47535
31,118,648,47535
31,119,90,47535
31,120,1904,47535
31,121,77,47535
31,122,80,47535
31,123,294,47535
31,124,169,47535
31,125,84,47535
31,126,0,47535
31,127,399,47535
31,128,789,47535
31,129,206,47535
31,130,245,47535
31,131,51,47535
31,132,224,47535
31,133,696,47535
31,134,134,47535
31,135,483,47535
31,136,38,47535
31,137,937,47535
31,138,1014,47535
31,139,384,47535
31,140,351,47535
31,141,6930,47535
31,142,433,47535
31,143,515,47535
31,144,509,47535
31,145,353,47535
31,146,152,47535
31,147,367,47535
31,148,167,47535
31,149,219,47535
31,150,25,47535
31,151,224,47535
31,152,350,47535
31,153,265,47535
31,154,2415,47535
31,155,1868,47535
31,156,816,47535
31,157,169,47535
31,158,748,47535
31,159,1,47535
31,160,1293,47535
31,161,213,47535
31,162,34,47535
31,163,469,47535
31,164,251,47535
31,165,270,47535
31,166,2,47535
31,167,3881,47535
31,168,752,47535
31,169,103,47535
31,170,406,47535
31,171,318,47535
31,172,28,47535
31,173,580,47535
31,174,1072,47535
31,175,352,47535
31,176,460,47535
31,177,30,47535
31,178,13,47535
31,179,5,47535
31,180,289,47535
31,181,331,47535
31,182,490,47535
31,183,2,47535
31,184,1211,47535
31,185,1694,47535
31,186,592,47535
31,187,214,47535
31,188,8839,47535
31,189,783,47535
31,190,327,47535
31,191,1567,47535
31,192,129,47535
31,193,111,47535
31,194,1,47535
31,195,845,47535
31,196,44,47535
31,197,378,47535
31,198,457,47535
31,199,263,47535
31,200,3,47535
31,201,713,47535
31,202,225,47535
31,203,2637,47535
31,204,47,47535
31,205,10,47535
31,206,844,47535
31,207,625,47535
31,208,1502,47535
31,209,147,47535
31,210,568,47535
31,211,397,47535
31,212,402,47535
31,213,774,47535
31,214,9,47535
31,215,37,47535
31,216,1104,47535
31,217,1778,47535
31,218,238,47535
31,219,923,47535
31,220,2,47535
31,221,605,47535
31,222,486,47535
31,223,278,47535
31,224,32,47535
31,225,1143,47535
31,226,9,47535
31,227,683,47535
31,228,171,47535
31,229,9936,47535
31,230,1247,47535
31,231,99,47535
31,232,204,47535
31,233,413,47535
31,234,85,47535
31,235,33,47535
31,236,488,47535
31,237,561,47535
31,238,27,47535
31,239,423,47535
31,240,222,47535
31,241,110,47535
31,242,3,47535
31,243,195,47535
31,244,390,47535
31,245,1052,47535
31,246,170,47535
31,247,281,47535
31,248,3,47535
31,249,1302,47535
31,250,4665,47535
31,251,388,47535
31,252,104,47535
31,253,2100,47535
31,254,18,47535
31,255,1073,47535
31,256,1,47535
31,257,263,47535
31,258,221,47535
31,259,173,47535
31,260,542,47535
31,261,266,47535
31,262,294,47535
31,263,153,47535
31,264,198,47535
31,265,8,47535
31,266,353,47535
31,267,181,47535
31,268,388,47535
31,269,5927,47535
31,270,320,47535
31,271,111,47535
31,272,700,47535
31,273,18,47535
31,274,1423,47535
31,275,235,47535
31,276,7408,47535
31,277,42,47535
31,278,121,47535
31,279,133,47535
31,280,1479,47535
31,281,573,47535
31,282,87,47535
31,283,110,47535
31,284,237,47535
31,285,1003,47535
31,286,407,47535
31,287,11442,47535
31,288,342,47535
31,289,1551,47535
31,290,20,47535
31,291,169,47535
31,292,0,47535
31,293,545,47535
31,294,121,47535
31,295,265,47535
31,296,474,47535
31,297,3005,47535
31,298,365,47535
31,299,291,47535
31,300,91,47535
31,301,232,47535
31,302,170,47535
31,303,2045,47535
31,304,503,47535
31,305,3894,47535
31,306,329,47535
31,307,235,47535
31,308,1395,47535
31,309,37,47535
31,310,457,47535
31,311,319,47535
31,312,165,47535
31,313,712,47535
31,314,147,47535
31,315,190,47535
31,316,401,47535
31,317,422,47535
31,318,1169,47535
31,319,24,47535
31,320,41,47535
31,321,173,47535
31,322,156,47535
31,323,282,47535
31,324,728,47535
31,325,978,47535
31,326,2056,47535
31,327,265,47535
31,328,2,47535
31,329,30,47535
31,330,1020,47535
31,331,134,47535
31,332,858,47535
31,333,145,47535
31,334,843,47535
31,335,200,47535
31,336,143,47535
31,337,273,47535
31,338,605,47535
31,339,1653,47535
31,340,152,47535
31,341,31,47535
31,342,570,47535
31,343,375,47535
31,344,471,47535
31,345,313,47535
31,346,483,47535
31,347,1277,47535
31,348,454,47535
31,349,473,47535
31,350,1130,47535
31,351,437,47535
31,352,267,47535
31,353,108,47535
31,354,684,47535
31,355,21,47535
31,356,489,47535
31,357,2516,47535
31,358,1348,47535
31,359,438,47535
31,360,70,47535
31,361,580,47535
31,362,1153,47535
31,363,248,47535
31,364,79,47535
31,365,43,47535
31,366,73,47535
31,367,563,47535
31,368,304,47535
31,369,663,47535
31,370,794,47535
31,371,15,47535
31,372,9655,47535
31,373,0,47535
31,374,2956,47535
31,375,1124,47535
31,376,178,47535
31,377,854,47535
31,378,226,47535
31,379,103,47535
31,380,46,47535
31,381,37,47535
31,382,13,47535
31,383,349,47535
32,0,504,47535
32,1,86,47535
32,2,80,47535
32,3,10,47535
32,4,1113,47535
32,5,685,47535
32,6,450,47535
32,7,1288,47535
32,8,753,47535
32,9,208,47535
32,10,1501,47535
32,11,21,47535
32,12,281,47535
32,13,683,47535
32,14,911,47535
32,15,563,47535
32,16,2,47535
32,17,1,47535
32,18,389,47535
32,19,549,47535
32,20,390,47535
32,21,997,47535
32,22,104,47535
32,23,598,47535
32,24,231,47535
32,25,117,47535
32,26,164,47535
32,27,16,47535
32,28,26,47535
32,29,1165,47535
32,30,179,47535
32,31,369,47535
32,32,502,47535
32,33,4991,47535
32,34,545,47535
32,35,494,47535
32,36,335,47535
32,37,1374,47535
32,38,235,47535
32,39,308,47535
32,40,189,47535
32,41,7959,47535
32,42,47,47535
32,43,320,47535
32,44,27,47535
32,45,711,47535
32,46,1441,47535
32,47,241,47535
32,48,764,47535
32,49,1234,47535
32,50,105,47535
32,51,17,47535
32,52,918,47535
32,53,141,47535
32,54,548,47535
32,55,193,47535
32,56,272,47535
32,57,133,47535
32,58,225,47535
32,59,1273,47535
32,60,473,47535
32,61,362,47535
32,62,161,47535
32,63,134,47535
32,64,515,47535
32,65,518,47535
32,66,301,47535
32,67,581,47535
32,68,724,47535
32,69,576,47535
32,70,203,47535
32,71,1157,47535
32,72,612,47535
32,73,98,47535
32,74,1833,47535
32,75,711,47535
32,76,0,47535
32,77,909,47535
32,78,1836,47535
32,79,481,47535
32,80,24,47535
32,81,322,47535
32,82,2537,47535
32,83,606,47535
32,84,5,47535
32,85,285,47535
32,86,101,47535
32,87,93,47535
32,88,412,47535
32,89,3200,47535
32,90,2224,47535
32,91,2198,47535
32,92,814,47535
32,93,188,47535
32,94,299,47535
32,95,183,47535
32,96,2,47535
32,97,42,47535
32,98,2870,47535
32,99,4130,47535
32,100,848,47535
32,101,2717,47535
32,102,962,47535
32,103,406,47535
32,104,0,47535
32,105,1204,47535
32,106,87,47535
32,107,215,47535
32,108,33,47535
32,109,399,47535
32,110,496,47535
32,111,45,47535
32,112,179,47535
32,113,480,47535
32,114,786,47535
32,115,1705,47535
32,116,14,47535
32,117,252,47535
32,118,37,47535
32,119,144,47535
32,120,43,47535
32,121,325,47535
32,122,14069,47535
32,123,38,47535
32,124,579,47535
32,125,379,47535
32,126,296,47535
32,127,421,47535
32,128,504,47535
32,129,228,47535
32,130,162,47535
32,131,7,47535
32,132,970,47535
32,133,376,47535
32,134,254,47535
32,135,512,47535
32,136,295,47535
32,137,697,47535
32,138,365,47535
32,139,294,47535
32,140,260,47535
32,141,163,47535
32,142,291,47535
32,143,1050,47535
32,144,516,47535
32,145,1014,47535
32,146,762,47535
32,147,83,47535
32,148,9,47535
32,149,848,47535
32,150,107,47535
32,151,6,47535
32,152,557,47535
32,153,285,47535
32,154,232,47535
32,155,5599,47535
32,156,639,47535
32,157,635,47535
32,158,9,47535
32,159,99,47535
32,160,366,47535
32,161,427,47535
32,162,200,47535
32,163,117,47535
32,164,234,47535
32,165,27,47535
32,166,355,47535
32,167,664,47535
32,168,1026,47535
32,169,107,47535
32,170,765,47535
32,171,9,47535
32,172,36,47535
32,173,324,47535
32,174,69,47535
32,175,163,47535
32,176,85,47535
32,177,367,47535
32,178,431,47535
32,179,369,47535
32,180,559,47535
32,181,1564,47535
32,182,115,47535
32,183,1364,47535
32,184,1838,47535
32,185,42,47535
32,186,524,47535
32,187,563,47535
32,188,39,47535
32,189,1871,47535
32,190,112,47535
32,191,155,47535
32,192,599,47535
32,193,493,47535
32,194,32,47535
32,195,223,47535
32,196,72,47535
32,197,740,47535
32,198,504,47535
32,199,14,47535
32,200,623,47535
32,201,9313,47535
32,202,458,47535
32,203,19,47535
32,204,951,47535
32,205,688,47535
32,206,355,47535
32,207,355,47535
32,208,421,47535
32,209,353,47535
32,210,661,47535
32,211,483,47535
32,212,122,47535
32,213,404,47535
32,214,266,47535
32,215,229,47535
32,216,20,47535
32,217,400,47535
32,218,2640,47535
32,219,136,47535
32,220,360,47535
32,221,6290,47535
32,222,141,47535
32,223,211,47535
32,224,51,47535
32,225,130,47535
32,226,2881,47535
32,227,47,47535
32,228,910,47535
32,229,5,47535
32,230,0,47535
32,231,50,47535
32,232,2588,47535
32,233,142,47535
32,234,1995,47535
32,235,3090,47535
32,236,137,47535
32,237,869,47535
32,238,719,47535
32,239,379,47535
32,240,357,47535
32,241,1408,47535
32,242,851,47535
32,243,366,47535
32,244,255,47535
32,245,40,47535
32,246,1557,47535
32,247,165,47535
32,248,4697,47535
32,249,418,47535
32,250,285,47535
32,251,1100,47535
32,252,1195,47535
32,253,278,47535
32,254,247,47535
32,255,72,47535
32,256,372,47535
32,257,18,47535
32,258,697,47535
32,259,5,47535
32,260,546,47535
32,261,901,47535
32,262,437,47535
32,263,437,47535
32,264,397,47535
32,265,180,47535
32,266,3568,47535
32,267,1963,47535
32,268,51,47535
32,269,507,47535
32,270,1020,47535
32,271,252,47535
32,272,260,47535
32,273,705,47535
32,274,215,47535
32,275,345,47535
32,276,5785,47535
32,277,996,47535
32,278,41,47535
32,279,1116,47535
32,280,142,47535
32,281,265,47535
32,282,643,47535
32,283,5341,47535
32,284,569,47535
32,285,239,47535
32,286,347,47535
32,287,555,47535
32,288,1034,47535
32,289,542,47535
32,290,1383,47535
32,291,143,47535
32,292,157,47535
32,293,94,47535
32,294,903,47535
32,295,582,47535
32,296,1310,47535
32,297,186,47535
32,298,208,47535
32,299,222,47535
32,300,293,47535
32,301,497,47535
32,302,478,47535
32,303,5067,47535
32,304,76,47535
32,305,132,47535
32,306,0,47535
32,307,347,47535
32,308,270,47535
32,309,256,47535
32,310,153,47535
32,311,86,47535
32,312,1607,47535
32,313,10,47535
32,314,3163,47535
32,315,93,47535
32,316,161,47535
32,317,104,47535
32,318,401,47535
32,319,413,47535
32,320,32,47535
32,321,90,47535
32,322,161,47535
32,323,206,47535
32,324,41,47535
32,325,4740,47535
32,326,192,47535
32,327,31,47535
32,328,568,47535
32,329,2523,47535
32,330,26,47535
32,331,4827,47535
32,332,504,47535
32,333,575,47535
32,334,19,47535
32,335,342,47535
32,336,68,47535
32,337,462,47535
32,338,1280,47535
32,339,2111,47535
32,340,650,47535
32,341,927,47535
32,342,209,47535
32,343,222,47535
32,344,1662,47535
32,345,8,47535
32,346,668,47535
32,347,802,47535
32,348,128,47535
32,349,71,47535
32,350,394,47535
32,351,322,47535
32,352,716,47535
32,353,912,47535
32,354,290,47535
32,355,3040,47535
32,356,73,47535
32,357,96,47535
32,358,530,47535
32,359,328,47535
32,360,135,47535
32,361,519,47535
32,362,423,47535
32,363,557,47535
32,364,798,47535
32,365,174,47535
32,366,598,47535
32,367,573,47535
32,368,1123,47535
32,369,159,47535
32,370,3,47535
32,371,7,47535
32,372,2480,47535
32,373,869,47535
32,374,434,47535
32,375,225,47535
32,376,490,47535
32,377,229,47535
32,378,3223,47535
32,379,564,47535
32,380,598,47535
32,381,71,47535
32,382,625,47535
32,383,1771,47535
33,0,29,47535
33,1,787,47535
33,2,599,47535
33,3,3543,47535
33,4,398,47535
33,5,1100,47535
33,6,156,47535
33,7,562,47535
33,8,663,47535
33,9,890,47535
33,10,640,47535
33,11,149,47535
33,12,324,47535
33,13,1919,47535
33,14,20,47535
33,15,124,47535
33,16,16284,47535
33,17,746,47535
33,18,260,47535
33,19,420,47535
33,20,42,47535
33,21,468,47535
33,22,859,47535
33,23,413,47535
33,24,612,47535
33,25,318,47535
33,26,167,47535
33,27,360,47535
33,28,920,47535
33,29,69,47535
33,30,958,47535
33,31,320,47535
33,32,2337,47535
33,33,16,47535
33,34,1074,47535
33,35,452,47535
33,36,449,47535
33,37,161,47535
33,38,216,47535
33,39,296,47535
33,40,360,47535
33,41,231,47535
33,42,64,47535
33,43,168,47535
33,44,499,47535
33,45,116,47535
33,46,562,47535
33,47,16,47535
33,48,453,47535
33,49,141,47535
33,50,607,47535
33,51,267,47535
33,52,129,47535
33,53,121,47535
33,54,643,47535
33,55,470,47535
33,56,481,47535
33,57,320,47535
33,58,96,47535
33,59,403,47535
33,60,1116,47535
33,61,682,47535
33,62,116,47535
33,63,42,47535
33,64,193,47535
33,65,209,47535
33,66,1077,47535
33,67,1004,47535
33,68,493,47535
33,69,3129,47535
33,70,622,47535
33,71,426,47535
33,72,89,47535
33,73,63,47535
33,74,0,47535
33,75,1252,47535
33,76,619,47535
33,77,309,47535
33,78,238,47535
33,79,184,47535
33,80,267,47535
33,81,432,47535
33,82,23,47535
33,83,434,47535
33,84,683,47535
33,85,180,47535
33,86,81,47535
33,87,114,47535
33,88,696,47535
33,89,113,47535
33,90,46,47535
33,91,454,47535
33,92,938,47535
33,93,529,47535
33,94,111,47535
33,95,701,47535
33,96,911,47535
33,97,222,47535
33,98,507,47535
33,99,57,47535
33,100,194,47535
33,101,1415,47535
33,102,324,47535
33,103,196,47535
33,104,890,47535
33,105,761,47535
33,106,234,47535
33,107,598,47535
33,108,121,47535
33,109,441,47535
33,110,103,47535
33,111,420,47535
33,112,0,47535
33,113,1129,47535
33,114,0,47535
33,115,777,47535
33,116,527,47535
33,117,628,47535
33,118,322,47535
33,119,1356,47535
33,120,615,47535
33,121,19,47535
33,122,906,47535
33,123,323,47535
33,124,54,47535
33,125,1388,47535
33,126,1071,47535
33,127,524,47535
33,128,46,47535
33,129,13,47535
33,130,819,47535
33,131,74,47535
33,132,2,47535
33,133,532,47535
33,134,16479,47535
33,135,1946,47535
33,136,134,47535
33,137,256,47535
33,138,565,47535
33,139,141,47535
33,140,185,47535
33,141,355,47535
33,142,65,47535
33,143,7647,47535
33,144,702,47535
33,145,867,47535
33,146,147,47535
33,147,1159,47535
33,148,810,47535
33,149,289,47535
33,150,106,47535
33,151,358,47535
33,152,357,47535
33,153,3966,47535
33,154,1095,47535
33,155,377,47535
33,156,1,47535
33,157,2334,47535
33,158,6,47535
33,159,1184,47535
33,160,105,47535
33,161,240,47535
33,162,105,47535
33,163,1573,47535
33,164,343,47535
33,165,257,47535
33,166,271,47535
33,167,262,47535
33,168,249,47535
33,169,1185,47535
33,170,13,47535
33,171,566,47535
33,172,1187,47535
33,173,427,47535
33,174,2089,47535
33,175,191,47535
33,176,157,47535
33,177,76,47535
33,178,694,47535
33,179,112,47535
33,180,751,47535
33,181,158,47535
33,182,449,47535
33,183,986,47535
33,184,936,47535
33,185,298,47535
33,186,1286,47535
33,187,1629,47535
33,188,553,47535
33,189,546,47535
33,190,1290,47535
33,191,339,47535
33,192,467,47535
33,193,333,47535
33,194,1406,47535
33,195,8,47535
33,196,903,47535
33,197,4,47535
33,198,1121,47535
33,199,256,47535
33,200,409,47535
33,201,478,47535
33,202,185,47535
33,203,303,47535
33,204,583,47535
33,205,143,47535
33,206,424,47535
33,207,9379,47535
33,208,825,47535
33,209,448,47535
33,210,1444,47535
33,211,153,47535
33,212,1633,47535
33,213,307,47535
33,214,238,47535
33,215,676,47535
33,216,590,47535
33,217,46,47535
33,218,935,47535
33,219,6,47535
33,220,668,47535
33,221,908,47535
33,222,99,47535
33,223,795,47535
33,224,246,47535
33,225,304,47535
33,226,127,47535
33,227,28,47535
33,228,14374,47535
33,229,1207,47535
33,230,247,47535
33,231,385,47535
33,232,1189,47535
33,233,457,47535
33,234,424,47535
33,235,219,47535
33,236,222,47535
33,237,157,47535
33,238,63,47535
33,239,531,47535
33,240,1196,47535
33,241,475,47535
33,242,776,47535
33,243,34,47535
33,244,864,47535
33,245,648,47535
33,246,565,47535
33,247,619,47535
33,248,535,47535
33,249,23,47535
33,250,14,47535
33,251,328,47535
33,252,458,47535
33,253,266,47535
33,254,393,47535
33,255,65,47535
33,256,528,47535
33,257,331,47535
33,258,308,47535
33,259,1305,47535
33,260,1783,47535
33,261,535,47535
33,262,150,47535
33,263,311,47535
33,264,541,47535
33,265,188,47535
33,266,469,47535
33,267,9,47535
33,268,333,47535
33,269,218,47535
33,270,496,47535
33,271,139,47535
33,272,176,47535
33,273,1,47535
33,274,1081,47535
33,275,140,47535
33,276,1125,47535
33,277,1021,47535
33,278,141,47535
33,279,63,47535
33,280,99,47535
33,281,981,47535
33,282,1222,47535
33,283,8897,47535
33,284,271,47535
33,285,16,47535
33,286,274,47535
33,287,312,47535
33,288,456,47535
33,289,95,47535
33,290,454,47535
33,291,475,47535
33,292,335,47535
33,293,237,47535
33,294,627,47535
33,295,498,47535
33,296,169,47535
33,297,628,47535
33,298,313,47535
33,299,789,47535
33,300,556,47535
33,301,2401,47535
33,302,37,47535
33,303,90,47535
33,304,67,47535
33,305,407,47535
33,306,3228,47535
33,307,871,47535
33,308,352,47535
33,309,529,47535
33,310,308,47535
33,311,1855,47535
33,312,955,47535
33,313,564,47535
33,314,146,47535
33,315,844,47535
33,316,170,47535
33,317,2391,47535
33,318,928,47535
33,319,588,47535
33,320,202,47535
33,321,2,47535
33,322,492,47535
33,323,343,47535
33,324,368,47535
33,325,589,47535
33,326,1230,47535
33,327,1818,47535
33,328,248,47535
33,329,272,47535
33,330,835,47535
33,331,1036,47535
33,332,1590,47535
33,333,126,47535
33,334,245,47535
33,335,3,47535
33,336,5,47535
33,337,592,47535
33,338,85,47535
33,339,9999,47535
33,340,1295,47535
33,341,14,47535
33,342,242,47535
33,343,1802,47535
33,344,135,47535
33,345,303,47535
33,346,645,47535
33,347,556,47535
33,348,383,47535
33,349,70,47535
33,350,218,47535
33,351,740,47535
33,352,55,47535
33,353,2,47535
33,354,228,47535
33,355,258,47535
33,356,132,47535
33,357,99,47535
33,358,667,47535
33,359,1585,47535
33,360,142,47535
33,361,114,47535
33,362,795,47535
33,363,91,47535
33,364,597,47535
33,365,494,47535
33,366,1629,47535
33,367,447,47535
33,368,472,47535
33,369,4958,47535
33,370,169,47535
33,371,293,47535
33,372,162,47535
33,373,711,47535
33,374,77,47535
33,375,7,47535
33,376,165,47535
33,377,6,47535
33,378,405,47535
33,379,194,47535
33,380,233,47535
33,381,754,47535
33,382,15,47535
33,383,27,47535
34,0,309,47535
34,1,705,47535
34,2,8,47535
34,3,304,47535
34,4,631,47535
34,5,72,47535
34,6,948,47535
34,7,1601,47535
34,8,1532,47535
34,9,684,47535
34,10,42,47535
34,11,111,47535
34,12,530,47535
34,13,135,47535
34,14,922,47535
34,15,647,47535
34,16,567,47535
34,17,477,47535
34,18,553,47535
34,19,585,47535
34,20,408,47535
34,21,133,47535
34,22,110,47535
34,23,3,47535
34,24,702,47535
34,25,510,47535
34,26,311,47535
34,27,520,47535
34,28,33,47535
34,29,110,47535
34,30,6,47535
34,31,1300,47535
34,32,928,47535
34,33,121,47535
34,34,56,47535
34,35,5,47535
34,36,71,47535
34,37,216,47535
34,38,171,47535
34,39,161,47535
34,40,236,47535
34,41,13,47535
34,42,374,47535
34,43,585,47535
34,44,9870,47535
34,45,762,47535
34,46,813,47535
34,47,88,47535
34,48,577,47535
34,49,587,47535
34,50,396,47535
34,51,288,47535
34,52,842,47535
34,53,260,47535
34,54,4238,47535
34,55,253,47535
34,56,28,47535
34,57,101,47535
34,58,196,47535
34,59,77,47535
34,60,242,47535
34,61,262,47535
34,62,166,47535
34,63,95,47535
34,64,275,47535
34,65,6818,47535
34,66,462,47535
34,67,161,47535
34,68,600,47535
34,69,7801,47535
34,70,421,47535
34,71,18,47535
34,72,437,47535
34,73,9945,47535
34,74,1054,47535
34,75,550,47535
34,76,35,47535
34,77,18,47535
34,78,249,47535
34,79,170,47535
34,80,980,47535
34,81,515,47535
34,82,787,47535
34,83,242,47535
34,84,663,47535
34,85,50,47535
34,86,103,47535
34,87,140,47535
34,88,152,47535
34,89,80,47535
34,90,425,47535
34,91,51,47535
34,92,612,47535
34,93,272,47535
34,94,839,47535
34,95,636,47535
34,96,591,47535
34,97,332,47535
34,98,38,47535
34,99,148,47535
34,100,682,47535
34,101,1090,47535
34,102,20,47535
34,103,1393,47535
34,104,184,47535
34,105,451,47535
34,106,656,47535
34,107,681,47535
34,108,1090,47535
34,109,154,47535
34,110,1034,47535
34,111,459,47535
34,112,1075,47535
34,113,29,47535
34,114,33,47535
34,115,1260,47535
34,116,367,47535
34,117,602,47535
34,118,17,47535
34,119,1335,47535
34,120,1703,47535
34,121,91,47535
34,122,1555,47535
34,123,1616,47535
34,124,491,47535
34,125,868,47535
34,126,194,47535
34,127,721,47535
34,128,1697,47535
34,129,729,47535
34,130,243,47535
34,131,567,47535
34,132,141,47535
34,133,205,47535
34,134,1332,47535
34,135,79,47535
34,136,12,47535
34,137,504,47535
34,138,817,47535
34,139,85,47535
34,140,447,47535
34,141,785,47535
34,142,239,47535
34,143,175,47535
34,144,116,47535
34,145,14,47535
34,146,1036,47535
34,147,352,47535
34,148,5636,47535
34,149,951,47535
34,150,80,47535
34,151,18,47535
34,152,368,47535
34,153,29,47535
34,154,1272,47535
34,155,997,47535
34,156,312,47535
34,157,203,47535
34,158,476,47535
34,159,301,47535
34,160,213,47535
34,161,103,47535
34,162,5918,47535
34,163,69,47535
34,164,1488,47535
34,165,0,47535
34,166,814,47535
34,167,2914,47535
34,168,422,47535
34,169,184,47535
34,170,480,47535
34,171,363,47535
34,172,494,47535
34,173,586,47535
34,174,101,47535
34,175,102,47535
34,176,8,47535
34,177,536,47535
34,178,2572,47535
34,179,840,47535
34,180,551,47535
34,181,132,47535
34,182,30,47535
34,183,5009,47535
34,184,66,47535
34,185,1365,47535
34,186,786,47535
34,187,858,47535
34,188,1366,47535
34,189,43,47535
34,190,344,47535
34,191,198,47535
34,192,308,47535
34,193,434,47535
34,194,81,47535
34,195,15,47535
34,196,366,47535
34,197,0,47535
34,198,352,47535
34,199,69,47535
34,200,714,47535
34,201,580,47535
34,202,2,47535
34,203,873,47535
34,204,1827,47535
34,205,299,47535
34,206,221,47535
34,207,402,47535
34,208,256,47535
34,209,1097,47535
34,210,738,47535
34,211,558,47535
34,212,629,47535
34,213,419,47535
34,214,293,47535
34,215,934,47535
34,216,185,47535
34,217,84,47535
34,218,507,47535
34,219,283,47535
34,220,234,47535
34,221,430,47535
34,222,13,47535
34,223,1092,47535
34,224,101,47535
34,225,1411,47535
34,226,282,47535
34,227,546,47535
34,228,1433,47535
34,229,754,47535
34,230,36,47535
34,231,352,47535
34,232,110,47535
34,233,554,47535
34,234,252,47535
34,235,17554,47535
34,236,544,47535
34,237,170,47535
34,238,167,47535
34,239,837,47535
34,240,211,47535
34,241,580,47535
34,242,250,47535
34,243,71,47535
34,244,65,47535
34,245,2312,47535
34,246,539,47535
34,247,259,47535
34,248,430,47535
34,249,416,47535
34,250,1290,47535
34,251,273,47535
34,252,818,47535
34,253,591,47535
34,254,50,47535
34,255,152,47535
34,256,168,47535
34,257,214,47535
34,258,8675,47535
34,259,504,47535
34,260,216,47535
34,261,1610,47535
34,262,495,47535
34,263,403,47535
34,264,1068,47535
34,265,700,47535
34,266,63,47535
34,267,14,47535
34,268,852,47535
34,269,1752,47535
34,270,542,47535
34,271,402,47535
34,272,31,47535
34,273,62,47535
34,274,476,47535
34,275,3744,47535
34,276,391,47535
34,277,676,47535
34,278,287,47535
34,279,68,47535
34,280,3337,47535
34,281,405,47535
34,282,278,47535
34,283,313,47535
34,284,537,47535
34,285,112,47535
34,286,690,47535
34,287,5873,47535
34,288,1107,47535
34,289,130,47535
34,290,1196,47535
34,291,366,47535
34,292,29,47535
34,293,784,47535
34,294,538,47535
34,295,9,47535
34,296,588,47535
34,297,470,47535
34,298,239,47535
34,299,680,47535
34,300,67,47535
34,301,212,47535
34,302,167,47535
34,303,0,47535
34,304,231,47535
34,305,37,47535
34,306,374,47535
34,307,4232,47535
34,308,335,47535
34,309,549,47535
34,310,111,47535
34,311,227,47535
34,312,91,47535
34,313,182,47535
34,314,208,47535
34,315,52,47535
34,316,729,47535
34,317,2868,47535
34,318,2467,47535
34,319,7116,47535
34,320,3,47535
34,321,380,47535
34,322,213,47535
34,323,487,47535
34,324,1016,47535
34,325,1007,47535
34,326,204,47535
34,327,273,47535
34,328,549,47535
34,329,374,47535
34,330,511,47535
34,331,193,47535
34,332,1119,47535
34,333,967,47535
34,334,252,47535
34,335,476,47535
34,336,200,47535
34,337,283,47535
34,338,315,47535
34,339,279,47535
34,340,135,47535
34,341,208,47535
34,342,1718,47535
34,343,590,47535
34,344,813,47535
34,345,454,47535
34,346,190,47535
34,347,7,47535
34,348,1225,47535
34,349,307,47535
34,350,150,47535
34,351,778,47535
34,352,244,47535
34,353,86,47535
34,354,89,47535
34,355,1438,47535
34,356,788,47535
34,357,744,47535
34,358,709,47535
34,359,448,47535
34,360,153,47535
34,361,234,47535
34,362,76,47535
34,363,126,47535
34,364,132,47535
34,365,171,47535
34,366,925,47535
34,367,245,47535
34,368,2090,47535
34,369,894,47535
34,370,1200,47535
34,371,367,47535
34,372,136,47535
34,373,1252,47535
34,374,314,47535
34,375,17,47535
34,376,864,47535
34,377,122,47535
34,378,6,47535
34,379,630,47535
34,380,448,47535
34,381,848,47535
34,382,349,47535
34,383,54,47535
35,0,139,47535
35,1,82,47535
35,2,216,47535
35,3,165,47535
35,4,3178,47535
35,5,251,47535
35,6,409,47535
35,7,143,47535
35,8,168,47535
35,9,478,47535
35,10,5,47535
35,11,709,47535
35,12,142,47535
35,13,848,47535
35,14,231,47535
35,15,105,47535
35,16,492,47535
35,17,915,47535
35,18,725,47535
35,19,349,47535
35,20,511,47535
35,21,185,47535
35,22,61,47535
35,23,265,47535
35,24,897,47535
35,25,2227,47535
35,26,303,47535
35,27,121,47535
35,28,749,47535
35,29,47,47535
35,30,349,47535
35,31,112,47535
35,32,1,47535
35,33,528,47535
35,34,1220,47535
35,35,162,47535
35,36,605,47535
35,37,243,47535
35,38,1845,47535
35,39,264,47535
35,40,1770,47535
35,41,358,47535
35,42,1359,47535
35,43,24,47535
35,44,349,47535
35,45,3,47535
35,46,2559,47535
35,47,410,47535
35,48,8,47535
35,49,849,47535
35,50,115,47535
35,51,726,47535
35,52,1073,47535
35,53,230,47535
35,54,103,47535
35,55,4,47535
35,56,41,47535
35,57,0,47535
35,58,589,47535
35,59,1122,47535
35,60,35,47535
35,61,16398,47535
35,62,216,47535
35,63,1060,47535
35,64,340,47535
35,65,3,47535
35,66,73,47535
35,67,66,47535
35,68,417,47535
35,69,39,47535
35,70,7797,47535
35,71,219,47535
35,72,346,47535
35,73,373,47535
35,74,381,47535
35,75,2342,47535
35,76,38,47535
35,77,231,47535
35,78,87,47535
35,79,1488,47535
35,80,788,47535
35,81,207,47535
35,82,136,47535
35,83,74,47535
35,84,873,47535
35,85,135,47535
35,86,458,47535
35,87,370,47535
35,88,1420,47535
35,89,10179,47535
35,90,103,47535
35,91,410,47535
35,92,326,47535
35,93,692,47535
35,94,335,47535
35,95,18,47535
35,96,21,47535
35,97,197,47535
35,98,811,47535
35,99,75,47535
35,100,658,47535
35,101,88,47535
35,102,421,47535
35,103,2926,47535
35,104,1742,47535
35,105,206,47535
35,106,441,47535
35,107,294,47535
35,108,126,47535
35,109,112,47535
35,110,807,47535
35,111,114,47535
35,112,703,47535
35,113,284,47535
35,114,378,47535
35,115,1675,47535
35,116,1639,47535
35,117,684,47535
35,118,2265,47535
35,119,710,47535
35,120,303,47535
35,121,432,47535
35,122,281,47535
35,123,150,47535
35,124,474,47535
35,125,133,47535
35,126,41,47535
35,127,1449,47535
35,128,0,47535
35,129,135,47535
35,130,131,47535
35,131,208,47535
35,132,237,47535
35,133,668,47535
35,134,238,47535
35,135,232,47535
35,136,479,47535
35,137,0,47535
35,138,8,47535
35,139,593,47535
35,140,368,47535
35,141,653,47535
35,142,17,47535
35,143,0,47535
35,144,841,47535
35,145,719,47535
35,146,344,47535
35,147,296,47535
35,148,6,47535
35,149,367,47535
35,150,25,47535
35,151,174,47535
35,152,650,47535
35,153,2168,47535
35,154,512,47535
35,155,723,47535
35,156,5,47535
35,157,675,47535
35,158,429,47535
35,159,783,47535
35,160,1292,47535
35,161,447,47535
35,162,1697,47535
35,163,248,47535
35,164,513,47535
35,165,410,47535
35,166,1479,47535
35,167,246,47535
35,168,137,47535
35,169,697,47535
35,170,251,47535
35,171,850,47535
35,172,444,47535
35,173,213,47535
35,174,487,47535
35,175,10,47535
35,176,257,47535
35,177,884,47535
35,178,359,47535
35,179,40,47535
35,180,516,47535
35,181,75,47535
35,182,1425,47535
35,183,134,47535
35,184,139,47535
35,185,113,47535
35,186,454,47535
35,187,737,47535
35,188,127,47535
35,189,0,47535
35,190,226,47535
35,191,918,47535
35,192,0,47535
35,193,1570,47535
35,194,391,47535
35,195,1600,47535
35,196,267,47535
35,197,88,47535
35,198,338,47535
35,199,1344,47535
35,200,233,47535
35,201,1351,47535
35,202,4,47535
35,203,693,47535
35,204,301,47535
35,205,303,47535
35,206,371,47535
35,207,971,47535
35,208,94,47535
35,209,505,47535
35,210,309,47535
35,211,171,47535
35,212,206,47535
35,213,197,47535
35,214,115,47535
35,215,11708,47535
35,216,322,47535
35,217,180,47535
35,218,1274,47535
35,219,238,47535
35,220,47,47535
35,221,39,47535
35,222,47,47535
35,223,362,47535
35,224,572,47535
35,225,218,47535
35,226,0,47535
35,227,2951,47535
35,228,86,47535
35,229,702,47535
35,230,514,47535
35,231,3,47535
35,232,491,47535
35,233,784,47535
35,234,955,47535
35,235,2943,47535
35,236,240,47535
35,237,15008,47535
35,238,25,47535
35,239,249,47535
35,240,1139,47535
35,241,33,47535
35,242,654,47535
35,243,437,47535
35,244,405,47535
35,245,88,47535
35,246,487,47535
35,247,651,47535
35,248,818,47535
35,249,193,47535
35,250,491,47535
35,251,1680,47535
35,252,1357,47535
35,253,197,47535
35,254,416,47535
35,255,414,47535
35,256,203,47535
35,257,6,47535
35,258,603,47535
35,259,2716,47535
35,260,181,47535
35,261,269,47535
35,262,554,47535
35,263,197,47535
35,264,144,47535
35,265,223,47535
35,266,1586,47535
35,267,378,47535
35,268,275,47535
35,269,64,47535
35,270,309,47535
35,271,348,47535
35,272,219,47535
35,273,227,47535
35,274,346,47535
35,275,562,47535
35,276,76,47535
35,277,793,47535
35,278,235,47535
35,279,354,47535
35,280,577,47535
35,281,350,47535
35,282,335,47535
35,283,154,47535
35,284,1174,47535
35,285,842,47535
35,286,1348,47535
35,287,539,47535
35,288,26,47535
35,289,589,47535
35,290,18,47535
35,291,4,47535
35,292,2618,47535
35,293,1756,47535
35,294,362,47535
35,295,755,47535
35,296,543,47535
35,297,2,47535
35,298,211,47535
35,299,230,47535
35,300,342,47535
35,301,0,47535
35,302,120,47535
35,303,957,47535
35,304,655,47535
35,305,399,47535
35,306,10921,47535
35,307,458,47535
35,308,41,47535
35,309,402,47535
35,310,418,47535
35,311,891,47535
35,312,877,47535
35,313,1222,47535
35,314,53,47535
35,315,958,47535
35,316,1223,47535
35,317,615,47535
35,318,567,47535
35,319,731,47535
35,320,306,47535
35,321,497,47535
35,322,373,47535
35,323,190,47535
35,324,1497,47535
35,325,191,47535
35,326,2091,47535
35,327,139,47535
35,328,232,47535
35,329,154,47535
35,330,930,47535
35,331,50,47535
35,332,1164,47535
35,333,964,47535
35,334,600,47535
35,335,4670,47535
35,336,1119,47535
35,337,511,47535
35,338,556,47535
35,339,840,47535
35,340,425,47535
35,341,591,47535
35,342,147,47535
35,343,117,47535
35,344,835,47535
35,345,352,47535
35,346,475,47535
35,347,1117,47535
35,348,345,47535
35,349,485,47535
35,350,583,47535
35,351,79,47535
35,352,463,47535
35,353,425,47535
35,354,497,47535
35,355,3973,47535
35,356,3190,47535
35,357,167,47535
35,358,48,47535
35,359,634,47535
35,360,368,47535
35,361,181,47535
35,362,171,47535
35,363,199,47535
35,364,712,47535
35,365,4623,47535
35,366,258,47535
35,367,112,47535
35,368,503,47535
35,369,505,47535
35,370,680,47535
35,371,269,47535
35,372,286,47535
35,373,263,47535
35,374,713,47535
35,375,0,47535
35,376,167,47535
35,377,1564,47535
35,378,2753,47535
35,379,528,47535
35,380,254,47535
35,381,1089,47535
35,382,837,47535
35,383,403,47535
36,0,202,47535
36,1,6281,47535
36,2,243,47535
36,3,970,47535
36,4,1209,47535
36,5,260,47535
36,6,268,47535
36,7,704,47535
36,8,401,47535
36,9,2043,47535
36,10,177,47535
36,11,151,47535
36,12,842,47535
36,13,709,47535
36,14,305,47535
36,15,352,47535
36,16,565,47535
36,17,786,47535
36,18,334,47535
36,19,252,47535
36,20,6,47535
36,21,490,47535
36,22,1724,47535
36,23,99,47535
36,24,566,47535
36,25,464,47535
36,26,628,47535
36,27,978,47535
36,28,2809,47535
36,29,755,47535
36,30,93,47535
36,31,110,47535
36,32,178,47535
36,33,80,47535
36,34,168,47535
36,35,160,47535
36,36,1522,47535
36,37,371,47535
36,38,67,47535
36,39,0,47535
36,40,172,47535
36,41,859,47535
36,42,768,47535
36,43,1303,47535
36,44,123,47535
36,45,451,47535
36,46,233,47535
36,47,723,47535
36,48,28,47535
36,49,1,47535
36,50,646,47535
36,51,397,47535
36,52,1924,47535
36,53,151,47535
36,54,26,47535
36,55,457,47535
36,56,800,47535
36,57,608,47535
36,58,431,47535
36,59,2165,47535
36,60,651,47535
36,61,119,47535
36,62,62,47535
36,63,688,47535
36,64,548,47535
36,65,739,47535
36,66,22,47535
36,67,337,47535
36,68,7,47535
36,69,760,47535
36,70,240,47535
36,71,1809,47535
36,72,583,47535
36,73,640,47535
36,74,207,47535
36,75,3,47535
36,76,1893,47535
36,77,529,47535
36,78,369,47535
36,79,309,47535
36,80,4952,47535
36,81,20,47535
36,82,1290,47535
36,83,202,47535
36,84,1604,47535
36,85,407,47535
36,86,27,47535
36,87,260,47535
36,88,19,47535
36,89,96,47535
36,90,22,47535
36,91,576,47535
36,92,6,47535
36,93,626,47535
36,94,315,47535
36,95,2209,47535
36,96,123,47535
36,97,32,47535
36,98,1487,47535
36,99,1105,47535
36,100,800,47535
36,101,430,47535
36,102,333,47535
36,103,890,47535
36,104,346,47535
36,105,35,47535
36,106,219,47535
36,107,110,47535
36,108,385,47535
36,109,145,47535
36,110,23,47535
36,111,1106,47535
36,112,164,47535
36,113,309,47535
36,114,2203,47535
36,115,24,47535
36,116,192,47535
36,117,45,47535
36,118,356,47535
36,119,136,47535
36,120,116,47535
36,121,2622,47535
36,122,10,47535
36,123,882,47535
36,124,60,47535
36,125,209,47535
36,126,2736,47535
36,127,421,47535
36,128,283,47535
36,129,294,47535
36,130,556,47535
36,131,0,47535
36,132,71,47535
36,133,2524,47535
36,134,876,47535
36,135,613,47535
36,136,198,47535
36,137,33,47535
36,138,669,47535
36,139,1055,47535
36,140,12551,47535
36,141,281,47535
36,142,505,47535
36,143,276,47535
36,144,68,47535
36,145,327,47535
36,146,506,47535
36,147,235,47535
36,148,67,47535
36,149,204,47535
36,150,475,47535
36,151,300,47535
36,152,396,47535
36,153,2,47535
36,154,68,47535
36,155,158,47535
36,156,200,47535
36,157,900,47535
36,158,19511,47535
36,159,378,47535
36,160,1160,47535
36,161,83,47535
36,162,283,47535
36,163,1055,47535
36,164,362,47535
36,165,339,47535
36,166,582,47535
36,167,824,47535
36,168,113,47535
36,169,819,47535
36,170,314,47535
36,171,1688,47535
36,172,638,47535
36,173,865,47535
36,174,957,47535
36,175,60,47535
36,176,271,47535
36,177,274,47535
36,178,208,47535
36,179,532,47535
36,180,840,47535
36,181,233,47535
36,182,660,47535
36,183,1090,47535
36,184,310,47535
36,185,129,47535
36,186,674,47535
36,187,341,47535
36,188,44,47535
36,189,306,47535
36,190,815,47535
36,191,811,47535
36,192,1432,47535
36,193,10,47535
36,194,416,47535
36,195,506,47535
36,196,1407,47535
36,197,1254,47535
36,198,4,47535
36,199,506,47535
36,200,232,47535
36,201,401,47535
36,202,725,47535
36,203,185,47535
36,204,1340,47535
36,205,222,47535
36,206,4,47535
36,207,280,47535
36,208,425,47535
36,209,289,47535
36,210,678,47535
36,211,381,47535
36,212,1379,47535
36,213,386,47535
36,214,8328,47535
36,215,745,47535
36,216,147,47535
36,217,165,47535
36,218,250,47535
36,219,464,47535
36,220,1600,47535
36,221,934,47535
36,222,297,47535
36,223,873,47535
36,224,346,47535
36,225,281,47535
36,226,1983,47535
36,227,419,47535
36,228,184,47535
36,229,597,47535
36,230,196,47535
36,231,1722,47535
36,232,760,47535
36,233,2151,47535
36,234,695,47535
36,235,62,47535
36,236,445,47535
36,237,9,47535
36,238,1217,47535
36,239,211,47535
36,240,162,47535
36,241,9,47535
36,242,430,47535
36,243,315,47535
36,244,1101,47535
36,245,377,47535
36,246,221,47535
36,247,292,47535
36,248,756,47535
36,249,171,47535
36,250,266,47535
36,251,17,47535
36,252,982,47535
36,253,1440,47535
36,254,66,47535
36,255,306,47535
36,256,42,47535
36,257,361,47535
36,258,805,47535
36,259,197,47535
36,260,240,47535
36,261,423,47535
36,262,1077,47535
36,263,52,47535
36,264,576,47535
36,265,767,47535
36,266,844,47535
36,267,29,47535
36,268,368,47535
36,269,77,47535
36,270,157,47535
36,271,431,47535
36,272,854,47535
36,273,522,47535
36,274,362,47535
36,275,40,47535
36,276,441,47535
36,277,1102,47535
36,278,106,47535
36,279,1301,47535
36,280,348,47535
36,281,452,47535
36,282,28,47535
36,283,255,47535
36,284,2143,47535
36,285,282,47535
36,286,385,47535
36,287,795,47535
36,288,1229,47535
36,289,517,47535
36,290,158,47535
36,291,385,47535
36,292,706,47535
36,293,695,47535
36,294,198,47535
36,295,178,47535
36,296,855,47535
36,297,2,47535
36,298,373,47535
36,299,739,47535
36,300,3181,47535
36,301,4909,47535
36,302,2962,47535
36,303,229,47535
36,304,500,47535
36,305,1775,47535
36,306,502,47535
36,307,367,47535
36,308,404,47535
36,309,15,47535
36,310,1132,47535
36,311,282,47535
36,312,49,47535
36,313,4901,47535
36,314,1067,47535
36,315,1078,47535
36,316,131,47535
36,317,946,47535
36,318,588,47535
36,319,105,47535
36,320,87,47535
36,321,105,47535
36,322,3888,47535
36,323,445,47535
36,324,404,47535
36,325,430,47535
36,326,8942,47535
36,327,719,47535
36,328,251,47535
36,329,831,47535
36,330,98,47535
36,331,13,47535
36,332,429,47535
36,333,430,47535
36,334,313,47535
36,335,3,47535
36,336,1236,47535
36,337,452,47535
36,338,69,47535
36,339,1883,47535
36,340,126,47535
36,341,3,47535
36,342,319,47535
36,343,709,47535
36,344,69,47535
36,345,323,47535
36,346,1954,47535
36,347,3,47535
36,348,491,47535
36,349,443,47535
36,350,695,47535
36,351,5412,47535
36,352,310,47535
36,353,2608,47535
36,354,779,47535
36,355,513,47535
36,356,519,47535
36,357,112,47535
36,358,21,47535
36,359,1747,47535
36,360,24,47535
36,361,918,47535
36,362,754,47535
36,363,954,47535
36,364,56,47535
36,365,39,47535
36,366,870,47535
36,367,297,47535
36,368,293,47535
36,369,823,47535
36,370,747,47535
36,371,576,47535
36,372,1226,47535
36,373,375,47535
36,374,801,47535
36,375,105,47535
36,376,94,47535
36,377,294,47535
36,378,375,47535
36,379,81,47535
36,380,461,47535
36,381,580,47535
36,382,695,47535
36,383,66,47535
37,0,445,47535
37,1,335,47535
37,2,602,47535
37,3,1244,47535
37,4,985,47535
37,5,497,47535
37,6,1512,47535
37,7,298,47535
37,8,763,47535
37,9,139,47535
37,10,613,47535
37,11,44,47535
37,12,1703,47535
37,13,747,47535
37,14,361,47535
37,15,433,47535
37,16,455,47535
37,17,94,47535
37,18,390,47535
37,19,3388,47535
37,20,507,47535
37,21,295,47535
37,22,527,47535
37,23,514,47535
37,24,344,47535
37,25,23,47535
37,26,1397,47535
37,27,196,47535
37,28,346,47535
37,29,96,47535
37,30,732,47535
37,31,257,47535
37,32,837,47535
37,33,717,47535
37,34,429,47535
37,35,1483,47535
37,36,563,47535
37,37,583,47535
37,38,18052,47535
37,39,664,47535
37,40,314,47535
37,41,10,47535
37,42,1784,47535
37,43,1849,47535
37,44,909,47535
37,45,402,47535
37,46,456,47535
37,47,367,47535
37,48,168,47535
37,49,552,47535
37,50,639,47535
37,51,920,47535
37,52,706,47535
37,53,615,47535
37,54,108,47535
37,55,835,47535
37,56,803,47535
37,57,172,47535
37,58,597,47535
37,59,307,47535
37,60,53,47535
37,61,465,47535
37,62,111,47535
37,63,1765,47535
37,64,1513,47535
37,65,440,47535
37,66,804,47535
37,67,556,47535
37,68,1079,47535
37,69,478,47535
37,70,1586,47535
37,71,1197,47535
37,72,993,47535
37,73,2478,47535
37,74,176,47535
37,75,388,47535
37,76,440,47535
37,77,561,47535
37,78,1045,47535
37,79,104,47535
37,80,117,47535
37,81,1609,47535
37,82,431,47535
37,83,1266,47535
37,84,289,47535
37,85,1028,47535
37,86,82,47535
37,87,187,47535
37,88,6,47535
37,89,1837,47535
37,90,139,47535
37,91,286,47535
37,92,228,47535
37,93,465,47535
37,94,654,47535
37,95,664,47535
37,96,2,47535
37,97,745,47535
37,98,623,47535
37,99,334,47535
37,100,719,47535
37,101,281,47535
37,102,786,47535
37,103,103,47535
37,104,424,47535
37,105,967,47535
37,106,283,47535
37,107,175,47535
37,108,2,47535
37,109,142,47535
37,110,562,47535
37,111,744,47535
37,112,712,47535
37,113,236,47535
37,114,279,47535
37,115,125,47535
37,116,312,47535
37,117,449,47535
37,118,196,47535
37,119,1962,47535
37,120,174,47535
37,121,963,47535
37,122,337,47535
37,123,159,47535
37,124,1140,47535
37,125,349,47535
37,126,838,47535
37,127,1036,47535
37,128,1198,47535
37,129,433,47535
37,130,625,47535
37,131,511,47535
37,132,339,47535
37,133,10,47535
37,134,427,47535
37,135,588,47535
37,136,576,47535
37,137,35,47535
37,138,1074,47535
37,139,40,47535
37,140,149,47535
37,141,403,47535
37,142,82,47535
37,143,478,47535
37,144,584,47535
37,145,52,47535
37,146,3,47535
37,147,544,47535
37,148,869,47535
37,149,88,47535
37,150,48,47535
37,151,2427,47535
37,152,0,47535
37,153,51,47535
37,154,53,47535
37,155,155,47535
37,156,321,47535
37,157,719,47535
37,158,231,47535
37,159,5,47535
37,160,1336,47535
37,161,276,47535
37,162,527,47535
37,163,542,47535
37,164,99,47535
37,165,266,47535
37,166,2960,47535
37,167,1088,47535
37,168,641,47535
37,169,1165,47535
37,170,923,47535
37,171,781,47535
37,172,991,47535
37,173,329,47535
37,174,1430,47535
37,175,133,47535
37,176,359,47535
37,177,1171,47535
37,178,106,47535
37,179,456,47535
37,180,438,47535
37,181,2988,47535
37,182,905,47535
37,183,271,47535
37,184,208,47535
37,185,88,47535
37,186,1582,47535
37,187,843,47535
37,188,345,47535
37,189,381,47535
37,190,439,47535
37,191,661,47535
37,192,342,47535
37,193,1,47535
37,194,1327,47535
37,195,228,47535
37,196,397,47535
37,197,273,47535
37,198,700,47535
37,199,21,47535
37,200,0,47535
37,201,70,47535
37,202,143,47535
37,203,111,47535
37,204,353,47535
37,205,94,47535
37,206,255,47535
37,207,506,47535
37,208,255,47535
37,209,325,47535
37,210,337,47535
37,211,7,47535
37,212,491,47535
37,213,763,47535
37,214,3188,47535
37,215,182,47535
37,216,85,47535
37,217,1443,47535
37,218,4765,47535
37,219,1335,47535
37,220,119,47535
37,221,98,47535
37,222,11,47535
37,223,585,47535
37,224,568,47535
37,225,2431,47535
37,226,246,47535
37,227,743,47535
37,228,613,47535
37,229,0,47535
37,230,2354,47535
37,231,61,47535
37,232,767,47535
37,233,647,47535
37,234,15019,47535
37,235,70,47535
37,236,29,47535
37,237,151,47535
37,238,868,47535
37,239,531,47535
37,240,2327,47535
37,241,124,47535
37,242,366,47535
37,243,542,47535
37,244,168,47535
37,245,482,47535
37,246,1701,47535
37,247,410,47535
37,248,337,47535
37,249,17,47535
37,250,617,47535
37,251,227,47535
37,252,341,47535
37,253,721,47535
37,254,587,47535
37,255,223,47535
37,256,1279,47535
37,257,174,47535
37,258,747,47535
37,259,674,47535
37,260,526,47535
37,261,39,47535
37,262,677,47535
37,263,379,47535
37,264,151,47535
37,265,626,47535
37,266,701,47535
37,267,304,47535
37,268,1655,47535
37,269,278,47535
37,270,138,47535
37,271,263,47535
37,272,1313,47535
37,273,413,47535
37,274,12,47535
37,275,538,47535
37,276,1056,47535
37,277,136,47535
37,278,138,47535
37,279,1598,47535
37,280,336,47535
37,281,480,47535
37,282,2066,47535
37,283,444,47535
37,284,71,47535
37,285,691,47535
37,286,172,47535
37,287,3603,47535
37,288,270,47535
37,289,137,47535
37,290,755,47535
37,291,500,47535
37,292,1034,47535
37,293,148,47535
37,294,64,47535
37,295,1746,47535
37,296,942,47535
37,297,346,47535
37,298,1614,47535
37,299,53,47535
37,300,308,47535
37,301,601,47535
37,302,670,47535
37,303,306,47535
37,304,348,47535
37,305,126,47535
37,306,0,47535
37,307,682,47535
37,308,3239,47535
37,309,10,47535
37,310,1292,47535
37,311,265,47535
37,312,110,47535
37,313,13,47535
37,314,16,47535
37,315,711,47535
37,316,982,47535
37,317,1965,47535
37,318,324,47535
37,319,301,47535
37,320,836,47535
37,321,552,47535
37,322,539,47535
37,323,239,47535
37,324,165,47535
37,325,309,47535
37,326,108,47535
37,327,666,47535
37,328,907,47535
37,329,299,47535
37,330,781,47535
37,331,396,47535
37,332,62,47535
37,333,322,47535
37,334,531,47535
37,335,69,47535
37,336,194,47535
37,337,205,47535
37,338,440,47535
37,339,1007,47535
37,340,188,47535
37,341,707,47535
37,342,8,47535
37,343,639,47535
37,344,1241,47535
37,345,1554,47535
37,346,531,47535
37,347,83,47535
37,348,294,47535
37,349,238,47535
37,350,997,47535
37,351,327,47535
37,352,241,47535
37,353,63,47535
37,354,900,47535
37,355,2083,47535
37,356,11,47535
37,357,182,47535
37,358,879,47535
37,359,6346,47535
37,360,3682,47535
37,361,421,47535
37,362,177,47535
37,363,75,47535
37,364,8109,47535
37,365,1959,47535
37,366,1432,47535
37,367,210,47535
37,368,158,47535
37,369,1173,47535
37,370,1001,47535
37,371,167,47535
37,372,725,47535
37,373,366,47535
37,374,446,47535
37,375,621,47535
37,376,6,47535
37,377,1947,47535
37,378,326,47535
37,379,18,47535
37,380,5015,47535
37,381,653,47535
37,382,79,47535
37,383,3,47535
38,0,105,47535
38,1,98,47535
38,2,174,47535
38,3,6,47535
38,4,61,47535
38,5,3,47535
38,6,1792,47535
38,7,962,47535
38,8,484,47535
38,9,225,47535
38,10,9898,47535
38,11,675,47535
38,12,452,47535
38,13,676,47535
38,14,95,47535
38,15,571,47535
38,16,6142,47535
38,17,1243,47535
38,18,126,47535
38,19,695,47535
38,20,626,47535
38,21,3213,47535
38,22,283,47535
38,23,638,47535
38,24,2280,47535
38,25,543,47535
38,26,696,47535
38,27,2,47535
38,28,550,47535
38,29,469,47535
38,30,1295,47535
38,31,995,47535
38,32,68,47535
38,33,1107,47535
38,34,136,47535
38,35,1290,47535
38,36,156,47535
38,37,558,47535
38,38,225,47535
38,39,240,47535
38,40,606,47535
38,41,318,47535
38,42,20,47535
38,43,801,47535
38,44,188,47535
38,45,41,47535
38,46,213,47535
38,47,45,47535
38,48,430,47535
38,49,274,47535
38,50,1010,47535
38,51,404,47535
38,52,0,47535
38,53,229,47535
38,54,454,47535
38,55,920,47535
38,56,110,47535
38,57,528,47535
38,58,740,47535
38,59,860,47535
38,60,335,47535
38,61,285,47535
38,62,120,47535
38,63,599,47535
38,64,794,47535
38,65,57,47535
38,66,100,47535
38,67,1977,47535
38,68,475,47535
38,69,438,47535
38,70,1681,47535
38,71,695,47535
38,72,0,47535
38,73,2162,47535
38,74,228,47535
38,75,655,47535
38,76,116,47535
38,77,1,47535
38,78,54,47535
38,79,1330,47535
38,80,941,47535
38,81,248,47535
38,82,176,47535
38,83,877,47535
38,84,178,47535
38,85,3297,47535
38,86,811,47535
38,87,838,47535
38,88,2920,47535
38,89,261,47535
38,90,558,47535
38,91,968,47535
38,92,42,47535
38,93,1124,47535
38,94,1161,47535
38,95,505,47535
38,96,954,47535
38,97,1784,47535
38,98,628,47535
38,99,52,47535
38,100,859,47535
38,101,589,47535
38,102,16,47535
38,103,1600,47535
38,104,1736,47535
38,105,147,47535
38,106,11,47535
38,107,418,47535
38,108,729,47535
38,109,104,47535
38,110,231,47535
38,111,0,47535
38,112,666,47535
38,113,167,47535
38,114,39,47535
38,115,845,47535
38,116,621,47535
38,117,1487,47535
38,118,18077,47535
38,119,222,47535
38,120,136,47535
38,121,124,47535
38,122,874,47535
38,123,227,47535
38,124,287,47535
38,125,2034,47535
38,126,353,47535
38,127,189,47535
38,128,26,47535
38,129,18,47535
38,130,236,47535
38,131,3031,47535
38,132,226,47535
38,133,935,47535
38,134,2024,47535
38,135,12,47535
38,136,0,47535
38,137,126,47535
38,138,1046,47535
38,139,1788,47535
38,140,770,47535
38,141,3983,47535
38,142,233,47535
38,143,0,47535
38,144,1093,47535
38,145,299,47535
38,146,278,47535
38,147,616,47535
38,148,4932,47535
38,149,401,47535
38,150,1265,47535
38,151,355,47535
38,152,1828,47535
38,153,776,47535
38,154,105,47535
38,155,786,47535
38,156,24,47535
38,157,673,47535
38,158,894,47535
38,159,296,47535
38,160,318,47535
38,161,1,47535
38,162,1198,47535
38,163,196,47535
38,164,12,47535
38,165,131,47535
38,166,191,47535
38,167,955,47535
38,168,349,47535
38,169,817,47535
38,170,1360,47535
38,171,1315,47535
38,172,128,47535
38,173,982,47535
38,174,145,47535
38,175,57,47535
38,176,966,47535
38,177,818,47535
38,178,218,47535
38,179,919,47535
38,180,0,47535
38,181,698,47535
38,182,1107,47535
38,183,664,47535
38,184,1,47535
38,185,179,47535
38,186,999,47535
38,187,360,47535
38,188,678,47535
38,189,1120,47535
38,190,428,47535
38,191,370,47535
38,192,1057,47535
38,193,752,47535
38,194,219,47535
38,195,1430,47535
38,196,1047,47535
38,197,861,47535
38,198,255,47535
38,199,1357,47535
38,200,13,47535
38,201,1171,47535
38,202,1190,47535
38,203,394,47535
38,204,238,47535
38,205,255,47535
38,206,294,47535
38,207,830,47535
38,208,2283,47535
38,209,509,47535
38,210,345,47535
38,211,1473,47535
38,212,574,47535
38,213,1028,47535
38,214,1414,47535
38,215,347,47535
38,216,295,47535
38,217,1233,47535
38,218,242,47535
38,219,1582,47535
38,220,201,47535
38,221,7,47535
38,222,124,47535
38,223,0,47535
38,224,1089,47535
38,225,466,47535
38,226,1844,47535
38,227,1693,47535
38,228,258,47535
38,229,76,47535
38,230,1817,47535
38,231,1175,47535
38,232,598,47535
38,233,48,47535
38,234,1104,47535
38,235,152,47535
38,236,712,47535
38,237,1147,47535
38,238,51,47535
38,239,1338,47535
38,240,180,47535
38,241,161,47535
38,242,656,47535
38,243,91,47535
38,244,1039,47535
38,245,495,47535
38,246,1707,47535
38,247,589,47535
38,248,5,47535
38,249,3459,47535
38,250,582,47535
38,251,157,47535
38,252,564,47535
38,253,499,47535
38,254,746,47535
38,255,552,47535
38,256,326,47535
38,257,1263,47535
38,258,459,47535
38,259,262,47535
38,260,989,47535
38,261,1154,47535
38,262,108,47535
38,263,402,47535
38,264,470,47535
38,265,1877,47535
38,266,0,47535
38,267,31,47535
38,268,1792,47535
38,269,306,47535
38,270,206,47535
38,271,711,47535
38,272,299,47535
38,273,844,47535
38,274,237,47535
38,275,0,47535
38,276,557,47535
38,277,726,47535
38,278,697,47535
38,279,2,47535
38,280,3729,47535
38,281,222,47535
38,282,765,47535
38,283,1123,47535
38,284,481,47535
38,285,729,47535
38,286,325,47535
38,287,327,47535
38,288,1130,47535
38,289,354,47535
38,290,209,47535
38,291,236,47535
38,292,238,47535
38,293,292,47535
38,294,128,47535
38,295,1187,47535
38,296,2230,47535
38,297,0,47535
38,298,1412,47535
38,299,155,47535
38,300,408,47535
38,301,417,47535
38,302,550,47535
38,303,337,47535
38,304,19,47535
38,305,614,47535
38,306,86,47535
38,307,526,47535
38,308,129,47535
38,309,1266,47535
38,310,212,47535
38,311,546,47535
38,312,914,47535
38,313,108,47535
38,314,568,47535
38,315,606,47535
38,316,699,47535
38,317,519,47535
38,318,4330,47535
38,319,851,47535
38,320,836,47535
38,321,385,47535
38,322,930,47535
38,323,458,47535
38,324,426,47535
38,325,553,47535
38,326,870,47535
38,327,169,47535
38,328,1402,47535
38,329,1083,47535
38,330,0,47535
38,331,72,47535
38,332,504,47535
38,333,847,47535
38,334,1511,47535
38,335,584,47535
38,336,202,47535
38,337,69,47535
38,338,293,47535
38,339,411,47535
38,340,1329,47535
38,341,7,47535
38,342,340,47535
38,343,19,47535
38,344,549,47535
38,345,276,47535
38,346,60,47535
38,347,1313,47535
38,348,542,47535
38,349,244,47535
38,350,285,47535
38,351,551,47535
38,352,479,47535
38,353,736,47535
38,354,591,47535
38,355,613,47535
38,356,37,47535
38,357,398,47535
38,358,0,47535
38,359,55,47535
38,360,209,47535
38,361,1076,47535
38,362,270,47535
38,363,1563,47535
38,364,3146,47535
38,365,709,47535
38,366,267,47535
38,367,95,47535
38,368,986,47535
38,369,1035,47535
38,370,678,47535
38,371,251,47535
38,372,86,47535
38,373,538,47535
38,374,161,47535
38,375,904,47535
38,376,738,47535
38,377,216,47535
38,378,1186,47535
38,379,384,47535
38,380,781,47535
38,381,84,47535
38,382,232,47535
38,383,809,47535
39,0,1881,47535
39,1,413,47535
39,2,349,47535
39,3,94,47535
39,4,950,47535
39,5,1813,47535
39,6,2367,47535
39,7,977,47535
39,8,2053,47535
39,9,171,47535
39,10,1119,47535
39,11,90,47535
39,12,292,47535
39,13,327,47535
39,14,2128,47535
39,15,748,47535
39,16,2,47535
39,17,5,47535
39,18,6765,47535
39,19,132,47535
39,20,1666,47535
39,21,410,47535
39,22,37,47535
39,23,403,47535
39,24,647,47535
39,25,1079,47535
39,26,1513,47535
39,27,1787,47535
39,28,325,47535
39,29,49,47535
39,30,1205,47535
39,31,295,47535
39,32,4676,47535
39,33,547,47535
39,34,23,47535
39,35,378,47535
39,36,940,47535
39,37,67,47535
39,38,1182,47535
39,39,8,47535
39,40,211,47535
39,41,519,47535
39,42,1063,47535
39,43,2,47535
39,44,233,47535
39,45,472,47535
39,46,0,47535
39,47,611,47535
39,48,260,47535
39,49,57,47535
39,50,655,47535
39,51,621,47535
39,52,242,47535
39,53,887,47535
39,54,3459,47535
39,55,1480,47535
39,56,1259,47535
39,57,7,47535
39,58,1810,47535
39,59,636,47535
39,60,65,47535
39,61,1092,47535
39,62,350,47535
39,63,73,47535
39,64,402,47535
39,65,1116,47535
39,66,1410,47535
39,67,39,47535
39,68,189,47535
39,69,871,47535
39,70,1162,47535
39,71,673,47535
39,72,944,47535
39,73,290,47535
39,74,0,47535
39,75,326,47535
39,76,3153,47535
39,77,9,47535
39,78,325,47535
39,79,93,47535
39,80,1762,47535
39,81,104,47535
39,82,292,47535
39,83,2667,47535
39,84,1512,47535
39,85,870,47535
39,86,648,47535
39,87,883,47535
39,88,389,47535
39,89,0,47535
39,90,224,47535
39,91,1898,47535
39,92,849,47535
39,93,251,47535
39,94,839,47535
39,95,158,47535
39,96,646,47535
39,97,1282,47535
39,98,433,47535
39,99,2255,47535
39,100,168,47535
39,101,1082,47535
39,102,1079,47535
39,103,576,47535
39,104,116,47535
39,105,5,47535
39,106,4139,47535
39,107,320,47535
39,108,0,47535
39,109,751,47535
39,110,444,47535
39,111,242,47535
39,112,2675,47535
39,113,1,47535
39,114,2,47535
39,115,828,47535
39,116,567,47535
39,117,199,47535
39,118,1339,47535
39,119,1093,47535
39,120,458,47535
39,121,1038,47535
39,122,668,47535
39,123,964,47535
39,124,818,47535
39,125,746,47535
39,126,469,47535
39,127,707,47535
39,128,115,47535
39,129,89,47535
39,130,643,47535
39,131,1895,47535
39,132,10,47535
39,133,1701,47535
39,134,161,47535
39,135,1284,47535
39,136,1230,47535
39,137,5,47535
39,138,134,47535
39,139,605,47535
39,140,96,47535
39,141,1128,47535
39,142,534,47535
39,143,9,47535
39,144,773,47535
39,145,738,47535
39,146,1034,47535
39,147,417,47535
39,148,873,47535
39,149,1844,47535
39,150,557,47535
39,151,682,47535
39,152,1158,47535
39,153,284,47535
39,154,37,47535
39,155,4878,47535
39,156,515,47535
39,157,406,47535
39,158,109,47535
39,159,727,47535
39,160,1239,47535
39,161,253,47535
39,162,47,47535
39,163,102,47535
39,164,721,47535
39,165,800,47535
39,166,736,47535
39,167,175,47535
39,168,1057,47535
39,169,351,47535
39,170,516,47535
39,171,178,47535
39,172,377,47535
39,173,904,47535
39,174,227,47535
39,175,113,47535
39,176,863,47535
39,177,215,47535
39,178,480,47535
39,179,821,47535
39,180,9388,47535
39,181,534,47535
39,182,481,47535
39,183,612,47535
39,184,387,47535
39,185,764,47535
39,186,3,47535
39,187,651,47535
39,188,380,47535
39,189,1426,47535
39,190,795,47535
39,191,442,47535
39,192,322,47535
39,193,188,47535
39,194,491,47535
39,195,862,47535
39,196,380,47535
39,197,808,47535
39,198,401,47535
39,199,450,47535
39,200,784,47535
39,201,230,47535
39,202,1533,47535
39,203,1552,47535
39,204,438,47535
39,205,599,47535
39,206,79,47535
39,207,589,47535
39,208,1089,47535
39,209,163,47535
39,210,1145,47535
39,211,15,47535
39,212,446,47535
39,213,707,47535
39,214,83,47535
39,215,3061,47535
39,216,3315,47535
39,217,56,47535
39,218,125,47535
39,219,0,47535
39,220,570,47535
39,221,1934,47535
39,222,147,47535
39,223,196,47535
39,224,1294,47535
39,225,52,47535
39,226,191,47535
39,227,25,47535
39,228,506,47535
39,229,244,47535
39,230,208,47535
39,231,1158,47535
39,232,266,47535
39,233,2,47535
39,234,170,47535
39,235,934,47535
39,236,335,47535
39,237,656,47535
39,238,245,47535
39,239,23,47535
39,240,351,47535
39,241,184,47535
39,242,594,47535
39,243,390,47535
39,244,483,47535
39,245,2,47535
39,246,1415,47535
39,247,584,47535
39,248,63,47535
39,249,0,47535
39,250,483,47535
39,251,1,47535
39,252,297,47535
39,253,84,47535
39,254,551,47535
39,255,835,47535
39,256,933,47535
39,257,680,47535
39,258,8978,47535
39,259,58,47535
39,260,233,47535
39,261,1146,47535
39,262,129,47535
39,263,357,47535
39,264,651,47535
39,265,243,47535
39,266,582,47535
39,267,3,47535
39,268,1894,47535
39,269,607,47535
39,270,8,47535
39,271,79,47535
39,272,631,47535
39,273,250,47535
39,274,88,47535
39,275,259,47535
39,276,547,47535
39,277,802,47535
39,278,310,47535
39,279,470,47535
39,280,0,47535
39,281,1802,47535
39,282,317,47535
39,283,1458,47535
39,284,768,47535
39,285,374,47535
39,286,688,47535
39,287,18,47535
39,288,3688,47535
39,289,637,47535
39,290,139,47535
39,291,625,47535
39,292,217,47535
39,293,1318,47535
39,294,613,47535
39,295,944,47535
39,296,899,47535
39,297,21,47535
39,298,656,47535
39,299,4,47535
39,300,46,47535
39,301,197,47535
39,302,608,47535
39,303,2737,47535
39,304,909,47535
39,305,239,47535
39,306,344,47535
39,307,1145,47535
39,308,594,47535
39,309,114,47535
39,310,151,47535
39,311,401,47535
39,312,1170,47535
39,313,1111,47535
39,314,558,47535
39,315,31,47535
39,316,0,47535
39,317,902,47535
39,318,590,47535
39,319,1254,47535
39,320,2,47535
39,321,0,47535
39,322,1109,47535
39,323,108,47535
39,324,697,47535
39,325,81,47535
39,326,1419,47535
39,327,156,47535
39,328,881,47535
39,329,277,47535
39,330,1510,47535
39,331,170,47535
39,332,4197,47535
39,333,129,47535
39,334,724,47535
39,335,269,47535
39,336,2163,47535
39,337,447,47535
39,338,1,47535
39,339,562,47535
39,340,2,47535
39,341,1090,47535
39,342,21,47535
39,343,92,47535
39,344,111,47535
39,345,1,47535
39,346,1180,47535
39,347,501,47535
39,348,1233,47535
39,349,2286,47535
39,350,370,47535
39,351,236,47535
39,352,1783,47535
39,353,84,47535
39,354,817,47535
39,355,1041,47535
39,356,902,47535
39,357,672,47535
39,358,274,47535
39,359,601,47535
39,360,693,47535
39,361,1063,47535
39,362,932,47535
39,363,1119,47535
39,364,64,47535
39,365,1007,47535
39,366,365,47535
39,367,1725,47535
39,368,1856,47535
39,369,272,47535
39,370,714,47535
39,371,699,47535
39,372,149,47535
39,373,151,47535
39,374,908,47535
39,375,511,47535
39,376,1,47535
39,377,187,47535
39,378,115,47535
39,379,1759,47535
39,380,624,47535
39,381,751,47535
39,382,522,47535
39,383,71,47535
