layer,expert,hits,layer_rows,weight
0,0,142,43666,22.598954
0,1,624,43666,99.655566
0,2,8521,43666,2066.841279
0,3,45,43666,10.256371
0,4,309,43666,167.025926
0,5,101,43666,13.541183
0,6,9,43666,1.392657
0,7,1,43666,0.199822
0,8,143,43666,32.794003
0,9,871,43666,194.486749
0,10,701,43666,161.317694
0,11,214,43666,52.658696
0,12,913,43666,209.693738
0,13,0,43666,0.000000
0,14,836,43666,160.239282
0,15,177,43666,32.124790
0,16,531,43666,93.442707
0,17,376,43666,85.455065
0,18,293,43666,67.277270
0,19,0,43666,0.000000
0,20,35,43666,6.678353
0,21,6,43666,1.254663
0,22,176,43666,28.343637
0,23,100,43666,29.841606
0,24,1294,43666,262.860701
0,25,413,43666,72.405737
0,26,247,43666,47.098221
0,27,117,43666,22.186986
0,28,1427,43666,357.581942
0,29,1115,43666,224.869445
0,30,4808,43666,1029.974083
0,31,137,43666,27.628567
0,32,387,43666,125.838556
0,33,187,43666,32.870713
0,34,85,43666,18.000310
0,35,7922,43666,2219.524876
0,36,619,43666,123.055959
0,37,1766,43666,366.440908
0,38,438,43666,101.339822
0,39,771,43666,154.304569
0,40,763,43666,274.111730
0,41,2888,43666,893.071489
0,42,195,43666,41.404923
0,43,824,43666,164.094194
0,44,227,43666,40.260843
0,45,827,43666,159.338362
0,46,10,43666,1.832365
0,47,6,43666,1.018528
0,48,698,43666,160.159688
0,49,886,43666,153.970119
0,50,0,43666,0.000000
0,51,35,43666,5.047493
0,52,0,43666,0.000000
0,53,38,43666,7.041332
0,54,5,43666,0.880570
0,55,977,43666,260.125413
0,56,46,43666,7.107589
0,57,13,43666,2.395285
0,58,1,43666,0.177164
0,59,1504,43666,393.036757
0,60,75,43666,12.233854
0,61,215,43666,87.657506
0,62,54,43666,9.467846
0,63,17,43666,2.481203
0,64,1311,43666,388.056835
0,65,146,43666,26.667136
0,66,129,43666,24.545168
0,67,662,43666,228.886816
0,68,352,43666,71.568440
0,69,1760,43666,407.133116
0,70,92,43666,11.134680
0,71,2301,43666,906.686958
0,72,2745,43666,579.382667
0,73,282,43666,66.508910
0,74,113,43666,19.847889
0,75,451,43666,163.132520
0,76,0,43666,0.000000
0,77,104,43666,37.404059
0,78,718,43666,138.485939
0,79,459,43666,61.454325
0,80,0,43666,0.000000
0,81,441,43666,74.137934
0,82,185,43666,35.611770
0,83,48,43666,11.610453
0,84,1930,43666,594.716159
0,85,465,43666,154.019463
0,86,620,43666,159.762409
0,87,232,43666,37.218697
0,88,6411,43666,1349.227933
0,89,5,43666,0.825588
0,90,1368,43666,249.541658
0,91,1147,43666,218.912261
0,92,65,43666,9.583962
0,93,0,43666,0.000000
0,94,991,43666,269.499390
0,95,7,43666,1.731688
0,96,135,43666,37.729206
0,97,316,43666,60.052880
0,98,188,43666,68.479326
0,99,53,43666,10.725574
0,100,1,43666,0.222424
0,101,189,43666,30.212773
0,102,47,43666,9.528988
0,103,1,43666,0.255283
0,104,803,43666,152.896560
0,105,1119,43666,237.393597
0,106,617,43666,105.196156
0,107,4580,43666,1643.892201
0,108,1035,43666,182.111689
0,109,338,43666,84.673995
0,110,952,43666,330.840095
0,111,123,43666,33.950109
0,112,1716,43666,689.280391
0,113,91,43666,22.204142
0,114,66,43666,9.894057
0,115,720,43666,224.474239
0,116,43,43666,7.473659
0,117,211,43666,40.669530
0,118,472,43666,91.962261
0,119,421,43666,67.407944
0,120,533,43666,99.640400
0,121,243,43666,34.981010
0,122,0,43666,0.000000
0,123,129,43666,20.699133
0,124,323,43666,67.339143
0,125,149,43666,29.897720
0,126,222,43666,32.684438
0,127,937,43666,280.064153
0,128,538,43666,233.606986
0,129,64,43666,9.262066
0,130,51,43666,12.921367
0,131,3183,43666,674.723597
0,132,411,43666,59.327003
0,133,1918,43666,428.455095
0,134,318,43666,117.103542
0,135,364,43666,75.371747
0,136,527,43666,100.731197
0,137,1,43666,0.269038
0,138,7842,43666,3193.948759
0,139,0,43666,0.000000
0,140,219,43666,48.790032
0,141,351,43666,65.655062
0,142,491,43666,122.589622
0,143,218,43666,40.333030
0,144,239,43666,48.719619
0,145,1110,43666,238.102331
0,146,33,43666,5.564986
0,147,1029,43666,204.200275
0,148,229,43666,44.840031
0,149,1200,43666,418.937836
0,150,115,43666,16.701067
0,151,30,43666,5.251795
0,152,314,43666,70.955690
0,153,182,43666,36.661798
0,154,15,43666,3.118001
0,155,695,43666,190.921956
0,156,17,43666,2.989545
0,157,35,43666,8.775834
0,158,819,43666,209.098219
0,159,285,43666,53.571437
0,160,3,43666,0.500227
0,161,233,43666,44.946871
0,162,2556,43666,682.530452
0,163,9,43666,1.556361
0,164,99,43666,20.004200
0,165,161,43666,49.678138
0,166,442,43666,118.898027
0,167,247,43666,53.374631
0,168,166,43666,31.364965
0,169,1476,43666,456.270906
0,170,620,43666,131.097948
0,171,159,43666,30.577554
0,172,945,43666,384.073906
0,173,489,43666,169.753351
0,174,126,43666,47.230245
0,175,1013,43666,204.091597
0,176,946,43666,346.358836
0,177,0,43666,0.000000
0,178,395,43666,146.594738
0,179,31,43666,4.516345
0,180,2729,43666,506.210213
0,181,4,43666,0.705930
0,182,7,43666,1.526854
0,183,193,43666,50.378082
0,184,184,43666,31.931251
0,185,1132,43666,238.039080
0,186,165,43666,39.126828
0,187,72,43666,17.658875
0,188,2474,43666,507.196685
0,189,1597,43666,300.799049
0,190,153,43666,22.116493
0,191,3152,43666,680.816275
0,192,297,43666,54.282379
0,193,844,43666,203.893053
0,194,283,43666,60.033420
0,195,640,43666,115.164157
0,196,465,43666,110.343870
0,197,207,43666,44.994218
0,198,670,43666,179.652039
0,199,39,43666,4.659209
0,200,142,43666,20.990374
0,201,436,43666,114.348438
0,202,0,43666,0.000000
0,203,865,43666,264.203230
0,204,0,43666,0.000000
0,205,220,43666,83.650169
0,206,800,43666,213.265412
0,207,105,43666,16.158770
0,208,1107,43666,205.688855
0,209,235,43666,66.350515
0,210,13,43666,2.716973
0,211,776,43666,159.065610
0,212,1776,43666,553.858624
0,213,7,43666,1.657232
0,214,196,43666,34.865365
0,215,1184,43666,249.858992
0,216,210,43666,53.712491
0,217,15,43666,2.145383
0,218,0,43666,0.000000
0,219,100,43666,24.656403
0,220,877,43666,169.932713
0,221,3,43666,1.059096
0,222,599,43666,116.733923
0,223,777,43666,154.908502
0,224,115,43666,13.156458
0,225,1471,43666,273.250817
0,226,0,43666,0.000000
0,227,1043,43666,189.911157
0,228,111,43666,27.685539
0,229,4689,43666,1121.383316
0,230,186,43666,36.350678
0,231,227,43666,39.124715
0,232,77,43666,23.510498
0,233,1,43666,0.209298
0,234,1386,43666,317.624662
0,235,8,43666,1.296126
0,236,213,43666,60.695580
0,237,3171,43666,897.912520
0,238,1268,43666,361.159403
0,239,225,43666,32.854417
0,240,762,43666,125.222157
0,241,1391,43666,299.892537
0,242,1171,43666,285.384493
0,243,501,43666,93.515134
0,244,2,43666,0.423795
0,245,1019,43666,239.818561
0,246,103,43666,19.129610
0,247,9,43666,1.264481
0,248,164,43666,51.758839
0,249,0,43666,0.000000
0,250,1423,43666,293.273115
0,251,241,43666,63.507195
0,252,74,43666,15.462456
0,253,1937,43666,505.787273
0,254,1713,43666,469.376972
0,255,105,43666,18.656136
0,256,267,43666,43.838303
0,257,103,43666,30.601176
0,258,47,43666,11.484614
0,259,60,43666,8.363724
0,260,299,43666,67.667923
0,261,1523,43666,588.572078
0,262,2800,43666,660.626547
0,263,938,43666,187.110229
0,264,239,43666,44.781128
0,265,386,43666,73.611246
0,266,196,43666,92.726999
0,267,303,43666,55.305780
0,268,1741,43666,701.763762
0,269,1161,43666,264.330496
0,270,540,43666,172.055209
0,271,67,43666,13.440071
0,272,103,43666,13.239317
0,273,577,43666,112.759132
0,274,545,43666,155.467904
0,275,84,43666,13.374934
0,276,132,43666,25.076753
0,277,400,43666,138.879271
0,278,3287,43666,668.042307
0,279,1537,43666,289.736777
0,280,724,43666,160.517094
0,281,66,43666,11.458537
0,282,2051,43666,437.905584
0,283,176,43666,44.580566
0,284,1,43666,0.135560
0,285,2189,43666,533.731107
0,286,393,43666,91.862191
0,287,100,43666,19.022085
0,288,108,43666,20.127231
0,289,90,43666,20.449045
0,290,228,43666,39.103393
0,291,1005,43666,188.414082
0,292,261,43666,66.555785
0,293,4551,43666,1171.741921
0,294,660,43666,134.698669
0,295,13,43666,3.951115
0,296,147,43666,29.656407
0,297,574,43666,116.858385
0,298,325,43666,88.085901
0,299,741,43666,150.108421
0,300,986,43666,233.439755
0,301,281,43666,66.115430
0,302,686,43666,251.252343
0,303,25,43666,4.825959
0,304,403,43666,77.033121
0,305,433,43666,98.608723
0,306,61,43666,14.018407
0,307,449,43666,104.485330
0,308,1626,43666,333.642793
0,309,1,43666,0.670972
0,310,726,43666,123.800171
0,311,171,43666,43.954484
0,312,28,43666,4.631670
0,313,62,43666,9.966160
0,314,350,43666,73.373351
0,315,18,43666,3.397950
0,316,70,43666,23.486567
0,317,913,43666,222.627800
0,318,599,43666,246.856134
0,319,466,43666,102.962386
0,320,98,43666,14.824324
0,321,630,43666,122.684842
0,322,1477,43666,384.069922
0,323,260,43666,65.087989
0,324,7605,43666,2528.095607
0,325,826,43666,171.564862
0,326,465,43666,99.066990
0,327,208,43666,35.158165
0,328,550,43666,94.090755
0,329,100,43666,63.616987
0,330,101,43666,20.352035
0,331,23,43666,4.233922
0,332,192,43666,35.581093
0,333,248,43666,52.047160
0,334,90,43666,15.180233
0,335,3,43666,0.626966
0,336,24,43666,3.980453
0,337,1267,43666,244.443803
0,338,662,43666,122.422263
0,339,308,43666,56.835868
0,340,472,43666,94.691557
0,341,673,43666,170.389109
0,342,1347,43666,245.625466
0,343,1025,43666,182.076204
0,344,868,43666,229.033960
0,345,1653,43666,344.702167
0,346,18,43666,2.973031
0,347,851,43666,493.985268
0,348,96,43666,16.470802
0,349,419,43666,81.217068
0,350,173,43666,25.979338
0,351,187,43666,36.186561
0,352,4271,43666,1098.503676
0,353,935,43666,167.051992
0,354,162,43666,25.373172
0,355,1853,43666,363.316981
0,356,200,43666,48.926240
0,357,141,43666,33.993545
0,358,344,43666,72.607940
0,359,70,43666,10.766772
0,360,93,43666,15.736013
0,361,598,43666,125.483949
0,362,930,43666,182.840973
0,363,641,43666,135.337946
0,364,1181,43666,248.690517
0,365,7,43666,0.990775
0,366,82,43666,14.898234
0,367,4549,43666,997.942891
0,368,2351,43666,484.565113
0,369,611,43666,116.466832
0,370,611,43666,135.530135
0,371,772,43666,159.713627
0,372,214,43666,34.038219
0,373,4,43666,0.799727
0,374,48,43666,9.196365
0,375,489,43666,185.434620
0,376,10,43666,2.005404
0,377,639,43666,110.020599
0,378,1176,43666,500.546185
0,379,551,43666,164.573028
0,380,141,43666,28.600262
0,381,1811,43666,440.682190
0,382,85,43666,15.646370
0,383,426,43666,83.442466
1,0,2468,43666,659.515455
1,1,496,43666,111.646441
1,2,4265,43666,1000.153878
1,3,60,43666,13.679064
1,4,594,43666,228.089623
1,5,559,43666,121.461459
1,6,846,43666,191.951829
1,7,3773,43666,972.401534
1,8,37,43666,9.533693
1,9,0,43666,0.000000
1,10,141,43666,20.681853
1,11,1174,43666,329.772308
1,12,137,43666,45.993390
1,13,425,43666,86.816716
1,14,313,43666,96.342209
1,15,467,43666,107.537382
1,16,659,43666,240.182753
1,17,13,43666,2.661302
1,18,20,43666,3.709100
1,19,1228,43666,304.544645
1,20,175,43666,65.966583
1,21,317,43666,70.941275
1,22,681,43666,220.024861
1,23,410,43666,96.942996
1,24,392,43666,109.960284
1,25,335,43666,76.781151
1,26,9,43666,1.850097
1,27,209,43666,47.104406
1,28,697,43666,168.182791
1,29,1,43666,0.212251
1,30,339,43666,75.932343
1,31,176,43666,37.567429
1,32,129,43666,27.489720
1,33,185,43666,44.687697
1,34,237,43666,49.725300
1,35,763,43666,183.253325
1,36,51,43666,11.450900
1,37,321,43666,71.599069
1,38,19,43666,4.113577
1,39,2389,43666,560.848984
1,40,0,43666,0.000000
1,41,818,43666,194.633390
1,42,2809,43666,658.772092
1,43,1092,43666,218.595334
1,44,341,43666,70.543724
1,45,149,43666,41.535544
1,46,654,43666,152.290956
1,47,267,43666,60.546616
1,48,923,43666,218.818032
1,49,142,43666,44.353831
1,50,1020,43666,238.432705
1,51,71,43666,16.290845
1,52,61,43666,11.411598
1,53,351,43666,64.025777
1,54,3405,43666,810.395141
1,55,1650,43666,379.567766
1,56,172,43666,62.202778
1,57,1856,43666,474.291510
1,58,0,43666,0.000000
1,59,744,43666,235.027277
1,60,71,43666,16.714461
1,61,393,43666,91.432480
1,62,272,43666,105.164433
1,63,1377,43666,323.150457
1,64,155,43666,40.663475
1,65,297,43666,72.892698
1,66,1666,43666,391.336948
1,67,787,43666,199.160007
1,68,148,43666,49.577093
1,69,2921,43666,693.401702
1,70,420,43666,100.090035
1,71,542,43666,146.043409
1,72,122,43666,34.866264
1,73,24,43666,6.118284
1,74,0,43666,0.000000
1,75,17,43666,7.074328
1,76,0,43666,0.000000
1,77,878,43666,199.718135
1,78,246,43666,53.818812
1,79,1,43666,0.245714
1,80,124,43666,25.654500
1,81,281,43666,62.796064
1,82,290,43666,66.784097
1,83,5,43666,1.017718
1,84,334,43666,77.479854
1,85,6113,43666,1385.721462
1,86,355,43666,87.672938
1,87,1067,43666,430.577864
1,88,618,43666,143.453880
1,89,670,43666,176.503926
1,90,32,43666,6.929582
1,91,189,43666,48.006347
1,92,810,43666,211.442061
1,93,1279,43666,300.009958
1,94,61,43666,12.275776
1,95,196,43666,42.570400
1,96,374,43666,86.429806
1,97,876,43666,193.024262
1,98,243,43666,64.319451
1,99,964,43666,226.466255
1,100,349,43666,72.445288
1,101,697,43666,182.259698
1,102,0,43666,0.000000
1,103,1106,43666,236.363168
1,104,403,43666,97.883937
1,105,659,43666,135.806135
1,106,1394,43666,340.560340
1,107,195,43666,44.860163
1,108,654,43666,157.391301
1,109,13,43666,2.673877
1,110,179,43666,47.027382
1,111,588,43666,129.726880
1,112,3042,43666,735.036558
1,113,573,43666,214.831157
1,114,1037,43666,337.650881
1,115,19,43666,3.772230
1,116,0,43666,0.000000
1,117,276,43666,60.747986
1,118,154,43666,36.993613
1,119,266,43666,116.490209
1,120,3121,43666,697.576063
1,121,683,43666,159.805675
1,122,13,43666,2.877682
1,123,3,43666,0.591557
1,124,77,43666,23.752731
1,125,28,43666,5.867399
1,126,551,43666,120.101878
1,127,634,43666,188.194267
1,128,131,43666,30.210710
1,129,511,43666,133.401988
1,130,235,43666,60.291352
1,131,104,43666,30.569178
1,132,9,43666,2.022301
1,133,2619,43666,676.937605
1,134,5756,43666,1664.088305
1,135,171,43666,41.025685
1,136,2415,43666,544.327801
1,137,217,43666,72.910619
1,138,725,43666,174.920042
1,139,0,43666,0.000000
1,140,1,43666,0.219390
1,141,142,43666,28.739949
1,142,134,43666,31.018475
1,143,314,43666,65.617124
1,144,132,43666,40.587116
1,145,49,43666,9.689835
1,146,29,43666,6.109618
1,147,2595,43666,692.399385
1,148,546,43666,158.331571
1,149,199,43666,59.150763
1,150,1320,43666,477.245315
1,151,93,43666,31.297842
1,152,581,43666,150.873242
1,153,52,43666,15.214718
1,154,204,43666,38.929953
1,155,678,43666,167.740036
1,156,546,43666,122.591045
1,157,214,43666,65.281899
1,158,197,43666,46.243151
1,159,668,43666,158.008915
1,160,1,43666,0.185898
1,161,382,43666,122.934500
1,162,633,43666,144.470288
1,163,2906,43666,669.182554
1,164,298,43666,125.437105
1,165,3,43666,0.535249
1,166,1050,43666,240.158696
1,167,83,43666,15.206458
1,168,253,43666,60.582794
1,169,16,43666,2.927079
1,170,487,43666,102.719452
1,171,369,43666,78.017945
1,172,35,43666,7.768672
1,173,61,43666,12.362240
1,174,409,43666,82.613092
1,175,2543,43666,626.052065
1,176,129,43666,34.007752
1,177,513,43666,157.674558
1,178,473,43666,92.214099
1,179,441,43666,106.905081
1,180,64,43666,16.169936
1,181,51,43666,11.606956
1,182,237,43666,54.554180
1,183,436,43666,143.094107
1,184,442,43666,108.934086
1,185,286,43666,53.776943
1,186,65,43666,16.755522
1,187,225,43666,49.579733
1,188,418,43666,108.077693
1,189,165,43666,36.673312
1,190,477,43666,99.120841
1,191,174,43666,46.231058
1,192,461,43666,135.387690
1,193,95,43666,21.928640
1,194,335,43666,93.583795
1,195,144,43666,25.821711
1,196,0,43666,0.000000
1,197,22,43666,3.899412
1,198,3764,43666,927.879689
1,199,12,43666,2.815687
1,200,197,43666,45.916812
1,201,4695,43666,1413.079587
1,202,197,43666,47.163724
1,203,724,43666,160.791632
1,204,6,43666,1.274647
1,205,0,43666,0.000000
1,206,44,43666,9.635739
1,207,94,43666,29.348677
1,208,127,43666,29.914354
1,209,128,43666,29.696948
1,210,273,43666,61.380234
1,211,57,43666,11.650110
1,212,322,43666,71.085741
1,213,2670,43666,667.769245
1,214,241,43666,65.114066
1,215,87,43666,17.913818
1,216,90,43666,17.541416
1,217,2543,43666,731.192621
1,218,167,43666,40.471099
1,219,74,43666,20.669057
1,220,2513,43666,624.945354
1,221,46,43666,9.272844
1,222,514,43666,120.786309
1,223,194,43666,37.647849
1,224,1085,43666,234.098577
1,225,142,43666,33.199297
1,226,458,43666,100.361530
1,227,333,43666,79.644867
1,228,1,43666,0.137651
1,229,3,43666,0.622538
1,230,201,43666,44.448313
1,231,30,43666,6.728918
1,232,913,43666,209.648138
1,233,450,43666,96.493221
1,234,1013,43666,235.231494
1,235,95,43666,18.872873
1,236,1312,43666,301.371398
1,237,51,43666,10.036986
1,238,339,43666,78.505945
1,239,88,43666,16.000068
1,240,2004,43666,552.099709
1,241,470,43666,108.520776
1,242,46,43666,10.040238
1,243,274,43666,63.648659
1,244,321,43666,110.376981
1,245,5093,43666,1210.859323
1,246,134,43666,30.939651
1,247,1477,43666,336.422214
1,248,85,43666,17.970957
1,249,172,43666,72.000352
1,250,216,43666,66.456259
1,251,852,43666,206.174423
1,252,749,43666,191.013032
1,253,302,43666,76.100424
1,254,275,43666,52.840011
1,255,221,43666,46.329420
1,256,28,43666,5.568699
1,257,171,43666,38.331713
1,258,516,43666,116.413544
1,259,23,43666,6.182302
1,260,1338,43666,326.979501
1,261,0,43666,0.000000
1,262,53,43666,12.101759
1,263,31,43666,6.473290
1,264,431,43666,101.011315
1,265,446,43666,121.042528
1,266,1471,43666,348.628523
1,267,138,43666,29.447089
1,268,22,43666,4.786167
1,269,523,43666,115.900720
1,270,298,43666,63.663498
1,271,734,43666,166.938177
1,272,102,43666,21.288002
1,273,394,43666,84.140944
1,274,1337,43666,335.669987
1,275,790,43666,190.834421
1,276,44,43666,14.599108
1,277,61,43666,13.929836
1,278,12,43666,2.478777
1,279,1024,43666,235.734257
1,280,4851,43666,1155.837860
1,281,895,43666,201.670648
1,282,12,43666,2.544754
1,283,250,43666,64.207945
1,284,1120,43666,241.062104
1,285,191,43666,43.968660
1,286,6339,43666,1557.720775
1,287,32,43666,6.508626
1,288,543,43666,110.594475
1,289,38,43666,9.076129
1,290,69,43666,14.330532
1,291,196,43666,39.866769
1,292,304,43666,70.155118
1,293,2630,43666,680.700000
1,294,276,43666,53.981928
1,295,402,43666,80.208664
1,296,210,43666,46.894369
1,297,119,43666,18.066531
1,298,327,43666,70.481384
1,299,4631,43666,1281.931881
1,300,7321,43666,1742.124970
1,301,397,43666,121.200318
1,302,1,43666,0.192522
1,303,382,43666,76.715552
1,304,424,43666,92.273838
1,305,1230,43666,278.904108
1,306,148,43666,36.788052
1,307,591,43666,217.877245
1,308,1112,43666,326.986480
1,309,0,43666,0.000000
1,310,56,43666,14.482665
1,311,82,43666,17.218969
1,312,681,43666,164.471091
1,313,1000,43666,224.787190
1,314,84,43666,17.194710
1,315,104,43666,25.037553
1,316,942,43666,241.762076
1,317,4771,43666,1448.879393
1,318,2258,43666,596.023197
1,319,318,43666,67.321037
1,320,589,43666,132.653220
1,321,318,43666,70.332864
1,322,128,43666,27.290227
1,323,3342,43666,784.775448
1,324,7076,43666,1711.030599
1,325,212,43666,49.885755
1,326,1209,43666,287.134391
1,327,2599,43666,625.339505
1,328,952,43666,217.911473
1,329,419,43666,122.989339
1,330,201,43666,40.628068
1,331,8,43666,1.718127
1,332,1160,43666,254.884961
1,333,802,43666,179.422076
1,334,29,43666,6.115215
1,335,71,43666,15.710298
1,336,803,43666,233.142041
1,337,676,43666,158.486075
1,338,1000,43666,233.680872
1,339,195,43666,62.421333
1,340,2187,43666,513.591944
1,341,59,43666,20.349827
1,342,885,43666,229.711387
1,343,126,43666,33.887469
1,344,184,43666,38.225898
1,345,105,43666,24.364848
1,346,603,43666,157.856615
1,347,227,43666,57.460833
1,348,377,43666,92.461382
1,349,913,43666,243.731684
1,350,6,43666,1.391309
1,351,0,43666,0.000000
1,352,0,43666,0.000000
1,353,20,43666,4.061988
1,354,217,43666,50.740064
1,355,462,43666,103.105025
1,356,82,43666,16.625041
1,357,218,43666,40.264442
1,358,468,43666,108.742191
1,359,200,43666,36.389687
1,360,88,43666,16.043283
1,361,474,43666,122.908937
1,362,37,43666,7.695630
1,363,728,43666,167.791152
1,364,1070,43666,252.182975
1,365,553,43666,170.293220
1,366,618,43666,145.414516
1,367,52,43666,12.889372
1,368,966,43666,208.667906
1,369,947,43666,228.945811
1,370,1020,43666,229.612576
1,371,2671,43666,608.755256
1,372,15,43666,3.117063
1,373,138,43666,26.992893
1,374,216,43666,52.166596
1,375,265,43666,111.237089
1,376,313,43666,78.058307
1,377,860,43666,278.641139
1,378,1744,43666,413.074231
1,379,775,43666,245.275930
1,380,21,43666,4.569425
1,381,1460,43666,333.761099
1,382,2792,43666,899.722501
1,383,1,43666,0.240214
2,0,206,43666,48.274670
2,1,730,43666,175.957977
2,2,252,43666,48.801047
2,3,52,43666,18.002092
2,4,50,43666,8.891401
2,5,32,43666,7.074583
2,6,158,43666,37.945897
2,7,63,43666,11.608885
2,8,3409,43666,788.762054
2,9,35,43666,7.777330
2,10,61,43666,16.600900
2,11,253,43666,64.855762
2,12,1901,43666,439.219478
2,13,317,43666,64.275447
2,14,701,43666,153.761929
2,15,85,43666,27.211847
2,16,68,43666,14.137943
2,17,0,43666,0.000000
2,18,549,43666,122.273845
2,19,3696,43666,921.539543
2,20,1342,43666,278.752983
2,21,52,43666,10.654388
2,22,2,43666,0.455470
2,23,359,43666,80.847498
2,24,433,43666,88.384529
2,25,3408,43666,803.425489
2,26,969,43666,284.632725
2,27,5308,43666,1322.977216
2,28,0,43666,0.000000
2,29,27,43666,5.106689
2,30,2546,43666,603.056680
2,31,2564,43666,611.562673
2,32,95,43666,21.782607
2,33,222,43666,41.520328
2,34,11,43666,2.107210
2,35,354,43666,88.053241
2,36,28,43666,6.070701
2,37,1653,43666,463.860012
2,38,0,43666,0.000000
2,39,1413,43666,324.852867
2,40,525,43666,119.369892
2,41,448,43666,93.848274
2,42,65,43666,14.496797
2,43,2,43666,0.447265
2,44,206,43666,46.598499
2,45,59,43666,13.323946
2,46,9,43666,1.846207
2,47,105,43666,24.570926
2,48,1663,43666,388.847776
2,49,219,43666,79.932023
2,50,284,43666,97.516210
2,51,66,43666,14.317621
2,52,602,43666,132.661064
2,53,4691,43666,1360.516172
2,54,322,43666,64.270591
2,55,36,43666,7.367932
2,56,404,43666,153.704760
2,57,1,43666,0.132275
2,58,454,43666,105.072328
2,59,29,43666,6.231978
2,60,46,43666,9.601139
2,61,129,43666,21.589342
2,62,2,43666,0.410680
2,63,0,43666,0.000000
2,64,0,43666,0.000000
2,65,201,43666,43.143375
2,66,525,43666,118.801537
2,67,1198,43666,267.910126
2,68,1814,43666,422.360874
2,69,174,43666,36.730580
2,70,5,43666,1.111817
2,71,942,43666,203.053345
2,72,7,43666,1.510982
2,73,1,43666,0.207652
2,74,52,43666,11.867652
2,75,0,43666,0.000000
2,76,212,43666,45.184064
2,77,288,43666,62.960766
2,78,92,43666,18.220045
2,79,1468,43666,346.529671
2,80,121,43666,23.418333
2,81,647,43666,145.009290
2,82,1887,43666,435.977163
2,83,2633,43666,642.660713
2,84,699,43666,151.831389
2,85,1002,43666,205.458954
2,86,11,43666,2.562730
2,87,430,43666,124.793301
2,88,19,43666,3.978854
2,89,136,43666,40.297364
2,90,1934,43666,431.068593
2,91,3826,43666,781.346007
2,92,47,43666,10.210880
2,93,3955,43666,946.899902
2,94,0,43666,0.000000
2,95,13767,43666,3441.747976
2,96,2,43666,0.397917
2,97,497,43666,126.546058
2,98,1017,43666,234.006886
2,99,943,43666,206.799152
2,100,81,43666,14.744150
2,101,105,43666,23.361513
2,102,210,43666,51.172251
2,103,171,43666,28.327282
2,104,273,43666,66.910546
2,105,371,43666,90.173887
2,106,60,43666,13.922677
2,107,690,43666,177.985520
2,108,142,43666,30.558090
2,109,74,43666,25.217027
2,110,69,43666,14.935002
2,111,24,43666,4.619363
2,112,442,43666,98.839923
2,113,51,43666,12.490943
2,114,266,43666,122.267037
2,115,944,43666,224.634347
2,116,568,43666,116.993309
2,117,673,43666,141.833752
2,118,157,43666,36.694114
2,119,0,43666,0.000000
2,120,603,43666,138.340218
2,121,654,43666,182.516031
2,122,47,43666,12.082278
2,123,345,43666,80.589013
2,124,464,43666,141.727041
2,125,84,43666,16.721475
2,126,131,43666,25.382440
2,127,61,43666,15.185393
2,128,7,43666,1.410116
2,129,542,43666,107.483288
2,130,574,43666,274.526565
2,131,600,43666,132.604781
2,132,94,43666,29.391147
2,133,486,43666,102.791238
2,134,33,43666,11.333157
2,135,3115,43666,805.355521
2,136,494,43666,165.384445
2,137,37,43666,8.506512
2,138,226,43666,57.817511
2,139,5256,43666,1300.824384
2,140,59,43666,13.619767
2,141,3635,43666,1049.820447
2,142,372,43666,121.188761
2,143,0,43666,0.000000
2,144,162,43666,44.798191
2,145,385,43666,100.411741
2,146,11,43666,2.080754
2,147,5,43666,1.049186
2,148,8,43666,1.524128
2,149,51,43666,13.091088
2,150,12,43666,2.247763
2,151,4384,43666,1013.646209
2,152,102,43666,36.717967
2,153,15,43666,3.391441
2,154,3919,43666,1232.424272
2,155,2015,43666,496.564717
2,156,102,43666,19.734557
2,157,2172,43666,475.486280
2,158,4864,43666,1297.664457
2,159,0,43666,0.000000
2,160,237,43666,43.104736
2,161,1300,43666,340.466294
2,162,282,43666,63.174848
2,163,6,43666,1.464493
2,164,0,43666,0.000000
2,165,263,43666,55.427458
2,166,1916,43666,471.293837
2,167,104,43666,20.560543
2,168,106,43666,17.767861
2,169,160,43666,33.647697
2,170,498,43666,200.975803
2,171,84,43666,15.337031
2,172,983,43666,265.658904
2,173,684,43666,161.956840
2,174,563,43666,185.635282
2,175,8972,43666,2179.491568
2,176,1455,43666,427.016777
2,177,298,43666,76.471923
2,178,209,43666,80.853857
2,179,223,43666,44.665286
2,180,65,43666,16.326790
2,181,1238,43666,329.652833
2,182,0,43666,0.000000
2,183,843,43666,186.537073
2,184,1719,43666,495.847835
2,185,1505,43666,364.139026
2,186,255,43666,56.579874
2,187,5,43666,0.985200
2,188,0,43666,0.000000
2,189,282,43666,65.956392
2,190,460,43666,128.630602
2,191,23,43666,4.712220
2,192,220,43666,48.499756
2,193,191,43666,42.376915
2,194,418,43666,130.386270
2,195,1358,43666,371.934059
2,196,14,43666,2.867351
2,197,8,43666,1.894685
2,198,39,43666,7.629377
2,199,416,43666,96.897339
2,200,758,43666,254.925455
2,201,21,43666,4.510707
2,202,2598,43666,599.446167
2,203,490,43666,112.292105
2,204,2799,43666,658.654279
2,205,51,43666,11.561595
2,206,3574,43666,772.641213
2,207,109,43666,20.670891
2,208,0,43666,0.000000
2,209,197,43666,44.447447
2,210,338,43666,90.913459
2,211,1511,43666,343.166878
2,212,2054,43666,489.919475
2,213,11,43666,1.853161
2,214,16,43666,3.498512
2,215,353,43666,78.337604
2,216,2694,43666,829.165006
2,217,263,43666,54.909662
2,218,16,43666,3.370574
2,219,46,43666,10.077494
2,220,617,43666,121.319018
2,221,31,43666,10.279227
2,222,6279,43666,2032.883450
2,223,539,43666,149.168900
2,224,1200,43666,314.873833
2,225,3,43666,0.627530
2,226,2581,43666,619.574502
2,227,10,43666,2.157494
2,228,1130,43666,295.588273
2,229,761,43666,159.531479
2,230,879,43666,207.318561
2,231,136,43666,29.948427
2,232,248,43666,60.400580
2,233,738,43666,292.206386
2,234,174,43666,36.467984
2,235,74,43666,14.450432
2,236,1672,43666,445.512477
2,237,16,43666,2.954780
2,238,184,43666,34.246430
2,239,2392,43666,534.973279
2,240,242,43666,54.720373
2,241,8,43666,1.787911
2,242,58,43666,9.187420
2,243,46,43666,13.797916
2,244,1141,43666,276.397162
2,245,70,43666,14.522972
2,246,451,43666,123.185515
2,247,415,43666,108.144945
2,248,47,43666,8.702258
2,249,479,43666,106.491837
2,250,892,43666,183.598572
2,251,185,43666,31.079695
2,252,1215,43666,247.840641
2,253,11,43666,2.569114
2,254,353,43666,82.011175
2,255,354,43666,88.649306
2,256,631,43666,165.987362
2,257,459,43666,97.261392
2,258,234,43666,45.884666
2,259,22,43666,6.354873
2,260,34,43666,8.772882
2,261,446,43666,102.938169
2,262,416,43666,89.341519
2,263,0,43666,0.000000
2,264,2,43666,0.337658
2,265,283,43666,65.549832
2,266,2,43666,0.361260
2,267,168,43666,43.791243
2,268,2267,43666,543.738662
2,269,635,43666,186.937560
2,270,401,43666,94.763511
2,271,843,43666,268.500555
2,272,810,43666,179.103727
2,273,1063,43666,254.311330
2,274,23,43666,4.200481
2,275,0,43666,0.000000
2,276,137,43666,27.176640
2,277,4,43666,0.702007
2,278,325,43666,95.804751
2,279,249,43666,104.859445
2,280,46,43666,9.546655
2,281,0,43666,0.000000
2,282,117,43666,23.143464
2,283,275,43666,66.315226
2,284,105,43666,20.234594
2,285,319,43666,62.865514
2,286,145,43666,29.988239
2,287,1,43666,0.183714
2,288,77,43666,16.683095
2,289,4231,43666,1007.636383
2,290,109,43666,22.844317
2,291,1471,43666,330.902500
2,292,49,43666,8.940795
2,293,572,43666,159.748250
2,294,272,43666,66.536006
2,295,179,43666,44.868836
2,296,1162,43666,294.926916
2,297,614,43666,156.377831
2,298,3,43666,0.684297
2,299,191,43666,42.705855
2,300,147,43666,31.126485
2,301,2314,43666,547.245408
2,302,1534,43666,334.093054
2,303,333,43666,83.004192
2,304,704,43666,160.740995
2,305,1218,43666,419.221935
2,306,271,43666,58.867192
2,307,667,43666,204.373383
2,308,41,43666,8.582893
2,309,5,43666,0.973804
2,310,0,43666,0.000000
2,311,3652,43666,844.268843
2,312,2,43666,0.359217
2,313,8,43666,1.947656
2,314,46,43666,11.067569
2,315,468,43666,89.015187
2,316,1063,43666,272.059397
2,317,9,43666,1.874861
2,318,160,43666,30.929736
2,319,635,43666,111.423862
2,320,221,43666,45.517380
2,321,415,43666,155.143413
2,322,111,43666,22.249707
2,323,3377,43666,846.811490
2,324,627,43666,206.660659
2,325,0,43666,0.000000
2,326,221,43666,61.193357
2,327,1109,43666,232.772560
2,328,158,43666,30.858110
2,329,21,43666,3.157361
2,330,164,43666,35.378629
2,331,113,43666,25.279544
2,332,1814,43666,420.721240
2,333,1054,43666,226.702079
2,334,254,43666,54.923521
2,335,656,43666,152.123493
2,336,675,43666,135.276168
2,337,428,43666,178.754047
2,338,843,43666,225.900307
2,339,7,43666,1.132536
2,340,430,43666,103.059037
2,341,189,43666,40.989279
2,342,75,43666,16.937799
2,343,4,43666,0.912197
2,344,731,43666,162.077785
2,345,0,43666,0.000000
2,346,0,43666,0.000000
2,347,1295,43666,323.111209
2,348,94,43666,25.832722
2,349,231,43666,52.163183
2,350,0,43666,0.000000
2,351,145,43666,43.217265
2,352,2550,43666,578.110341
2,353,108,43666,26.166492
2,354,1734,43666,407.370284
2,355,108,43666,22.037792
2,356,0,43666,0.000000
2,357,245,43666,74.073057
2,358,39,43666,10.710192
2,359,102,43666,21.256791
2,360,38,43666,8.676987
2,361,208,43666,42.763421
2,362,184,43666,54.236043
2,363,576,43666,128.341615
2,364,59,43666,11.927946
2,365,2609,43666,712.629658
2,366,14,43666,2.998216
2,367,0,43666,0.000000
2,368,447,43666,106.018790
2,369,1710,43666,417.370955
2,370,3,43666,0.589134
2,371,0,43666,0.000000
2,372,1,43666,0.212703
2,373,132,43666,28.261854
2,374,0,43666,0.000000
2,375,709,43666,196.474579
2,376,67,43666,9.679684
2,377,157,43666,33.613758
2,378,1447,43666,340.942233
2,379,1,43666,0.223770
2,380,142,43666,35.138303
2,381,4,43666,0.866765
2,382,3104,43666,1017.598050
2,383,615,43666,143.042551
3,0,0,43666,0.000000
3,1,5,43666,0.888747
3,2,24,43666,4.481587
3,3,0,43666,0.000000
3,4,212,43666,47.826337
3,5,358,43666,101.179427
3,6,110,43666,19.141508
3,7,63,43666,11.411534
3,8,188,43666,35.546345
3,9,55,43666,11.047475
3,10,829,43666,146.486068
3,11,897,43666,395.264122
3,12,276,43666,39.322301
3,13,407,43666,94.282787
3,14,1864,43666,381.056314
3,15,1382,43666,470.264671
3,16,84,43666,14.396481
3,17,258,43666,54.927138
3,18,114,43666,21.107162
3,19,18,43666,3.686331
3,20,1,43666,0.328707
3,21,220,43666,41.349246
3,22,541,43666,106.915460
3,23,4,43666,0.566657
3,24,10,43666,2.229760
3,25,0,43666,0.000000
3,26,1160,43666,334.606390
3,27,0,43666,0.000000
3,28,503,43666,110.421409
3,29,132,43666,23.632837
3,30,0,43666,0.000000
3,31,71,43666,15.973521
3,32,28,43666,5.112150
3,33,1890,43666,356.147752
3,34,386,43666,103.060700
3,35,374,43666,71.441884
3,36,16,43666,3.453704
3,37,1125,43666,259.736118
3,38,834,43666,281.589112
3,39,1579,43666,373.423624
3,40,674,43666,150.487037
3,41,0,43666,0.000000
3,42,21,43666,4.468738
3,43,445,43666,110.235276
3,44,77,43666,15.120466
3,45,0,43666,0.000000
3,46,38,43666,8.049647
3,47,49,43666,8.449760
3,48,68,43666,12.635030
3,49,486,43666,100.747410
3,50,1819,43666,382.960112
3,51,67,43666,14.143690
3,52,26,43666,5.236192
3,53,16,43666,3.419509
3,54,3092,43666,660.328180
3,55,457,43666,121.474439
3,56,982,43666,277.861461
3,57,0,43666,0.000000
3,58,2,43666,0.367241
3,59,117,43666,18.922426
3,60,13,43666,2.557529
3,61,22,43666,3.946322
3,62,705,43666,143.640721
3,63,1634,43666,331.313036
3,64,236,43666,69.017285
3,65,770,43666,148.221892
3,66,11,43666,2.208257
3,67,419,43666,120.882659
3,68,49,43666,8.175281
3,69,465,43666,106.975042
3,70,95,43666,32.867191
3,71,151,43666,25.446140
3,72,2,43666,0.210014
3,73,86,43666,17.930951
3,74,16,43666,2.872404
3,75,336,43666,58.797521
3,76,39,43666,7.270395
3,77,9,43666,1.760010
3,78,24,43666,5.012759
3,79,147,43666,30.210385
3,80,85,43666,34.251162
3,81,211,43666,41.525380
3,82,45,43666,11.496522
3,83,157,43666,53.888522
3,84,41,43666,8.242578
3,85,2,43666,0.360329
3,86,185,43666,35.086425
3,87,428,43666,145.037250
3,88,0,43666,0.000000
3,89,10887,43666,2466.687010
3,90,262,43666,67.181123
3,91,2220,43666,470.461671
3,92,518,43666,149.152204
3,93,2,43666,0.452977
3,94,2,43666,0.410244
3,95,150,43666,29.404085
3,96,263,43666,53.010651
3,97,7,43666,1.440827
3,98,117,43666,18.461548
3,99,35,43666,7.699497
3,100,203,43666,33.639775
3,101,0,43666,0.000000
3,102,141,43666,55.078024
3,103,115,43666,35.759768
3,104,111,43666,25.184959
3,105,18,43666,2.791517
3,106,463,43666,100.795758
3,107,833,43666,223.731019
3,108,86,43666,16.930849
3,109,0,43666,0.000000
3,110,465,43666,109.617953
3,111,143,43666,28.857952
3,112,126,43666,29.618259
3,113,3,43666,0.581771
3,114,1960,43666,430.973788
3,115,14,43666,2.573131
3,116,484,43666,99.324825
3,117,67,43666,9.088872
3,118,595,43666,123.568060
3,119,442,43666,93.550041
3,120,1,43666,0.222190
3,121,0,43666,0.000000
3,122,464,43666,148.297253
3,123,440,43666,89.500356
3,124,3,43666,0.577462
3,125,1,43666,0.173286
3,126,83,43666,21.377539
3,127,0,43666,0.000000
3,128,68,43666,13.949343
3,129,261,43666,60.361656
3,130,0,43666,0.000000
3,131,442,43666,79.904961
3,132,216,43666,43.220971
3,133,15,43666,2.934999
3,134,3,43666,0.454673
3,135,0,43666,0.000000
3,136,378,43666,104.990512
3,137,41,43666,7.435408
3,138,31,43666,7.776011
3,139,0,43666,0.000000
3,140,48,43666,9.333290
3,141,285,43666,48.469453
3,142,9,43666,2.121633
3,143,310,43666,54.552726
3,144,152,43666,35.249178
3,145,135,43666,41.533396
3,146,45,43666,7.399418
3,147,693,43666,151.648204
3,148,1929,43666,423.041869
3,149,2169,43666,671.426055
3,150,606,43666,264.592483
3,151,891,43666,180.140281
3,152,8,43666,1.097675
3,153,10223,43666,2756.787540
3,154,427,43666,193.121241
3,155,321,43666,145.723177
3,156,108,43666,23.187968
3,157,48,43666,10.774181
3,158,40,43666,5.168445
3,159,479,43666,114.546907
3,160,132,43666,23.245360
3,161,1874,43666,419.877438
3,162,0,43666,0.000000
3,163,742,43666,144.107364
3,164,194,43666,36.477792
3,165,195,43666,35.597196
3,166,141,43666,41.052614
3,167,0,43666,0.000000
3,168,288,43666,60.985336
3,169,3088,43666,757.128602
3,170,171,43666,35.086808
3,171,18,43666,3.442933
3,172,440,43666,165.383144
3,173,830,43666,182.593470
3,174,3,43666,0.481540
3,175,7,43666,1.288622
3,176,93,43666,18.741996
3,177,3171,43666,869.576893
3,178,115,43666,20.069925
3,179,69,43666,12.624692
3,180,688,43666,168.371666
3,181,0,43666,0.000000
3,182,184,43666,33.874922
3,183,542,43666,118.491003
3,184,285,43666,86.107531
3,185,2474,43666,537.849801
3,186,387,43666,85.881366
3,187,90,43666,21.813127
3,188,199,43666,36.582826
3,189,650,43666,149.357550
3,190,4530,43666,999.226952
3,191,379,43666,90.785965
3,192,15,43666,5.006024
3,193,591,43666,209.648230
3,194,509,43666,126.287371
3,195,86,43666,16.856975
3,196,8,43666,1.497945
3,197,387,43666,139.812727
3,198,27,43666,4.415810
3,199,5008,43666,1074.111281
3,200,2589,43666,562.670500
3,201,171,43666,38.500032
3,202,364,43666,107.319683
3,203,0,43666,0.000000
3,204,54,43666,11.003583
3,205,609,43666,204.223315
3,206,288,43666,71.864729
3,207,268,43666,116.222202
3,208,1,43666,0.223117
3,209,8,43666,1.596259
3,210,17,43666,3.339127
3,211,61,43666,11.270490
3,212,1,43666,0.222319
3,213,36,43666,5.086848
3,214,438,43666,103.630139
3,215,59,43666,9.326118
3,216,82,43666,17.588313
3,217,0,43666,0.000000
3,218,580,43666,190.868510
3,219,92,43666,16.717491
3,220,111,43666,24.671935
3,221,0,43666,0.000000
3,222,1331,43666,345.977078
3,223,0,43666,0.000000
3,224,13376,43666,2880.507733
3,225,93,43666,38.624746
3,226,120,43666,24.222561
3,227,0,43666,0.000000
3,228,267,43666,121.432278
3,229,1,43666,0.180572
3,230,573,43666,115.118150
3,231,80,43666,13.888328
3,232,373,43666,83.159542
3,233,5,43666,1.124141
3,234,445,43666,91.397006
3,235,1,43666,0.199605
3,236,3020,43666,612.694401
3,237,725,43666,217.220161
3,238,0,43666,0.000000
3,239,543,43666,166.451053
3,240,374,43666,83.817241
3,241,3,43666,0.627882
3,242,1,43666,0.171632
3,243,1128,43666,214.128566
3,244,121,43666,25.644963
3,245,74,43666,14.132997
3,246,796,43666,185.218857
3,247,59,43666,18.340908
3,248,0,43666,0.000000
3,249,595,43666,126.071122
3,250,4934,43666,1142.179302
3,251,20,43666,4.339189
3,252,163,43666,28.027314
3,253,17,43666,3.053455
3,254,274,43666,98.245588
3,255,12,43666,2.367532
3,256,0,43666,0.000000
3,257,6547,43666,1556.281397
3,258,262,43666,80.327554
3,259,909,43666,186.980071
3,260,412,43666,169.406166
3,261,8,43666,1.230622
3,262,180,43666,30.030169
3,263,0,43666,0.000000
3,264,125,43666,25.504256
3,265,411,43666,105.222502
3,266,1442,43666,463.031008
3,267,507,43666,139.877456
3,268,645,43666,242.546139
3,269,37,43666,7.100686
3,270,175,43666,40.285745
3,271,1514,43666,351.758715
3,272,249,43666,43.527294
3,273,17,43666,2.376729
3,274,563,43666,194.524255
3,275,421,43666,82.537051
3,276,0,43666,0.000000
3,277,46,43666,10.626552
3,278,20,43666,3.818293
3,279,5,43666,0.946918
3,280,8,43666,1.222449
3,281,1,43666,0.193762
3,282,215,43666,48.716283
3,283,304,43666,129.719827
3,284,14,43666,2.936038
3,285,633,43666,128.517768
3,286,3,43666,0.641848
3,287,68,43666,13.266254
3,288,2291,43666,792.188763
3,289,453,43666,85.914665
3,290,48,43666,11.083512
3,291,857,43666,252.306450
3,292,0,43666,0.000000
3,293,2398,43666,572.653796
3,294,832,43666,155.513207
3,295,274,43666,124.021275
3,296,161,43666,31.343986
3,297,161,43666,30.629625
3,298,2507,43666,574.085588
3,299,28,43666,3.906741
3,300,609,43666,119.454679
3,301,25,43666,5.169506
3,302,16,43666,4.289871
3,303,971,43666,233.204292
3,304,2842,43666,1143.889951
3,305,523,43666,206.476473
3,306,45,43666,6.952253
3,307,95,43666,20.385807
3,308,81,43666,16.466215
3,309,28840,43666,8562.968912
3,310,6,43666,1.255714
3,311,56,43666,11.765578
3,312,751,43666,215.873540
3,313,5,43666,0.815734
3,314,108,43666,17.977792
3,315,4,43666,0.605082
3,316,44,43666,14.968557
3,317,14904,43666,3444.133277
3,318,1623,43666,343.047484
3,319,5,43666,0.896040
3,320,471,43666,96.840723
3,321,528,43666,91.218441
3,322,113,43666,20.617787
3,323,255,43666,45.428292
3,324,3608,43666,812.051127
3,325,77,43666,16.012646
3,326,4466,43666,967.766383
3,327,75,43666,21.559304
3,328,53,43666,9.399953
3,329,3974,43666,844.017641
3,330,9456,43666,2737.154057
3,331,85,43666,11.133588
3,332,610,43666,143.997961
3,333,11,43666,2.287675
3,334,139,43666,21.473080
3,335,22,43666,4.183789
3,336,1331,43666,293.755720
3,337,5,43666,1.286562
3,338,980,43666,202.757395
3,339,2683,43666,580.682607
3,340,0,43666,0.000000
3,341,4,43666,1.125502
3,342,260,43666,53.653474
3,343,691,43666,163.446659
3,344,271,43666,46.591679
3,345,11,43666,1.719447
3,346,123,43666,25.321444
3,347,0,43666,0.000000
3,348,52,43666,9.699299
3,349,3642,43666,832.308800
3,350,10,43666,2.104923
3,351,12,43666,2.506503
3,352,370,43666,72.549999
3,353,414,43666,141.418677
3,354,20,43666,4.426855
3,355,207,43666,46.633152
3,356,284,43666,42.464719
3,357,99,43666,22.367467
3,358,174,43666,36.510736
3,359,442,43666,236.870628
3,360,445,43666,267.264965
3,361,5,43666,1.019444
3,362,0,43666,0.000000
3,363,1183,43666,253.040605
3,364,624,43666,166.068318
3,365,1700,43666,515.463176
3,366,441,43666,158.460902
3,367,169,43666,32.540402
3,368,4632,43666,1240.493741
3,369,111,43666,23.793624
3,370,54,43666,10.080507
3,371,0,43666,0.000000
3,372,2,43666,0.381573
3,373,499,43666,105.103024
3,374,416,43666,84.626277
3,375,0,43666,0.000000
3,376,305,43666,63.727175
3,377,41,43666,7.664477
3,378,114,43666,20.659278
3,379,279,43666,61.588957
3,380,339,43666,72.298465
3,381,199,43666,58.069904
3,382,107,43666,22.205797
3,383,94,43666,19.521580
4,0,21,43666,4.481165
4,1,157,43666,31.029554
4,2,138,43666,32.108989
4,3,882,43666,193.097735
4,4,0,43666,0.000000
4,5,435,43666,108.904671
4,6,96,43666,20.300411
4,7,286,43666,66.015221
4,8,111,43666,37.687683
4,9,243,43666,53.585033
4,10,161,43666,47.108422
4,11,257,43666,58.010630
4,12,7094,43666,1637.107864
4,13,29,43666,6.252200
4,14,437,43666,92.840713
4,15,52,43666,13.407799
4,16,10,43666,1.988612
4,17,331,43666,103.569307
4,18,932,43666,319.275371
4,19,16281,43666,4319.206855
4,20,0,43666,0.000000
4,21,347,43666,108.325610
4,22,82,43666,14.116465
4,23,3483,43666,901.825126
4,24,2,43666,0.313657
4,25,7622,43666,1729.986553
4,26,0,43666,0.000000
4,27,0,43666,0.000000
4,28,3939,43666,950.419561
4,29,95,43666,21.394527
4,30,119,43666,24.985615
4,31,2,43666,0.404640
4,32,28,43666,5.168862
4,33,2,43666,0.442539
4,34,74,43666,12.958821
4,35,657,43666,274.775518
4,36,17,43666,3.183490
4,37,138,43666,33.507823
4,38,744,43666,164.861941
4,39,64,43666,14.062166
4,40,98,43666,22.536043
4,41,12,43666,2.307429
4,42,197,43666,37.103040
4,43,93,43666,20.161569
4,44,852,43666,194.528334
4,45,1712,43666,388.208876
4,46,783,43666,216.588025
4,47,308,43666,61.781143
4,48,132,43666,29.820843
4,49,25,43666,4.378705
4,50,38,43666,8.470523
4,51,317,43666,68.762447
4,52,412,43666,95.543896
4,53,798,43666,157.548009
4,54,953,43666,278.424198
4,55,364,43666,79.604284
4,56,422,43666,148.353163
4,57,11,43666,2.069489
4,58,838,43666,205.161542
4,59,4758,43666,1104.679442
4,60,13,43666,3.062050
4,61,203,43666,44.315666
4,62,350,43666,101.583738
4,63,350,43666,86.299147
4,64,154,43666,23.220869
4,65,558,43666,120.271897
4,66,3935,43666,1152.931462
4,67,9,43666,1.725769
4,68,933,43666,196.356801
4,69,15,43666,3.056325
4,70,221,43666,57.259929
4,71,67,43666,15.374763
4,72,1199,43666,322.166619
4,73,383,43666,150.120764
4,74,0,43666,0.000000
4,75,531,43666,160.749705
4,76,6,43666,1.162388
4,77,3624,43666,951.590057
4,78,1,43666,0.226965
4,79,34,43666,6.854390
4,80,262,43666,47.753647
4,81,27,43666,5.027223
4,82,170,43666,39.242260
4,83,225,43666,71.532709
4,84,2,43666,0.337328
4,85,97,43666,15.966027
4,86,596,43666,134.077287
4,87,1,43666,0.204574
4,88,782,43666,179.532961
4,89,853,43666,244.372705
4,90,270,43666,53.546248
4,91,263,43666,61.037620
4,92,316,43666,59.155572
4,93,149,43666,33.847672
4,94,645,43666,157.444981
4,95,415,43666,85.604373
4,96,146,43666,49.430248
4,97,42,43666,7.480944
4,98,45,43666,7.170706
4,99,184,43666,35.859188
4,100,97,43666,18.645066
4,101,2,43666,0.410050
4,102,1278,43666,383.381899
4,103,103,43666,17.408716
4,104,56,43666,10.772597
4,105,265,43666,59.472915
4,106,117,43666,21.942838
4,107,89,43666,18.824047
4,108,218,43666,48.540600
4,109,46,43666,8.842006
4,110,1142,43666,326.548155
4,111,119,43666,21.075260
4,112,1352,43666,342.357373
4,113,6,43666,1.453436
4,114,5,43666,0.907337
4,115,79,43666,13.763407
4,116,51,43666,10.232571
4,117,3,43666,0.608741
4,118,3,43666,0.644311
4,119,243,43666,53.390940
4,120,20,43666,6.132561
4,121,40,43666,8.396938
4,122,4179,43666,946.341779
4,123,1084,43666,317.725872
4,124,5027,43666,1265.814397
4,125,503,43666,119.929178
4,126,707,43666,162.860561
4,127,627,43666,132.052741
4,128,4886,43666,1612.237484
4,129,2,43666,0.361107
4,130,1,43666,0.243662
4,131,3106,43666,721.085511
4,132,727,43666,187.763142
4,133,3,43666,0.519085
4,134,2314,43666,548.859621
4,135,2564,43666,628.742424
4,136,394,43666,74.270674
4,137,3038,43666,785.921216
4,138,103,43666,24.138787
4,139,1612,43666,390.366858
4,140,654,43666,155.793432
4,141,2060,43666,556.367712
4,142,66,43666,14.055295
4,143,83,43666,17.304581
4,144,891,43666,232.489529
4,145,209,43666,59.885640
4,146,154,43666,40.967910
4,147,2267,43666,568.418381
4,148,807,43666,178.270833
4,149,63,43666,14.541745
4,150,29,43666,5.735250
4,151,695,43666,130.116222
4,152,209,43666,38.527588
4,153,116,43666,25.126503
4,154,177,43666,46.234998
4,155,39,43666,8.381492
4,156,13,43666,2.397575
4,157,466,43666,121.574100
4,158,10,43666,1.792772
4,159,33,43666,6.879942
4,160,4,43666,0.721900
4,161,231,43666,49.663640
4,162,0,43666,0.000000
4,163,61,43666,11.665052
4,164,969,43666,213.814380
4,165,37,43666,8.436020
4,166,180,43666,44.361037
4,167,140,43666,28.510653
4,168,0,43666,0.000000
4,169,571,43666,121.488754
4,170,8,43666,1.379077
4,171,18,43666,3.521887
4,172,184,43666,39.984818
4,173,142,43666,27.987577
4,174,429,43666,88.922952
4,175,34,43666,7.293341
4,176,968,43666,269.888954
4,177,81,43666,30.206177
4,178,903,43666,191.593714
4,179,1474,43666,357.453428
4,180,34,43666,8.087218
4,181,802,43666,293.163802
4,182,8,43666,1.729143
4,183,3,43666,0.471698
4,184,831,43666,184.228879
4,185,16,43666,2.398966
4,186,0,43666,0.000000
4,187,300,43666,64.180120
4,188,1334,43666,295.449005
4,189,26,43666,6.611014
4,190,11,43666,2.795210
4,191,7267,43666,1940.385082
4,192,3787,43666,844.332837
4,193,189,43666,31.984957
4,194,89,43666,19.184393
4,195,1034,43666,216.454876
4,196,1091,43666,286.918142
4,197,78,43666,15.030562
4,198,174,43666,40.198886
4,199,2870,43666,660.638460
4,200,127,43666,22.522377
4,201,11,43666,1.986255
4,202,5,43666,0.847640
4,203,5507,43666,1218.605625
4,204,906,43666,191.090472
4,205,10,43666,2.053166
4,206,185,43666,44.239790
4,207,45,43666,9.006728
4,208,87,43666,23.608336
4,209,332,43666,75.090401
4,210,1686,43666,373.435168
4,211,1240,43666,337.515206
4,212,186,43666,37.250911
4,213,482,43666,91.235243
4,214,89,43666,20.196229
4,215,1310,43666,302.382228
4,216,120,43666,24.320185
4,217,497,43666,100.467907
4,218,440,43666,82.907587
4,219,1101,43666,350.516743
4,220,565,43666,144.913321
4,221,4415,43666,1038.993013
4,222,49,43666,9.259649
4,223,32,43666,6.787919
4,224,210,43666,36.663686
4,225,1037,43666,267.961377
4,226,0,43666,0.000000
4,227,1518,43666,362.074452
4,228,35,43666,6.685034
4,229,680,43666,156.801170
4,230,236,43666,58.021166
4,231,585,43666,131.671170
4,232,35,43666,4.724980
4,233,8,43666,1.685461
4,234,236,43666,51.541000
4,235,5,43666,1.028280
4,236,35,43666,8.356274
4,237,317,43666,70.044705
4,238,17,43666,3.602780
4,239,115,43666,22.285519
4,240,51,43666,8.569403
4,241,56,43666,10.320221
4,242,58,43666,8.751417
4,243,1122,43666,262.565188
4,244,124,43666,24.551950
4,245,14,43666,2.530480
4,246,54,43666,10.234945
4,247,0,43666,0.000000
4,248,618,43666,161.732986
4,249,15,43666,2.253219
4,250,1,43666,0.165336
4,251,81,43666,15.049158
4,252,753,43666,169.787037
4,253,440,43666,112.397872
4,254,1454,43666,430.877882
4,255,549,43666,107.974883
4,256,0,43666,0.000000
4,257,402,43666,116.346325
4,258,572,43666,219.201588
4,259,62,43666,10.491477
4,260,1589,43666,558.486098
4,261,864,43666,172.254716
4,262,217,43666,57.037021
4,263,2,43666,0.386413
4,264,14,43666,5.451097
4,265,183,43666,53.221583
4,266,266,43666,55.715322
4,267,375,43666,103.060780
4,268,949,43666,230.577336
4,269,122,43666,24.998248
4,270,153,43666,32.874393
4,271,658,43666,154.728684
4,272,167,43666,41.717308
4,273,5,43666,1.224740
4,274,1,43666,0.134412
4,275,123,43666,28.390999
4,276,186,43666,40.606832
4,277,24,43666,5.195470
4,278,6344,43666,1945.784823
4,279,240,43666,57.352944
4,280,183,43666,43.098597
4,281,68,43666,15.547875
4,282,323,43666,62.672286
4,283,1,43666,0.155741
4,284,61,43666,11.529725
4,285,166,43666,60.844644
4,286,1357,43666,255.760457
4,287,3,43666,0.511548
4,288,628,43666,159.586705
4,289,1482,43666,344.982944
4,290,6,43666,1.280107
4,291,3727,43666,1078.359147
4,292,1322,43666,325.334969
4,293,841,43666,225.146927
4,294,2407,43666,726.949254
4,295,14,43666,2.824253
4,296,137,43666,38.477785
4,297,2874,43666,603.076645
4,298,250,43666,78.606843
4,299,39,43666,6.295709
4,300,95,43666,21.322821
4,301,462,43666,103.881817
4,302,14,43666,2.683478
4,303,1,43666,0.237228
4,304,87,43666,17.694728
4,305,0,43666,0.000000
4,306,668,43666,149.902556
4,307,303,43666,68.340379
4,308,185,43666,38.529157
4,309,52,43666,12.110616
4,310,412,43666,119.605817
4,311,195,43666,82.327842
4,312,53,43666,10.378997
4,313,481,43666,111.314505
4,314,63,43666,14.340486
4,315,1452,43666,311.935126
4,316,429,43666,80.773878
4,317,45,43666,5.880766
4,318,8464,43666,2158.986632
4,319,601,43666,234.969816
4,320,21,43666,4.014772
4,321,198,43666,43.133127
4,322,340,43666,71.060237
4,323,135,43666,23.717385
4,324,11,43666,2.626344
4,325,38,43666,5.667424
4,326,8084,43666,1874.202420
4,327,111,43666,26.343974
4,328,93,43666,19.393195
4,329,155,43666,43.457809
4,330,81,43666,15.990037
4,331,0,43666,0.000000
4,332,34,43666,6.028714
4,333,830,43666,175.068344
4,334,0,43666,0.000000
4,335,3036,43666,798.232535
4,336,147,43666,35.494366
4,337,1891,43666,450.474595
4,338,621,43666,136.361310
4,339,135,43666,26.828269
4,340,496,43666,159.912374
4,341,4,43666,0.881604
4,342,344,43666,105.785790
4,343,223,43666,54.143386
4,344,143,43666,30.086222
4,345,0,43666,0.000000
4,346,2214,43666,561.563670
4,347,751,43666,169.696767
4,348,338,43666,65.115077
4,349,0,43666,0.000000
4,350,497,43666,175.383116
4,351,96,43666,20.631111
4,352,91,43666,17.802157
4,353,843,43666,260.094795
4,354,7026,43666,1719.872775
4,355,4,43666,0.884207
4,356,10,43666,1.271668
4,357,860,43666,180.476678
4,358,235,43666,48.122227
4,359,215,43666,63.174919
4,360,254,43666,56.712583
4,361,287,43666,50.486334
4,362,28,43666,5.322508
4,363,18,43666,2.932656
4,364,196,43666,53.575055
4,365,72,43666,16.516165
4,366,61,43666,11.866900
4,367,3821,43666,851.535441
4,368,54,43666,11.424457
4,369,8,43666,1.675780
4,370,1016,43666,220.014478
4,371,421,43666,112.634421
4,372,894,43666,184.606725
4,373,89,43666,16.905491
4,374,8,43666,1.354811
4,375,96,43666,22.695743
4,376,560,43666,121.539320
4,377,22,43666,3.283880
4,378,809,43666,306.492242
4,379,182,43666,66.846435
4,380,33,43666,8.056038
4,381,6,43666,1.301695
4,382,565,43666,182.376060
4,383,593,43666,125.533482
5,0,35,43666,6.964066
5,1,244,43666,76.491398
5,2,288,43666,74.191695
5,3,1,43666,0.242558
5,4,160,43666,35.770384
5,5,873,43666,204.535311
5,6,75,43666,16.917858
5,7,389,43666,100.292692
5,8,1709,43666,402.061552
5,9,93,43666,19.898010
5,10,40,43666,9.140064
5,11,90,43666,19.033630
5,12,4,43666,0.919838
5,13,220,43666,40.468169
5,14,1,43666,0.213786
5,15,735,43666,154.747281
5,16,150,43666,27.906882
5,17,1,43666,0.206577
5,18,26,43666,6.049601
5,19,1425,43666,374.146956
5,20,30,43666,6.469679
5,21,222,43666,53.415016
5,22,2,43666,0.470590
5,23,41,43666,6.351458
5,24,0,43666,0.000000
5,25,109,43666,25.421553
5,26,495,43666,129.035772
5,27,0,43666,0.000000
5,28,39,43666,6.320817
5,29,658,43666,158.339619
5,30,25,43666,4.325407
5,31,1997,43666,465.333965
5,32,266,43666,66.223319
5,33,191,43666,45.833557
5,34,2690,43666,645.426721
5,35,1076,43666,250.730092
5,36,1707,43666,440.183104
5,37,6494,43666,1594.710527
5,38,155,43666,28.841613
5,39,616,43666,159.901028
5,40,2863,43666,697.487897
5,41,82,43666,18.439646
5,42,1310,43666,336.698698
5,43,36,43666,7.207484
5,44,355,43666,82.606481
5,45,234,43666,58.306401
5,46,330,43666,110.164495
5,47,212,43666,44.597751
5,48,1584,43666,364.817300
5,49,67,43666,15.386788
5,50,240,43666,55.988066
5,51,736,43666,155.777132
5,52,273,43666,57.030031
5,53,2431,43666,633.235141
5,54,416,43666,115.166863
5,55,267,43666,56.834885
5,56,14,43666,2.360895
5,57,933,43666,204.553924
5,58,656,43666,165.021799
5,59,0,43666,0.000000
5,60,6356,43666,1510.785998
5,61,178,43666,43.871510
5,62,10,43666,2.106124
5,63,403,43666,85.848109
5,64,0,43666,0.000000
5,65,52,43666,11.617360
5,66,563,43666,130.056832
5,67,185,43666,35.582357
5,68,249,43666,80.709372
5,69,1990,43666,550.886479
5,70,9,43666,2.052605
5,71,44,43666,10.233271
5,72,62,43666,13.227839
5,73,3,43666,0.736972
5,74,548,43666,122.783137
5,75,0,43666,0.000000
5,76,54,43666,12.336241
5,77,4,43666,0.897310
5,78,166,43666,33.190200
5,79,2666,43666,816.581307
5,80,974,43666,217.814251
5,81,7099,43666,1969.380213
5,82,606,43666,164.743630
5,83,67,43666,16.286505
5,84,1318,43666,300.593899
5,85,70,43666,16.356905
5,86,5,43666,1.104007
5,87,3055,43666,911.771826
5,88,35,43666,6.759038
5,89,5,43666,1.105677
5,90,1444,43666,347.417982
5,91,0,43666,0.000000
5,92,18,43666,4.399329
5,93,1588,43666,445.054957
5,94,258,43666,65.032393
5,95,148,43666,46.926940
5,96,266,43666,51.056964
5,97,412,43666,85.859385
5,98,594,43666,133.877552
5,99,415,43666,102.687947
5,100,177,43666,67.947606
5,101,11,43666,2.323743
5,102,123,43666,25.557558
5,103,31,43666,6.087949
5,104,134,43666,25.698507
5,105,240,43666,52.880198
5,106,86,43666,18.785346
5,107,519,43666,119.097675
5,108,5,43666,1.133102
5,109,5934,43666,1587.286561
5,110,41,43666,7.753164
5,111,87,43666,17.553022
5,112,10874,43666,2909.854908
5,113,570,43666,107.304750
5,114,7,43666,1.136613
5,115,72,43666,17.061762
5,116,80,43666,17.701338
5,117,1166,43666,331.888797
5,118,7,43666,1.237806
5,119,101,43666,21.977941
5,120,96,43666,21.628600
5,121,84,43666,18.521448
5,122,2196,43666,535.171000
5,123,2,43666,0.438856
5,124,363,43666,82.072997
5,125,94,43666,29.604027
5,126,0,43666,0.000000
5,127,307,43666,69.935129
5,128,299,43666,63.645654
5,129,2,43666,0.425820
5,130,8,43666,2.094719
5,131,207,43666,47.764712
5,132,1182,43666,254.191437
5,133,681,43666,157.816141
5,134,1146,43666,260.934570
5,135,48,43666,7.597447
5,136,4269,43666,1015.819856
5,137,1422,43666,379.605789
5,138,74,43666,15.221184
5,139,22,43666,6.878996
5,140,3,43666,0.724149
5,141,777,43666,231.960006
5,142,3,43666,0.507296
5,143,569,43666,145.313045
5,144,60,43666,13.034611
5,145,215,43666,44.869767
5,146,778,43666,177.590565
5,147,291,43666,63.289692
5,148,1,43666,0.218356
5,149,2154,43666,582.854047
5,150,53,43666,6.998684
5,151,31,43666,6.524101
5,152,393,43666,92.393295
5,153,998,43666,208.540780
5,154,195,43666,66.445327
5,155,237,43666,52.645321
5,156,277,43666,77.414238
5,157,9,43666,3.146654
5,158,107,43666,22.733546
5,159,164,43666,42.379866
5,160,2107,43666,508.911250
5,161,59,43666,13.243371
5,162,57,43666,10.704963
5,163,2320,43666,533.504933
5,164,1103,43666,268.816094
5,165,215,43666,44.500424
5,166,0,43666,0.000000
5,167,351,43666,108.683125
5,168,276,43666,66.857040
5,169,277,43666,60.478627
5,170,342,43666,69.935515
5,171,83,43666,19.202704
5,172,20,43666,4.401123
5,173,9,43666,1.799712
5,174,263,43666,60.929424
5,175,1646,43666,372.998823
5,176,386,43666,78.249526
5,177,114,43666,32.161686
5,178,0,43666,0.000000
5,179,870,43666,184.282327
5,180,99,43666,18.256606
5,181,695,43666,154.522927
5,182,762,43666,188.952086
5,183,8,43666,1.695894
5,184,44,43666,8.166896
5,185,369,43666,104.690660
5,186,359,43666,77.450585
5,187,76,43666,16.609863
5,188,73,43666,16.280594
5,189,0,43666,0.000000
5,190,306,43666,69.670388
5,191,267,43666,52.564625
5,192,161,43666,33.870068
5,193,126,43666,38.551597
5,194,656,43666,166.516720
5,195,252,43666,50.752291
5,196,21,43666,4.408586
5,197,325,43666,73.239486
5,198,2284,43666,635.861761
5,199,1,43666,0.191002
5,200,220,43666,46.921151
5,201,121,43666,21.029550
5,202,196,43666,42.045400
5,203,1176,43666,273.691312
5,204,835,43666,216.116231
5,205,33,43666,6.919133
5,206,105,43666,25.107282
5,207,8,43666,2.003587
5,208,385,43666,86.486309
5,209,157,43666,36.754181
5,210,42,43666,7.620586
5,211,722,43666,164.299680
5,212,86,43666,20.262124
5,213,19,43666,3.893571
5,214,1113,43666,262.875072
5,215,376,43666,119.303438
5,216,1594,43666,442.684518
5,217,186,43666,37.197485
5,218,540,43666,123.661252
5,219,945,43666,275.632523
5,220,171,43666,39.095654
5,221,878,43666,244.669934
5,222,298,43666,63.700372
5,223,180,43666,35.064058
5,224,530,43666,159.974818
5,225,955,43666,299.313503
5,226,1200,43666,310.826666
5,227,32,43666,7.500839
5,228,941,43666,363.180863
5,229,3813,43666,931.194761
5,230,915,43666,228.404253
5,231,482,43666,124.458960
5,232,3879,43666,982.418908
5,233,17,43666,2.733908
5,234,225,43666,54.746730
5,235,6337,43666,1565.081133
5,236,40,43666,7.082138
5,237,2390,43666,564.219874
5,238,304,43666,53.052545
5,239,75,43666,17.894613
5,240,411,43666,91.324043
5,241,68,43666,15.791366
5,242,3,43666,0.700629
5,243,468,43666,100.858481
5,244,45,43666,9.899545
5,245,147,43666,28.378639
5,246,214,43666,50.893083
5,247,563,43666,124.252810
5,248,1004,43666,227.279259
5,249,4,43666,0.775966
5,250,792,43666,193.918562
5,251,631,43666,197.596726
5,252,239,43666,51.543190
5,253,12,43666,2.355297
5,254,3046,43666,683.146880
5,255,377,43666,83.149335
5,256,473,43666,108.993241
5,257,147,43666,26.913425
5,258,60,43666,14.369766
5,259,1264,43666,253.875432
5,260,316,43666,69.639259
5,261,178,43666,38.943552
5,262,36,43666,8.062264
5,263,337,43666,77.698870
5,264,1505,43666,383.109867
5,265,7,43666,1.449314
5,266,0,43666,0.000000
5,267,26,43666,5.963983
5,268,1,43666,0.214909
5,269,124,43666,21.103723
5,270,80,43666,15.484325
5,271,71,43666,15.333969
5,272,125,43666,23.711785
5,273,13215,43666,3451.227911
5,274,2,43666,0.390142
5,275,1005,43666,226.753821
5,276,1370,43666,322.681469
5,277,9,43666,1.801797
5,278,137,43666,23.331392
5,279,12,43666,1.860103
5,280,89,43666,18.687498
5,281,134,43666,22.635924
5,282,435,43666,98.512455
5,283,41,43666,7.689143
5,284,313,43666,74.325418
5,285,821,43666,251.738892
5,286,23,43666,5.273972
5,287,0,43666,0.000000
5,288,15,43666,3.639889
5,289,7,43666,1.267519
5,290,27,43666,5.954048
5,291,589,43666,150.844557
5,292,106,43666,22.561346
5,293,4473,43666,1202.963274
5,294,59,43666,12.577360
5,295,660,43666,134.556636
5,296,1,43666,0.194202
5,297,1,43666,0.189889
5,298,76,43666,17.492752
5,299,124,43666,27.974409
5,300,28,43666,6.586017
5,301,482,43666,103.992615
5,302,1373,43666,341.515394
5,303,1101,43666,259.591332
5,304,9532,43666,2558.589704
5,305,947,43666,255.503524
5,306,804,43666,241.100805
5,307,186,43666,40.115379
5,308,23,43666,5.262986
5,309,123,43666,29.200264
5,310,93,43666,39.084599
5,311,812,43666,172.430775
5,312,993,43666,204.671774
5,313,2706,43666,616.126145
5,314,2226,43666,534.650131
5,315,920,43666,200.375317
5,316,152,43666,37.583053
5,317,564,43666,133.275383
5,318,40,43666,8.879851
5,319,79,43666,20.344161
5,320,134,43666,31.211021
5,321,11,43666,2.398226
5,322,652,43666,184.595551
5,323,0,43666,0.000000
5,324,2523,43666,608.642484
5,325,14,43666,2.821041
5,326,1804,43666,413.232076
5,327,245,43666,48.225065
5,328,99,43666,20.988370
5,329,505,43666,150.574306
5,330,0,43666,0.000000
5,331,188,43666,40.354704
5,332,61,43666,11.721671
5,333,1932,43666,442.069146
5,334,7,43666,1.406028
5,335,162,43666,35.721154
5,336,0,43666,0.000000
5,337,499,43666,128.813118
5,338,1094,43666,349.892603
5,339,1559,43666,370.538109
5,340,27,43666,5.152473
5,341,995,43666,215.372715
5,342,667,43666,178.075710
5,343,1,43666,0.204436
5,344,208,43666,50.371925
5,345,52,43666,12.107455
5,346,44,43666,9.957129
5,347,88,43666,18.834935
5,348,1,43666,0.187512
5,349,464,43666,95.861802
5,350,1504,43666,374.712553
5,351,10,43666,2.373218
5,352,1993,43666,489.840743
5,353,673,43666,142.671269
5,354,612,43666,136.299469
5,355,571,43666,127.751796
5,356,4,43666,0.750421
5,357,189,43666,41.503504
5,358,195,43666,58.617620
5,359,60,43666,12.558659
5,360,88,43666,18.422150
5,361,5904,43666,1549.769653
5,362,61,43666,12.372720
5,363,396,43666,99.309051
5,364,5,43666,0.795428
5,365,360,43666,95.966493
5,366,170,43666,33.939517
5,367,92,43666,14.673760
5,368,77,43666,17.286386
5,369,298,43666,60.028296
5,370,0,43666,0.000000
5,371,10,43666,1.840280
5,372,436,43666,98.119679
5,373,139,43666,31.504942
5,374,779,43666,257.342055
5,375,2,43666,0.419154
5,376,1826,43666,409.780069
5,377,97,43666,18.501492
5,378,236,43666,41.127108
5,379,9775,43666,2546.791578
5,380,1124,43666,247.463427
5,381,8,43666,1.621245
5,382,74,43666,13.791887
5,383,2175,43666,527.788775
6,0,327,43666,66.853324
6,1,731,43666,154.319471
6,2,106,43666,18.322595
6,3,20,43666,4.322625
6,4,7,43666,1.016684
6,5,2654,43666,689.994694
6,6,0,43666,0.000000
6,7,26,43666,5.174415
6,8,182,43666,38.287489
6,9,1,43666,0.191014
6,10,89,43666,15.418646
6,11,17,43666,3.857292
6,12,110,43666,32.609955
6,13,118,43666,25.790860
6,14,4,43666,0.937221
6,15,2632,43666,623.958795
6,16,2,43666,0.414336
6,17,7158,43666,1883.369490
6,18,42,43666,9.580155
6,19,48,43666,7.289457
6,20,2095,43666,413.065857
6,21,293,43666,59.697838
6,22,274,43666,77.154113
6,23,547,43666,106.357088
6,24,1680,43666,385.526908
6,25,516,43666,95.751087
6,26,512,43666,111.020900
6,27,285,43666,63.761052
6,28,33,43666,6.774886
6,29,156,43666,33.392646
6,30,0,43666,0.000000
6,31,1395,43666,311.440874
6,32,108,43666,25.030776
6,33,444,43666,140.837843
6,34,167,43666,34.450526
6,35,1304,43666,270.928225
6,36,2249,43666,476.808346
6,37,260,43666,51.964583
6,38,395,43666,93.115933
6,39,1857,43666,361.737687
6,40,637,43666,127.409748
6,41,5,43666,0.989368
6,42,22,43666,4.179548
6,43,0,43666,0.000000
6,44,209,43666,73.787727
6,45,121,43666,23.544290
6,46,46,43666,11.567374
6,47,56,43666,8.312066
6,48,397,43666,68.548503
6,49,22,43666,4.381412
6,50,612,43666,126.808748
6,51,602,43666,132.082377
6,52,186,43666,38.906856
6,53,9,43666,2.609398
6,54,16,43666,3.272208
6,55,239,43666,52.921253
6,56,73,43666,12.887139
6,57,15,43666,3.085321
6,58,163,43666,36.175415
6,59,1083,43666,277.944256
6,60,21,43666,4.927832
6,61,126,43666,23.362803
6,62,34,43666,4.668320
6,63,161,43666,31.460819
6,64,17,43666,3.757686
6,65,159,43666,36.300017
6,66,267,43666,58.632396
6,67,30,43666,7.146133
6,68,4,43666,0.873127
6,69,13,43666,2.587880
6,70,11,43666,1.988248
6,71,13,43666,2.660243
6,72,28,43666,5.506930
6,73,398,43666,88.576218
6,74,1,43666,0.257836
6,75,171,43666,33.287618
6,76,3,43666,0.562953
6,77,2,43666,0.350456
6,78,47,43666,9.736427
6,79,35,43666,6.936820
6,80,4,43666,0.724123
6,81,623,43666,166.581677
6,82,117,43666,22.526641
6,83,249,43666,50.083870
6,84,2,43666,0.543693
6,85,252,43666,47.743535
6,86,153,43666,30.620625
6,87,1,43666,0.247696
6,88,0,43666,0.000000
6,89,340,43666,75.602407
6,90,196,43666,65.966774
6,91,84,43666,18.921552
6,92,99,43666,25.148459
6,93,314,43666,63.699951
6,94,199,43666,36.041513
6,95,0,43666,0.000000
6,96,40,43666,7.694076
6,97,0,43666,0.000000
6,98,188,43666,41.549168
6,99,187,43666,51.178239
6,100,576,43666,119.167417
6,101,800,43666,159.894988
6,102,540,43666,109.498283
6,103,609,43666,132.024419
6,104,2066,43666,594.565025
6,105,119,43666,25.420572
6,106,49,43666,9.628382
6,107,138,43666,30.056554
6,108,87,43666,19.080318
6,109,127,43666,25.722317
6,110,454,43666,142.145037
6,111,82,43666,18.195954
6,112,277,43666,76.679899
6,113,1,43666,0.236236
6,114,49,43666,9.638753
6,115,70,43666,11.238634
6,116,320,43666,92.472505
6,117,558,43666,125.651503
6,118,46,43666,11.110739
6,119,33,43666,5.963377
6,120,15302,43666,5163.821354
6,121,75,43666,13.540041
6,122,853,43666,173.985020
6,123,1,43666,0.272716
6,124,72,43666,18.721446
6,125,202,43666,37.708993
6,126,19,43666,3.072801
6,127,6,43666,1.024210
6,128,1628,43666,342.770872
6,129,2361,43666,608.083814
6,130,0,43666,0.000000
6,131,104,43666,21.718165
6,132,401,43666,105.632850
6,133,19,43666,3.978016
6,134,98,43666,20.291393
6,135,4,43666,0.884860
6,136,0,43666,0.000000
6,137,5,43666,1.160067
6,138,3,43666,0.536272
6,139,342,43666,61.300830
6,140,7115,43666,1800.478547
6,141,268,43666,58.041465
6,142,7,43666,1.281811
6,143,10,43666,2.124689
6,144,6,43666,1.384819
6,145,127,43666,25.779369
6,146,471,43666,123.617065
6,147,379,43666,89.574474
6,148,945,43666,208.610668
6,149,67,43666,14.997568
6,150,82,43666,19.775152
6,151,1183,43666,256.175550
6,152,285,43666,67.123012
6,153,771,43666,166.352272
6,154,2808,43666,703.992070
6,155,205,43666,44.524378
6,156,1,43666,0.159657
6,157,0,43666,0.000000
6,158,4284,43666,1006.356174
6,159,0,43666,0.000000
6,160,84,43666,16.491016
6,161,3,43666,0.637054
6,162,61,43666,13.217682
6,163,10,43666,2.328471
6,164,8,43666,1.701326
6,165,72,43666,14.215565
6,166,628,43666,166.640227
6,167,543,43666,155.252569
6,168,0,43666,0.000000
6,169,34,43666,7.475202
6,170,0,43666,0.000000
6,171,522,43666,112.611138
6,172,110,43666,20.811380
6,173,121,43666,22.189431
6,174,1497,43666,364.373764
6,175,258,43666,63.291254
6,176,282,43666,57.728340
6,177,93,43666,19.440780
6,178,86,43666,20.136253
6,179,0,43666,0.000000
6,180,1019,43666,208.474107
6,181,810,43666,187.557963
6,182,9,43666,1.555431
6,183,55,43666,14.832603
6,184,266,43666,74.833212
6,185,9397,43666,1940.968311
6,186,2,43666,0.396253
6,187,0,43666,0.000000
6,188,26,43666,5.957300
6,189,248,43666,58.224668
6,190,245,43666,48.557192
6,191,8,43666,1.732070
6,192,380,43666,117.663863
6,193,124,43666,23.586136
6,194,24,43666,5.545615
6,195,925,43666,197.443002
6,196,640,43666,141.332233
6,197,24,43666,5.236407
6,198,0,43666,0.000000
6,199,20,43666,4.277897
6,200,7965,43666,2704.411796
6,201,430,43666,106.806477
6,202,2750,43666,620.751645
6,203,220,43666,49.846348
6,204,186,43666,33.412857
6,205,1654,43666,334.377796
6,206,2521,43666,695.668584
6,207,437,43666,78.568553
6,208,57,43666,12.231142
6,209,635,43666,136.006258
6,210,627,43666,127.616662
6,211,189,43666,39.234697
6,212,2237,43666,485.864544
6,213,17,43666,3.277278
6,214,238,43666,57.316889
6,215,133,43666,26.655733
6,216,1902,43666,429.234947
6,217,2906,43666,573.876066
6,218,5,43666,0.826740
6,219,659,43666,126.135995
6,220,378,43666,76.645970
6,221,77,43666,15.035109
6,222,2,43666,0.456459
6,223,7,43666,1.448254
6,224,554,43666,136.177925
6,225,2130,43666,467.099596
6,226,14,43666,3.098845
6,227,2150,43666,578.553128
6,228,19,43666,3.461960
6,229,1421,43666,277.368456
6,230,80,43666,18.300374
6,231,10,43666,1.858572
6,232,0,43666,0.000000
6,233,53,43666,14.434729
6,234,65,43666,10.645287
6,235,278,43666,55.355241
6,236,0,43666,0.000000
6,237,17,43666,2.675986
6,238,0,43666,0.000000
6,239,0,43666,0.000000
6,240,6,43666,1.267424
6,241,62,43666,12.354776
6,242,27,43666,7.560479
6,243,7720,43666,2280.570788
6,244,869,43666,219.684757
6,245,1304,43666,291.318234
6,246,204,43666,42.166360
6,247,33,43666,6.145617
6,248,0,43666,0.000000
6,249,241,43666,51.578843
6,250,53,43666,11.675638
6,251,3460,43666,894.183855
6,252,48,43666,10.612220
6,253,13,43666,2.234095
6,254,518,43666,137.204420
6,255,1027,43666,196.310181
6,256,353,43666,71.957425
6,257,1252,43666,292.794057
6,258,148,43666,37.182268
6,259,85,43666,15.691548
6,260,157,43666,32.559471
6,261,50,43666,11.675435
6,262,3310,43666,694.041529
6,263,5,43666,1.305674
6,264,178,43666,38.290579
6,265,46,43666,9.679614
6,266,14,43666,2.551592
6,267,136,43666,29.962968
6,268,16,43666,3.579980
6,269,0,43666,0.000000
6,270,17,43666,3.178742
6,271,3,43666,0.723271
6,272,11825,43666,2736.871010
6,273,321,43666,108.064962
6,274,90,43666,19.924953
6,275,2733,43666,713.732726
6,276,100,43666,20.344203
6,277,2,43666,0.497817
6,278,296,43666,60.743573
6,279,7,43666,1.291506
6,280,901,43666,258.941291
6,281,531,43666,100.567889
6,282,1766,43666,473.059364
6,283,477,43666,136.593667
6,284,133,43666,29.592454
6,285,1,43666,0.264660
6,286,96,43666,16.790045
6,287,1024,43666,201.158534
6,288,26,43666,5.853017
6,289,13,43666,2.069229
6,290,174,43666,38.706069
6,291,0,43666,0.000000
6,292,1123,43666,240.899422
6,293,0,43666,0.000000
6,294,52,43666,9.573327
6,295,73,43666,13.238668
6,296,0,43666,0.000000
6,297,35,43666,7.582087
6,298,1241,43666,242.532451
6,299,4,43666,1.252124
6,300,124,43666,24.476665
6,301,273,43666,69.401459
6,302,218,43666,82.001349
6,303,242,43666,62.136834
6,304,112,43666,21.713563
6,305,40,43666,8.675741
6,306,141,43666,33.076804
6,307,51,43666,10.527371
6,308,18,43666,3.907177
6,309,9260,43666,2337.114693
6,310,280,43666,61.077407
6,311,550,43666,137.688380
6,312,145,43666,34.829618
6,313,0,43666,0.000000
6,314,106,43666,20.573158
6,315,104,43666,31.226637
6,316,8,43666,1.642370
6,317,544,43666,141.101183
6,318,274,43666,55.760056
6,319,934,43666,205.691886
6,320,13,43666,2.810711
6,321,18,43666,3.650144
6,322,14,43666,2.947468
6,323,444,43666,90.367685
6,324,54,43666,11.407272
6,325,3,43666,0.526575
6,326,525,43666,109.728583
6,327,411,43666,80.881198
6,328,1295,43666,367.169744
6,329,0,43666,0.000000
6,330,54,43666,11.593456
6,331,1079,43666,223.319479
6,332,380,43666,109.347949
6,333,422,43666,110.258512
6,334,0,43666,0.000000
6,335,47,43666,8.627214
6,336,0,43666,0.000000
6,337,218,43666,65.607244
6,338,2,43666,0.447922
6,339,3066,43666,629.960528
6,340,63,43666,14.516634
6,341,75,43666,18.752825
6,342,671,43666,144.574556
6,343,408,43666,113.831114
6,344,0,43666,0.000000
6,345,315,43666,58.024028
6,346,75,43666,16.286432
6,347,106,43666,20.758899
6,348,312,43666,60.296927
6,349,825,43666,199.050897
6,350,166,43666,34.449285
6,351,3539,43666,835.910669
6,352,25,43666,4.402288
6,353,779,43666,157.588072
6,354,622,43666,135.433672
6,355,0,43666,0.000000
6,356,193,43666,43.748215
6,357,97,43666,20.139847
6,358,409,43666,115.760228
6,359,46,43666,12.789936
6,360,23885,43666,6743.697935
6,361,2781,43666,895.413729
6,362,0,43666,0.000000
6,363,539,43666,113.084727
6,364,975,43666,221.267674
6,365,56,43666,11.722961
6,366,0,43666,0.000000
6,367,243,43666,50.067883
6,368,4127,43666,1316.734905
6,369,68,43666,13.827257
6,370,499,43666,130.896560
6,371,8962,43666,2094.813146
6,372,690,43666,205.275375
6,373,1065,43666,232.936682
6,374,22,43666,4.290744
6,375,3,43666,0.693961
6,376,154,43666,33.755664
6,377,101,43666,26.233139
6,378,1626,43666,392.828449
6,379,199,43666,42.092224
6,380,63,43666,11.238283
6,381,84,43666,17.397058
6,382,131,43666,25.758714
6,383,4016,43666,860.108322
7,0,569,43666,142.497353
7,1,2,43666,0.241940
7,2,100,43666,22.015387
7,3,227,43666,39.763654
7,4,154,43666,31.342085
7,5,32,43666,3.766294
7,6,126,43666,25.536688
7,7,605,43666,109.967002
7,8,7,43666,1.485947
7,9,36,43666,7.679064
7,10,578,43666,142.988076
7,11,61,43666,14.908388
7,12,590,43666,235.653949
7,13,2050,43666,492.419532
7,14,92,43666,16.195124
7,15,0,43666,0.000000
7,16,1462,43666,289.196148
7,17,111,43666,19.903040
7,18,17,43666,2.894000
7,19,199,43666,52.659375
7,20,216,43666,48.320654
7,21,695,43666,188.926333
7,22,3,43666,0.447756
7,23,2499,43666,435.722173
7,24,10,43666,1.992408
7,25,23,43666,4.967690
7,26,73,43666,15.489921
7,27,184,43666,34.909860
7,28,4,43666,0.763741
7,29,451,43666,115.818417
7,30,3343,43666,940.090909
7,31,138,43666,32.610719
7,32,2636,43666,804.298287
7,33,648,43666,125.117504
7,34,420,43666,85.730302
7,35,349,43666,72.973334
7,36,99,43666,17.511601
7,37,56,43666,10.256760
7,38,52,43666,12.073493
7,39,495,43666,111.705830
7,40,2498,43666,441.720476
7,41,1799,43666,364.193408
7,42,16,43666,3.232269
7,43,160,43666,28.009064
7,44,3044,43666,621.460547
7,45,12,43666,2.560757
7,46,46,43666,6.379333
7,47,1,43666,0.221860
7,48,680,43666,124.171289
7,49,804,43666,160.730066
7,50,69,43666,13.654591
7,51,4691,43666,944.697729
7,52,5,43666,0.846842
7,53,498,43666,103.582300
7,54,197,43666,34.590252
7,55,149,43666,36.311711
7,56,7,43666,1.230741
7,57,17,43666,2.815442
7,58,2193,43666,774.651627
7,59,12,43666,2.398196
7,60,32,43666,5.379537
7,61,3,43666,0.828140
7,62,915,43666,216.718360
7,63,680,43666,215.036688
7,64,0,43666,0.000000
7,65,361,43666,93.316037
7,66,390,43666,71.316649
7,67,16,43666,3.130160
7,68,33,43666,5.387154
7,69,623,43666,185.806213
7,70,0,43666,0.000000
7,71,149,43666,24.391986
7,72,144,43666,34.456479
7,73,4425,43666,1161.189434
7,74,0,43666,0.000000
7,75,622,43666,186.614961
7,76,160,43666,35.002081
7,77,323,43666,58.446894
7,78,63,43666,16.764793
7,79,26,43666,5.751622
7,80,68,43666,14.158345
7,81,377,43666,126.920230
7,82,1,43666,0.173150
7,83,29,43666,6.821048
7,84,10002,43666,2168.532167
7,85,582,43666,100.739461
7,86,453,43666,85.650463
7,87,1,43666,0.210976
7,88,300,43666,57.204466
7,89,312,43666,61.687902
7,90,1410,43666,344.546144
7,91,0,43666,0.000000
7,92,29,43666,5.325062
7,93,383,43666,80.859683
7,94,657,43666,180.958025
7,95,104,43666,17.062547
7,96,74,43666,15.714162
7,97,3,43666,0.440879
7,98,477,43666,151.302985
7,99,34,43666,7.171173
7,100,154,43666,36.136780
7,101,384,43666,76.678782
7,102,2463,43666,508.480328
7,103,167,43666,29.722632
7,104,0,43666,0.000000
7,105,3,43666,0.636372
7,106,25,43666,5.958921
7,107,162,43666,38.764443
7,108,2,43666,0.418738
7,109,25,43666,4.398990
7,110,521,43666,109.574372
7,111,606,43666,173.529643
7,112,236,43666,76.813122
7,113,3,43666,0.511579
7,114,237,43666,60.290880
7,115,821,43666,227.844303
7,116,41,43666,6.941271
7,117,152,43666,28.699055
7,118,3052,43666,755.689177
7,119,442,43666,74.225723
7,120,15,43666,2.523152
7,121,5,43666,0.944343
7,122,1348,43666,301.481235
7,123,1531,43666,476.099781
7,124,208,43666,50.508375
7,125,1153,43666,224.450931
7,126,176,43666,36.493226
7,127,754,43666,134.251883
7,128,133,43666,32.779712
7,129,183,43666,33.729587
7,130,151,43666,27.595427
7,131,1618,43666,422.639616
7,132,60,43666,13.357592
7,133,0,43666,0.000000
7,134,1,43666,0.181566
7,135,3,43666,0.529198
7,136,306,43666,50.302199
7,137,474,43666,99.611493
7,138,145,43666,29.226112
7,139,93,43666,23.965547
7,140,226,43666,61.892286
7,141,142,43666,24.070865
7,142,145,43666,28.944659
7,143,347,43666,85.989268
7,144,2546,43666,616.903034
7,145,19,43666,3.029551
7,146,345,43666,63.817561
7,147,148,43666,28.720925
7,148,1496,43666,372.855881
7,149,91,43666,16.974451
7,150,357,43666,76.701130
7,151,98,43666,21.112204
7,152,504,43666,108.285217
7,153,270,43666,48.534176
7,154,378,43666,77.922694
7,155,121,43666,26.624210
7,156,177,43666,33.653242
7,157,3067,43666,600.812576
7,158,4033,43666,887.021361
7,159,5,43666,0.635522
7,160,142,43666,28.284604
7,161,40,43666,7.421340
7,162,3140,43666,519.918110
7,163,101,43666,17.895951
7,164,463,43666,101.046144
7,165,36,43666,6.408220
7,166,3,43666,0.601923
7,167,3027,43666,735.077108
7,168,500,43666,101.767705
7,169,98,43666,24.853648
7,170,8,43666,1.386199
7,171,1277,43666,322.157246
7,172,30,43666,7.430603
7,173,447,43666,93.525674
7,174,1,43666,0.220781
7,175,106,43666,19.067629
7,176,130,43666,37.882288
7,177,79,43666,15.499270
7,178,0,43666,0.000000
7,179,227,43666,51.732678
7,180,1376,43666,288.916576
7,181,241,43666,64.276048
7,182,65,43666,12.472038
7,183,83,43666,18.310451
7,184,40,43666,6.924176
7,185,136,43666,26.928495
7,186,4,43666,0.615515
7,187,200,43666,43.951155
7,188,10,43666,2.504540
7,189,2801,43666,499.911546
7,190,154,43666,25.885100
7,191,171,43666,33.992693
7,192,4,43666,0.619014
7,193,478,43666,97.726811
7,194,133,43666,21.743946
7,195,4,43666,0.825383
7,196,142,43666,22.985273
7,197,46,43666,9.372678
7,198,4968,43666,883.070740
7,199,89,43666,18.549070
7,200,763,43666,217.201603
7,201,5202,43666,1379.401643
7,202,209,43666,43.342772
7,203,139,43666,26.841687
7,204,335,43666,74.942033
7,205,0,43666,0.000000
7,206,905,43666,194.636548
7,207,32964,43666,12625.497674
7,208,655,43666,137.598609
7,209,34,43666,5.506037
7,210,318,43666,52.061498
7,211,62,43666,7.575481
7,212,1091,43666,202.613385
7,213,49,43666,11.781475
7,214,6,43666,1.119657
7,215,1877,43666,464.980157
7,216,8,43666,1.410301
7,217,1377,43666,257.005752
7,218,106,43666,18.845483
7,219,0,43666,0.000000
7,220,263,43666,48.795912
7,221,200,43666,40.183482
7,222,40,43666,8.530212
7,223,6,43666,0.988241
7,224,0,43666,0.000000
7,225,545,43666,108.106853
7,226,182,43666,31.826285
7,227,0,43666,0.000000
7,228,222,43666,46.728780
7,229,193,43666,56.884610
7,230,0,43666,0.000000
7,231,0,43666,0.000000
7,232,56,43666,7.923384
7,233,623,43666,116.395785
7,234,305,43666,66.447176
7,235,935,43666,253.317479
7,236,290,43666,62.119921
7,237,0,43666,0.000000
7,238,135,43666,25.431953
7,239,34,43666,5.910093
7,240,1668,43666,337.794506
7,241,276,43666,76.598478
7,242,41,43666,7.139243
7,243,406,43666,76.627871
7,244,52,43666,9.179762
7,245,16945,43666,4147.549580
7,246,608,43666,106.429520
7,247,197,43666,38.141832
7,248,4342,43666,1011.525183
7,249,525,43666,112.274848
7,250,1021,43666,231.627683
7,251,9,43666,1.503953
7,252,68,43666,13.647704
7,253,405,43666,79.000010
7,254,179,43666,27.749970
7,255,1114,43666,221.870110
7,256,114,43666,20.657881
7,257,56,43666,10.867167
7,258,318,43666,60.144697
7,259,5,43666,0.889395
7,260,11,43666,2.439837
7,261,0,43666,0.000000
7,262,95,43666,17.354598
7,263,1094,43666,267.315686
7,264,5,43666,0.849236
7,265,181,43666,44.678612
7,266,332,43666,81.108123
7,267,56,43666,9.618330
7,268,518,43666,101.221253
7,269,62,43666,8.975948
7,270,4,43666,0.759588
7,271,45,43666,9.318648
7,272,208,43666,64.688025
7,273,26,43666,6.279806
7,274,13,43666,1.794271
7,275,986,43666,216.671478
7,276,6,43666,0.811758
7,277,1,43666,0.167466
7,278,2921,43666,646.951295
7,279,90,43666,12.912919
7,280,62,43666,11.752956
7,281,40,43666,6.002969
7,282,13,43666,2.599002
7,283,4642,43666,1544.314252
7,284,39,43666,7.431880
7,285,93,43666,23.974141
7,286,1,43666,0.121570
7,287,2854,43666,734.743187
7,288,1,43666,0.229647
7,289,0,43666,0.000000
7,290,92,43666,19.431063
7,291,946,43666,237.831239
7,292,4,43666,0.812863
7,293,132,43666,22.123456
7,294,45,43666,13.196322
7,295,747,43666,219.274507
7,296,388,43666,93.649379
7,297,10,43666,2.188614
7,298,495,43666,117.152461
7,299,71,43666,10.761009
7,300,0,43666,0.000000
7,301,0,43666,0.000000
7,302,3370,43666,698.043542
7,303,109,43666,16.959791
7,304,0,43666,0.000000
7,305,334,43666,71.094638
7,306,630,43666,153.973466
7,307,2,43666,0.368970
7,308,81,43666,14.981910
7,309,4256,43666,864.551001
7,310,976,43666,212.817273
7,311,928,43666,197.866919
7,312,160,43666,34.648099
7,313,1137,43666,235.306881
7,314,143,43666,20.599004
7,315,16,43666,1.299613
7,316,4,43666,0.812522
7,317,753,43666,203.118543
7,318,1,43666,0.177556
7,319,1123,43666,195.803365
7,320,421,43666,108.073800
7,321,16,43666,2.961988
7,322,285,43666,61.454917
7,323,67,43666,16.652647
7,324,25,43666,5.481630
7,325,1625,43666,388.402444
7,326,196,43666,41.692621
7,327,0,43666,0.000000
7,328,377,43666,92.728833
7,329,173,43666,39.210915
7,330,0,43666,0.000000
7,331,648,43666,124.580509
7,332,2271,43666,359.881981
7,333,60,43666,10.855670
7,334,0,43666,0.000000
7,335,138,43666,37.449233
7,336,135,43666,22.456879
7,337,3,43666,0.635754
7,338,76,43666,13.152752
7,339,9,43666,1.806269
7,340,71,43666,13.406189
7,341,484,43666,86.833260
7,342,39,43666,6.593421
7,343,77,43666,16.153529
7,344,36,43666,4.934404
7,345,34,43666,8.751084
7,346,1,43666,0.110149
7,347,174,43666,30.084955
7,348,2950,43666,732.109019
7,349,51,43666,10.788535
7,350,212,43666,46.168856
7,351,172,43666,29.399733
7,352,395,43666,66.426602
7,353,1246,43666,345.063944
7,354,921,43666,223.925297
7,355,109,43666,19.298898
7,356,3,43666,0.601474
7,357,17697,43666,4627.946528
7,358,139,43666,35.798658
7,359,13,43666,1.962653
7,360,35,43666,7.560116
7,361,34,43666,6.937798
7,362,11,43666,3.393647
7,363,1,43666,0.218328
7,364,63,43666,10.057174
7,365,22,43666,3.752477
7,366,4817,43666,1121.742281
7,367,2,43666,0.411481
7,368,0,43666,0.000000
7,369,0,43666,0.000000
7,370,158,43666,30.181876
7,371,1,43666,0.173030
7,372,109,43666,20.066465
7,373,0,43666,0.000000
7,374,166,43666,28.513506
7,375,61,43666,11.164993
7,376,2,43666,0.370765
7,377,298,43666,65.915302
7,378,61,43666,10.444891
7,379,610,43666,136.631218
7,380,109,43666,21.731620
7,381,54,43666,8.005041
7,382,264,43666,45.229769
7,383,0,43666,0.000000
8,0,836,43666,221.932750
8,1,1919,43666,432.428565
8,2,286,43666,52.074196
8,3,1,43666,0.147196
8,4,120,43666,26.375357
8,5,1139,43666,221.622572
8,6,423,43666,84.517856
8,7,174,43666,33.413999
8,8,5381,43666,1237.769317
8,9,29,43666,6.037797
8,10,291,43666,63.006825
8,11,126,43666,22.923481
8,12,634,43666,132.945364
8,13,107,43666,16.380278
8,14,681,43666,158.761957
8,15,2419,43666,549.717340
8,16,6006,43666,1346.962270
8,17,55,43666,18.265002
8,18,6317,43666,1367.395687
8,19,131,43666,23.188930
8,20,45,43666,8.695786
8,21,827,43666,145.491146
8,22,2102,43666,430.607330
8,23,16,43666,3.752667
8,24,158,43666,52.921531
8,25,21,43666,5.265130
8,26,135,43666,31.765043
8,27,1,43666,0.226312
8,28,18,43666,3.936857
8,29,12206,43666,3374.931930
8,30,302,43666,88.638891
8,31,489,43666,107.733996
8,32,6,43666,0.821043
8,33,39,43666,8.400542
8,34,190,43666,79.582800
8,35,23,43666,3.869105
8,36,48,43666,9.189698
8,37,132,43666,26.483379
8,38,1,43666,0.267565
8,39,177,43666,29.310417
8,40,49,43666,8.713549
8,41,28,43666,7.474504
8,42,5296,43666,1368.301894
8,43,748,43666,144.679315
8,44,204,43666,35.681577
8,45,886,43666,190.643818
8,46,21,43666,3.643565
8,47,19,43666,2.978504
8,48,386,43666,87.357037
8,49,177,43666,43.340737
8,50,0,43666,0.000000
8,51,153,43666,29.443957
8,52,390,43666,81.380603
8,53,0,43666,0.000000
8,54,253,43666,60.710064
8,55,47,43666,11.003036
8,56,1330,43666,260.863620
8,57,1108,43666,301.326977
8,58,1134,43666,359.967983
8,59,5,43666,1.169199
8,60,1,43666,0.243740
8,61,348,43666,69.694179
8,62,0,43666,0.000000
8,63,9,43666,1.294778
8,64,124,43666,21.982631
8,65,42,43666,9.482097
8,66,811,43666,174.171139
8,67,483,43666,116.445515
8,68,0,43666,0.000000
8,69,0,43666,0.000000
8,70,94,43666,15.717726
8,71,1813,43666,442.908059
8,72,129,43666,26.103240
8,73,118,43666,35.461774
8,74,290,43666,46.261980
8,75,77,43666,16.730676
8,76,282,43666,49.128121
8,77,497,43666,109.501642
8,78,128,43666,27.321783
8,79,36,43666,9.084943
8,80,11,43666,2.531339
8,81,145,43666,34.625879
8,82,0,43666,0.000000
8,83,35,43666,7.590721
8,84,704,43666,156.759503
8,85,566,43666,123.009939
8,86,0,43666,0.000000
8,87,99,43666,18.561188
8,88,329,43666,63.665142
8,89,591,43666,169.611444
8,90,200,43666,47.452033
8,91,1,43666,0.208639
8,92,261,43666,54.847240
8,93,0,43666,0.000000
8,94,17,43666,3.255445
8,95,18,43666,5.364216
8,96,1,43666,0.115923
8,97,2924,43666,688.977512
8,98,0,43666,0.000000
8,99,70,43666,17.754029
8,100,828,43666,173.846450
8,101,1995,43666,646.369387
8,102,446,43666,161.090108
8,103,684,43666,135.781570
8,104,854,43666,191.391392
8,105,3,43666,0.392530
8,106,0,43666,0.000000
8,107,156,43666,32.378372
8,108,0,43666,0.000000
8,109,1120,43666,237.205968
8,110,472,43666,95.366174
8,111,2111,43666,617.286243
8,112,312,43666,76.707165
8,113,418,43666,79.135011
8,114,95,43666,21.086199
8,115,658,43666,151.469634
8,116,55,43666,9.407737
8,117,2971,43666,697.578808
8,118,593,43666,127.390398
8,119,610,43666,154.749728
8,120,0,43666,0.000000
8,121,79,43666,17.895912
8,122,292,43666,61.712315
8,123,38,43666,7.891557
8,124,196,43666,40.945313
8,125,131,43666,17.496577
8,126,17,43666,2.962203
8,127,93,43666,20.946768
8,128,2715,43666,549.274315
8,129,177,43666,32.730364
8,130,157,43666,27.257598
8,131,0,43666,0.000000
8,132,1,43666,0.182836
8,133,51,43666,10.946260
8,134,175,43666,43.213746
8,135,909,43666,173.826547
8,136,452,43666,87.699576
8,137,633,43666,156.118610
8,138,50,43666,8.383341
8,139,1420,43666,304.443099
8,140,1,43666,0.135171
8,141,1,43666,0.150922
8,142,666,43666,158.706707
8,143,119,43666,32.155940
8,144,132,43666,27.591990
8,145,2,43666,0.429863
8,146,1,43666,0.251176
8,147,168,43666,40.952131
8,148,1768,43666,386.502135
8,149,287,43666,48.548379
8,150,74,43666,14.050269
8,151,63,43666,15.360923
8,152,289,43666,63.641305
8,153,1,43666,0.195704
8,154,409,43666,74.982397
8,155,165,43666,29.319826
8,156,637,43666,141.015454
8,157,325,43666,72.742207
8,158,570,43666,143.947082
8,159,48,43666,11.199005
8,160,32,43666,8.432150
8,161,295,43666,62.904980
8,162,0,43666,0.000000
8,163,581,43666,165.884310
8,164,5335,43666,1154.224155
8,165,574,43666,132.957674
8,166,45,43666,9.741580
8,167,60,43666,12.405312
8,168,206,43666,43.398281
8,169,423,43666,115.396229
8,170,57,43666,10.784989
8,171,2640,43666,616.021858
8,172,1776,43666,403.852235
8,173,3598,43666,871.775096
8,174,589,43666,136.353209
8,175,2606,43666,494.585553
8,176,0,43666,0.000000
8,177,824,43666,199.915883
8,178,1203,43666,297.695360
8,179,3274,43666,816.262359
8,180,35,43666,6.359392
8,181,459,43666,112.172361
8,182,42,43666,12.685636
8,183,45,43666,9.476203
8,184,48,43666,4.031808
8,185,588,43666,156.154787
8,186,130,43666,29.754048
8,187,21,43666,3.682208
8,188,0,43666,0.000000
8,189,714,43666,186.021411
8,190,350,43666,73.835286
8,191,934,43666,181.462330
8,192,11757,43666,2644.040559
8,193,419,43666,113.069177
8,194,152,43666,32.904607
8,195,420,43666,88.606832
8,196,45,43666,10.161620
8,197,170,43666,39.604933
8,198,6,43666,1.365462
8,199,57,43666,11.009152
8,200,196,43666,53.256843
8,201,0,43666,0.000000
8,202,0,43666,0.000000
8,203,5,43666,1.032101
8,204,28,43666,8.351133
8,205,1217,43666,293.286769
8,206,0,43666,0.000000
8,207,265,43666,55.095926
8,208,246,43666,54.286368
8,209,635,43666,131.715494
8,210,554,43666,139.768150
8,211,215,43666,53.299737
8,212,51,43666,12.319236
8,213,749,43666,127.666468
8,214,1556,43666,364.241368
8,215,44,43666,9.171342
8,216,1629,43666,494.043430
8,217,118,43666,22.883414
8,218,301,43666,66.916234
8,219,251,43666,53.336261
8,220,218,43666,53.427200
8,221,160,43666,33.954919
8,222,3355,43666,766.289322
8,223,416,43666,165.974644
8,224,123,43666,32.168629
8,225,426,43666,126.353501
8,226,181,43666,46.771255
8,227,996,43666,289.808650
8,228,3,43666,0.371344
8,229,1850,43666,459.210322
8,230,8,43666,1.221683
8,231,49,43666,10.291487
8,232,8,43666,1.944884
8,233,48,43666,12.296882
8,234,650,43666,170.065408
8,235,6,43666,0.699765
8,236,97,43666,21.005312
8,237,92,43666,59.387741
8,238,0,43666,0.000000
8,239,47,43666,7.637894
8,240,0,43666,0.000000
8,241,137,43666,21.307465
8,242,648,43666,114.530184
8,243,2,43666,0.367385
8,244,3,43666,0.503737
8,245,211,43666,64.440596
8,246,6654,43666,1755.095460
8,247,38,43666,6.537718
8,248,3640,43666,1176.242213
8,249,17,43666,4.916024
8,250,651,43666,141.010534
8,251,108,43666,25.565152
8,252,224,43666,61.391126
8,253,4,43666,0.678176
8,254,527,43666,189.057203
8,255,1,43666,0.187036
8,256,130,43666,27.911822
8,257,2,43666,0.427349
8,258,216,43666,49.933568
8,259,58,43666,13.822763
8,260,772,43666,200.221483
8,261,173,43666,48.299822
8,262,8,43666,1.882053
8,263,92,43666,17.717290
8,264,34,43666,8.032845
8,265,13,43666,2.394569
8,266,13,43666,2.480111
8,267,1,43666,0.181096
8,268,4162,43666,1386.003808
8,269,1041,43666,226.602933
8,270,762,43666,158.478954
8,271,3219,43666,830.784965
8,272,0,43666,0.000000
8,273,132,43666,27.955455
8,274,70,43666,13.932058
8,275,100,43666,18.094922
8,276,54,43666,12.832014
8,277,535,43666,138.545334
8,278,140,43666,31.616251
8,279,413,43666,107.599675
8,280,648,43666,136.389723
8,281,0,43666,0.000000
8,282,2081,43666,662.794747
8,283,838,43666,182.284201
8,284,136,43666,36.316879
8,285,674,43666,157.830360
8,286,1252,43666,228.576057
8,287,235,43666,41.281457
8,288,14625,43666,4140.021896
8,289,2261,43666,561.374779
8,290,6,43666,1.169683
8,291,72,43666,20.239810
8,292,33,43666,6.607662
8,293,396,43666,90.455178
8,294,743,43666,189.174742
8,295,621,43666,167.389305
8,296,355,43666,78.943470
8,297,58,43666,11.673786
8,298,29,43666,6.841511
8,299,89,43666,14.319288
8,300,773,43666,183.187233
8,301,283,43666,61.047358
8,302,2,43666,0.468086
8,303,35,43666,7.720312
8,304,9112,43666,2466.521563
8,305,2067,43666,542.996971
8,306,336,43666,65.469271
8,307,287,43666,65.882286
8,308,0,43666,0.000000
8,309,67,43666,11.978609
8,310,109,43666,25.064437
8,311,65,43666,11.103547
8,312,3,43666,0.538543
8,313,97,43666,13.840969
8,314,129,43666,24.425934
8,315,14,43666,3.000124
8,316,593,43666,165.287053
8,317,78,43666,15.130919
8,318,32,43666,6.532579
8,319,195,43666,57.027911
8,320,86,43666,24.891396
8,321,32,43666,7.921020
8,322,0,43666,0.000000
8,323,56,43666,11.117005
8,324,652,43666,195.677354
8,325,404,43666,94.197134
8,326,33,43666,6.407720
8,327,0,43666,0.000000
8,328,45,43666,10.873353
8,329,266,43666,53.071122
8,330,4,43666,0.732293
8,331,512,43666,90.049635
8,332,290,43666,75.009126
8,333,1076,43666,290.441219
8,334,909,43666,198.817988
8,335,10,43666,3.763011
8,336,268,43666,47.129344
8,337,564,43666,130.679029
8,338,70,43666,16.869877
8,339,0,43666,0.000000
8,340,18,43666,3.291339
8,341,144,43666,45.092178
8,342,42,43666,9.109624
8,343,0,43666,0.000000
8,344,0,43666,0.000000
8,345,5,43666,0.925197
8,346,71,43666,14.702019
8,347,53,43666,12.640934
8,348,9,43666,1.809649
8,349,59,43666,14.199054
8,350,697,43666,160.680999
8,351,4,43666,0.934968
8,352,5990,43666,1688.556941
8,353,29,43666,7.451183
8,354,2,43666,0.245573
8,355,0,43666,0.000000
8,356,328,43666,87.517275
8,357,1049,43666,227.799128
8,358,31,43666,11.150155
8,359,60,43666,12.295646
8,360,82,43666,22.400462
8,361,17297,43666,5623.615420
8,362,462,43666,88.641683
8,363,0,43666,0.000000
8,364,0,43666,0.000000
8,365,1607,43666,355.044525
8,366,23,43666,5.742324
8,367,1358,43666,300.142814
8,368,147,43666,32.348163
8,369,592,43666,104.715800
8,370,1990,43666,422.682532
8,371,111,43666,30.606756
8,372,31,43666,6.924530
8,373,93,43666,16.812079
8,374,190,43666,46.536598
8,375,713,43666,148.140970
8,376,807,43666,201.820298
8,377,1,43666,0.311493
8,378,1406,43666,352.609071
8,379,66,43666,14.491414
8,380,813,43666,165.029363
8,381,121,43666,27.104271
8,382,3289,43666,733.460168
8,383,0,43666,0.000000
9,0,0,43666,0.000000
9,1,205,43666,38.967399
9,2,415,43666,94.974461
9,3,518,43666,123.175999
9,4,30,43666,5.022529
9,5,148,43666,38.526643
9,6,382,43666,93.427305
9,7,0,43666,0.000000
9,8,0,43666,0.000000
9,9,816,43666,191.192771
9,10,4060,43666,963.256006
9,11,0,43666,0.000000
9,12,2,43666,0.409541
9,13,721,43666,165.256629
9,14,61,43666,11.648285
9,15,0,43666,0.000000
9,16,131,43666,24.267631
9,17,257,43666,43.372439
9,18,113,43666,24.579903
9,19,0,43666,0.000000
9,20,437,43666,115.787472
9,21,37,43666,6.914954
9,22,5420,43666,1297.013034
9,23,21,43666,5.118265
9,24,0,43666,0.000000
9,25,35,43666,5.947867
9,26,2320,43666,689.043160
9,27,527,43666,116.239654
9,28,126,43666,26.133030
9,29,126,43666,21.555971
9,30,688,43666,115.272928
9,31,169,43666,30.633850
9,32,2832,43666,548.504012
9,33,563,43666,201.444921
9,34,157,43666,25.168744
9,35,1765,43666,378.813743
9,36,71,43666,11.384231
9,37,267,43666,71.820290
9,38,1,43666,0.157090
9,39,69,43666,10.729748
9,40,72,43666,13.436159
9,41,1128,43666,207.514282
9,42,439,43666,90.133024
9,43,13,43666,2.464407
9,44,34,43666,6.233372
9,45,1,43666,0.261262
9,46,14749,43666,2978.944719
9,47,220,43666,41.377035
9,48,1,43666,0.169402
9,49,2,43666,0.304733
9,50,343,43666,65.685293
9,51,106,43666,22.183691
9,52,12,43666,2.343952
9,53,3027,43666,652.060327
9,54,433,43666,81.711625
9,55,8,43666,1.557211
9,56,93,43666,17.857528
9,57,0,43666,0.000000
9,58,72,43666,16.261840
9,59,0,43666,0.000000
9,60,11,43666,1.212738
9,61,0,43666,0.000000
9,62,24,43666,6.170273
9,63,336,43666,61.540984
9,64,141,43666,26.892601
9,65,4,43666,0.800007
9,66,639,43666,112.892814
9,67,0,43666,0.000000
9,68,0,43666,0.000000
9,69,84,43666,13.270163
9,70,2248,43666,383.761314
9,71,93,43666,16.778764
9,72,0,43666,0.000000
9,73,104,43666,16.761817
9,74,3,43666,0.574069
9,75,47,43666,13.487107
9,76,0,43666,0.000000
9,77,647,43666,141.944040
9,78,0,43666,0.000000
9,79,2584,43666,606.929230
9,80,45,43666,12.475304
9,81,577,43666,105.199142
9,82,14,43666,4.623595
9,83,0,43666,0.000000
9,84,1,43666,0.174930
9,85,0,43666,0.000000
9,86,444,43666,88.463098
9,87,84,43666,19.944514
9,88,48,43666,9.323114
9,89,0,43666,0.000000
9,90,127,43666,25.533798
9,91,185,43666,42.855022
9,92,141,43666,31.520129
9,93,1127,43666,221.323524
9,94,6,43666,1.297485
9,95,1,43666,0.178069
9,96,206,43666,49.008879
9,97,681,43666,121.508910
9,98,242,43666,50.853615
9,99,34,43666,7.682592
9,100,215,43666,40.911908
9,101,48,43666,12.745815
9,102,799,43666,188.971673
9,103,14,43666,3.330960
9,104,119,43666,22.491677
9,105,130,43666,19.393701
9,106,31,43666,7.547871
9,107,1297,43666,278.725091
9,108,763,43666,205.336660
9,109,2,43666,0.438641
9,110,1046,43666,246.225938
9,111,50,43666,10.334917
9,112,27,43666,5.245614
9,113,0,43666,0.000000
9,114,2774,43666,507.209937
9,115,500,43666,167.788899
9,116,117,43666,27.046961
9,117,107,43666,24.142729
9,118,1214,43666,271.177252
9,119,512,43666,161.743591
9,120,54,43666,11.870555
9,121,248,43666,58.239254
9,122,1,43666,0.153342
9,123,0,43666,0.000000
9,124,2,43666,0.328209
9,125,1256,43666,333.171234
9,126,7,43666,1.191155
9,127,189,43666,44.223036
9,128,91,43666,22.747132
9,129,313,43666,52.373701
9,130,189,43666,38.498373
9,131,1577,43666,541.543096
9,132,7170,43666,2083.259270
9,133,18,43666,3.282260
9,134,542,43666,121.853365
9,135,38,43666,10.377950
9,136,423,43666,104.136000
9,137,7074,43666,1405.369854
9,138,37,43666,7.997615
9,139,469,43666,101.930037
9,140,101,43666,21.990374
9,141,25,43666,5.629528
9,142,466,43666,98.361164
9,143,0,43666,0.000000
9,144,128,43666,25.210974
9,145,113,43666,18.925033
9,146,424,43666,97.221181
9,147,519,43666,118.696642
9,148,82,43666,19.093966
9,149,527,43666,145.119685
9,150,8,43666,1.270557
9,151,0,43666,0.000000
9,152,0,43666,0.000000
9,153,64,43666,14.415746
9,154,29,43666,5.964167
9,155,282,43666,63.574885
9,156,5872,43666,2096.593785
9,157,0,43666,0.000000
9,158,441,43666,124.471791
9,159,1,43666,0.156296
9,160,73,43666,14.032402
9,161,105,43666,20.429343
9,162,45,43666,6.360062
9,163,28,43666,6.373874
9,164,0,43666,0.000000
9,165,94,43666,13.399108
9,166,76,43666,16.060129
9,167,124,43666,23.235568
9,168,129,43666,35.410956
9,169,167,43666,28.407010
9,170,498,43666,100.699492
9,171,9,43666,2.437618
9,172,30,43666,5.577055
9,173,1035,43666,191.690020
9,174,521,43666,106.575640
9,175,102,43666,18.978476
9,176,12,43666,2.591963
9,177,139,43666,34.811420
9,178,9,43666,1.211191
9,179,2,43666,0.336950
9,180,1180,43666,279.752191
9,181,0,43666,0.000000
9,182,10,43666,1.959402
9,183,589,43666,106.716940
9,184,9,43666,2.437344
9,185,2,43666,0.327872
9,186,1,43666,0.211992
9,187,44,43666,8.990565
9,188,582,43666,136.713911
9,189,3,43666,0.632294
9,190,427,43666,91.658653
9,191,92,43666,21.480760
9,192,3,43666,0.509897
9,193,14,43666,2.981229
9,194,0,43666,0.000000
9,195,3099,43666,798.665777
9,196,47,43666,10.278134
9,197,4750,43666,899.982711
9,198,58,43666,11.673143
9,199,1863,43666,434.370295
9,200,242,43666,52.063818
9,201,261,43666,54.825362
9,202,15,43666,2.920404
9,203,59,43666,15.404076
9,204,1,43666,0.225705
9,205,2417,43666,594.156967
9,206,0,43666,0.000000
9,207,0,43666,0.000000
9,208,197,43666,53.579311
9,209,82,43666,19.037663
9,210,0,43666,0.000000
9,211,113,43666,19.170947
9,212,1265,43666,276.976057
9,213,77,43666,12.681837
9,214,263,43666,53.592529
9,215,39,43666,6.447937
9,216,39,43666,8.690087
9,217,1610,43666,321.990197
9,218,6,43666,0.915839
9,219,3,43666,0.400763
9,220,14,43666,3.341094
9,221,517,43666,101.235956
9,222,403,43666,115.956098
9,223,73,43666,16.709168
9,224,11463,43666,2290.351846
9,225,1,43666,0.199298
9,226,68,43666,10.824754
9,227,4367,43666,912.679539
9,228,201,43666,33.186886
9,229,7,43666,1.489464
9,230,0,43666,0.000000
9,231,2735,43666,541.932031
9,232,1482,43666,343.858043
9,233,73,43666,15.659754
9,234,82,43666,16.368579
9,235,387,43666,90.567724
9,236,46,43666,8.613112
9,237,1247,43666,295.499063
9,238,877,43666,187.279852
9,239,0,43666,0.000000
9,240,43,43666,5.779140
9,241,52,43666,15.441045
9,242,4357,43666,1181.669058
9,243,277,43666,51.073509
9,244,1095,43666,218.944895
9,245,432,43666,116.997302
9,246,70,43666,17.850798
9,247,211,43666,39.939761
9,248,2847,43666,774.162699
9,249,1204,43666,278.973278
9,250,119,43666,25.269758
9,251,64,43666,14.085492
9,252,78,43666,15.344355
9,253,0,43666,0.000000
9,254,30,43666,6.195680
9,255,143,43666,20.467534
9,256,685,43666,208.388910
9,257,240,43666,49.538898
9,258,290,43666,61.952275
9,259,0,43666,0.000000
9,260,2,43666,0.490899
9,261,14,43666,3.044022
9,262,12,43666,2.370932
9,263,38809,43666,15122.401894
9,264,375,43666,79.086872
9,265,330,43666,75.385851
9,266,1955,43666,436.313870
9,267,109,43666,21.219536
9,268,0,43666,0.000000
9,269,183,43666,41.384726
9,270,5703,43666,1014.470986
9,271,0,43666,0.000000
9,272,1231,43666,236.691191
9,273,35,43666,6.102284
9,274,180,43666,44.597873
9,275,10,43666,1.693361
9,276,0,43666,0.000000
9,277,66,43666,12.480033
9,278,429,43666,83.662800
9,279,7,43666,1.343839
9,280,72,43666,16.428669
9,281,37,43666,7.213150
9,282,151,43666,40.481790
9,283,46,43666,7.682194
9,284,187,43666,29.201183
9,285,297,43666,67.419741
9,286,597,43666,130.606673
9,287,143,43666,26.632664
9,288,216,43666,44.159113
9,289,135,43666,42.739225
9,290,2,43666,0.341095
9,291,70,43666,11.556579
9,292,725,43666,124.058482
9,293,0,43666,0.000000
9,294,63,43666,18.190236
9,295,0,43666,0.000000
9,296,241,43666,40.589791
9,297,558,43666,167.737787
9,298,43,43666,6.432079
9,299,69,43666,14.817655
9,300,31,43666,7.147532
9,301,0,43666,0.000000
9,302,2039,43666,511.236001
9,303,12312,43666,3284.489729
9,304,0,43666,0.000000
9,305,20,43666,4.431633
9,306,1804,43666,342.162119
9,307,0,43666,0.000000
9,308,277,43666,59.342179
9,309,24,43666,4.790803
9,310,718,43666,131.433396
9,311,1775,43666,286.079433
9,312,2616,43666,555.477398
9,313,28,43666,5.931379
9,314,334,43666,65.859775
9,315,651,43666,178.606175
9,316,0,43666,0.000000
9,317,160,43666,34.288590
9,318,0,43666,0.000000
9,319,151,43666,46.405653
9,320,1015,43666,259.842382
9,321,44,43666,10.995136
9,322,9,43666,1.872645
9,323,5,43666,1.027335
9,324,85,43666,21.863298
9,325,0,43666,0.000000
9,326,34,43666,7.578776
9,327,2713,43666,594.810663
9,328,37,43666,7.409381
9,329,65,43666,13.358958
9,330,1,43666,0.184378
9,331,434,43666,86.501416
9,332,98,43666,17.009585
9,333,1324,43666,397.626287
9,334,0,43666,0.000000
9,335,1687,43666,431.226644
9,336,3,43666,0.776666
9,337,472,43666,111.326383
9,338,1,43666,0.204579
9,339,53,43666,10.645937
9,340,56,43666,9.582524
9,341,14,43666,3.000551
9,342,45,43666,12.976263
9,343,50,43666,12.031698
9,344,150,43666,55.829052
9,345,568,43666,145.466823
9,346,591,43666,113.004691
9,347,362,43666,58.582442
9,348,9,43666,1.680873
9,349,11,43666,3.164221
9,350,518,43666,139.177766
9,351,822,43666,148.036512
9,352,66,43666,10.824156
9,353,0,43666,0.000000
9,354,114,43666,21.682776
9,355,0,43666,0.000000
9,356,1,43666,0.183755
9,357,127,43666,25.338078
9,358,0,43666,0.000000
9,359,60,43666,10.790700
9,360,6,43666,0.841096
9,361,33,43666,6.677606
9,362,316,43666,82.831082
9,363,1100,43666,197.780121
9,364,886,43666,235.472614
9,365,17,43666,3.038507
9,366,1229,43666,270.511331
9,367,45,43666,7.187570
9,368,106,43666,17.752188
9,369,0,43666,0.000000
9,370,0,43666,0.000000
9,371,8528,43666,1550.790944
9,372,11,43666,2.072197
9,373,51,43666,11.426194
9,374,634,43666,117.095855
9,375,11,43666,1.756526
9,376,968,43666,148.456764
9,377,2298,43666,524.988083
9,378,2032,43666,484.444263
9,379,358,43666,120.864778
9,380,0,43666,0.000000
9,381,2696,43666,494.915638
9,382,0,43666,0.000000
9,383,329,43666,67.612184
10,0,5,43666,1.047694
10,1,1309,43666,315.957905
10,2,397,43666,87.685021
10,3,3146,43666,627.251884
10,4,39,43666,6.149750
10,5,1,43666,0.203232
10,6,3,43666,0.565687
10,7,130,43666,28.604246
10,8,658,43666,166.624431
10,9,395,43666,87.864848
10,10,6,43666,1.218544
10,11,6,43666,1.435548
10,12,21,43666,4.084825
10,13,723,43666,175.111816
10,14,493,43666,89.329071
10,15,389,43666,70.295842
10,16,247,43666,46.512449
10,17,950,43666,235.941757
10,18,0,43666,0.000000
10,19,32,43666,6.861903
10,20,130,43666,20.727427
10,21,3,43666,0.754753
10,22,93,43666,23.836802
10,23,11,43666,1.958443
10,24,8,43666,1.908262
10,25,113,43666,30.067389
10,26,1118,43666,239.556216
10,27,614,43666,182.544238
10,28,0,43666,0.000000
10,29,0,43666,0.000000
10,30,99,43666,25.012028
10,31,97,43666,17.898613
10,32,2127,43666,389.972639
10,33,87,43666,22.318393
10,34,22,43666,4.299835
10,35,46,43666,11.047843
10,36,3,43666,0.507552
10,37,93,43666,19.538823
10,38,251,43666,50.854015
10,39,473,43666,133.490304
10,40,45,43666,7.610018
10,41,930,43666,239.688061
10,42,88,43666,14.556225
10,43,67,43666,16.252707
10,44,313,43666,71.342513
10,45,174,43666,41.366175
10,46,5,43666,0.995489
10,47,21,43666,4.518405
10,48,56,43666,10.885411
10,49,58,43666,11.316457
10,50,12,43666,3.052453
10,51,17,43666,4.134686
10,52,18,43666,4.220965
10,53,0,43666,0.000000
10,54,459,43666,86.834810
10,55,8,43666,1.484860
10,56,2348,43666,531.958723
10,57,480,43666,122.572172
10,58,78,43666,13.765335
10,59,284,43666,66.254474
10,60,27,43666,5.656264
10,61,1375,43666,211.472455
10,62,1228,43666,307.835623
10,63,740,43666,149.735638
10,64,0,43666,0.000000
10,65,5,43666,0.915117
10,66,358,43666,62.543624
10,67,118,43666,32.558581
10,68,3,43666,0.577744
10,69,865,43666,222.712343
10,70,5,43666,1.189090
10,71,81,43666,14.452369
10,72,8,43666,1.513761
10,73,18,43666,2.921080
10,74,4171,43666,931.419859
10,75,153,43666,41.078859
10,76,3723,43666,652.679087
10,77,327,43666,61.307435
10,78,4,43666,0.698635
10,79,16,43666,2.726277
10,80,2422,43666,568.306318
10,81,0,43666,0.000000
10,82,4518,43666,720.995433
10,83,91,43666,15.316487
10,84,155,43666,47.838933
10,85,3,43666,0.580396
10,86,1,43666,0.168167
10,87,1675,43666,504.388920
10,88,5,43666,1.027158
10,89,0,43666,0.000000
10,90,115,43666,18.576539
10,91,145,43666,40.637681
10,92,5836,43666,1553.563200
10,93,130,43666,27.560883
10,94,110,43666,28.912610
10,95,36,43666,7.850153
10,96,7,43666,1.299111
10,97,61,43666,14.878191
10,98,167,43666,34.531037
10,99,8,43666,1.542269
10,100,2,43666,0.365053
10,101,16,43666,3.628630
10,102,65,43666,60.512959
10,103,276,43666,46.534186
10,104,138,43666,34.309522
10,105,1,43666,0.168669
10,106,246,43666,41.651674
10,107,16,43666,2.891720
10,108,2,43666,0.342429
10,109,106,43666,29.369061
10,110,480,43666,90.654745
10,111,141,43666,34.323832
10,112,0,43666,0.000000
10,113,191,43666,45.796328
10,114,434,43666,94.262415
10,115,23,43666,5.525000
10,116,0,43666,0.000000
10,117,0,43666,0.000000
10,118,24,43666,4.271997
10,119,24,43666,3.969781
10,120,8,43666,2.216258
10,121,345,43666,61.172384
10,122,0,43666,0.000000
10,123,18,43666,3.858515
10,124,318,43666,66.583495
10,125,48,43666,9.809855
10,126,69,43666,11.906259
10,127,12205,43666,2876.608633
10,128,229,43666,53.191089
10,129,285,43666,52.409701
10,130,10,43666,2.054615
10,131,3,43666,0.465716
10,132,218,43666,68.861410
10,133,20,43666,2.996919
10,134,1,43666,0.152474
10,135,3,43666,0.611922
10,136,287,43666,35.791531
10,137,46,43666,11.068237
10,138,894,43666,159.046082
10,139,0,43666,0.000000
10,140,456,43666,114.659179
10,141,848,43666,189.938566
10,142,407,43666,112.428881
10,143,553,43666,109.924725
10,144,20,43666,4.019998
10,145,101,43666,18.969596
10,146,112,43666,20.378292
10,147,723,43666,145.372356
10,148,8043,43666,1951.674355
10,149,1,43666,0.192437
10,150,0,43666,0.000000
10,151,2895,43666,1141.557828
10,152,4284,43666,1013.042334
10,153,150,43666,31.072479
10,154,426,43666,125.293852
10,155,329,43666,82.762149
10,156,66,43666,16.484910
10,157,2741,43666,512.712016
10,158,38,43666,8.832739
10,159,53,43666,8.830671
10,160,53,43666,7.798699
10,161,166,43666,33.655716
10,162,2260,43666,509.304496
10,163,87,43666,19.939030
10,164,1,43666,0.227226
10,165,184,43666,43.748505
10,166,282,43666,75.593579
10,167,208,43666,53.029687
10,168,2,43666,0.445291
10,169,21,43666,5.138151
10,170,174,43666,32.703548
10,171,290,43666,70.710915
10,172,38,43666,6.180251
10,173,8243,43666,1675.767660
10,174,67,43666,9.282809
10,175,0,43666,0.000000
10,176,0,43666,0.000000
10,177,2,43666,0.448445
10,178,203,43666,36.178278
10,179,6521,43666,2056.865065
10,180,0,43666,0.000000
10,181,483,43666,137.121793
10,182,26,43666,6.587234
10,183,4,43666,0.744224
10,184,97,43666,17.029745
10,185,4,43666,0.790577
10,186,0,43666,0.000000
10,187,0,43666,0.000000
10,188,28,43666,5.836783
10,189,0,43666,0.000000
10,190,84,43666,12.826472
10,191,74,43666,13.104261
10,192,11,43666,2.107918
10,193,0,43666,0.000000
10,194,149,43666,24.975261
10,195,27,43666,6.206820
10,196,138,43666,26.000770
10,197,380,43666,113.802958
10,198,0,43666,0.000000
10,199,191,43666,31.489654
10,200,100,43666,18.422537
10,201,1595,43666,386.935940
10,202,33997,43666,7644.802523
10,203,115,43666,25.311174
10,204,0,43666,0.000000
10,205,1,43666,0.215876
10,206,0,43666,0.000000
10,207,46,43666,9.971217
10,208,62,43666,15.065000
10,209,30,43666,7.768758
10,210,169,43666,44.743775
10,211,8008,43666,2113.942777
10,212,6,43666,1.056698
10,213,5,43666,0.931927
10,214,159,43666,23.753729
10,215,64,43666,14.601208
10,216,339,43666,75.857250
10,217,0,43666,0.000000
10,218,1,43666,0.164536
10,219,36,43666,10.362255
10,220,46,43666,6.289891
10,221,1,43666,0.274450
10,222,2104,43666,349.709279
10,223,77,43666,15.970973
10,224,178,43666,28.478764
10,225,0,43666,0.000000
10,226,2,43666,0.425601
10,227,94,43666,23.052594
10,228,4,43666,0.722921
10,229,311,43666,70.793321
10,230,45,43666,9.230892
10,231,2,43666,0.347827
10,232,1,43666,0.201462
10,233,3,43666,0.447916
10,234,586,43666,153.441945
10,235,172,43666,43.884666
10,236,198,43666,39.135705
10,237,3214,43666,845.808235
10,238,1448,43666,348.978632
10,239,72,43666,17.826062
10,240,0,43666,0.000000
10,241,1,43666,0.158120
10,242,610,43666,116.073187
10,243,346,43666,64.850390
10,244,279,43666,65.226564
10,245,736,43666,162.335265
10,246,524,43666,100.839262
10,247,591,43666,116.494961
10,248,405,43666,98.256416
10,249,1,43666,0.192505
10,250,260,43666,39.883469
10,251,2214,43666,434.028896
10,252,0,43666,0.000000
10,253,207,43666,50.335493
10,254,963,43666,201.808262
10,255,2371,43666,562.727945
10,256,91,43666,26.987322
10,257,118,43666,28.679274
10,258,185,43666,49.056174
10,259,8,43666,1.154764
10,260,47,43666,9.696686
10,261,68,43666,12.235463
10,262,18,43666,3.717452
10,263,28,43666,5.889432
10,264,3,43666,0.658634
10,265,52,43666,7.912785
10,266,20826,43666,8157.130638
10,267,1021,43666,289.965001
10,268,0,43666,0.000000
10,269,10,43666,1.864149
10,270,0,43666,0.000000
10,271,520,43666,120.612051
10,272,67,43666,13.968082
10,273,115,43666,26.595561
10,274,332,43666,81.141900
10,275,110,43666,17.835010
10,276,0,43666,0.000000
10,277,266,43666,68.334802
10,278,74,43666,13.172766
10,279,389,43666,94.307895
10,280,0,43666,0.000000
10,281,102,43666,19.152748
10,282,2,43666,0.433300
10,283,102,43666,18.016536
10,284,1028,43666,313.615488
10,285,0,43666,0.000000
10,286,344,43666,69.195436
10,287,1547,43666,449.158142
10,288,20,43666,4.367931
10,289,539,43666,95.897608
10,290,3,43666,0.501182
10,291,1934,43666,356.632880
10,292,12281,43666,3620.114436
10,293,50,43666,8.494097
10,294,7,43666,1.274228
10,295,169,43666,29.984315
10,296,2152,43666,476.651449
10,297,517,43666,122.833131
10,298,10,43666,1.638377
10,299,4,43666,0.881642
10,300,0,43666,0.000000
10,301,125,43666,22.450615
10,302,210,43666,37.885773
10,303,91,43666,15.799298
10,304,4,43666,0.697720
10,305,878,43666,219.341914
10,306,51,43666,9.012270
10,307,204,43666,39.969628
10,308,310,43666,61.317131
10,309,1858,43666,367.190248
10,310,145,43666,26.377305
10,311,159,43666,29.685531
10,312,2614,43666,707.543866
10,313,8,43666,1.696344
10,314,147,43666,24.734137
10,315,99,43666,17.454768
10,316,1151,43666,223.296807
10,317,0,43666,0.000000
10,318,248,43666,58.587671
10,319,34,43666,5.113345
10,320,3694,43666,874.276731
10,321,476,43666,97.622522
10,322,1692,43666,604.032254
10,323,3726,43666,762.623575
10,324,18,43666,3.805023
10,325,96,43666,16.928901
10,326,383,43666,90.926190
10,327,11,43666,2.733447
10,328,0,43666,0.000000
10,329,7,43666,1.337639
10,330,53,43666,12.247973
10,331,87,43666,16.993959
10,332,1414,43666,399.752610
10,333,159,43666,40.120942
10,334,42,43666,9.787267
10,335,486,43666,130.159332
10,336,168,43666,34.298438
10,337,778,43666,160.994366
10,338,47,43666,6.881902
10,339,294,43666,76.436374
10,340,82,43666,15.068307
10,341,871,43666,196.212893
10,342,5218,43666,1965.293362
10,343,387,43666,68.651966
10,344,65,43666,18.257729
10,345,105,43666,17.728597
10,346,165,43666,38.813139
10,347,5,43666,1.196138
10,348,217,43666,44.301693
10,349,3694,43666,869.498648
10,350,562,43666,176.364187
10,351,7,43666,1.699334
10,352,1324,43666,284.611459
10,353,220,43666,52.535755
10,354,13,43666,2.313202
10,355,654,43666,118.460076
10,356,2,43666,0.593880
10,357,0,43666,0.000000
10,358,367,43666,77.656900
10,359,2,43666,0.368736
10,360,31,43666,6.969809
10,361,21,43666,3.743500
10,362,569,43666,163.846005
10,363,1180,43666,212.464492
10,364,115,43666,23.965562
10,365,93,43666,16.934180
10,366,0,43666,0.000000
10,367,11,43666,2.090156
10,368,249,43666,43.942254
10,369,8,43666,1.561480
10,370,624,43666,112.575279
10,371,3861,43666,819.069073
10,372,5,43666,1.152229
10,373,299,43666,69.889167
10,374,364,43666,112.721061
10,375,219,43666,43.565153
10,376,94,43666,25.090372
10,377,49,43666,12.332329
10,378,290,43666,70.465246
10,379,9,43666,2.141353
10,380,5,43666,0.964046
10,381,1397,43666,343.018370
10,382,75,43666,16.420466
10,383,98,43666,17.451373
11,0,3249,43666,752.893383
11,1,11,43666,2.955240
11,2,344,43666,69.980270
11,3,0,43666,0.000000
11,4,2724,43666,757.234479
11,5,172,43666,38.204461
11,6,93,43666,16.056209
11,7,109,43666,29.786893
11,8,0,43666,0.000000
11,9,13,43666,3.065337
11,10,1160,43666,240.714618
11,11,16001,43666,4313.364556
11,12,1,43666,0.250966
11,13,8767,43666,2152.685347
11,14,6336,43666,1326.012143
11,15,198,43666,45.765990
11,16,1988,43666,509.678290
11,17,143,43666,31.529709
11,18,64,43666,12.378273
11,19,256,43666,74.590048
11,20,1441,43666,467.660127
11,21,250,43666,61.878398
11,22,11,43666,2.579056
11,23,5,43666,0.908162
11,24,1132,43666,354.259391
11,25,159,43666,37.316841
11,26,309,43666,72.252768
11,27,364,43666,85.824260
11,28,266,43666,61.987390
11,29,3574,43666,782.439756
11,30,325,43666,64.871544
11,31,482,43666,106.279631
11,32,305,43666,88.067630
11,33,12,43666,2.838022
11,34,817,43666,194.417808
11,35,1365,43666,295.174817
11,36,127,43666,28.456576
11,37,19,43666,3.926750
11,38,0,43666,0.000000
11,39,1,43666,0.180684
11,40,353,43666,71.968109
11,41,0,43666,0.000000
11,42,0,43666,0.000000
11,43,1072,43666,262.068482
11,44,585,43666,115.787590
11,45,303,43666,58.054887
11,46,138,43666,36.311393
11,47,39,43666,10.596670
11,48,239,43666,51.607245
11,49,219,43666,55.831460
11,50,2257,43666,567.200993
11,51,5,43666,0.981790
11,52,199,43666,45.762642
11,53,1,43666,0.217706
11,54,1151,43666,241.612631
11,55,452,43666,93.947069
11,56,17120,43666,4590.581073
11,57,1,43666,0.252371
11,58,24,43666,4.567026
11,59,179,43666,34.952683
11,60,566,43666,172.296809
11,61,34,43666,5.833405
11,62,0,43666,0.000000
11,63,512,43666,106.918261
11,64,9,43666,1.853854
11,65,174,43666,46.372658
11,66,44,43666,9.861884
11,67,13,43666,2.397074
11,68,421,43666,99.203265
11,69,12,43666,2.175193
11,70,610,43666,125.361309
11,71,390,43666,80.347295
11,72,67,43666,13.075764
11,73,391,43666,96.915705
11,74,234,43666,43.521013
11,75,2,43666,0.382078
11,76,239,43666,56.390160
11,77,1330,43666,303.194973
11,78,389,43666,103.161984
11,79,220,43666,44.235741
11,80,4,43666,0.703346
11,81,778,43666,195.180254
11,82,1329,43666,336.628265
11,83,215,43666,62.387260
11,84,159,43666,31.844673
11,85,56,43666,10.961329
11,86,256,43666,48.387092
11,87,1106,43666,216.243186
11,88,321,43666,61.693795
11,89,37,43666,5.802777
11,90,1310,43666,363.434225
11,91,2,43666,0.404946
11,92,9,43666,1.717276
11,93,126,43666,23.723968
11,94,4703,43666,1501.187300
11,95,73,43666,12.951179
11,96,1538,43666,438.215111
11,97,417,43666,88.512120
11,98,498,43666,127.958606
11,99,3400,43666,909.528268
11,100,8,43666,1.303669
11,101,16,43666,3.364549
11,102,4183,43666,1261.187145
11,103,304,43666,66.652591
11,104,770,43666,177.869292
11,105,1462,43666,375.438257
11,106,76,43666,15.411564
11,107,0,43666,0.000000
11,108,15376,43666,3255.555873
11,109,53,43666,13.674356
11,110,362,43666,69.491327
11,111,258,43666,72.448227
11,112,875,43666,190.842521
11,113,39,43666,9.069942
11,114,346,43666,98.018672
11,115,142,43666,26.986630
11,116,77,43666,20.403603
11,117,92,43666,18.891330
11,118,286,43666,59.117188
11,119,2,43666,0.405941
11,120,4113,43666,873.872259
11,121,424,43666,87.779146
11,122,837,43666,177.949116
11,123,733,43666,151.806390
11,124,239,43666,57.073103
11,125,6704,43666,1838.990628
11,126,37,43666,7.908734
11,127,0,43666,0.000000
11,128,311,43666,83.450928
11,129,2,43666,0.356930
11,130,582,43666,131.929613
11,131,3744,43666,1095.134010
11,132,2,43666,0.462415
11,133,3,43666,0.657945
11,134,0,43666,0.000000
11,135,31,43666,7.704830
11,136,84,43666,18.932848
11,137,200,43666,49.206083
11,138,4243,43666,812.401925
11,139,199,43666,44.096659
11,140,23,43666,6.961317
11,141,456,43666,103.326734
11,142,28,43666,6.780857
11,143,161,43666,35.592963
11,144,51,43666,12.621690
11,145,11,43666,2.080314
11,146,0,43666,0.000000
11,147,847,43666,221.808938
11,148,692,43666,192.825947
11,149,0,43666,0.000000
11,150,3084,43666,701.506549
11,151,113,43666,21.997229
11,152,5237,43666,1538.316909
11,153,249,43666,45.669666
11,154,18,43666,3.928152
11,155,24,43666,4.699865
11,156,4,43666,0.689072
11,157,0,43666,0.000000
11,158,131,43666,23.315564
11,159,0,43666,0.000000
11,160,131,43666,25.376820
11,161,192,43666,36.297994
11,162,122,43666,36.743838
11,163,0,43666,0.000000
11,164,336,43666,87.505136
11,165,122,43666,28.501702
11,166,843,43666,200.605299
11,167,266,43666,58.961231
11,168,159,43666,38.453315
11,169,60,43666,14.769258
11,170,270,43666,54.678182
11,171,497,43666,112.024355
11,172,373,43666,83.580867
11,173,5,43666,1.029642
11,174,360,43666,84.670840
11,175,454,43666,106.836323
11,176,761,43666,237.251510
11,177,1,43666,0.202303
11,178,758,43666,165.614155
11,179,10,43666,1.487108
11,180,228,43666,58.090927
11,181,154,43666,46.549667
11,182,25,43666,5.178003
11,183,1107,43666,223.481019
11,184,117,43666,23.044316
11,185,15,43666,2.721535
11,186,66,43666,13.284183
11,187,1051,43666,298.617545
11,188,0,43666,0.000000
11,189,220,43666,42.710790
11,190,38,43666,9.194349
11,191,486,43666,112.472726
11,192,230,43666,46.744623
11,193,0,43666,0.000000
11,194,221,43666,45.136891
11,195,0,43666,0.000000
11,196,2744,43666,695.291761
11,197,266,43666,51.354806
11,198,3,43666,0.550512
11,199,0,43666,0.000000
11,200,38,43666,8.546798
11,201,81,43666,28.302182
11,202,6,43666,1.341936
11,203,729,43666,188.909911
11,204,2,43666,0.379245
11,205,871,43666,172.149901
11,206,34,43666,3.437454
11,207,2,43666,0.427097
11,208,494,43666,143.228509
11,209,275,43666,61.984127
11,210,162,43666,38.911716
11,211,1056,43666,286.473922
11,212,40,43666,9.802007
11,213,308,43666,80.906721
11,214,845,43666,151.021184
11,215,752,43666,165.414762
11,216,564,43666,124.598433
11,217,0,43666,0.000000
11,218,74,43666,14.639640
11,219,54,43666,10.616668
11,220,52,43666,9.519048
11,221,272,43666,57.512639
11,222,943,43666,199.055283
11,223,0,43666,0.000000
11,224,550,43666,142.138299
11,225,1934,43666,454.843965
11,226,2328,43666,528.571869
11,227,1450,43666,348.765796
11,228,1,43666,0.166952
11,229,28,43666,5.099736
11,230,772,43666,173.271803
11,231,100,43666,23.986673
11,232,0,43666,0.000000
11,233,30,43666,7.064698
11,234,613,43666,118.863571
11,235,0,43666,0.000000
11,236,532,43666,121.416661
11,237,66,43666,12.598374
11,238,0,43666,0.000000
11,239,0,43666,0.000000
11,240,64,43666,15.060688
11,241,2293,43666,698.175132
11,242,356,43666,112.238987
11,243,111,43666,32.448083
11,244,64,43666,15.890623
11,245,1211,43666,280.257629
11,246,120,43666,23.158792
11,247,990,43666,231.814604
11,248,0,43666,0.000000
11,249,1,43666,0.262638
11,250,9416,43666,2065.060544
11,251,392,43666,136.657956
11,252,108,43666,41.549696
11,253,5,43666,1.257282
11,254,1074,43666,294.389686
11,255,66,43666,12.520517
11,256,5,43666,0.877514
11,257,76,43666,10.528575
11,258,11,43666,2.199698
11,259,1890,43666,501.033952
11,260,2,43666,0.395726
11,261,56,43666,13.334171
11,262,792,43666,253.941798
11,263,116,43666,30.366496
11,264,19,43666,3.307975
11,265,7409,43666,2418.686050
11,266,607,43666,143.366489
11,267,52,43666,9.800545
11,268,1,43666,0.263234
11,269,1,43666,0.206852
11,270,143,43666,30.641443
11,271,4440,43666,1029.382203
11,272,2,43666,0.440727
11,273,193,43666,53.747807
11,274,19,43666,4.171037
11,275,33,43666,9.525510
11,276,0,43666,0.000000
11,277,97,43666,18.037862
11,278,109,43666,25.769722
11,279,88,43666,26.497771
11,280,1244,43666,329.968981
11,281,8,43666,1.453393
11,282,137,43666,29.641261
11,283,59,43666,14.623315
11,284,175,43666,44.327598
11,285,1022,43666,259.849715
11,286,169,43666,36.193661
11,287,336,43666,78.296746
11,288,56,43666,14.837578
11,289,17,43666,3.585969
11,290,4291,43666,1330.106735
11,291,89,43666,17.456553
11,292,110,43666,20.528035
11,293,0,43666,0.000000
11,294,1763,43666,424.900971
11,295,231,43666,76.175298
11,296,0,43666,0.000000
11,297,21,43666,5.215807
11,298,8,43666,2.118677
11,299,1,43666,0.412339
11,300,0,43666,0.000000
11,301,122,43666,21.979256
11,302,43,43666,10.851869
11,303,3,43666,0.555866
11,304,1884,43666,476.163932
11,305,489,43666,98.005339
11,306,1,43666,0.165888
11,307,811,43666,212.365104
11,308,217,43666,56.782226
11,309,82,43666,16.735917
11,310,82,43666,20.926116
11,311,105,43666,20.464969
11,312,0,43666,0.000000
11,313,36,43666,8.521527
11,314,23,43666,3.920304
11,315,6,43666,1.448360
11,316,343,43666,64.926843
11,317,302,43666,55.466246
11,318,0,43666,0.000000
11,319,23,43666,4.586021
11,320,280,43666,61.756722
11,321,28,43666,6.951966
11,322,2295,43666,479.739512
11,323,49,43666,6.715364
11,324,0,43666,0.000000
11,325,55,43666,13.568906
11,326,1931,43666,447.501662
11,327,46,43666,8.527603
11,328,2897,43666,734.012954
11,329,1955,43666,411.531662
11,330,0,43666,0.000000
11,331,1833,43666,372.834825
11,332,560,43666,160.916988
11,333,755,43666,192.359280
11,334,0,43666,0.000000
11,335,165,43666,36.220502
11,336,58,43666,9.682696
11,337,667,43666,231.623472
11,338,2766,43666,748.455999
11,339,429,43666,131.665359
11,340,0,43666,0.000000
11,341,52,43666,9.138392
11,342,0,43666,0.000000
11,343,1767,43666,412.654881
11,344,48,43666,9.785125
11,345,10,43666,2.580122
11,346,1856,43666,475.608668
11,347,3,43666,0.517695
11,348,204,43666,53.172008
11,349,539,43666,136.164137
11,350,0,43666,0.000000
11,351,13,43666,2.591610
11,352,36,43666,6.719017
11,353,71,43666,21.617127
11,354,33,43666,7.558126
11,355,259,43666,69.664474
11,356,251,43666,58.185654
11,357,1276,43666,286.711268
11,358,74,43666,11.870871
11,359,141,43666,31.724080
11,360,93,43666,17.439876
11,361,116,43666,26.846999
11,362,105,43666,24.665095
11,363,11,43666,2.667138
11,364,0,43666,0.000000
11,365,240,43666,54.490547
11,366,177,43666,31.303612
11,367,55,43666,13.381691
11,368,10,43666,2.002146
11,369,135,43666,43.580320
11,370,5,43666,1.211247
11,371,3661,43666,1058.690336
11,372,0,43666,0.000000
11,373,0,43666,0.000000
11,374,30,43666,6.253710
11,375,289,43666,72.528315
11,376,5,43666,1.325241
11,377,21,43666,4.210334
11,378,65,43666,13.887704
11,379,749,43666,227.375066
11,380,3,43666,0.603014
11,381,59,43666,10.747136
11,382,7,43666,1.957416
11,383,0,43666,0.000000
12,0,513,43666,136.557087
12,1,2,43666,0.389305
12,2,0,43666,0.000000
12,3,27,43666,4.434943
12,4,178,43666,35.410273
12,5,40,43666,8.426794
12,6,153,43666,45.304897
12,7,18,43666,5.190237
12,8,29,43666,6.845179
12,9,164,43666,23.803027
12,10,1,43666,0.190971
12,11,1707,43666,467.135031
12,12,38,43666,9.017688
12,13,0,43666,0.000000
12,14,190,43666,45.491715
12,15,0,43666,0.000000
12,16,90,43666,16.312090
12,17,47,43666,9.015998
12,18,7,43666,2.246234
12,19,5453,43666,964.897707
12,20,223,43666,64.015032
12,21,1678,43666,459.962943
12,22,131,43666,21.764541
12,23,252,43666,54.193755
12,24,515,43666,92.647412
12,25,180,43666,35.536448
12,26,16,43666,2.690469
12,27,168,43666,42.298283
12,28,1,43666,0.197143
12,29,121,43666,24.862943
12,30,2,43666,0.417200
12,31,3428,43666,865.112290
12,32,479,43666,126.499482
12,33,188,43666,48.672935
12,34,97,43666,19.965661
12,35,361,43666,41.698013
12,36,30,43666,8.663596
12,37,0,43666,0.000000
12,38,2180,43666,498.478020
12,39,77,43666,16.262225
12,40,122,43666,26.222680
12,41,455,43666,118.971882
12,42,2696,43666,595.395245
12,43,0,43666,0.000000
12,44,40,43666,10.465590
12,45,72,43666,10.989160
12,46,44,43666,9.609160
12,47,478,43666,74.310904
12,48,21699,43666,5228.245655
12,49,149,43666,35.745119
12,50,977,43666,260.819532
12,51,0,43666,0.000000
12,52,12,43666,2.224603
12,53,112,43666,26.921601
12,54,185,43666,28.086317
12,55,663,43666,157.388319
12,56,1,43666,0.173626
12,57,11,43666,2.272905
12,58,1005,43666,282.035269
12,59,570,43666,108.355585
12,60,372,43666,53.587474
12,61,30,43666,4.909493
12,62,676,43666,144.970683
12,63,33,43666,7.617741
12,64,532,43666,163.289484
12,65,0,43666,0.000000
12,66,272,43666,60.907979
12,67,66,43666,16.369335
12,68,7,43666,1.178624
12,69,170,43666,40.654095
12,70,29,43666,5.633695
12,71,739,43666,197.412846
12,72,101,43666,26.059101
12,73,674,43666,184.039120
12,74,331,43666,87.019804
12,75,15,43666,3.580978
12,76,0,43666,0.000000
12,77,735,43666,196.909304
12,78,4,43666,0.786786
12,79,0,43666,0.000000
12,80,57,43666,11.005359
12,81,448,43666,101.393227
12,82,33,43666,4.907522
12,83,391,43666,93.725317
12,84,34,43666,5.879611
12,85,152,43666,39.045063
12,86,684,43666,177.154153
12,87,343,43666,80.284697
12,88,917,43666,216.796597
12,89,123,43666,22.041237
12,90,3643,43666,884.876827
12,91,51,43666,10.098035
12,92,39,43666,9.385113
12,93,1063,43666,239.173829
12,94,87,43666,18.824269
12,95,520,43666,120.791231
12,96,64,43666,15.665238
12,97,76,43666,19.921309
12,98,0,43666,0.000000
12,99,394,43666,55.993745
12,100,295,43666,85.125687
12,101,252,43666,82.008763
12,102,636,43666,153.077972
12,103,2397,43666,556.434335
12,104,7,43666,1.639049
12,105,73,43666,14.020894
12,106,261,43666,57.521466
12,107,309,43666,44.132862
12,108,1,43666,0.225639
12,109,285,43666,82.045856
12,110,1055,43666,219.490648
12,111,559,43666,154.788687
12,112,0,43666,0.000000
12,113,183,43666,43.068304
12,114,0,43666,0.000000
12,115,81,43666,19.667204
12,116,248,43666,72.511515
12,117,421,43666,69.995299
12,118,415,43666,107.472165
12,119,4,43666,0.833591
12,120,1,43666,0.177290
12,121,82,43666,21.683845
12,122,30408,43666,11259.849248
12,123,496,43666,129.754788
12,124,99,43666,20.708996
12,125,6051,43666,1255.982549
12,126,204,43666,43.519358
12,127,44,43666,9.694811
12,128,124,43666,24.239646
12,129,35,43666,8.529566
12,130,295,43666,59.324037
12,131,789,43666,159.189117
12,132,62,43666,9.766443
12,133,478,43666,128.292990
12,134,148,43666,38.280243
12,135,2419,43666,608.661924
12,136,321,43666,61.822886
12,137,159,43666,33.610511
12,138,1452,43666,324.372439
12,139,264,43666,63.823544
12,140,139,43666,19.316273
12,141,98,43666,24.311479
12,142,87,43666,16.501232
12,143,219,43666,51.269325
12,144,550,43666,98.176322
12,145,779,43666,149.446735
12,146,24,43666,5.410684
12,147,116,43666,24.262081
12,148,4,43666,0.771134
12,149,0,43666,0.000000
12,150,0,43666,0.000000
12,151,4468,43666,1133.518471
12,152,414,43666,85.484731
12,153,150,43666,20.291233
12,154,1605,43666,423.368467
12,155,8,43666,1.334253
12,156,124,43666,24.744519
12,157,760,43666,138.584162
12,158,303,43666,70.189461
12,159,10,43666,1.565187
12,160,1,43666,0.202576
12,161,3,43666,0.942928
12,162,141,43666,29.830293
12,163,303,43666,65.645886
12,164,0,43666,0.000000
12,165,8,43666,1.857703
12,166,15,43666,2.352143
12,167,68,43666,17.613431
12,168,10,43666,2.420756
12,169,146,43666,28.662989
12,170,96,43666,11.688157
12,171,173,43666,29.805279
12,172,2,43666,0.330295
12,173,202,43666,48.935664
12,174,1036,43666,215.363716
12,175,26,43666,5.714349
12,176,267,43666,77.541334
12,177,3,43666,0.750874
12,178,5,43666,0.980074
12,179,1410,43666,303.814369
12,180,609,43666,134.720931
12,181,20,43666,4.766733
12,182,0,43666,0.000000
12,183,325,43666,46.796067
12,184,0,43666,0.000000
12,185,1,43666,0.244511
12,186,315,43666,90.480585
12,187,0,43666,0.000000
12,188,0,43666,0.000000
12,189,23,43666,5.602406
12,190,1,43666,0.268805
12,191,1313,43666,194.192259
12,192,89,43666,30.367051
12,193,5,43666,1.117700
12,194,76,43666,18.220168
12,195,9,43666,1.749779
12,196,61,43666,14.733798
12,197,81,43666,13.810535
12,198,37,43666,5.612856
12,199,19,43666,3.828078
12,200,24,43666,4.485783
12,201,574,43666,115.511032
12,202,1623,43666,361.437577
12,203,0,43666,0.000000
12,204,5,43666,0.749923
12,205,0,43666,0.000000
12,206,859,43666,220.990683
12,207,1442,43666,358.609166
12,208,249,43666,51.983160
12,209,375,43666,101.055992
12,210,431,43666,107.109527
12,211,4,43666,0.708501
12,212,45,43666,13.504007
12,213,288,43666,72.996035
12,214,127,43666,28.128676
12,215,101,43666,22.310864
12,216,16,43666,3.403731
12,217,449,43666,116.322105
12,218,3,43666,0.741040
12,219,205,43666,44.491374
12,220,1,43666,0.269001
12,221,59,43666,16.055355
12,222,4,43666,0.794703
12,223,575,43666,119.364537
12,224,503,43666,144.063191
12,225,241,43666,50.547528
12,226,4,43666,0.787055
12,227,8,43666,1.500492
12,228,64,43666,16.064080
12,229,257,43666,61.957836
12,230,506,43666,147.675076
12,231,1,43666,0.179432
12,232,479,43666,112.906032
12,233,47,43666,12.365052
12,234,56,43666,11.451166
12,235,296,43666,80.507796
12,236,116,43666,22.949253
12,237,30,43666,5.883285
12,238,805,43666,190.448286
12,239,190,43666,45.936563
12,240,241,43666,44.626856
12,241,111,43666,42.662686
12,242,80,43666,13.183412
12,243,84,43666,14.518859
12,244,0,43666,0.000000
12,245,2,43666,0.342322
12,246,17,43666,3.276999
12,247,262,43666,38.633837
12,248,84,43666,22.254837
12,249,419,43666,106.241309
12,250,37,43666,4.633531
12,251,9,43666,1.993512
12,252,1,43666,0.194777
12,253,455,43666,118.568314
12,254,94,43666,22.470368
12,255,470,43666,131.099893
12,256,157,43666,30.630481
12,257,82,43666,9.524911
12,258,694,43666,126.971842
12,259,392,43666,76.784836
12,260,459,43666,63.051362
12,261,5474,43666,1184.252168
12,262,372,43666,72.744906
12,263,195,43666,44.773296
12,264,1,43666,0.131061
12,265,52,43666,11.266279
12,266,26,43666,5.821612
12,267,992,43666,312.295852
12,268,91,43666,22.448138
12,269,5,43666,1.137389
12,270,1364,43666,194.698598
12,271,243,43666,58.751125
12,272,525,43666,122.264844
12,273,3,43666,0.745701
12,274,91,43666,15.033057
12,275,108,43666,32.127769
12,276,24,43666,3.685556
12,277,17676,43666,3754.907907
12,278,72,43666,19.335669
12,279,215,43666,58.101438
12,280,282,43666,63.721117
12,281,0,43666,0.000000
12,282,2,43666,0.498390
12,283,349,43666,83.203890
12,284,4,43666,0.988930
12,285,238,43666,43.566469
12,286,0,43666,0.000000
12,287,509,43666,126.245441
12,288,17,43666,3.556686
12,289,0,43666,0.000000
12,290,0,43666,0.000000
12,291,7451,43666,1917.829906
12,292,373,43666,111.239005
12,293,162,43666,34.531351
12,294,203,43666,43.123068
12,295,72,43666,20.155304
12,296,222,43666,71.801378
12,297,5,43666,1.046799
12,298,18,43666,4.517077
12,299,608,43666,96.859696
12,300,91,43666,22.041993
12,301,141,43666,20.977095
12,302,133,43666,38.412049
12,303,9,43666,1.917863
12,304,2,43666,0.342713
12,305,58,43666,13.123617
12,306,195,43666,42.658172
12,307,73,43666,16.927924
12,308,169,43666,41.665267
12,309,2,43666,0.356647
12,310,4577,43666,835.821659
12,311,8,43666,1.705150
12,312,169,43666,40.898180
12,313,726,43666,105.692748
12,314,1128,43666,294.966021
12,315,0,43666,0.000000
12,316,90,43666,20.630768
12,317,211,43666,47.036974
12,318,132,43666,25.063974
12,319,25,43666,5.505500
12,320,177,43666,45.157510
12,321,604,43666,194.127280
12,322,401,43666,91.027204
12,323,4,43666,0.773549
12,324,1396,43666,298.762418
12,325,5,43666,0.814457
12,326,6210,43666,1740.612843
12,327,104,43666,27.517962
12,328,1032,43666,247.687598
12,329,283,43666,67.101821
12,330,44,43666,6.876069
12,331,114,43666,33.030178
12,332,30,43666,7.096961
12,333,55,43666,13.809679
12,334,472,43666,70.997351
12,335,7,43666,1.838199
12,336,379,43666,90.078515
12,337,0,43666,0.000000
12,338,47,43666,6.045945
12,339,35,43666,8.615323
12,340,2749,43666,665.921992
12,341,59,43666,9.169913
12,342,24,43666,3.186153
12,343,62,43666,6.546813
12,344,0,43666,0.000000
12,345,354,43666,88.684219
12,346,58,43666,6.021018
12,347,5,43666,1.078314
12,348,2154,43666,399.413351
12,349,103,43666,28.113979
12,350,81,43666,11.857413
12,351,24,43666,4.697923
12,352,147,43666,44.675134
12,353,57,43666,11.810110
12,354,60,43666,18.158604
12,355,29,43666,6.349406
12,356,30,43666,6.848031
12,357,8,43666,1.564465
12,358,2,43666,0.352525
12,359,2209,43666,321.895642
12,360,98,43666,20.256871
12,361,989,43666,202.377250
12,362,4422,43666,1343.355003
12,363,716,43666,124.317511
12,364,376,43666,54.572453
12,365,6,43666,1.120759
12,366,2135,43666,648.496044
12,367,157,43666,31.634709
12,368,264,43666,50.643651
12,369,814,43666,163.580961
12,370,88,43666,14.522393
12,371,14,43666,2.560742
12,372,181,43666,24.131991
12,373,51,43666,12.420107
12,374,8518,43666,1905.250642
12,375,0,43666,0.000000
12,376,2395,43666,454.520682
12,377,148,43666,45.196025
12,378,24,43666,4.150679
12,379,1431,43666,309.814010
12,380,320,43666,82.609384
12,381,822,43666,239.679236
12,382,103,43666,26.674785
12,383,26965,43666,7268.152802
13,0,333,43666,90.296417
13,1,21,43666,6.387808
13,2,170,43666,32.804956
13,3,2351,43666,484.263739
13,4,7,43666,1.479228
13,5,80,43666,25.438077
13,6,4,43666,0.827834
13,7,1021,43666,277.190894
13,8,329,43666,79.246295
13,9,32,43666,6.855182
13,10,1729,43666,365.395017
13,11,359,43666,105.618671
13,12,17,43666,2.937901
13,13,23,43666,5.400073
13,14,259,43666,65.468605
13,15,51,43666,10.573434
13,16,318,43666,56.985880
13,17,68,43666,13.750878
13,18,227,43666,57.855700
13,19,1520,43666,423.392595
13,20,21,43666,4.187134
13,21,96,43666,25.480452
13,22,123,43666,24.156395
13,23,157,43666,55.944066
13,24,274,43666,89.667165
13,25,372,43666,81.103504
13,26,186,43666,43.833345
13,27,764,43666,169.682768
13,28,551,43666,143.451130
13,29,13,43666,2.749449
13,30,116,43666,22.010282
13,31,273,43666,48.359510
13,32,27,43666,5.523827
13,33,345,43666,108.946656
13,34,832,43666,250.275802
13,35,131,43666,33.864315
13,36,0,43666,0.000000
13,37,223,43666,38.362835
13,38,451,43666,115.646984
13,39,12,43666,2.270658
13,40,52,43666,17.164810
13,41,338,43666,88.704451
13,42,515,43666,127.501933
13,43,3,43666,0.631469
13,44,484,43666,115.251994
13,45,366,43666,79.312429
13,46,138,43666,26.856977
13,47,113,43666,29.187941
13,48,429,43666,110.051229
13,49,286,43666,50.327520
13,50,3696,43666,816.107628
13,51,333,43666,91.450253
13,52,74,43666,15.442751
13,53,116,43666,22.599240
13,54,2220,43666,716.514582
13,55,33,43666,7.009438
13,56,13,43666,3.124966
13,57,428,43666,91.104510
13,58,574,43666,151.211797
13,59,51,43666,11.738263
13,60,772,43666,185.464161
13,61,444,43666,118.769173
13,62,508,43666,94.208275
13,63,455,43666,110.859868
13,64,383,43666,125.272135
13,65,15,43666,3.492331
13,66,368,43666,134.280925
13,67,254,43666,61.891468
13,68,81,43666,14.102838
13,69,70,43666,21.714229
13,70,743,43666,152.447928
13,71,59,43666,12.930696
13,72,56,43666,13.187860
13,73,47,43666,10.581349
13,74,126,43666,32.912475
13,75,240,43666,41.350186
13,76,1054,43666,249.863201
13,77,458,43666,160.057721
13,78,1184,43666,351.091997
13,79,64,43666,12.362973
13,80,0,43666,0.000000
13,81,7336,43666,1824.938196
13,82,58,43666,25.105309
13,83,14434,43666,3060.762076
13,84,125,43666,25.791893
13,85,35,43666,5.606685
13,86,523,43666,224.135149
13,87,211,43666,68.319700
13,88,117,43666,46.357454
13,89,365,43666,92.419349
13,90,75,43666,15.267857
13,91,28,43666,9.822117
13,92,14,43666,2.495614
13,93,464,43666,105.754105
13,94,792,43666,231.791925
13,95,107,43666,23.981640
13,96,2035,43666,452.061855
13,97,50,43666,9.000675
13,98,38,43666,7.938024
13,99,3561,43666,1114.015569
13,100,23,43666,4.120125
13,101,28,43666,5.241578
13,102,155,43666,25.564503
13,103,1776,43666,346.283137
13,104,544,43666,154.897706
13,105,1,43666,0.304841
13,106,1817,43666,542.471535
13,107,109,43666,15.754871
13,108,175,43666,34.716058
13,109,1345,43666,393.481803
13,110,37,43666,7.225261
13,111,65,43666,14.698421
13,112,140,43666,36.407020
13,113,1128,43666,273.860890
13,114,0,43666,0.000000
13,115,587,43666,119.775415
13,116,99,43666,19.188428
13,117,1,43666,0.330317
13,118,381,43666,62.730188
13,119,0,43666,0.000000
13,120,56,43666,13.187998
13,121,558,43666,160.530666
13,122,37,43666,8.457190
13,123,1243,43666,515.743847
13,124,3204,43666,702.369520
13,125,7501,43666,1957.940431
13,126,9,43666,2.245883
13,127,59,43666,15.534125
13,128,19,43666,4.570835
13,129,1908,43666,396.450260
13,130,13,43666,1.313074
13,131,0,43666,0.000000
13,132,3,43666,0.573353
13,133,1242,43666,208.744906
13,134,345,43666,67.091035
13,135,1,43666,0.176958
13,136,243,43666,50.596198
13,137,216,43666,60.386937
13,138,0,43666,0.000000
13,139,1039,43666,287.935929
13,140,166,43666,36.198117
13,141,140,43666,25.729256
13,142,447,43666,95.385483
13,143,485,43666,198.473253
13,144,101,43666,18.130091
13,145,113,43666,23.091797
13,146,38,43666,8.475512
13,147,17,43666,3.203584
13,148,294,43666,70.144788
13,149,5,43666,1.079735
13,150,474,43666,126.219575
13,151,772,43666,197.175899
13,152,224,43666,50.057480
13,153,657,43666,183.028950
13,154,120,43666,28.963764
13,155,2,43666,0.401513
13,156,323,43666,67.480862
13,157,346,43666,81.307016
13,158,55,43666,4.591396
13,159,363,43666,86.614641
13,160,100,43666,45.353591
13,161,12,43666,2.586802
13,162,12,43666,2.111620
13,163,14,43666,2.373562
13,164,16,43666,3.151494
13,165,171,43666,41.104039
13,166,298,43666,89.489295
13,167,2341,43666,707.267749
13,168,200,43666,60.666326
13,169,15,43666,4.139320
13,170,130,43666,21.940480
13,171,21,43666,4.320223
13,172,293,43666,62.346991
13,173,147,43666,27.211675
13,174,1197,43666,293.438039
13,175,701,43666,184.553028
13,176,469,43666,86.017374
13,177,558,43666,114.789379
13,178,56,43666,13.184241
13,179,6,43666,0.944223
13,180,1564,43666,348.582954
13,181,276,43666,53.024016
13,182,7179,43666,2415.368141
13,183,0,43666,0.000000
13,184,2073,43666,456.260650
13,185,16,43666,3.164167
13,186,1,43666,0.177609
13,187,47,43666,6.315626
13,188,251,43666,54.263489
13,189,153,43666,26.701736
13,190,20,43666,5.396295
13,191,339,43666,83.295930
13,192,154,43666,25.943852
13,193,127,43666,41.751021
13,194,114,43666,32.611901
13,195,323,43666,75.151017
13,196,2975,43666,673.879922
13,197,938,43666,191.805079
13,198,66,43666,14.673915
13,199,241,43666,40.776562
13,200,155,43666,29.092520
13,201,386,43666,107.288127
13,202,26,43666,4.433833
13,203,6136,43666,1637.894857
13,204,528,43666,123.660539
13,205,519,43666,127.449513
13,206,67,43666,20.167946
13,207,178,43666,48.919596
13,208,93,43666,15.619141
13,209,13,43666,3.021775
13,210,2514,43666,636.323213
13,211,619,43666,151.151978
13,212,152,43666,44.575344
13,213,366,43666,73.806215
13,214,729,43666,164.262603
13,215,0,43666,0.000000
13,216,201,43666,42.321913
13,217,93,43666,34.109909
13,218,564,43666,134.998289
13,219,137,43666,29.624052
13,220,1060,43666,255.814371
13,221,4153,43666,944.579563
13,222,125,43666,39.064598
13,223,537,43666,154.586667
13,224,693,43666,189.590971
13,225,310,43666,67.489464
13,226,279,43666,54.851889
13,227,625,43666,130.177427
13,228,5727,43666,1313.447397
13,229,4759,43666,995.060990
13,230,9,43666,2.731636
13,231,596,43666,105.150587
13,232,98,43666,23.630190
13,233,1,43666,0.202482
13,234,13644,43666,3587.069293
13,235,889,43666,274.983346
13,236,180,43666,42.802178
13,237,808,43666,178.414409
13,238,489,43666,101.392504
13,239,163,43666,33.492604
13,240,276,43666,54.611425
13,241,151,43666,30.558879
13,242,69,43666,11.389213
13,243,195,43666,43.551088
13,244,128,43666,26.888897
13,245,836,43666,171.484438
13,246,1581,43666,324.978062
13,247,299,43666,60.547440
13,248,944,43666,213.202874
13,249,578,43666,170.836456
13,250,15,43666,2.707962
13,251,219,43666,55.839862
13,252,901,43666,207.584042
13,253,336,43666,93.572780
13,254,132,43666,28.250708
13,255,240,43666,53.843672
13,256,97,43666,19.908988
13,257,240,43666,41.795255
13,258,981,43666,213.418128
13,259,606,43666,118.822675
13,260,297,43666,81.406146
13,261,327,43666,73.742864
13,262,536,43666,161.682411
13,263,1106,43666,253.409629
13,264,289,43666,63.177084
13,265,946,43666,184.385725
13,266,109,43666,36.585574
13,267,142,43666,31.876065
13,268,1,43666,0.205127
13,269,73,43666,17.232353
13,270,1,43666,0.233620
13,271,1115,43666,324.110136
13,272,429,43666,105.018873
13,273,55,43666,12.388695
13,274,228,43666,73.477044
13,275,1,43666,0.183516
13,276,144,43666,30.127115
13,277,725,43666,163.244768
13,278,400,43666,84.445210
13,279,214,43666,52.346877
13,280,1403,43666,444.169020
13,281,121,43666,35.266947
13,282,2524,43666,731.518973
13,283,48,43666,10.230252
13,284,27,43666,5.506222
13,285,650,43666,160.276400
13,286,10,43666,2.850687
13,287,32,43666,8.552824
13,288,2,43666,0.627846
13,289,6,43666,1.265875
13,290,656,43666,144.036395
13,291,838,43666,164.046514
13,292,229,43666,68.503477
13,293,2822,43666,645.695534
13,294,654,43666,128.274790
13,295,214,43666,64.586554
13,296,387,43666,100.112946
13,297,1553,43666,310.376585
13,298,171,43666,43.730506
13,299,862,43666,158.976862
13,300,962,43666,199.247377
13,301,6,43666,1.044650
13,302,2,43666,0.511747
13,303,284,43666,75.418251
13,304,7,43666,1.413863
13,305,15,43666,3.603000
13,306,5,43666,1.037607
13,307,140,43666,28.203009
13,308,515,43666,106.007396
13,309,79,43666,21.432313
13,310,97,43666,21.104913
13,311,45,43666,7.651041
13,312,226,43666,47.675143
13,313,928,43666,219.763133
13,314,342,43666,89.570002
13,315,3,43666,0.711321
13,316,1106,43666,243.178486
13,317,2,43666,0.299426
13,318,204,43666,41.376881
13,319,79,43666,13.603451
13,320,1,43666,0.262535
13,321,1,43666,0.247490
13,322,5,43666,0.877174
13,323,182,43666,45.195145
13,324,329,43666,79.048305
13,325,301,43666,52.107647
13,326,916,43666,235.015372
13,327,81,43666,23.104403
13,328,158,43666,31.219295
13,329,3258,43666,812.919379
13,330,2,43666,0.353752
13,331,8250,43666,2494.607057
13,332,380,43666,70.931414
13,333,201,43666,39.710119
13,334,116,43666,18.797302
13,335,112,43666,25.579145
13,336,223,43666,63.237229
13,337,222,43666,61.259265
13,338,494,43666,141.465414
13,339,313,43666,64.721891
13,340,454,43666,98.207259
13,341,839,43666,170.567233
13,342,445,43666,95.772683
13,343,26,43666,5.222813
13,344,481,43666,141.878567
13,345,72,43666,18.494983
13,346,87,43666,20.366501
13,347,87,43666,18.925333
13,348,104,43666,26.082436
13,349,9,43666,1.937787
13,350,86,43666,12.805930
13,351,175,43666,31.748679
13,352,937,43666,219.365983
13,353,655,43666,191.701605
13,354,4724,43666,901.230576
13,355,573,43666,114.601265
13,356,250,43666,53.924914
13,357,41,43666,6.534073
13,358,416,43666,95.112505
13,359,24,43666,5.437790
13,360,28,43666,5.177696
13,361,361,43666,86.249760
13,362,97,43666,14.668615
13,363,76,43666,21.720689
13,364,23,43666,5.235723
13,365,90,43666,13.578735
13,366,51,43666,10.878007
13,367,353,43666,71.788818
13,368,588,43666,128.076603
13,369,140,43666,39.498281
13,370,7128,43666,1860.595030
13,371,58,43666,18.067388
13,372,165,43666,48.171005
13,373,7267,43666,2196.601758
13,374,3767,43666,951.726359
13,375,420,43666,77.933924
13,376,8281,43666,2386.792167
13,377,5748,43666,1427.230607
13,378,43,43666,9.877178
13,379,0,43666,0.000000
13,380,7,43666,1.836502
13,381,88,43666,23.683534
13,382,690,43666,136.608527
13,383,898,43666,170.467351
14,0,9,43666,2.451020
14,1,800,43666,235.967471
14,2,53,43666,11.394300
14,3,310,43666,70.451476
14,4,35,43666,7.463618
14,5,2132,43666,518.887456
14,6,47,43666,13.413131
14,7,31,43666,5.936044
14,8,24,43666,4.081962
14,9,4,43666,0.743862
14,10,16,43666,3.427740
14,11,76,43666,19.825583
14,12,107,43666,14.078304
14,13,96,43666,18.793982
14,14,5,43666,0.837712
14,15,56,43666,9.217441
14,16,219,43666,60.761288
14,17,317,43666,96.204161
14,18,289,43666,79.933108
14,19,3695,43666,687.650548
14,20,458,43666,112.122909
14,21,2,43666,0.539496
14,22,169,43666,61.035694
14,23,155,43666,29.382665
14,24,0,43666,0.000000
14,25,6,43666,1.336374
14,26,162,43666,31.369350
14,27,910,43666,203.767378
14,28,25,43666,5.875492
14,29,186,43666,46.294962
14,30,164,43666,40.823429
14,31,0,43666,0.000000
14,32,339,43666,104.168459
14,33,52,43666,10.864723
14,34,996,43666,187.533816
14,35,3982,43666,721.681429
14,36,135,43666,26.057980
14,37,97,43666,24.334456
14,38,297,43666,60.833332
14,39,144,43666,35.030441
14,40,46,43666,11.093532
14,41,0,43666,0.000000
14,42,262,43666,50.655267
14,43,72,43666,17.867306
14,44,37,43666,6.937813
14,45,115,43666,33.320848
14,46,107,43666,26.961078
14,47,40,43666,7.686087
14,48,179,43666,58.590642
14,49,551,43666,107.284371
14,50,210,43666,51.353796
14,51,181,43666,47.018763
14,52,65,43666,16.833558
14,53,1188,43666,214.490449
14,54,2,43666,0.433905
14,55,0,43666,0.000000
14,56,122,43666,30.954711
14,57,299,43666,68.291891
14,58,108,43666,22.529863
14,59,40,43666,13.196473
14,60,912,43666,187.052102
14,61,239,43666,95.202993
14,62,5754,43666,1121.866986
14,63,30,43666,7.085693
14,64,28726,43666,6629.876099
14,65,6,43666,1.301501
14,66,0,43666,0.000000
14,67,13,43666,2.748499
14,68,0,43666,0.000000
14,69,50,43666,7.886662
14,70,491,43666,139.537928
14,71,141,43666,37.963296
14,72,15,43666,3.609434
14,73,0,43666,0.000000
14,74,1597,43666,350.301042
14,75,2271,43666,485.778477
14,76,2511,43666,636.461488
14,77,14,43666,3.387981
14,78,241,43666,58.819792
14,79,6,43666,1.210663
14,80,30,43666,6.629717
14,81,0,43666,0.000000
14,82,0,43666,0.000000
14,83,2,43666,0.490466
14,84,2918,43666,700.216401
14,85,24,43666,6.958987
14,86,1018,43666,166.795931
14,87,3,43666,0.582235
14,88,4995,43666,1182.733267
14,89,4,43666,1.061943
14,90,100,43666,32.838387
14,91,306,43666,59.506745
14,92,7,43666,1.515644
14,93,1555,43666,515.550219
14,94,3,43666,0.715943
14,95,9,43666,2.282673
14,96,150,43666,21.595703
14,97,753,43666,163.954396
14,98,64,43666,14.000644
14,99,12,43666,2.417098
14,100,273,43666,69.721189
14,101,1,43666,0.217985
14,102,143,43666,35.199562
14,103,264,43666,67.421647
14,104,27,43666,5.674424
14,105,38,43666,7.735156
14,106,1298,43666,240.415456
14,107,1143,43666,257.729671
14,108,116,43666,24.182919
14,109,19,43666,5.577078
14,110,96,43666,23.945906
14,111,0,43666,0.000000
14,112,128,43666,25.591091
14,113,25,43666,6.548401
14,114,8,43666,2.440042
14,115,874,43666,162.752670
14,116,466,43666,139.782617
14,117,1265,43666,250.943762
14,118,368,43666,83.441631
14,119,117,43666,20.445426
14,120,3,43666,0.735980
14,121,102,43666,19.673767
14,122,111,43666,29.739310
14,123,27,43666,5.429787
14,124,57,43666,12.503033
14,125,2,43666,0.390481
14,126,132,43666,34.289373
14,127,171,43666,42.144062
14,128,1837,43666,409.267673
14,129,178,43666,45.745148
14,130,2,43666,0.353461
14,131,0,43666,0.000000
14,132,83,43666,18.128843
14,133,1,43666,0.183376
14,134,146,43666,56.562268
14,135,16,43666,3.698680
14,136,2628,43666,528.577011
14,137,29041,43666,8522.915631
14,138,46,43666,11.315080
14,139,564,43666,134.512561
14,140,260,43666,44.905374
14,141,259,43666,44.003989
14,142,0,43666,0.000000
14,143,0,43666,0.000000
14,144,260,43666,49.341783
14,145,460,43666,113.954394
14,146,2065,43666,464.846994
14,147,75,43666,19.098082
14,148,118,43666,27.821456
14,149,254,43666,57.700287
14,150,9,43666,2.378880
14,151,1285,43666,344.888358
14,152,177,43666,41.724735
14,153,0,43666,0.000000
14,154,2,43666,0.342131
14,155,64,43666,14.411010
14,156,0,43666,0.000000
14,157,187,43666,39.093100
14,158,358,43666,82.874308
14,159,34,43666,5.707401
14,160,32,43666,8.052643
14,161,81,43666,17.158520
14,162,165,43666,35.907890
14,163,48,43666,12.599782
14,164,506,43666,99.339558
14,165,338,43666,76.462280
14,166,174,43666,31.170212
14,167,58,43666,11.432729
14,168,85,43666,15.566337
14,169,12291,43666,4569.771591
14,170,25,43666,4.714351
14,171,76,43666,23.828832
14,172,465,43666,107.286054
14,173,143,43666,28.553281
14,174,0,43666,0.000000
14,175,636,43666,125.587582
14,176,91,43666,22.579989
14,177,30,43666,7.703538
14,178,2868,43666,632.226154
14,179,125,43666,23.799432
14,180,1,43666,0.216303
14,181,24,43666,5.918525
14,182,113,43666,25.874439
14,183,0,43666,0.000000
14,184,1418,43666,271.293202
14,185,1183,43666,289.809651
14,186,68,43666,8.864279
14,187,1468,43666,283.201485
14,188,3,43666,0.821732
14,189,450,43666,93.119805
14,190,8,43666,1.923141
14,191,143,43666,28.154114
14,192,91,43666,23.518668
14,193,56,43666,12.855703
14,194,338,43666,79.213072
14,195,2389,43666,686.389740
14,196,13,43666,2.099180
14,197,79,43666,20.938605
14,198,361,43666,92.294930
14,199,1165,43666,248.098598
14,200,150,43666,25.788362
14,201,57,43666,14.511987
14,202,350,43666,105.313240
14,203,49,43666,12.141416
14,204,3246,43666,826.731043
14,205,0,43666,0.000000
14,206,76,43666,16.319231
14,207,224,43666,43.439540
14,208,50,43666,9.152097
14,209,51,43666,11.702168
14,210,1015,43666,242.106605
14,211,6,43666,1.289586
14,212,81,43666,20.710294
14,213,0,43666,0.000000
14,214,213,43666,68.686081
14,215,56,43666,11.059497
14,216,1409,43666,355.707835
14,217,2632,43666,590.237849
14,218,49,43666,10.885368
14,219,13,43666,2.212399
14,220,0,43666,0.000000
14,221,964,43666,224.675994
14,222,422,43666,81.694659
14,223,774,43666,208.414260
14,224,690,43666,131.541832
14,225,231,43666,42.591612
14,226,195,43666,40.851855
14,227,1,43666,0.185197
14,228,102,43666,20.375871
14,229,4,43666,0.876502
14,230,215,43666,50.733241
14,231,1868,43666,488.998989
14,232,99,43666,20.235411
14,233,197,43666,42.807720
14,234,86,43666,20.041744
14,235,615,43666,129.370577
14,236,4528,43666,847.352213
14,237,42,43666,11.476059
14,238,317,43666,61.825652
14,239,6174,43666,1996.780341
14,240,6,43666,1.580606
14,241,515,43666,141.384431
14,242,304,43666,81.931350
14,243,1,43666,0.223487
14,244,882,43666,290.925630
14,245,1723,43666,441.457905
14,246,54,43666,10.757205
14,247,2,43666,0.494025
14,248,140,43666,36.633664
14,249,1523,43666,382.148801
14,250,227,43666,57.326932
14,251,1092,43666,200.163546
14,252,146,43666,35.262623
14,253,135,43666,14.860520
14,254,517,43666,106.687673
14,255,95,43666,23.202263
14,256,128,43666,25.275822
14,257,101,43666,16.789871
14,258,10,43666,2.708976
14,259,98,43666,28.829756
14,260,0,43666,0.000000
14,261,1033,43666,212.238999
14,262,167,43666,45.689177
14,263,200,43666,38.478731
14,264,77,43666,13.710969
14,265,68,43666,15.981521
14,266,0,43666,0.000000
14,267,1006,43666,201.263353
14,268,2,43666,0.364187
14,269,0,43666,0.000000
14,270,159,43666,39.064327
14,271,0,43666,0.000000
14,272,0,43666,0.000000
14,273,436,43666,111.535117
14,274,370,43666,54.412921
14,275,37,43666,8.959990
14,276,1,43666,0.276593
14,277,12,43666,2.467073
14,278,2268,43666,438.554901
14,279,55,43666,15.676524
14,280,205,43666,55.901353
14,281,453,43666,86.193599
14,282,1,43666,0.263514
14,283,331,43666,113.769256
14,284,46,43666,11.162728
14,285,5,43666,0.761663
14,286,255,43666,50.413847
14,287,155,43666,46.286575
14,288,179,43666,39.654434
14,289,3141,43666,847.544297
14,290,73,43666,12.860264
14,291,3455,43666,877.351027
14,292,506,43666,123.656336
14,293,0,43666,0.000000
14,294,380,43666,104.620373
14,295,252,43666,66.099874
14,296,44,43666,5.748138
14,297,70,43666,10.092174
14,298,8,43666,1.488492
14,299,238,43666,61.220191
14,300,391,43666,75.987894
14,301,157,43666,33.586954
14,302,3,43666,0.614243
14,303,23,43666,5.182359
14,304,209,43666,37.877099
14,305,38,43666,9.849173
14,306,117,43666,30.250987
14,307,1,43666,0.184694
14,308,2208,43666,481.334920
14,309,1,43666,0.163535
14,310,297,43666,83.377019
14,311,39,43666,14.014267
14,312,3,43666,0.534504
14,313,0,43666,0.000000
14,314,0,43666,0.000000
14,315,219,43666,64.319287
14,316,4,43666,1.166573
14,317,223,43666,67.042976
14,318,53,43666,10.101478
14,319,34,43666,6.265761
14,320,23,43666,4.638659
14,321,50,43666,12.463598
14,322,0,43666,0.000000
14,323,393,43666,106.394828
14,324,34,43666,6.553806
14,325,1415,43666,467.253161
14,326,0,43666,0.000000
14,327,186,43666,48.580423
14,328,2,43666,0.415794
14,329,159,43666,27.924318
14,330,12,43666,2.492036
14,331,835,43666,264.402715
14,332,238,43666,47.535534
14,333,747,43666,116.906967
14,334,701,43666,154.893793
14,335,3891,43666,870.917917
14,336,12,43666,2.402029
14,337,2362,43666,579.163216
14,338,24,43666,6.155991
14,339,183,43666,33.237307
14,340,100,43666,21.843862
14,341,1118,43666,238.849240
14,342,29,43666,6.161064
14,343,69,43666,17.822274
14,344,8,43666,1.675872
14,345,4,43666,0.918915
14,346,316,43666,76.047580
14,347,49,43666,22.212483
14,348,39,43666,8.087180
14,349,61,43666,16.850109
14,350,0,43666,0.000000
14,351,832,43666,164.025904
14,352,94,43666,18.996556
14,353,42,43666,12.604325
14,354,66,43666,18.324715
14,355,249,43666,84.623570
14,356,166,43666,38.187686
14,357,70,43666,16.111999
14,358,2461,43666,602.757482
14,359,4715,43666,971.408276
14,360,17,43666,3.202981
14,361,29,43666,4.511470
14,362,0,43666,0.000000
14,363,754,43666,150.436564
14,364,315,43666,68.340083
14,365,1796,43666,699.780511
14,366,20,43666,6.002843
14,367,113,43666,29.943400
14,368,2414,43666,540.130059
14,369,2,43666,0.384480
14,370,253,43666,96.740083
14,371,104,43666,29.791640
14,372,4,43666,0.677037
14,373,5078,43666,1721.179818
14,374,1,43666,0.199371
14,375,11388,43666,2615.409446
14,376,277,43666,77.224398
14,377,115,43666,29.992780
14,378,201,43666,39.964486
14,379,4677,43666,1118.892754
14,380,6727,43666,1928.541462
14,381,172,43666,54.206708
14,382,1,43666,0.211964
14,383,640,43666,182.928652
15,0,3662,43666,854.365851
15,1,63,43666,14.129203
15,2,1117,43666,192.629687
15,3,241,43666,39.664551
15,4,899,43666,368.272000
15,5,1621,43666,357.568268
15,6,126,43666,21.843520
15,7,266,43666,67.896737
15,8,312,43666,40.342333
15,9,49,43666,15.605525
15,10,1,43666,0.128992
15,11,160,43666,33.846708
15,12,102,43666,16.640411
15,13,348,43666,65.398355
15,14,191,43666,75.349016
15,15,466,43666,99.107658
15,16,231,43666,102.354330
15,17,933,43666,183.344816
15,18,192,43666,55.362327
15,19,435,43666,186.134724
15,20,148,43666,27.776210
15,21,441,43666,163.792375
15,22,87,43666,23.928538
15,23,629,43666,106.819531
15,24,0,43666,0.000000
15,25,2827,43666,669.386451
15,26,69,43666,8.646575
15,27,9388,43666,2634.988212
15,28,145,43666,20.663158
15,29,29,43666,7.499091
15,30,5,43666,0.935702
15,31,233,43666,30.206777
15,32,402,43666,74.664437
15,33,100,43666,21.257616
15,34,81,43666,18.284210
15,35,130,43666,20.429098
15,36,82,43666,12.668829
15,37,0,43666,0.000000
15,38,207,43666,33.687465
15,39,150,43666,23.926181
15,40,97,43666,20.846246
15,41,1,43666,0.432362
15,42,510,43666,104.956579
15,43,851,43666,377.980950
15,44,127,43666,51.844068
15,45,119,43666,41.311522
15,46,446,43666,137.866655
15,47,18,43666,3.942912
15,48,2,43666,0.867801
15,49,34,43666,5.077283
15,50,159,43666,53.206219
15,51,1308,43666,212.596923
15,52,3497,43666,652.973107
15,53,465,43666,75.521522
15,54,3765,43666,2203.608412
15,55,269,43666,66.752148
15,56,0,43666,0.000000
15,57,377,43666,188.756629
15,58,0,43666,0.000000
15,59,165,43666,49.680219
15,60,121,43666,50.405082
15,61,1698,43666,710.702982
15,62,638,43666,422.725881
15,63,218,43666,27.744615
15,64,184,43666,29.515244
15,65,6899,43666,2537.360394
15,66,1400,43666,485.335993
15,67,100,43666,19.005090
15,68,27,43666,5.860322
15,69,296,43666,49.798016
15,70,402,43666,51.746792
15,71,4,43666,0.376230
15,72,1,43666,0.062139
15,73,827,43666,206.486035
15,74,2544,43666,490.471998
15,75,3,43666,0.568028
15,76,793,43666,294.628029
15,77,0,43666,0.000000
15,78,266,43666,55.502406
15,79,459,43666,140.532793
15,80,204,43666,29.391168
15,81,46,43666,5.983050
15,82,268,43666,31.530728
15,83,629,43666,120.981917
15,84,68,43666,3.564755
15,85,1732,43666,421.244062
15,86,415,43666,145.275530
15,87,302,43666,80.339995
15,88,142,43666,75.016623
15,89,640,43666,126.045846
15,90,2019,43666,626.216487
15,91,5307,43666,997.337133
15,92,363,43666,136.634701
15,93,295,43666,83.657684
15,94,89,43666,11.411763
15,95,620,43666,104.458295
15,96,348,43666,71.921396
15,97,715,43666,103.359969
15,98,471,43666,84.409055
15,99,116,43666,37.520731
15,100,70,43666,17.197250
15,101,132,43666,22.106534
15,102,329,43666,89.968897
15,103,199,43666,46.176058
15,104,1305,43666,372.232720
15,105,175,43666,24.664576
15,106,3423,43666,917.490169
15,107,0,43666,0.000000
15,108,71,43666,15.365637
15,109,1052,43666,193.828435
15,110,1871,43666,279.684197
15,111,557,43666,265.787933
15,112,496,43666,79.539135
15,113,39,43666,5.171222
15,114,62,43666,12.252791
15,115,75,43666,19.560419
15,116,140,43666,25.547989
15,117,230,43666,36.077034
15,118,881,43666,281.168775
15,119,672,43666,129.545670
15,120,17,43666,7.752873
15,121,2094,43666,421.989780
15,122,261,43666,62.894242
15,123,807,43666,256.556811
15,124,1010,43666,239.300660
15,125,581,43666,151.149912
15,126,113,43666,24.088241
15,127,0,43666,0.000000
15,128,1,43666,0.080842
15,129,2459,43666,936.559814
15,130,1414,43666,262.099658
15,131,15,43666,6.321526
15,132,1408,43666,336.050370
15,133,666,43666,177.819475
15,134,528,43666,65.993973
15,135,68,43666,8.914914
15,136,141,43666,31.053081
15,137,3996,43666,845.452448
15,138,6,43666,1.214396
15,139,213,43666,56.324915
15,140,98,43666,16.213213
15,141,771,43666,200.804001
15,142,143,43666,91.643781
15,143,1214,43666,308.867752
15,144,295,43666,54.292208
15,145,114,43666,14.259952
15,146,200,43666,44.162754
15,147,9,43666,1.765922
15,148,1047,43666,379.761111
15,149,362,43666,50.876308
15,150,11668,43666,2430.149487
15,151,1907,43666,356.671971
15,152,478,43666,198.200225
15,153,5094,43666,986.431518
15,154,1322,43666,335.508366
15,155,113,43666,17.094601
15,156,292,43666,52.841280
15,157,438,43666,56.823482
15,158,269,43666,38.894968
15,159,360,43666,110.667562
15,160,282,43666,47.212050
15,161,1,43666,0.332074
15,162,2308,43666,786.401939
15,163,3,43666,0.353440
15,164,1640,43666,231.038380
15,165,3581,43666,704.778814
15,166,138,43666,25.941889
15,167,106,43666,27.380531
15,168,4250,43666,980.514789
15,169,176,43666,31.703393
15,170,22,43666,4.058389
15,171,57,43666,8.173325
15,172,970,43666,275.836504
15,173,0,43666,0.000000
15,174,2829,43666,872.032672
15,175,56,43666,18.400431
15,176,584,43666,129.508453
15,177,29,43666,3.988261
15,178,629,43666,174.284936
15,179,77,43666,30.813918
15,180,327,43666,53.383761
15,181,518,43666,106.325613
15,182,93,43666,9.957029
15,183,4,43666,0.564111
15,184,94,43666,17.559805
15,185,552,43666,78.665215
15,186,54,43666,21.452896
15,187,243,43666,43.821126
15,188,142,43666,39.519720
15,189,78,43666,9.998476
15,190,221,43666,41.213922
15,191,12,43666,0.803381
15,192,1451,43666,278.585917
15,193,22,43666,1.678366
15,194,71,43666,22.015371
15,195,2809,43666,638.205928
15,196,104,43666,14.472995
15,197,540,43666,137.556097
15,198,380,43666,63.352124
15,199,298,43666,126.804200
15,200,590,43666,94.385110
15,201,567,43666,131.915768
15,202,543,43666,72.889217
15,203,5,43666,0.541435
15,204,61,43666,8.390946
15,205,51,43666,8.738543
15,206,102,43666,24.782975
15,207,136,43666,27.978848
15,208,328,43666,83.987605
15,209,132,43666,37.039840
15,210,464,43666,54.594349
15,211,117,43666,49.658823
15,212,367,43666,69.954465
15,213,1307,43666,231.814444
15,214,132,43666,22.771933
15,215,1543,43666,293.518248
15,216,766,43666,110.469253
15,217,11,43666,2.317477
15,218,1379,43666,183.685047
15,219,134,43666,21.006778
15,220,161,43666,54.866691
15,221,1572,43666,288.428991
15,222,1,43666,0.119510
15,223,157,43666,45.762103
15,224,8,43666,1.574052
15,225,12,43666,0.631367
15,226,413,43666,49.881032
15,227,390,43666,53.597886
15,228,55,43666,7.669505
15,229,284,43666,40.091661
15,230,45,43666,18.589597
15,231,288,43666,34.683265
15,232,122,43666,34.140433
15,233,679,43666,81.102213
15,234,11,43666,0.800464
15,235,3796,43666,799.636083
15,236,556,43666,203.068419
15,237,22,43666,2.752146
15,238,3,43666,0.405632
15,239,2153,43666,446.365892
15,240,11,43666,1.981147
15,241,91,43666,10.627421
15,242,217,43666,38.476362
15,243,4796,43666,819.327857
15,244,90,43666,16.126418
15,245,235,43666,51.602804
15,246,23,43666,3.609644
15,247,492,43666,79.611326
15,248,117,43666,26.487187
15,249,209,43666,45.168925
15,250,1544,43666,313.550425
15,251,124,43666,22.654152
15,252,3,43666,0.395726
15,253,1,43666,0.106379
15,254,22,43666,5.825337
15,255,675,43666,123.167268
15,256,19,43666,1.938188
15,257,157,43666,25.890191
15,258,52,43666,19.668953
15,259,378,43666,55.444142
15,260,20,43666,3.056748
15,261,1160,43666,193.076589
15,262,646,43666,142.020578
15,263,3,43666,0.464531
15,264,147,43666,24.145474
15,265,52,43666,8.021768
15,266,27,43666,6.054448
15,267,592,43666,135.082348
15,268,903,43666,153.724448
15,269,653,43666,291.641390
15,270,197,43666,87.306064
15,271,934,43666,149.570032
15,272,945,43666,402.776049
15,273,38,43666,6.440608
15,274,425,43666,88.489727
15,275,97,43666,15.065338
15,276,599,43666,79.707580
15,277,0,43666,0.000000
15,278,0,43666,0.000000
15,279,1,43666,0.210578
15,280,729,43666,208.020211
15,281,213,43666,85.266797
15,282,43,43666,7.393757
15,283,5389,43666,2594.248736
15,284,308,43666,42.429138
15,285,5447,43666,1155.048730
15,286,6,43666,1.217172
15,287,1390,43666,384.523262
15,288,401,43666,61.425866
15,289,219,43666,78.820856
15,290,9,43666,1.337215
15,291,629,43666,190.793862
15,292,652,43666,140.945655
15,293,283,43666,61.810969
15,294,1681,43666,1094.573959
15,295,13,43666,1.454224
15,296,29,43666,3.549397
15,297,65,43666,5.306033
15,298,127,43666,48.978498
15,299,278,43666,144.328925
15,300,202,43666,28.896796
15,301,143,43666,23.259880
15,302,155,43666,33.571062
15,303,2457,43666,580.124480
15,304,227,43666,65.339667
15,305,1580,43666,285.301492
15,306,0,43666,0.000000
15,307,183,43666,40.804373
15,308,11,43666,3.983452
15,309,132,43666,36.060688
15,310,1277,43666,181.697612
15,311,226,43666,31.961680
15,312,148,43666,41.425959
15,313,340,43666,102.509884
15,314,854,43666,198.899656
15,315,36,43666,6.475636
15,316,57,43666,41.880469
15,317,1101,43666,304.109923
15,318,1799,43666,368.728834
15,319,759,43666,183.896898
15,320,462,43666,98.203919
15,321,157,43666,52.040770
15,322,113,43666,14.747532
15,323,68,43666,7.594129
15,324,148,43666,63.283718
15,325,745,43666,137.895920
15,326,2971,43666,1325.253125
15,327,97,43666,17.998131
15,328,500,43666,122.479014
15,329,3,43666,0.495689
15,330,160,43666,49.394451
15,331,270,43666,127.133451
15,332,2043,43666,287.798922
15,333,136,43666,58.120627
15,334,782,43666,133.612321
15,335,2601,43666,505.250229
15,336,406,43666,132.399636
15,337,843,43666,383.737912
15,338,48,43666,6.995923
15,339,354,43666,48.999462
15,340,36,43666,9.723494
15,341,3399,43666,902.515068
15,342,656,43666,141.264154
15,343,505,43666,98.641762
15,344,455,43666,72.961495
15,345,525,43666,107.726934
15,346,3531,43666,665.576962
15,347,1665,43666,273.668953
15,348,5576,43666,1040.498540
15,349,157,43666,33.063947
15,350,446,43666,69.722230
15,351,554,43666,111.062174
15,352,254,43666,39.732145
15,353,19,43666,2.700772
15,354,34,43666,5.424338
15,355,3926,43666,1302.983178
15,356,104,43666,18.615335
15,357,113,43666,17.339400
15,358,321,43666,57.903589
15,359,4955,43666,1054.586684
15,360,75,43666,19.217399
15,361,294,43666,67.690356
15,362,743,43666,112.759903
15,363,61,43666,18.076405
15,364,280,43666,37.602513
15,365,117,43666,10.120670
15,366,139,43666,21.993524
15,367,7,43666,0.870414
15,368,503,43666,250.863464
15,369,664,43666,108.743756
15,370,194,43666,82.975548
15,371,107,43666,11.522207
15,372,17,43666,8.639322
15,373,147,43666,64.533404
15,374,228,43666,125.847842
15,375,214,43666,52.821408
15,376,3,43666,0.633300
15,377,137,43666,67.858694
15,378,122,43666,45.201863
15,379,78,43666,12.149828
15,380,53,43666,7.572371
15,381,246,43666,42.173621
15,382,1550,43666,339.243753
15,383,154,43666,34.718845
16,0,2649,43666,589.549095
16,1,195,43666,50.296702
16,2,8087,43666,2301.186923
16,3,1335,43666,503.857760
16,4,427,43666,92.493868
16,5,98,43666,25.262956
16,6,1556,43666,319.256454
16,7,153,43666,25.317102
16,8,81,43666,17.718377
16,9,21,43666,4.620072
16,10,60,43666,13.132759
16,11,733,43666,167.722504
16,12,111,43666,22.750190
16,13,0,43666,0.000000
16,14,0,43666,0.000000
16,15,7,43666,1.351070
16,16,188,43666,37.687147
16,17,660,43666,144.528583
16,18,12,43666,2.922247
16,19,72,43666,12.437829
16,20,52,43666,11.972375
16,21,1190,43666,261.880116
16,22,326,43666,59.954276
16,23,2,43666,0.354090
16,24,12,43666,2.777238
16,25,1722,43666,494.797498
16,26,23,43666,5.622517
16,27,689,43666,150.381816
16,28,624,43666,151.949167
16,29,1241,43666,311.819241
16,30,199,43666,44.440602
16,31,9,43666,2.023620
16,32,7,43666,1.595608
16,33,7138,43666,1612.666972
16,34,30,43666,7.380001
16,35,136,43666,22.334627
16,36,227,43666,43.185416
16,37,80,43666,14.166719
16,38,101,43666,23.297823
16,39,783,43666,192.465424
16,40,3468,43666,1013.610297
16,41,22566,43666,6093.034797
16,42,3,43666,0.519176
16,43,138,43666,34.269650
16,44,0,43666,0.000000
16,45,3,43666,0.687363
16,46,153,43666,39.113469
16,47,1082,43666,259.722289
16,48,5026,43666,1495.496881
16,49,170,43666,41.158542
16,50,10,43666,2.894220
16,51,136,43666,32.990463
16,52,305,43666,66.546962
16,53,0,43666,0.000000
16,54,45,43666,10.504010
16,55,154,43666,37.051724
16,56,176,43666,39.036999
16,57,0,43666,0.000000
16,58,41,43666,6.049400
16,59,203,43666,42.568399
16,60,188,43666,43.193633
16,61,223,43666,48.988507
16,62,271,43666,89.344623
16,63,123,43666,13.101414
16,64,57,43666,14.604640
16,65,171,43666,32.223288
16,66,140,43666,34.865154
16,67,0,43666,0.000000
16,68,81,43666,25.952839
16,69,4,43666,0.880844
16,70,132,43666,26.057913
16,71,0,43666,0.000000
16,72,324,43666,103.674292
16,73,1103,43666,271.419249
16,74,1854,43666,465.716028
16,75,0,43666,0.000000
16,76,9,43666,2.000784
16,77,476,43666,109.603557
16,78,120,43666,28.095787
16,79,332,43666,67.476914
16,80,0,43666,0.000000
16,81,33,43666,5.762108
16,82,2496,43666,513.817439
16,83,1757,43666,424.910656
16,84,230,43666,45.851481
16,85,569,43666,180.590088
16,86,9900,43666,2182.266899
16,87,0,43666,0.000000
16,88,456,43666,100.624368
16,89,1627,43666,467.330567
16,90,30,43666,7.558456
16,91,129,43666,31.036409
16,92,0,43666,0.000000
16,93,4357,43666,1029.011887
16,94,823,43666,163.272050
16,95,657,43666,140.518180
16,96,103,43666,29.064363
16,97,1362,43666,339.206077
16,98,93,43666,23.627997
16,99,0,43666,0.000000
16,100,16,43666,3.263873
16,101,7,43666,1.574537
16,102,50,43666,9.450579
16,103,476,43666,136.902473
16,104,47,43666,8.316434
16,105,4,43666,0.915572
16,106,52,43666,11.389307
16,107,112,43666,30.040968
16,108,127,43666,34.794631
16,109,732,43666,152.993124
16,110,0,43666,0.000000
16,111,195,43666,46.253430
16,112,0,43666,0.000000
16,113,632,43666,127.473748
16,114,0,43666,0.000000
16,115,2,43666,0.427300
16,116,239,43666,53.123393
16,117,3813,43666,957.055305
16,118,1509,43666,309.768055
16,119,159,43666,40.314480
16,120,8,43666,1.740168
16,121,79,43666,15.552476
16,122,6,43666,1.311654
16,123,122,43666,28.838513
16,124,126,43666,29.205312
16,125,10,43666,2.070648
16,126,125,43666,29.692764
16,127,3,43666,0.660044
16,128,0,43666,0.000000
16,129,34,43666,7.334779
16,130,1920,43666,431.908749
16,131,1,43666,0.174563
16,132,0,43666,0.000000
16,133,1001,43666,226.633116
16,134,733,43666,160.689802
16,135,36,43666,7.753306
16,136,99,43666,20.571506
16,137,143,43666,32.429619
16,138,168,43666,31.835296
16,139,4,43666,0.898824
16,140,96,43666,12.879973
16,141,41,43666,8.062005
16,142,1,43666,0.222439
16,143,162,43666,36.731185
16,144,68,43666,17.366581
16,145,0,43666,0.000000
16,146,5963,43666,1331.285922
16,147,567,43666,125.908256
16,148,0,43666,0.000000
16,149,39,43666,10.289257
16,150,5,43666,1.137842
16,151,100,43666,22.143540
16,152,294,43666,78.396318
16,153,1,43666,0.183241
16,154,0,43666,0.000000
16,155,47,43666,11.078102
16,156,58,43666,10.762075
16,157,173,43666,50.272039
16,158,0,43666,0.000000
16,159,49,43666,9.773771
16,160,3825,43666,870.171223
16,161,8356,43666,1807.791474
16,162,36,43666,8.600118
16,163,1390,43666,304.843678
16,164,0,43666,0.000000
16,165,0,43666,0.000000
16,166,134,43666,29.503271
16,167,29,43666,4.871566
16,168,146,43666,27.147072
16,169,648,43666,132.543843
16,170,58,43666,14.982342
16,171,1,43666,0.315775
16,172,66,43666,13.071474
16,173,229,43666,50.202316
16,174,128,43666,29.911201
16,175,0,43666,0.000000
16,176,1175,43666,402.328402
16,177,1123,43666,347.982538
16,178,198,43666,46.127678
16,179,48,43666,10.431132
16,180,15,43666,3.028901
16,181,1120,43666,250.490406
16,182,5,43666,1.110212
16,183,165,43666,37.112651
16,184,444,43666,109.478289
16,185,333,43666,74.984789
16,186,18,43666,5.028419
16,187,94,43666,24.485577
16,188,597,43666,119.804209
16,189,169,43666,54.447545
16,190,253,43666,50.651547
16,191,19693,43666,5469.217612
16,192,280,43666,75.396615
16,193,0,43666,0.000000
16,194,0,43666,0.000000
16,195,117,43666,20.351585
16,196,0,43666,0.000000
16,197,2363,43666,803.554481
16,198,119,43666,26.069296
16,199,21,43666,5.071799
16,200,2,43666,0.662596
16,201,116,43666,25.325434
16,202,500,43666,142.829614
16,203,1081,43666,221.874052
16,204,527,43666,97.098974
16,205,339,43666,62.862904
16,206,452,43666,113.048378
16,207,0,43666,0.000000
16,208,64,43666,15.473791
16,209,62,43666,13.779342
16,210,255,43666,69.358049
16,211,694,43666,168.686124
16,212,1056,43666,217.573623
16,213,142,43666,28.215860
16,214,1,43666,0.183704
16,215,11,43666,2.277284
16,216,141,43666,35.491103
16,217,58,43666,15.353477
16,218,63,43666,16.026068
16,219,155,43666,46.053113
16,220,89,43666,24.443479
16,221,0,43666,0.000000
16,222,0,43666,0.000000
16,223,11,43666,3.226285
16,224,2,43666,0.437662
16,225,9,43666,1.993042
16,226,15,43666,3.237587
16,227,0,43666,0.000000
16,228,156,43666,30.839189
16,229,12,43666,2.559696
16,230,39,43666,10.810947
16,231,42,43666,7.048963
16,232,0,43666,0.000000
16,233,10,43666,1.718912
16,234,105,43666,23.592882
16,235,1406,43666,271.635299
16,236,2,43666,0.409479
16,237,570,43666,141.051302
16,238,5998,43666,1519.629262
16,239,272,43666,91.139921
16,240,161,43666,43.680178
16,241,78,43666,14.482844
16,242,17,43666,3.940226
16,243,186,43666,57.182292
16,244,63,43666,11.574532
16,245,7482,43666,1992.295470
16,246,315,43666,61.091449
16,247,13,43666,2.752882
16,248,150,43666,46.912183
16,249,3,43666,0.578625
16,250,3399,43666,760.678528
16,251,609,43666,130.605733
16,252,49,43666,13.112769
16,253,1197,43666,250.344554
16,254,0,43666,0.000000
16,255,12,43666,2.998350
16,256,185,43666,36.378529
16,257,1,43666,0.297677
16,258,2,43666,0.414107
16,259,177,43666,35.449611
16,260,0,43666,0.000000
16,261,169,43666,32.660865
16,262,404,43666,114.901123
16,263,2549,43666,609.771551
16,264,736,43666,161.055369
16,265,4807,43666,1489.980045
16,266,26,43666,5.879994
16,267,40,43666,9.196637
16,268,1615,43666,528.969329
16,269,9,43666,1.969176
16,270,0,43666,0.000000
16,271,602,43666,161.620387
16,272,16,43666,4.302188
16,273,51,43666,9.822825
16,274,0,43666,0.000000
16,275,53,43666,12.898434
16,276,789,43666,187.840964
16,277,2,43666,0.339509
16,278,34,43666,5.835631
16,279,830,43666,212.433439
16,280,187,43666,42.045479
16,281,468,43666,96.966344
16,282,786,43666,179.645340
16,283,171,43666,44.947322
16,284,11056,43666,2725.407260
16,285,18,43666,4.012216
16,286,107,43666,27.803076
16,287,45,43666,7.136035
16,288,227,43666,60.223973
16,289,2860,43666,570.681284
16,290,140,43666,29.982051
16,291,0,43666,0.000000
16,292,0,43666,0.000000
16,293,278,43666,78.271844
16,294,62,43666,19.326951
16,295,515,43666,107.229824
16,296,15,43666,4.010070
16,297,22,43666,4.974934
16,298,0,43666,0.000000
16,299,115,43666,27.930963
16,300,973,43666,247.338838
16,301,0,43666,0.000000
16,302,127,43666,36.786132
16,303,4,43666,0.639268
16,304,1985,43666,479.440621
16,305,184,43666,41.678468
16,306,1,43666,0.189977
16,307,228,43666,45.790865
16,308,0,43666,0.000000
16,309,69,43666,14.044943
16,310,42,43666,7.806940
16,311,27,43666,6.769033
16,312,194,43666,47.201837
16,313,39,43666,10.752516
16,314,13,43666,2.998094
16,315,0,43666,0.000000
16,316,22,43666,4.151935
16,317,178,43666,39.492125
16,318,305,43666,85.368872
16,319,177,43666,41.223411
16,320,2,43666,0.375131
16,321,139,43666,24.559176
16,322,2,43666,0.418689
16,323,88,43666,19.266248
16,324,1,43666,0.200011
16,325,309,43666,49.266480
16,326,2,43666,0.392903
16,327,12,43666,3.684101
16,328,117,43666,31.273198
16,329,811,43666,196.675864
16,330,0,43666,0.000000
16,331,184,43666,46.054822
16,332,2956,43666,939.653553
16,333,0,43666,0.000000
16,334,51,43666,11.987976
16,335,74,43666,17.056071
16,336,3941,43666,1110.732023
16,337,5,43666,0.972085
16,338,0,43666,0.000000
16,339,256,43666,65.031811
16,340,1,43666,0.174750
16,341,1,43666,0.314233
16,342,388,43666,82.091167
16,343,91,43666,23.255439
16,344,1181,43666,293.722838
16,345,152,43666,32.452298
16,346,74,43666,14.744037
16,347,275,43666,49.574470
16,348,4909,43666,1092.217253
16,349,2510,43666,496.145719
16,350,12,43666,2.552591
16,351,0,43666,0.000000
16,352,6276,43666,1658.264944
16,353,6,43666,1.294160
16,354,15,43666,3.082318
16,355,490,43666,144.341473
16,356,431,43666,106.218239
16,357,405,43666,90.505300
16,358,0,43666,0.000000
16,359,0,43666,0.000000
16,360,64,43666,12.430892
16,361,49,43666,9.535537
16,362,80,43666,19.896966
16,363,6,43666,1.002590
16,364,4622,43666,1134.315824
16,365,47,43666,11.986125
16,366,151,43666,29.176874
16,367,2661,43666,608.982340
16,368,343,43666,79.088897
16,369,19,43666,3.293277
16,370,309,43666,67.986718
16,371,111,43666,24.221341
16,372,1,43666,0.179135
16,373,130,43666,47.121729
16,374,192,43666,37.863103
16,375,140,43666,23.966201
16,376,0,43666,0.000000
16,377,66,43666,15.659400
16,378,2600,43666,629.192987
16,379,1,43666,0.228063
16,380,0,43666,0.000000
16,381,763,43666,177.375846
16,382,1707,43666,428.281026
16,383,44,43666,11.179885
17,0,168,43666,26.821646
17,1,0,43666,0.000000
17,2,262,43666,67.312700
17,3,80,43666,22.157063
17,4,10,43666,1.955778
17,5,0,43666,0.000000
17,6,899,43666,337.654213
17,7,5,43666,1.349787
17,8,26,43666,3.924051
17,9,10,43666,1.820190
17,10,1229,43666,251.759039
17,11,284,43666,58.485267
17,12,35,43666,8.984822
17,13,2,43666,0.370278
17,14,1264,43666,528.289676
17,15,4,43666,0.722947
17,16,65,43666,16.378220
17,17,478,43666,90.550569
17,18,4506,43666,905.320777
17,19,359,43666,112.710314
17,20,528,43666,121.178960
17,21,12,43666,2.555067
17,22,2774,43666,565.102964
17,23,359,43666,77.393510
17,24,16084,43666,4348.175345
17,25,201,43666,47.982313
17,26,208,43666,44.064081
17,27,271,43666,98.233609
17,28,1,43666,0.226898
17,29,2,43666,0.414311
17,30,988,43666,229.540595
17,31,2055,43666,445.490850
17,32,112,43666,14.930728
17,33,870,43666,157.646228
17,34,876,43666,167.560683
17,35,1012,43666,158.169402
17,36,571,43666,152.484532
17,37,82,43666,25.394747
17,38,308,43666,72.946955
17,39,140,43666,29.841344
17,40,94,43666,25.612624
17,41,53,43666,16.472107
17,42,2311,43666,550.002596
17,43,210,43666,40.316050
17,44,16,43666,3.380709
17,45,13,43666,2.374658
17,46,2,43666,0.383292
17,47,459,43666,107.413284
17,48,96,43666,20.587950
17,49,1947,43666,371.848610
17,50,233,43666,49.212474
17,51,120,43666,26.699302
17,52,7,43666,1.495253
17,53,14,43666,3.072233
17,54,325,43666,65.069878
17,55,170,43666,40.663519
17,56,24,43666,6.239666
17,57,633,43666,186.416676
17,58,19,43666,4.610040
17,59,658,43666,266.842226
17,60,1,43666,0.175192
17,61,102,43666,24.365774
17,62,398,43666,91.788493
17,63,971,43666,168.169094
17,64,2695,43666,854.099129
17,65,0,43666,0.000000
17,66,2,43666,0.307590
17,67,538,43666,175.955560
17,68,320,43666,86.473106
17,69,2812,43666,715.449021
17,70,1,43666,0.221433
17,71,152,43666,32.534738
17,72,408,43666,91.589901
17,73,15,43666,4.112370
17,74,789,43666,182.899260
17,75,44,43666,9.571918
17,76,30,43666,5.126992
17,77,102,43666,30.887360
17,78,897,43666,172.179159
17,79,248,43666,38.614202
17,80,357,43666,64.565260
17,81,6,43666,1.315026
17,82,4107,43666,921.780078
17,83,7,43666,1.437131
17,84,236,43666,48.798216
17,85,3,43666,0.525536
17,86,90,43666,18.598455
17,87,33,43666,6.808768
17,88,1013,43666,204.507211
17,89,9,43666,2.113467
17,90,5,43666,1.010216
17,91,1892,43666,415.041859
17,92,0,43666,0.000000
17,93,59,43666,12.966485
17,94,0,43666,0.000000
17,95,96,43666,19.116206
17,96,135,43666,24.852176
17,97,100,43666,25.810530
17,98,449,43666,58.307296
17,99,110,43666,24.454503
17,100,1,43666,0.200587
17,101,3,43666,0.650843
17,102,207,43666,48.581607
17,103,1,43666,0.224293
17,104,0,43666,0.000000
17,105,37,43666,8.733880
17,106,6396,43666,1437.138886
17,107,32,43666,7.056962
17,108,335,43666,71.339474
17,109,249,43666,51.690108
17,110,452,43666,115.450983
17,111,2,43666,0.374563
17,112,206,43666,55.393736
17,113,2540,43666,476.953357
17,114,76,43666,23.174672
17,115,162,43666,43.367969
17,116,1129,43666,377.200623
17,117,847,43666,197.580614
17,118,0,43666,0.000000
17,119,150,43666,28.843333
17,120,237,43666,65.347650
17,121,16,43666,3.608462
17,122,141,43666,39.446075
17,123,3,43666,0.620532
17,124,111,43666,40.679171
17,125,41,43666,10.346433
17,126,9,43666,2.122332
17,127,11,43666,2.021137
17,128,8,43666,1.621497
17,129,2,43666,0.366296
17,130,283,43666,53.570467
17,131,5,43666,1.096058
17,132,813,43666,139.928914
17,133,256,43666,62.003944
17,134,3904,43666,931.396411
17,135,788,43666,163.479979
17,136,8,43666,1.761412
17,137,28,43666,6.863279
17,138,873,43666,162.125779
17,139,246,43666,40.349552
17,140,38,43666,8.784457
17,141,7,43666,1.373579
17,142,208,43666,51.596842
17,143,169,43666,37.776488
17,144,72,43666,17.246604
17,145,301,43666,57.811474
17,146,4512,43666,864.328384
17,147,0,43666,0.000000
17,148,218,43666,35.799614
17,149,6,43666,1.565059
17,150,58,43666,15.734698
17,151,4283,43666,1285.922925
17,152,547,43666,102.113958
17,153,189,43666,49.147029
17,154,140,43666,22.999342
17,155,0,43666,0.000000
17,156,96,43666,25.774736
17,157,94,43666,24.613279
17,158,959,43666,290.764847
17,159,11,43666,2.293310
17,160,402,43666,123.909966
17,161,3320,43666,898.348305
17,162,8,43666,1.703203
17,163,56,43666,12.300231
17,164,10,43666,2.058893
17,165,762,43666,198.659784
17,166,67,43666,12.633524
17,167,71,43666,22.938741
17,168,754,43666,188.388064
17,169,512,43666,160.977871
17,170,34,43666,8.313742
17,171,783,43666,182.866112
17,172,992,43666,187.983491
17,173,0,43666,0.000000
17,174,96,43666,27.831016
17,175,83,43666,21.504747
17,176,11,43666,2.550407
17,177,776,43666,159.100217
17,178,15489,43666,4231.873600
17,179,14,43666,3.048215
17,180,37,43666,9.066394
17,181,613,43666,125.657097
17,182,14,43666,3.412643
17,183,0,43666,0.000000
17,184,219,43666,48.842508
17,185,443,43666,75.643677
17,186,22,43666,4.697969
17,187,4,43666,0.899141
17,188,547,43666,104.341713
17,189,161,43666,33.693586
17,190,1,43666,0.214915
17,191,20,43666,4.707269
17,192,145,43666,24.195173
17,193,1378,43666,405.678639
17,194,118,43666,21.395418
17,195,2231,43666,444.376513
17,196,572,43666,115.693661
17,197,1,43666,0.252586
17,198,25,43666,5.446350
17,199,0,43666,0.000000
17,200,39,43666,8.339246
17,201,117,43666,28.657166
17,202,1317,43666,281.712291
17,203,1241,43666,325.904726
17,204,198,43666,43.563834
17,205,137,43666,44.130366
17,206,153,43666,27.252925
17,207,2182,43666,482.776264
17,208,493,43666,118.867699
17,209,73,43666,19.155170
17,210,152,43666,29.729878
17,211,4,43666,0.894393
17,212,984,43666,190.933161
17,213,403,43666,100.264664
17,214,666,43666,128.111066
17,215,0,43666,0.000000
17,216,0,43666,0.000000
17,217,9,43666,2.049031
17,218,39,43666,6.856916
17,219,34,43666,1.993953
17,220,1382,43666,448.918017
17,221,52,43666,9.204978
17,222,106,43666,29.524434
17,223,0,43666,0.000000
17,224,513,43666,242.655867
17,225,1532,43666,325.544949
17,226,569,43666,111.425250
17,227,58,43666,13.317329
17,228,183,43666,37.625411
17,229,55,43666,5.249369
17,230,69,43666,12.358529
17,231,148,43666,31.814823
17,232,278,43666,80.679832
17,233,41,43666,12.461550
17,234,738,43666,185.705297
17,235,276,43666,71.312383
17,236,728,43666,179.840342
17,237,1318,43666,283.367231
17,238,45,43666,8.996377
17,239,699,43666,274.136036
17,240,31,43666,6.899042
17,241,194,43666,50.804377
17,242,18,43666,3.973849
17,243,16,43666,3.448257
17,244,2,43666,0.426005
17,245,28,43666,6.132372
17,246,209,43666,42.153881
17,247,273,43666,45.175268
17,248,7,43666,1.448402
17,249,7,43666,1.939417
17,250,430,43666,96.727693
17,251,858,43666,326.208900
17,252,0,43666,0.000000
17,253,120,43666,32.433530
17,254,57,43666,13.354320
17,255,16,43666,1.440111
17,256,2,43666,0.426046
17,257,92,43666,16.817399
17,258,0,43666,0.000000
17,259,0,43666,0.000000
17,260,358,43666,142.626491
17,261,14,43666,3.389099
17,262,93,43666,22.800632
17,263,39,43666,6.768607
17,264,280,43666,51.335411
17,265,74,43666,14.626515
17,266,57,43666,19.574451
17,267,90,43666,18.383987
17,268,1,43666,0.197605
17,269,0,43666,0.000000
17,270,606,43666,170.167369
17,271,1,43666,0.279956
17,272,320,43666,90.532749
17,273,59,43666,13.185228
17,274,6031,43666,1426.966738
17,275,1747,43666,399.036948
17,276,78,43666,21.230413
17,277,118,43666,35.623398
17,278,3,43666,0.737605
17,279,13,43666,2.842570
17,280,5,43666,1.068700
17,281,10,43666,2.290278
17,282,50,43666,7.271586
17,283,12,43666,2.647993
17,284,190,43666,39.997653
17,285,65,43666,15.187968
17,286,43,43666,10.352671
17,287,57,43666,11.563179
17,288,3311,43666,665.664968
17,289,493,43666,167.194745
17,290,79,43666,15.727463
17,291,78,43666,13.052124
17,292,96,43666,16.987298
17,293,38,43666,7.569187
17,294,353,43666,77.722339
17,295,233,43666,47.687242
17,296,2170,43666,570.582242
17,297,371,43666,82.785416
17,298,503,43666,129.500657
17,299,92,43666,25.553974
17,300,20,43666,5.324142
17,301,327,43666,92.439780
17,302,2,43666,0.449318
17,303,1008,43666,190.694347
17,304,6,43666,1.508060
17,305,1390,43666,432.178924
17,306,80,43666,15.993993
17,307,18,43666,3.080336
17,308,93,43666,26.158613
17,309,132,43666,28.734032
17,310,99,43666,8.352990
17,311,132,43666,77.042975
17,312,15244,43666,3854.961057
17,313,4556,43666,1052.475329
17,314,171,43666,42.137251
17,315,1,43666,0.170251
17,316,45,43666,10.235825
17,317,46,43666,8.309214
17,318,7,43666,1.845283
17,319,625,43666,107.097721
17,320,0,43666,0.000000
17,321,105,43666,22.835444
17,322,62,43666,12.630907
17,323,7,43666,1.519421
17,324,367,43666,95.367463
17,325,78,43666,13.818626
17,326,0,43666,0.000000
17,327,167,43666,33.630145
17,328,94,43666,18.736409
17,329,8659,43666,2195.021405
17,330,0,43666,0.000000
17,331,6677,43666,1696.964296
17,332,10,43666,2.351015
17,333,1,43666,0.250377
17,334,782,43666,132.655323
17,335,134,43666,35.802733
17,336,3836,43666,988.143606
17,337,660,43666,131.629004
17,338,69,43666,13.805793
17,339,60,43666,11.635456
17,340,0,43666,0.000000
17,341,121,43666,33.263779
17,342,766,43666,140.841019
17,343,15,43666,2.698395
17,344,321,43666,60.256458
17,345,52,43666,5.733962
17,346,1140,43666,318.834132
17,347,44,43666,10.382128
17,348,180,43666,46.314799
17,349,32,43666,3.612475
17,350,182,43666,48.591182
17,351,438,43666,98.671809
17,352,189,43666,53.469588
17,353,1488,43666,310.216879
17,354,0,43666,0.000000
17,355,272,43666,66.498271
17,356,1543,43666,317.413207
17,357,5904,43666,1129.940239
17,358,420,43666,120.644591
17,359,8,43666,1.531419
17,360,88,43666,19.382098
17,361,0,43666,0.000000
17,362,836,43666,162.655968
17,363,96,43666,18.271315
17,364,390,43666,71.886344
17,365,212,43666,43.988350
17,366,365,43666,75.384307
17,367,200,43666,48.410199
17,368,4,43666,0.770089
17,369,634,43666,135.474220
17,370,2910,43666,793.701665
17,371,106,43666,35.778364
17,372,4,43666,0.702916
17,373,1407,43666,316.360478
17,374,1,43666,0.194712
17,375,267,43666,49.586720
17,376,27,43666,7.765795
17,377,1290,43666,361.673764
17,378,22672,43666,7570.844424
17,379,2382,43666,500.872398
17,380,4267,43666,917.992660
17,381,66,43666,14.105376
17,382,6,43666,1.028753
17,383,176,43666,46.708760
18,0,253,43666,55.550834
18,1,554,43666,86.882542
18,2,374,43666,61.512488
18,3,7,43666,1.650810
18,4,257,43666,84.570711
18,5,970,43666,177.362680
18,6,0,43666,0.000000
18,7,0,43666,0.000000
18,8,3,43666,0.454188
18,9,26,43666,6.024753
18,10,113,43666,23.507586
18,11,324,43666,72.890650
18,12,596,43666,136.591674
18,13,461,43666,121.791199
18,14,18,43666,4.384285
18,15,24,43666,3.350200
18,16,87,43666,16.409984
18,17,25,43666,4.225566
18,18,22,43666,2.427436
18,19,67,43666,17.537371
18,20,30,43666,7.563644
18,21,495,43666,136.891550
18,22,34,43666,8.134854
18,23,124,43666,32.467622
18,24,746,43666,211.057939
18,25,813,43666,234.349781
18,26,150,43666,24.893060
18,27,1117,43666,262.309480
18,28,86,43666,12.074150
18,29,652,43666,98.423470
18,30,6,43666,1.024946
18,31,57,43666,9.316915
18,32,32,43666,7.773172
18,33,24,43666,5.534472
18,34,422,43666,87.001160
18,35,4,43666,0.536923
18,36,5,43666,1.315273
18,37,76,43666,10.502802
18,38,663,43666,166.380540
18,39,29,43666,4.323292
18,40,2,43666,0.423832
18,41,744,43666,144.066359
18,42,14,43666,3.357300
18,43,468,43666,129.462366
18,44,682,43666,95.240629
18,45,41,43666,6.961014
18,46,154,43666,25.846056
18,47,295,43666,70.909785
18,48,100,43666,21.014723
18,49,0,43666,0.000000
18,50,95,43666,15.515766
18,51,33,43666,7.543168
18,52,105,43666,22.709353
18,53,2927,43666,550.657199
18,54,6255,43666,1724.680103
18,55,139,43666,26.865880
18,56,77,43666,18.131964
18,57,83,43666,12.981244
18,58,441,43666,82.456355
18,59,0,43666,0.000000
18,60,135,43666,37.535134
18,61,6,43666,1.215077
18,62,70,43666,11.061782
18,63,31,43666,3.881200
18,64,43,43666,11.226195
18,65,629,43666,120.516081
18,66,0,43666,0.000000
18,67,91,43666,14.607080
18,68,0,43666,0.000000
18,69,339,43666,69.780529
18,70,205,43666,31.621731
18,71,16,43666,3.525461
18,72,1971,43666,432.914207
18,73,9,43666,1.219412
18,74,261,43666,80.381064
18,75,63,43666,11.689508
18,76,31,43666,7.023360
18,77,35,43666,7.840441
18,78,4,43666,0.801480
18,79,20,43666,7.609735
18,80,268,43666,50.553533
18,81,8,43666,1.139071
18,82,3,43666,0.758762
18,83,0,43666,0.000000
18,84,283,43666,65.444217
18,85,775,43666,135.144184
18,86,2344,43666,672.486955
18,87,153,43666,33.075046
18,88,326,43666,57.849602
18,89,538,43666,94.032180
18,90,9041,43666,2273.726691
18,91,8876,43666,1810.162870
18,92,5,43666,1.160805
18,93,15,43666,3.041967
18,94,4438,43666,1203.829857
18,95,213,43666,51.886340
18,96,6635,43666,2118.864660
18,97,31,43666,7.717413
18,98,447,43666,76.998535
18,99,1853,43666,423.053019
18,100,200,43666,32.706057
18,101,534,43666,135.830147
18,102,42,43666,8.480936
18,103,24,43666,5.277624
18,104,16,43666,3.743041
18,105,60,43666,10.450753
18,106,30,43666,5.574724
18,107,5,43666,0.967990
18,108,2051,43666,431.304492
18,109,525,43666,100.999131
18,110,268,43666,78.563827
18,111,218,43666,41.419532
18,112,73,43666,25.405702
18,113,283,43666,82.520276
18,114,269,43666,65.001852
18,115,22,43666,4.698194
18,116,2734,43666,591.690686
18,117,231,43666,53.957921
18,118,12,43666,2.734196
18,119,183,43666,40.633455
18,120,157,43666,29.620111
18,121,57,43666,13.487608
18,122,0,43666,0.000000
18,123,426,43666,102.319834
18,124,84,43666,9.653989
18,125,49,43666,10.828305
18,126,9,43666,1.641816
18,127,1864,43666,495.769896
18,128,6,43666,1.167527
18,129,45,43666,7.064682
18,130,212,43666,56.638502
18,131,41,43666,7.715663
18,132,102,43666,21.642182
18,133,136,43666,34.888769
18,134,204,43666,33.746725
18,135,63,43666,9.474855
18,136,24,43666,5.306551
18,137,16,43666,3.408086
18,138,849,43666,256.312091
18,139,2,43666,0.348605
18,140,35,43666,5.416980
18,141,127,43666,33.723987
18,142,0,43666,0.000000
18,143,586,43666,154.034621
18,144,1248,43666,284.099250
18,145,363,43666,97.464374
18,146,37,43666,5.710372
18,147,23710,43666,8420.925066
18,148,196,43666,28.633491
18,149,420,43666,73.400111
18,150,191,43666,29.862565
18,151,1,43666,0.277482
18,152,237,43666,46.423322
18,153,11,43666,2.488042
18,154,1189,43666,293.085243
18,155,362,43666,48.925141
18,156,529,43666,137.026247
18,157,0,43666,0.000000
18,158,85,43666,10.669835
18,159,77,43666,16.155977
18,160,69,43666,9.102617
18,161,82,43666,27.453455
18,162,93,43666,27.141672
18,163,17,43666,4.014983
18,164,15,43666,3.031335
18,165,1,43666,0.200848
18,166,52,43666,11.793372
18,167,476,43666,74.602546
18,168,181,43666,43.409359
18,169,86,43666,18.197226
18,170,327,43666,83.733706
18,171,79,43666,18.109141
18,172,336,43666,51.620642
18,173,1119,43666,335.662250
18,174,107,43666,23.942389
18,175,3914,43666,1240.027336
18,176,15,43666,4.550862
18,177,2,43666,0.386103
18,178,40,43666,10.343377
18,179,140,43666,37.695345
18,180,488,43666,86.764299
18,181,70,43666,13.718487
18,182,1,43666,0.249770
18,183,527,43666,117.220293
18,184,335,43666,60.784207
18,185,239,43666,51.002562
18,186,9,43666,2.046345
18,187,60,43666,7.592879
18,188,1275,43666,285.219263
18,189,660,43666,103.772700
18,190,52,43666,13.654716
18,191,164,43666,38.791068
18,192,1,43666,0.194595
18,193,99,43666,21.760368
18,194,10969,43666,2427.317164
18,195,44,43666,8.548900
18,196,2,43666,0.334960
18,197,0,43666,0.000000
18,198,12,43666,3.007894
18,199,33,43666,5.978656
18,200,91,43666,15.475778
18,201,1386,43666,426.505087
18,202,143,43666,35.342843
18,203,475,43666,117.107589
18,204,270,43666,52.458442
18,205,966,43666,175.174885
18,206,107,43666,26.767194
18,207,511,43666,129.899025
18,208,3,43666,0.629902
18,209,132,43666,26.119634
18,210,0,43666,0.000000
18,211,0,43666,0.000000
18,212,2,43666,0.430757
18,213,134,43666,26.488504
18,214,97,43666,19.613260
18,215,44,43666,5.537312
18,216,715,43666,149.660703
18,217,125,43666,21.716760
18,218,901,43666,231.842491
18,219,321,43666,80.737385
18,220,11146,43666,2798.575826
18,221,97,43666,21.679629
18,222,5,43666,1.003739
18,223,3,43666,0.658984
18,224,250,43666,57.597102
18,225,134,43666,36.010507
18,226,182,43666,33.579691
18,227,18,43666,4.590971
18,228,0,43666,0.000000
18,229,7,43666,1.615112
18,230,0,43666,0.000000
18,231,426,43666,85.956486
18,232,1924,43666,402.130174
18,233,0,43666,0.000000
18,234,1285,43666,298.106050
18,235,50,43666,7.854500
18,236,45,43666,13.443391
18,237,3,43666,0.529484
18,238,3111,43666,831.197773
18,239,330,43666,59.255262
18,240,198,43666,28.750709
18,241,7474,43666,2799.627564
18,242,228,43666,55.475315
18,243,559,43666,145.395390
18,244,145,43666,36.717170
18,245,363,43666,103.659341
18,246,3,43666,0.558529
18,247,885,43666,164.826618
18,248,481,43666,99.787948
18,249,356,43666,66.256030
18,250,161,43666,27.004137
18,251,244,43666,61.742474
18,252,1,43666,0.173134
18,253,73,43666,15.064670
18,254,64,43666,7.083133
18,255,1592,43666,345.595808
18,256,1154,43666,237.533326
18,257,1027,43666,187.652026
18,258,183,43666,33.208829
18,259,2808,43666,570.674390
18,260,0,43666,0.000000
18,261,177,43666,35.231504
18,262,255,43666,39.590529
18,263,25,43666,5.870018
18,264,2,43666,0.380731
18,265,765,43666,145.554277
18,266,386,43666,131.624734
18,267,14998,43666,3976.150195
18,268,426,43666,116.904629
18,269,0,43666,0.000000
18,270,250,43666,55.790387
18,271,112,43666,19.307672
18,272,282,43666,79.319682
18,273,1138,43666,225.518329
18,274,279,43666,42.560165
18,275,191,43666,55.004979
18,276,205,43666,48.187421
18,277,178,43666,44.442948
18,278,636,43666,127.819220
18,279,334,43666,77.587589
18,280,56,43666,14.329990
18,281,1,43666,0.173854
18,282,616,43666,106.050492
18,283,277,43666,47.333540
18,284,75,43666,20.822433
18,285,46,43666,5.166146
18,286,12,43666,2.334020
18,287,66,43666,13.384357
18,288,90,43666,19.207338
18,289,64,43666,10.316622
18,290,0,43666,0.000000
18,291,83,43666,10.729467
18,292,385,43666,93.899731
18,293,2346,43666,454.532150
18,294,2,43666,0.363196
18,295,46,43666,10.890407
18,296,12,43666,2.300809
18,297,1,43666,0.223767
18,298,2100,43666,437.861416
18,299,0,43666,0.000000
18,300,2,43666,0.401093
18,301,1,43666,0.264740
18,302,1080,43666,244.671575
18,303,3242,43666,598.112703
18,304,9,43666,2.206247
18,305,367,43666,81.794059
18,306,0,43666,0.000000
18,307,159,43666,32.521451
18,308,29,43666,6.711120
18,309,58,43666,17.028913
18,310,889,43666,132.155601
18,311,4903,43666,1330.987248
18,312,640,43666,104.752093
18,313,600,43666,96.899894
18,314,100,43666,14.610581
18,315,39,43666,5.982474
18,316,67,43666,11.925712
18,317,800,43666,218.286692
18,318,24,43666,6.665117
18,319,18,43666,3.495968
18,320,814,43666,185.661296
18,321,1238,43666,256.361042
18,322,73,43666,15.372373
18,323,327,43666,83.596222
18,324,5,43666,1.018590
18,325,323,43666,56.181987
18,326,0,43666,0.000000
18,327,42,43666,8.094023
18,328,110,43666,28.666864
18,329,139,43666,30.302052
18,330,2,43666,0.425315
18,331,44,43666,9.798833
18,332,55,43666,11.616700
18,333,409,43666,83.020810
18,334,64,43666,10.199920
18,335,1,43666,0.218084
18,336,82,43666,16.795015
18,337,2,43666,0.409925
18,338,363,43666,87.724928
18,339,81,43666,15.760199
18,340,192,43666,31.843782
18,341,69,43666,15.806232
18,342,2,43666,0.478826
18,343,2807,43666,615.022976
18,344,60,43666,9.784653
18,345,150,43666,31.392729
18,346,235,43666,58.967985
18,347,0,43666,0.000000
18,348,3606,43666,634.119609
18,349,1,43666,0.266886
18,350,69,43666,66.305158
18,351,952,43666,211.538187
18,352,1052,43666,182.058369
18,353,11,43666,1.629589
18,354,16262,43666,4396.128624
18,355,321,43666,82.239563
18,356,69,43666,12.405920
18,357,39,43666,9.751182
18,358,241,43666,42.624036
18,359,9215,43666,1962.679879
18,360,139,43666,20.764095
18,361,66,43666,15.936099
18,362,3,43666,0.635858
18,363,0,43666,0.000000
18,364,156,43666,38.155056
18,365,77,43666,10.688072
18,366,44,43666,9.137563
18,367,95,43666,27.249453
18,368,29,43666,5.988958
18,369,451,43666,73.463249
18,370,24,43666,4.179598
18,371,4290,43666,1042.137563
18,372,95,43666,12.016204
18,373,873,43666,124.829252
18,374,102,43666,16.295424
18,375,4419,43666,931.856979
18,376,9,43666,1.510218
18,377,81,43666,13.528968
18,378,1064,43666,307.803556
18,379,59,43666,15.093876
18,380,10,43666,2.568684
18,381,320,43666,52.154291
18,382,0,43666,0.000000
18,383,348,43666,60.927645
19,0,868,43666,230.920242
19,1,1175,43666,196.514980
19,2,137,43666,31.929153
19,3,381,43666,73.121991
19,4,2015,43666,363.054074
19,5,1292,43666,246.967659
19,6,731,43666,181.209751
19,7,1,43666,0.177126
19,8,278,43666,89.028436
19,9,2,43666,0.393532
19,10,1612,43666,454.194483
19,11,328,43666,88.753018
19,12,243,43666,37.476456
19,13,3,43666,0.424325
19,14,1324,43666,320.767645
19,15,4645,43666,1269.648540
19,16,481,43666,189.758137
19,17,740,43666,184.754003
19,18,1218,43666,217.624136
19,19,141,43666,25.140712
19,20,848,43666,249.818443
19,21,34,43666,6.974740
19,22,0,43666,0.000000
19,23,50,43666,8.911440
19,24,68,43666,7.860435
19,25,1754,43666,314.814065
19,26,0,43666,0.000000
19,27,62,43666,12.103033
19,28,2368,43666,591.192837
19,29,409,43666,94.435686
19,30,93,43666,15.275652
19,31,54,43666,13.708855
19,32,266,43666,64.774902
19,33,2278,43666,735.454003
19,34,382,43666,91.779194
19,35,210,43666,39.004197
19,36,85,43666,14.354956
19,37,686,43666,145.675145
19,38,101,43666,15.699531
19,39,159,43666,28.366191
19,40,857,43666,171.828617
19,41,54,43666,7.152975
19,42,1606,43666,382.234184
19,43,150,43666,29.088569
19,44,191,43666,69.336806
19,45,4153,43666,1008.952610
19,46,90,43666,25.114240
19,47,1745,43666,541.972803
19,48,85,43666,18.594566
19,49,390,43666,92.856361
19,50,572,43666,108.036360
19,51,319,43666,78.550890
19,52,60,43666,10.530893
19,53,288,43666,73.944339
19,54,200,43666,33.293957
19,55,29,43666,2.330358
19,56,342,43666,83.619915
19,57,401,43666,76.095523
19,58,236,43666,68.166454
19,59,498,43666,122.556030
19,60,48,43666,7.659875
19,61,338,43666,67.993677
19,62,387,43666,137.029365
19,63,264,43666,58.852483
19,64,254,43666,76.170159
19,65,171,43666,30.388231
19,66,6450,43666,1557.129603
19,67,683,43666,161.922412
19,68,66,43666,15.613595
19,69,2916,43666,635.680196
19,70,132,43666,23.312144
19,71,96,43666,13.962880
19,72,158,43666,33.975357
19,73,352,43666,134.689301
19,74,40,43666,10.214769
19,75,2301,43666,466.987179
19,76,34,43666,5.466887
19,77,60,43666,14.473032
19,78,289,43666,50.472981
19,79,2593,43666,546.912470
19,80,2209,43666,661.094074
19,81,241,43666,46.475554
19,82,48,43666,9.505092
19,83,820,43666,222.044676
19,84,583,43666,145.821167
19,85,52,43666,10.463822
19,86,266,43666,45.543405
19,87,171,43666,39.908090
19,88,63,43666,18.244130
19,89,1387,43666,391.690016
19,90,26,43666,3.984417
19,91,99,43666,35.163932
19,92,328,43666,86.652212
19,93,5,43666,1.094712
19,94,708,43666,211.142681
19,95,34,43666,5.906934
19,96,323,43666,53.267279
19,97,0,43666,0.000000
19,98,507,43666,127.731378
19,99,2040,43666,446.038750
19,100,105,43666,25.676215
19,101,749,43666,172.188768
19,102,717,43666,184.750202
19,103,215,43666,46.576170
19,104,88,43666,29.085133
19,105,613,43666,90.880879
19,106,1005,43666,249.923708
19,107,125,43666,17.146985
19,108,82,43666,7.786376
19,109,4403,43666,959.237030
19,110,348,43666,60.789820
19,111,0,43666,0.000000
19,112,147,43666,41.089148
19,113,106,43666,25.060764
19,114,410,43666,127.700345
19,115,149,43666,24.978749
19,116,9,43666,2.287405
19,117,164,43666,22.226425
19,118,13196,43666,3691.508764
19,119,10,43666,1.947174
19,120,244,43666,69.631581
19,121,195,43666,38.606062
19,122,141,43666,27.738597
19,123,116,43666,26.970510
19,124,247,43666,70.862985
19,125,311,43666,116.198707
19,126,80,43666,19.939510
19,127,548,43666,141.536504
19,128,477,43666,111.999649
19,129,1332,43666,296.983288
19,130,2827,43666,495.396257
19,131,109,43666,22.669568
19,132,0,43666,0.000000
19,133,543,43666,135.192986
19,134,3300,43666,676.607725
19,135,145,43666,38.593505
19,136,278,43666,44.734726
19,137,253,43666,65.566359
19,138,539,43666,114.971900
19,139,268,43666,51.099043
19,140,1598,43666,326.576324
19,141,12,43666,1.927968
19,142,52,43666,7.689435
19,143,1412,43666,260.248871
19,144,0,43666,0.000000
19,145,111,43666,21.297029
19,146,38,43666,7.601687
19,147,1209,43666,252.159885
19,148,5096,43666,1137.865007
19,149,538,43666,93.684474
19,150,5478,43666,1554.504888
19,151,39,43666,6.426670
19,152,30,43666,7.915352
19,153,394,43666,68.609828
19,154,237,43666,43.462643
19,155,321,43666,87.644710
19,156,73,43666,22.535865
19,157,1157,43666,287.108502
19,158,21,43666,4.248421
19,159,114,43666,25.290333
19,160,80,43666,16.156380
19,161,0,43666,0.000000
19,162,564,43666,132.760680
19,163,564,43666,205.739356
19,164,199,43666,29.278577
19,165,2993,43666,703.733743
19,166,69,43666,12.627312
19,167,21,43666,5.511100
19,168,293,43666,69.094116
19,169,195,43666,38.700226
19,170,633,43666,110.248753
19,171,251,43666,67.018260
19,172,61,43666,8.461290
19,173,55,43666,5.868344
19,174,3816,43666,1180.830856
19,175,234,43666,63.525887
19,176,737,43666,174.445973
19,177,330,43666,48.269229
19,178,665,43666,182.616445
19,179,212,43666,48.862005
19,180,152,43666,36.417265
19,181,121,43666,19.946710
19,182,4,43666,0.922052
19,183,260,43666,46.196267
19,184,145,43666,18.597746
19,185,412,43666,59.244566
19,186,0,43666,0.000000
19,187,46,43666,6.246555
19,188,770,43666,217.094308
19,189,463,43666,140.055334
19,190,310,43666,84.209969
19,191,570,43666,148.393386
19,192,160,43666,27.970230
19,193,67,43666,12.760943
19,194,509,43666,103.793145
19,195,291,43666,50.601100
19,196,47,43666,10.512314
19,197,698,43666,162.237312
19,198,41,43666,7.293025
19,199,823,43666,199.655022
19,200,113,43666,21.656908
19,201,399,43666,133.503365
19,202,67,43666,7.556279
19,203,43,43666,9.797218
19,204,816,43666,210.927285
19,205,37,43666,7.117464
19,206,27,43666,6.892812
19,207,2171,43666,381.471373
19,208,203,43666,33.383357
19,209,146,43666,23.961224
19,210,316,43666,95.442643
19,211,218,43666,20.669213
19,212,165,43666,43.637553
19,213,191,43666,41.942035
19,214,40,43666,11.869852
19,215,868,43666,267.770527
19,216,3900,43666,711.110221
19,217,220,43666,57.618819
19,218,366,43666,84.507866
19,219,129,43666,20.907698
19,220,837,43666,165.667293
19,221,46,43666,9.746037
19,222,203,43666,40.746756
19,223,743,43666,136.145890
19,224,68,43666,10.983003
19,225,249,43666,45.166992
19,226,25,43666,2.649793
19,227,1084,43666,249.488213
19,228,800,43666,180.335282
19,229,651,43666,120.058175
19,230,41,43666,8.789499
19,231,33,43666,7.261939
19,232,12,43666,3.048802
19,233,299,43666,83.186934
19,234,1201,43666,307.669027
19,235,1447,43666,371.618527
19,236,38,43666,6.734207
19,237,287,43666,50.053699
19,238,27,43666,5.318604
19,239,44,43666,13.736308
19,240,171,43666,29.561106
19,241,174,43666,35.200070
19,242,5,43666,0.908203
19,243,138,43666,20.724628
19,244,150,43666,24.382769
19,245,100,43666,15.457957
19,246,100,43666,9.281624
19,247,1670,43666,366.148791
19,248,320,43666,48.348825
19,249,86,43666,14.401260
19,250,1738,43666,592.559875
19,251,249,43666,71.116490
19,252,363,43666,101.377677
19,253,474,43666,81.266281
19,254,388,43666,71.975400
19,255,490,43666,125.972735
19,256,52,43666,9.577685
19,257,105,43666,17.618438
19,258,227,43666,59.058247
19,259,2001,43666,439.147592
19,260,1882,43666,608.573359
19,261,27,43666,3.258446
19,262,376,43666,82.143251
19,263,216,43666,46.651060
19,264,1019,43666,285.776019
19,265,3046,43666,658.428150
19,266,438,43666,110.187218
19,267,25,43666,5.888057
19,268,23,43666,3.790208
19,269,1257,43666,265.636001
19,270,301,43666,88.767545
19,271,225,43666,41.168706
19,272,182,43666,55.023029
19,273,369,43666,107.456900
19,274,74,43666,14.161018
19,275,265,43666,78.892201
19,276,145,43666,18.963427
19,277,131,43666,20.969640
19,278,119,43666,22.220164
19,279,7,43666,1.267824
19,280,360,43666,117.773727
19,281,160,43666,48.423653
19,282,96,43666,17.176173
19,283,1296,43666,358.962737
19,284,45,43666,11.330307
19,285,2794,43666,677.953408
19,286,36,43666,6.615918
19,287,140,43666,19.954959
19,288,0,43666,0.000000
19,289,504,43666,321.191553
19,290,0,43666,0.000000
19,291,1049,43666,188.003327
19,292,48,43666,13.426303
19,293,419,43666,84.794546
19,294,5,43666,0.216298
19,295,631,43666,178.852280
19,296,944,43666,214.811063
19,297,710,43666,158.226133
19,298,4154,43666,820.702565
19,299,1127,43666,224.676491
19,300,254,43666,62.790420
19,301,143,43666,23.503666
19,302,351,43666,65.214431
19,303,520,43666,146.533413
19,304,1997,43666,496.634928
19,305,238,43666,73.369379
19,306,411,43666,93.884717
19,307,2656,43666,852.619290
19,308,165,43666,64.641248
19,309,288,43666,59.974888
19,310,1109,43666,227.913998
19,311,906,43666,203.655771
19,312,75,43666,11.015402
19,313,226,43666,37.361000
19,314,1548,43666,388.000660
19,315,39,43666,7.940249
19,316,2338,43666,784.734161
19,317,72,43666,3.797741
19,318,19,43666,3.884010
19,319,1984,43666,611.272180
19,320,2156,43666,514.070399
19,321,136,43666,18.401296
19,322,99,43666,17.012616
19,323,34,43666,3.316435
19,324,263,43666,74.114405
19,325,392,43666,92.076645
19,326,755,43666,141.674402
19,327,83,43666,17.041129
19,328,908,43666,168.083115
19,329,699,43666,129.926196
19,330,1758,43666,555.753546
19,331,257,43666,41.779325
19,332,77,43666,10.792538
19,333,291,43666,62.676625
19,334,107,43666,14.018689
19,335,184,43666,37.049561
19,336,61,43666,8.867689
19,337,147,43666,25.808805
19,338,844,43666,142.292821
19,339,847,43666,201.393244
19,340,175,43666,42.547157
19,341,162,43666,25.411079
19,342,8372,43666,2015.004968
19,343,185,43666,36.482804
19,344,67,43666,22.509231
19,345,145,43666,22.516789
19,346,150,43666,27.766965
19,347,115,43666,21.551256
19,348,322,43666,73.903525
19,349,117,43666,20.519632
19,350,15054,43666,4220.634301
19,351,210,43666,40.503719
19,352,564,43666,161.439229
19,353,445,43666,102.250189
19,354,156,43666,22.388822
19,355,66,43666,13.612778
19,356,0,43666,0.000000
19,357,14,43666,2.152551
19,358,268,43666,47.506161
19,359,45,43666,9.398721
19,360,287,43666,82.201606
19,361,51,43666,11.925797
19,362,264,43666,62.696384
19,363,67,43666,18.937817
19,364,853,43666,178.385115
19,365,419,43666,93.861244
19,366,3092,43666,1164.052164
19,367,1159,43666,222.225440
19,368,1227,43666,377.964939
19,369,474,43666,180.028137
19,370,3322,43666,2200.946016
19,371,2023,43666,453.842192
19,372,2,43666,0.295778
19,373,129,43666,21.559251
19,374,150,43666,26.494041
19,375,44,43666,14.698845
19,376,263,43666,57.932132
19,377,74,43666,12.571664
19,378,14,43666,2.878448
19,379,464,43666,110.011405
19,380,47,43666,11.679034
19,381,4458,43666,1091.738523
19,382,1053,43666,253.556698
19,383,60,43666,13.148373
20,0,15,43666,2.933471
20,1,1902,43666,379.177693
20,2,20,43666,3.839952
20,3,1663,43666,405.888261
20,4,1492,43666,437.156188
20,5,0,43666,0.000000
20,6,3,43666,0.498010
20,7,0,43666,0.000000
20,8,124,43666,26.604396
20,9,381,43666,92.117715
20,10,317,43666,65.726521
20,11,75,43666,12.459813
20,12,69,43666,23.948220
20,13,1663,43666,523.454880
20,14,188,43666,37.041361
20,15,1300,43666,293.653613
20,16,1046,43666,190.998269
20,17,0,43666,0.000000
20,18,21,43666,4.887620
20,19,441,43666,88.579948
20,20,2,43666,0.363366
20,21,151,43666,28.647268
20,22,32,43666,6.096122
20,23,8,43666,1.713272
20,24,33,43666,8.275432
20,25,161,43666,36.755363
20,26,53,43666,12.714986
20,27,114,43666,27.304417
20,28,85,43666,17.783425
20,29,104,43666,22.561578
20,30,429,43666,99.537682
20,31,530,43666,125.331947
20,32,11,43666,1.921279
20,33,1294,43666,372.519083
20,34,0,43666,0.000000
20,35,275,43666,57.399809
20,36,23,43666,4.433005
20,37,71,43666,19.335737
20,38,9,43666,1.731221
20,39,3667,43666,910.010506
20,40,1,43666,0.083979
20,41,695,43666,148.602682
20,42,316,43666,63.367193
20,43,85,43666,12.156455
20,44,2013,43666,619.362197
20,45,4595,43666,971.244710
20,46,399,43666,124.179686
20,47,12850,43666,2887.632706
20,48,436,43666,94.588220
20,49,42,43666,7.011176
20,50,29,43666,6.236137
20,51,3197,43666,712.729347
20,52,28,43666,11.000705
20,53,158,43666,28.081824
20,54,6,43666,1.029323
20,55,0,43666,0.000000
20,56,1205,43666,295.053535
20,57,0,43666,0.000000
20,58,53,43666,2.102498
20,59,13,43666,2.989094
20,60,259,43666,56.903888
20,61,148,43666,35.749664
20,62,225,43666,41.410153
20,63,0,43666,0.000000
20,64,86,43666,23.993320
20,65,1068,43666,225.038319
20,66,3,43666,0.626650
20,67,214,43666,53.624547
20,68,0,43666,0.000000
20,69,4215,43666,893.364834
20,70,636,43666,140.981536
20,71,287,43666,107.606706
20,72,362,43666,86.406759
20,73,0,43666,0.000000
20,74,518,43666,117.638813
20,75,741,43666,151.189811
20,76,617,43666,123.229171
20,77,84,43666,14.544511
20,78,65,43666,13.621504
20,79,218,43666,65.728923
20,80,159,43666,40.641817
20,81,9994,43666,2765.387204
20,82,0,43666,0.000000
20,83,230,43666,45.555351
20,84,86,43666,16.013579
20,85,1028,43666,327.906654
20,86,214,43666,63.569758
20,87,184,43666,49.292464
20,88,102,43666,22.865238
20,89,45,43666,6.194254
20,90,321,43666,81.174082
20,91,59,43666,26.228487
20,92,2,43666,0.357614
20,93,33,43666,7.316370
20,94,98,43666,16.352484
20,95,262,43666,90.978235
20,96,412,43666,119.832760
20,97,123,43666,40.509985
20,98,2,43666,0.402426
20,99,493,43666,169.985010
20,100,0,43666,0.000000
20,101,4045,43666,972.145182
20,102,569,43666,136.150035
20,103,3607,43666,834.917403
20,104,7,43666,1.653804
20,105,77,43666,13.203963
20,106,369,43666,64.195227
20,107,1257,43666,226.536163
20,108,1060,43666,239.427427
20,109,21,43666,5.902454
20,110,1441,43666,390.298512
20,111,3,43666,0.477855
20,112,145,43666,28.047938
20,113,164,43666,46.073952
20,114,11,43666,2.866505
20,115,0,43666,0.000000
20,116,72,43666,16.919740
20,117,10,43666,2.054756
20,118,322,43666,58.589272
20,119,0,43666,0.000000
20,120,0,43666,0.000000
20,121,7892,43666,2274.741100
20,122,45,43666,0.264193
20,123,46,43666,12.044033
20,124,554,43666,139.715964
20,125,0,43666,0.000000
20,126,1593,43666,397.109777
20,127,0,43666,0.000000
20,128,77,43666,13.920231
20,129,63,43666,15.870476
20,130,928,43666,229.207534
20,131,1006,43666,191.771424
20,132,205,43666,55.974593
20,133,146,43666,29.376725
20,134,23,43666,4.508023
20,135,305,43666,72.692529
20,136,2283,43666,553.210821
20,137,19,43666,3.825493
20,138,38,43666,5.049752
20,139,16,43666,2.708297
20,140,68,43666,12.846350
20,141,1,43666,0.200431
20,142,403,43666,131.631741
20,143,516,43666,122.232640
20,144,987,43666,286.618810
20,145,744,43666,157.028924
20,146,1426,43666,275.699793
20,147,2,43666,0.370493
20,148,224,43666,65.458840
20,149,9,43666,1.829269
20,150,4,43666,0.680223
20,151,191,43666,50.535631
20,152,565,43666,121.412541
20,153,405,43666,111.400161
20,154,10,43666,2.248944
20,155,1,43666,0.152105
20,156,511,43666,125.909730
20,157,0,43666,0.000000
20,158,475,43666,85.581798
20,159,0,43666,0.000000
20,160,0,43666,0.000000
20,161,50,43666,12.167365
20,162,8112,43666,1921.695753
20,163,76,43666,21.711235
20,164,58,43666,12.414515
20,165,642,43666,144.348992
20,166,180,43666,38.088587
20,167,1812,43666,461.259218
20,168,304,43666,65.799342
20,169,4,43666,1.411378
20,170,54,43666,12.138301
20,171,16,43666,3.780820
20,172,0,43666,0.000000
20,173,0,43666,0.000000
20,174,308,43666,64.736324
20,175,24,43666,4.575382
20,176,49,43666,17.226357
20,177,6913,43666,2786.345173
20,178,137,43666,33.261727
20,179,154,43666,35.512776
20,180,2995,43666,845.857736
20,181,0,43666,0.000000
20,182,4,43666,0.811050
20,183,237,43666,52.658030
20,184,46,43666,8.126033
20,185,1551,43666,461.438528
20,186,75,43666,16.242058
20,187,158,43666,30.001719
20,188,0,43666,0.000000
20,189,177,43666,55.695785
20,190,47,43666,14.668439
20,191,1411,43666,291.599961
20,192,1421,43666,358.276612
20,193,46,43666,11.126605
20,194,22,43666,3.310276
20,195,0,43666,0.000000
20,196,1279,43666,263.444166
20,197,79,43666,13.620748
20,198,15922,43666,4213.989691
20,199,69,43666,17.222008
20,200,1,43666,0.172203
20,201,3338,43666,899.672664
20,202,26,43666,7.089031
20,203,0,43666,0.000000
20,204,899,43666,179.257396
20,205,47,43666,11.185726
20,206,766,43666,263.958487
20,207,0,43666,0.000000
20,208,14,43666,2.612422
20,209,0,43666,0.000000
20,210,136,43666,29.113287
20,211,0,43666,0.000000
20,212,45,43666,10.704193
20,213,54,43666,11.619715
20,214,15,43666,4.376890
20,215,3197,43666,949.913194
20,216,484,43666,149.858714
20,217,47,43666,11.702643
20,218,954,43666,207.942217
20,219,31,43666,6.858023
20,220,115,43666,32.990556
20,221,17,43666,4.416413
20,222,112,43666,24.432484
20,223,803,43666,163.253512
20,224,382,43666,90.878397
20,225,1414,43666,324.731485
20,226,6,43666,2.073081
20,227,337,43666,71.376805
20,228,21,43666,4.267730
20,229,601,43666,139.774723
20,230,182,43666,46.605451
20,231,2838,43666,818.492065
20,232,14,43666,2.923984
20,233,958,43666,289.468884
20,234,17,43666,3.477768
20,235,5,43666,0.892855
20,236,4,43666,0.787406
20,237,169,43666,31.125910
20,238,58,43666,11.618085
20,239,175,43666,44.800806
20,240,121,43666,17.151404
20,241,287,43666,105.147107
20,242,233,43666,37.192024
20,243,10,43666,1.919449
20,244,0,43666,0.000000
20,245,15,43666,2.631046
20,246,1031,43666,306.005503
20,247,1,43666,0.141825
20,248,238,43666,76.428348
20,249,38,43666,5.665360
20,250,2196,43666,440.086834
20,251,43,43666,6.463376
20,252,3036,43666,582.346744
20,253,372,43666,85.800833
20,254,691,43666,147.083681
20,255,80,43666,15.788268
20,256,14,43666,3.101123
20,257,1608,43666,601.847088
20,258,672,43666,142.377757
20,259,497,43666,103.584973
20,260,0,43666,0.000000
20,261,139,43666,34.493975
20,262,402,43666,95.207596
20,263,154,43666,32.725476
20,264,0,43666,0.000000
20,265,184,43666,39.300066
20,266,1,43666,0.213436
20,267,415,43666,163.932967
20,268,24,43666,4.361986
20,269,0,43666,0.000000
20,270,44,43666,7.088344
20,271,363,43666,105.596081
20,272,54,43666,12.253267
20,273,9,43666,1.637697
20,274,80,43666,10.712231
20,275,18,43666,3.003214
20,276,222,43666,65.301606
20,277,5,43666,1.116056
20,278,1642,43666,368.434113
20,279,2485,43666,551.916535
20,280,1377,43666,399.756395
20,281,100,43666,23.387614
20,282,9112,43666,2724.318192
20,283,0,43666,0.000000
20,284,101,43666,26.387137
20,285,233,43666,44.329025
20,286,360,43666,84.430287
20,287,153,43666,43.840001
20,288,52,43666,10.143266
20,289,515,43666,92.613081
20,290,1726,43666,402.080272
20,291,102,43666,15.858016
20,292,1188,43666,448.078509
20,293,5,43666,0.771598
20,294,37,43666,7.760659
20,295,31,43666,10.682059
20,296,1500,43666,305.974018
20,297,5384,43666,1175.907203
20,298,17,43666,2.253896
20,299,546,43666,131.257003
20,300,297,43666,69.459375
20,301,110,43666,37.019703
20,302,67,43666,13.986661
20,303,3,43666,0.657689
20,304,78,43666,18.831071
20,305,710,43666,154.621515
20,306,146,43666,32.779729
20,307,5290,43666,988.446241
20,308,341,43666,70.809991
20,309,11,43666,2.723350
20,310,45,43666,8.127814
20,311,0,43666,0.000000
20,312,0,43666,0.000000
20,313,299,43666,81.928543
20,314,17,43666,3.417989
20,315,37,43666,8.471073
20,316,0,43666,0.000000
20,317,27,43666,5.777315
20,318,11474,43666,2634.032054
20,319,0,43666,0.000000
20,320,149,43666,34.750734
20,321,86,43666,19.780288
20,322,1158,43666,419.348699
20,323,0,43666,0.000000
20,324,6424,43666,1502.136070
20,325,219,43666,51.069137
20,326,226,43666,63.382122
20,327,97,43666,19.138415
20,328,8,43666,1.740021
20,329,459,43666,88.721554
20,330,0,43666,0.000000
20,331,297,43666,54.266594
20,332,78,43666,17.399940
20,333,11,43666,3.279479
20,334,127,43666,26.171885
20,335,1657,43666,380.610020
20,336,16,43666,4.495024
20,337,697,43666,143.421197
20,338,1740,43666,404.839502
20,339,875,43666,255.651462
20,340,586,43666,141.070670
20,341,419,43666,139.236388
20,342,17,43666,3.099539
20,343,164,43666,30.499101
20,344,888,43666,225.070042
20,345,853,43666,160.378809
20,346,0,43666,0.000000
20,347,958,43666,216.609987
20,348,214,43666,50.161475
20,349,258,43666,52.140460
20,350,0,43666,0.000000
20,351,1455,43666,314.088347
20,352,901,43666,241.434037
20,353,788,43666,182.269170
20,354,29,43666,6.905636
20,355,360,43666,95.648490
20,356,0,43666,0.000000
20,357,8249,43666,1898.558530
20,358,22,43666,5.010670
20,359,3,43666,0.732034
20,360,158,43666,37.473161
20,361,17,43666,3.043766
20,362,738,43666,167.960142
20,363,415,43666,124.556262
20,364,0,43666,0.000000
20,365,382,43666,81.331069
20,366,0,43666,0.000000
20,367,1513,43666,344.957425
20,368,553,43666,129.457573
20,369,7,43666,1.358668
20,370,4,43666,0.872491
20,371,1337,43666,277.670665
20,372,0,43666,0.000000
20,373,0,43666,0.000000
20,374,0,43666,0.000000
20,375,51,43666,10.448556
20,376,201,43666,45.271202
20,377,1,43666,0.203486
20,378,45,43666,11.883137
20,379,244,43666,52.470795
20,380,1546,43666,541.222983
20,381,6,43666,1.363291
20,382,208,43666,38.932194
20,383,6,43666,1.078906
21,0,5129,43666,1105.185215
21,1,5,43666,0.802705
21,2,127,43666,60.562238
21,3,33,43666,6.039051
21,4,297,43666,59.785302
21,5,5,43666,0.732121
21,6,480,43666,105.508447
21,7,5,43666,1.178226
21,8,1205,43666,249.507459
21,9,14,43666,2.688711
21,10,213,43666,43.473538
21,11,684,43666,212.812881
21,12,370,43666,112.588617
21,13,3,43666,0.772195
21,14,10,43666,2.625726
21,15,40,43666,10.548413
21,16,837,43666,174.225332
21,17,199,43666,32.225375
21,18,325,43666,63.880835
21,19,113,43666,23.323804
21,20,1,43666,0.154781
21,21,440,43666,119.123515
21,22,203,43666,70.434727
21,23,175,43666,33.197744
21,24,1308,43666,332.580667
21,25,23,43666,6.724827
21,26,191,43666,69.342106
21,27,11,43666,2.650782
21,28,740,43666,131.676116
21,29,5782,43666,1363.360562
21,30,1254,43666,248.021085
21,31,30,43666,6.237250
21,32,1,43666,0.216822
21,33,334,43666,84.904339
21,34,68,43666,16.678704
21,35,3,43666,0.660083
21,36,1020,43666,277.927969
21,37,565,43666,119.566901
21,38,32,43666,8.011353
21,39,790,43666,150.331457
21,40,12,43666,2.822870
21,41,319,43666,94.187831
21,42,52,43666,10.522774
21,43,296,43666,61.056433
21,44,209,43666,43.021768
21,45,764,43666,176.147592
21,46,0,43666,0.000000
21,47,339,43666,102.631752
21,48,811,43666,155.049745
21,49,157,43666,29.690891
21,50,900,43666,258.950022
21,51,320,43666,95.144172
21,52,4081,43666,1048.520373
21,53,0,43666,0.000000
21,54,3,43666,0.629038
21,55,71,43666,20.243743
21,56,54,43666,12.045355
21,57,2,43666,0.549323
21,58,514,43666,163.304555
21,59,338,43666,72.847165
21,60,84,43666,22.185025
21,61,9155,43666,2330.945054
21,62,729,43666,188.956457
21,63,1322,43666,287.169128
21,64,950,43666,212.714177
21,65,3,43666,0.666779
21,66,1,43666,0.139539
21,67,258,43666,60.292417
21,68,0,43666,0.000000
21,69,63,43666,15.527429
21,70,1528,43666,447.196444
21,71,13,43666,2.112210
21,72,172,43666,29.512838
21,73,1,43666,0.163004
21,74,44,43666,9.960569
21,75,79,43666,18.045051
21,76,0,43666,0.000000
21,77,120,43666,36.508100
21,78,0,43666,0.000000
21,79,0,43666,0.000000
21,80,35,43666,5.922269
21,81,0,43666,0.000000
21,82,280,43666,53.058453
21,83,27,43666,6.153833
21,84,188,43666,51.111842
21,85,90,43666,18.338506
21,86,198,43666,62.357277
21,87,271,43666,82.932969
21,88,121,43666,43.184256
21,89,92,43666,18.572783
21,90,116,43666,22.061614
21,91,57,43666,13.420828
21,92,0,43666,0.000000
21,93,386,43666,106.043364
21,94,0,43666,0.000000
21,95,323,43666,69.927216
21,96,9,43666,2.073609
21,97,54,43666,13.396471
21,98,6695,43666,2154.263394
21,99,568,43666,167.241310
21,100,32,43666,9.468860
21,101,293,43666,99.166953
21,102,820,43666,265.173842
21,103,92,43666,18.196956
21,104,437,43666,143.539025
21,105,105,43666,13.060747
21,106,33,43666,5.076265
21,107,158,43666,34.839136
21,108,28,43666,8.567449
21,109,56,43666,9.691208
21,110,45,43666,8.531272
21,111,361,43666,64.709436
21,112,1017,43666,373.152956
21,113,56,43666,9.529451
21,114,432,43666,70.201809
21,115,1097,43666,246.818097
21,116,13,43666,3.791517
21,117,38,43666,10.010924
21,118,193,43666,31.117109
21,119,0,43666,0.000000
21,120,450,43666,93.252135
21,121,369,43666,85.481744
21,122,58,43666,10.418792
21,123,3755,43666,986.899035
21,124,376,43666,117.714072
21,125,758,43666,199.266955
21,126,74,43666,13.542297
21,127,264,43666,44.164915
21,128,1734,43666,404.297097
21,129,65,43666,17.093287
21,130,843,43666,188.648482
21,131,1235,43666,336.146668
21,132,3,43666,0.644358
21,133,4,43666,0.829411
21,134,903,43666,280.790075
21,135,163,43666,33.669053
21,136,250,43666,56.397257
21,137,1511,43666,303.060867
21,138,282,43666,60.448219
21,139,104,43666,22.250149
21,140,5,43666,0.773850
21,141,372,43666,83.216824
21,142,161,43666,39.039450
21,143,446,43666,80.782469
21,144,14,43666,2.325004
21,145,6,43666,1.157408
21,146,2605,43666,658.661708
21,147,828,43666,165.715844
21,148,116,43666,34.321119
21,149,6,43666,1.282919
21,150,0,43666,0.000000
21,151,57,43666,9.493337
21,152,102,43666,21.213612
21,153,0,43666,0.000000
21,154,64,43666,14.901774
21,155,322,43666,76.386513
21,156,0,43666,0.000000
21,157,54,43666,9.541008
21,158,844,43666,208.470434
21,159,0,43666,0.000000
21,160,371,43666,80.407894
21,161,671,43666,137.545074
21,162,98,43666,16.795026
21,163,1,43666,0.248026
21,164,472,43666,90.038255
21,165,171,43666,46.378055
21,166,11,43666,2.097492
21,167,347,43666,78.475082
21,168,1,43666,0.163458
21,169,0,43666,0.000000
21,170,8276,43666,2151.970373
21,171,14217,43666,3316.826768
21,172,17,43666,3.079383
21,173,463,43666,92.758529
21,174,0,43666,0.000000
21,175,17,43666,4.150764
21,176,779,43666,193.668621
21,177,1414,43666,359.901506
21,178,97,43666,18.687827
21,179,546,43666,149.751420
21,180,76,43666,14.553722
21,181,342,43666,71.471114
21,182,273,43666,46.649938
21,183,75,43666,14.747108
21,184,28,43666,5.435050
21,185,615,43666,238.083424
21,186,798,43666,167.378556
21,187,41,43666,6.616952
21,188,42,43666,8.897697
21,189,17,43666,3.186822
21,190,108,43666,11.740002
21,191,564,43666,108.843003
21,192,303,43666,60.348031
21,193,109,43666,17.820530
21,194,44,43666,8.490348
21,195,294,43666,81.825752
21,196,0,43666,0.000000
21,197,65,43666,19.096334
21,198,47,43666,8.836991
21,199,4,43666,0.849325
21,200,53,43666,11.645736
21,201,28,43666,5.825470
21,202,1091,43666,198.924230
21,203,513,43666,86.706315
21,204,143,43666,27.052271
21,205,98,43666,10.734872
21,206,2054,43666,518.114231
21,207,0,43666,0.000000
21,208,3559,43666,738.759825
21,209,184,43666,40.633580
21,210,9943,43666,2533.842864
21,211,39,43666,7.921575
21,212,0,43666,0.000000
21,213,0,43666,0.000000
21,214,257,43666,65.176347
21,215,98,43666,29.813893
21,216,0,43666,0.000000
21,217,1,43666,0.178922
21,218,2,43666,0.382567
21,219,10355,43666,2329.096808
21,220,162,43666,33.006567
21,221,187,43666,32.008065
21,222,2,43666,0.515376
21,223,13,43666,2.065289
21,224,104,43666,19.315040
21,225,219,43666,41.215882
21,226,19,43666,5.624869
21,227,1532,43666,347.698690
21,228,440,43666,159.628679
21,229,568,43666,179.323918
21,230,0,43666,0.000000
21,231,1,43666,0.175636
21,232,3037,43666,712.399869
21,233,37,43666,8.130377
21,234,85,43666,22.036222
21,235,494,43666,107.053650
21,236,135,43666,20.477930
21,237,97,43666,21.023667
21,238,0,43666,0.000000
21,239,345,43666,81.592054
21,240,396,43666,86.528364
21,241,0,43666,0.000000
21,242,6,43666,1.354838
21,243,132,43666,40.650517
21,244,18,43666,3.689784
21,245,164,43666,32.391699
21,246,0,43666,0.000000
21,247,71,43666,16.758949
21,248,5,43666,0.934346
21,249,13,43666,1.877342
21,250,39,43666,10.034379
21,251,5559,43666,1288.674127
21,252,73,43666,15.587381
21,253,1,43666,0.166994
21,254,252,43666,93.532960
21,255,162,43666,28.845837
21,256,0,43666,0.000000
21,257,6,43666,1.363472
21,258,679,43666,151.473524
21,259,0,43666,0.000000
21,260,111,43666,25.286565
21,261,203,43666,39.255749
21,262,135,43666,17.927890
21,263,89,43666,32.399674
21,264,10,43666,1.465328
21,265,143,43666,32.227011
21,266,133,43666,25.352809
21,267,29,43666,4.174589
21,268,10,43666,1.870159
21,269,528,43666,123.583702
21,270,5310,43666,1816.336243
21,271,1,43666,0.182914
21,272,3751,43666,777.221550
21,273,162,43666,32.943564
21,274,1603,43666,401.207900
21,275,119,43666,30.317402
21,276,200,43666,36.604940
21,277,0,43666,0.000000
21,278,370,43666,65.292578
21,279,0,43666,0.000000
21,280,3674,43666,837.937002
21,281,9,43666,1.762775
21,282,325,43666,64.401633
21,283,73,43666,13.185480
21,284,0,43666,0.000000
21,285,952,43666,215.024887
21,286,100,43666,31.687527
21,287,0,43666,0.000000
21,288,52,43666,12.814060
21,289,611,43666,132.379574
21,290,500,43666,108.865488
21,291,0,43666,0.000000
21,292,102,43666,20.641854
21,293,7878,43666,1675.557919
21,294,80,43666,34.080103
21,295,0,43666,0.000000
21,296,814,43666,155.379809
21,297,31,43666,6.071008
21,298,0,43666,0.000000
21,299,1121,43666,355.777683
21,300,588,43666,175.665282
21,301,140,43666,30.337260
21,302,3030,43666,549.566386
21,303,0,43666,0.000000
21,304,387,43666,96.255624
21,305,5,43666,0.800680
21,306,0,43666,0.000000
21,307,0,43666,0.000000
21,308,63,43666,9.765013
21,309,145,43666,23.797687
21,310,1403,43666,264.858857
21,311,906,43666,175.602417
21,312,257,43666,70.856153
21,313,9,43666,1.498225
21,314,0,43666,0.000000
21,315,183,43666,49.133822
21,316,26,43666,4.904636
21,317,1,43666,0.130397
21,318,49,43666,26.306193
21,319,304,43666,71.653449
21,320,224,43666,200.109781
21,321,0,43666,0.000000
21,322,14,43666,3.211694
21,323,28,43666,6.762116
21,324,911,43666,194.228738
21,325,71,43666,13.171180
21,326,36,43666,7.625271
21,327,10329,43666,2478.409403
21,328,0,43666,0.000000
21,329,750,43666,192.894878
21,330,608,43666,112.734289
21,331,692,43666,125.425624
21,332,0,43666,0.000000
21,333,0,43666,0.000000
21,334,13935,43666,4301.439098
21,335,61,43666,11.320509
21,336,986,43666,203.913180
21,337,69,43666,11.150271
21,338,205,43666,39.851153
21,339,11,43666,1.618251
21,340,87,43666,19.843977
21,341,684,43666,184.339434
21,342,18,43666,3.057376
21,343,139,43666,40.302098
21,344,69,43666,9.967050
21,345,67,43666,12.841796
21,346,240,43666,55.800842
21,347,161,43666,35.387374
21,348,4,43666,0.646515
21,349,1301,43666,368.373181
21,350,118,43666,37.561292
21,351,379,43666,78.394821
21,352,13,43666,1.722181
21,353,209,43666,58.054628
21,354,34,43666,5.129798
21,355,874,43666,238.246855
21,356,692,43666,152.978042
21,357,969,43666,249.351261
21,358,71,43666,12.717785
21,359,1648,43666,359.174062
21,360,9,43666,3.359317
21,361,466,43666,125.244288
21,362,447,43666,119.006889
21,363,26,43666,5.284003
21,364,167,43666,30.570435
21,365,37,43666,10.927943
21,366,826,43666,274.314872
21,367,20528,43666,6127.741541
21,368,3348,43666,724.699800
21,369,832,43666,160.481422
21,370,10,43666,1.981928
21,371,6,43666,1.457071
21,372,16,43666,4.323438
21,373,1240,43666,255.636810
21,374,29,43666,6.670705
21,375,1831,43666,405.943682
21,376,358,43666,93.135328
21,377,558,43666,140.137776
21,378,0,43666,0.000000
21,379,256,43666,50.994235
21,380,495,43666,91.596619
21,381,14,43666,4.273083
21,382,695,43666,188.623091
21,383,237,43666,57.981929
22,0,35,43666,6.374257
22,1,147,43666,30.874488
22,2,112,43666,22.041253
22,3,10,43666,1.780942
22,4,948,43666,156.695707
22,5,5,43666,1.091360
22,6,138,43666,25.040520
22,7,7163,43666,2448.362074
22,8,15,43666,3.412771
22,9,152,43666,38.383824
22,10,35,43666,6.154973
22,11,82,43666,11.215653
22,12,1147,43666,245.660041
22,13,241,43666,44.766121
22,14,1,43666,0.225639
22,15,151,43666,34.791745
22,16,36,43666,5.209380
22,17,96,43666,14.531826
22,18,507,43666,127.591915
22,19,465,43666,141.619807
22,20,4,43666,0.752558
22,21,95,43666,11.882929
22,22,8000,43666,1564.835769
22,23,619,43666,133.922962
22,24,14,43666,2.359532
22,25,11,43666,1.688447
22,26,35,43666,7.080048
22,27,2639,43666,467.521624
22,28,992,43666,208.695527
22,29,2504,43666,467.202665
22,30,0,43666,0.000000
22,31,0,43666,0.000000
22,32,123,43666,21.045286
22,33,15,43666,2.053037
22,34,138,43666,27.842611
22,35,60,43666,9.223622
22,36,50,43666,11.605511
22,37,0,43666,0.000000
22,38,42,43666,6.466083
22,39,94,43666,13.398685
22,40,252,43666,47.458756
22,41,1069,43666,157.879021
22,42,77,43666,5.523942
22,43,35,43666,10.683627
22,44,1630,43666,292.863746
22,45,1,43666,0.145896
22,46,0,43666,0.000000
22,47,0,43666,0.000000
22,48,169,43666,44.621089
22,49,61,43666,9.768588
22,50,28,43666,3.840549
22,51,0,43666,0.000000
22,52,0,43666,0.000000
22,53,90,43666,19.905867
22,54,0,43666,0.000000
22,55,2,43666,0.363338
22,56,35,43666,9.047098
22,57,72,43666,14.398882
22,58,11,43666,2.899286
22,59,22,43666,3.229405
22,60,390,43666,99.964412
22,61,18,43666,3.736265
22,62,271,43666,38.008596
22,63,87,43666,17.993235
22,64,274,43666,61.218860
22,65,774,43666,190.072217
22,66,0,43666,0.000000
22,67,2694,43666,610.048904
22,68,1468,43666,275.594882
22,69,1904,43666,372.373804
22,70,1190,43666,218.417923
22,71,0,43666,0.000000
22,72,163,43666,32.273633
22,73,7,43666,1.263360
22,74,5599,43666,1284.120771
22,75,94,43666,17.308828
22,76,22,43666,1.740487
22,77,224,43666,35.252528
22,78,1308,43666,280.787321
22,79,45,43666,6.608539
22,80,28,43666,5.527880
22,81,487,43666,101.827068
22,82,5226,43666,1077.178190
22,83,39,43666,9.263551
22,84,101,43666,25.868352
22,85,292,43666,72.014707
22,86,336,43666,60.435644
22,87,179,43666,38.734650
22,88,288,43666,49.568499
22,89,71,43666,26.788090
22,90,40,43666,7.966226
22,91,72,43666,14.999836
22,92,416,43666,63.626423
22,93,101,43666,16.766704
22,94,0,43666,0.000000
22,95,278,43666,51.588583
22,96,191,43666,49.750946
22,97,90,43666,17.469451
22,98,16,43666,3.504232
22,99,381,43666,76.601931
22,100,1395,43666,232.318690
22,101,1,43666,0.132281
22,102,9,43666,1.227039
22,103,0,43666,0.000000
22,104,435,43666,116.527032
22,105,2,43666,0.352606
22,106,0,43666,0.000000
22,107,24,43666,5.420628
22,108,52,43666,7.150674
22,109,321,43666,49.359593
22,110,69,43666,16.503262
22,111,53,43666,12.257076
22,112,1681,43666,386.148830
22,113,2305,43666,564.784568
22,114,3,43666,0.647817
22,115,463,43666,95.061790
22,116,245,43666,38.277058
22,117,379,43666,77.771806
22,118,1941,43666,460.326273
22,119,0,43666,0.000000
22,120,133,43666,26.983570
22,121,7968,43666,1630.937084
22,122,0,43666,0.000000
22,123,429,43666,108.646513
22,124,2,43666,0.221729
22,125,43,43666,11.489816
22,126,131,43666,28.607360
22,127,257,43666,34.882240
22,128,0,43666,0.000000
22,129,0,43666,0.000000
22,130,1,43666,0.119649
22,131,7156,43666,1190.378303
22,132,43,43666,7.560209
22,133,872,43666,164.931457
22,134,89,43666,26.183885
22,135,0,43666,0.000000
22,136,431,43666,95.897523
22,137,3,43666,0.642634
22,138,0,43666,0.000000
22,139,7934,43666,1364.441918
22,140,162,43666,25.222534
22,141,704,43666,132.880813
22,142,293,43666,53.448603
22,143,0,43666,0.000000
22,144,238,43666,29.950542
22,145,8,43666,1.635495
22,146,74,43666,20.980474
22,147,203,43666,27.716552
22,148,354,43666,69.160334
22,149,54,43666,9.514952
22,150,4287,43666,1018.885946
22,151,69,43666,10.043224
22,152,96,43666,24.983082
22,153,2,43666,0.408033
22,154,1525,43666,246.777169
22,155,339,43666,60.399006
22,156,5332,43666,1175.409066
22,157,282,43666,51.570715
22,158,1982,43666,299.414562
22,159,2696,43666,446.814357
22,160,152,43666,31.567409
22,161,51,43666,10.901912
22,162,233,43666,59.077038
22,163,445,43666,87.986030
22,164,0,43666,0.000000
22,165,27,43666,7.822801
22,166,330,43666,54.647296
22,167,439,43666,81.744988
22,168,35,43666,4.343506
22,169,0,43666,0.000000
22,170,0,43666,0.000000
22,171,232,43666,45.954630
22,172,1820,43666,542.545102
22,173,42,43666,10.258386
22,174,1910,43666,306.932497
22,175,52,43666,11.390370
22,176,30,43666,7.447803
22,177,1052,43666,323.606993
22,178,1673,43666,301.430804
22,179,230,43666,36.730143
22,180,1428,43666,340.721571
22,181,15,43666,2.930405
22,182,104,43666,16.872366
22,183,0,43666,0.000000
22,184,687,43666,198.050030
22,185,479,43666,73.035851
22,186,356,43666,54.114093
22,187,0,43666,0.000000
22,188,1,43666,0.175222
22,189,1262,43666,205.854728
22,190,241,43666,40.599779
22,191,0,43666,0.000000
22,192,185,43666,40.713586
22,193,613,43666,119.253713
22,194,34,43666,3.322427
22,195,919,43666,160.075399
22,196,0,43666,0.000000
22,197,114,43666,18.383058
22,198,253,43666,43.845549
22,199,90,43666,19.009368
22,200,283,43666,54.567293
22,201,51,43666,10.456051
22,202,50,43666,8.274631
22,203,496,43666,96.822048
22,204,407,43666,104.805567
22,205,271,43666,49.571190
22,206,34,43666,8.170192
22,207,103,43666,25.405879
22,208,264,43666,44.243260
22,209,165,43666,40.729935
22,210,79,43666,15.491188
22,211,0,43666,0.000000
22,212,1698,43666,303.090156
22,213,232,43666,43.026033
22,214,588,43666,87.425137
22,215,190,43666,30.162988
22,216,227,43666,60.940598
22,217,0,43666,0.000000
22,218,50,43666,11.129573
22,219,2581,43666,484.369328
22,220,9,43666,2.391347
22,221,10,43666,1.842430
22,222,1,43666,0.125535
22,223,187,43666,28.197476
22,224,615,43666,92.803002
22,225,332,43666,54.138664
22,226,81,43666,13.609126
22,227,24,43666,4.326965
22,228,544,43666,94.131326
22,229,14,43666,2.161961
22,230,212,43666,38.383787
22,231,88,43666,15.257986
22,232,53,43666,9.453577
22,233,877,43666,155.033048
22,234,746,43666,135.878780
22,235,3766,43666,691.110743
22,236,58,43666,10.124897
22,237,153,43666,23.378847
22,238,293,43666,55.436431
22,239,341,43666,84.501436
22,240,158,43666,23.619726
22,241,100,43666,31.928601
22,242,405,43666,92.548867
22,243,0,43666,0.000000
22,244,139,43666,26.738736
22,245,154,43666,22.914123
22,246,277,43666,42.579414
22,247,0,43666,0.000000
22,248,222,43666,35.606678
22,249,59,43666,13.957040
22,250,41,43666,8.966759
22,251,16,43666,3.759219
22,252,0,43666,0.000000
22,253,78,43666,19.622486
22,254,16,43666,3.059771
22,255,0,43666,0.000000
22,256,0,43666,0.000000
22,257,0,43666,0.000000
22,258,556,43666,142.987774
22,259,3445,43666,884.940366
22,260,96,43666,16.177807
22,261,673,43666,103.070151
22,262,1,43666,0.212672
22,263,450,43666,71.505023
22,264,269,43666,75.778138
22,265,128,43666,20.772394
22,266,11,43666,2.207804
22,267,5,43666,0.961920
22,268,7,43666,0.701483
22,269,1279,43666,267.233158
22,270,0,43666,0.000000
22,271,63,43666,9.344394
22,272,83,43666,15.549856
22,273,10,43666,2.672043
22,274,1161,43666,298.613423
22,275,5,43666,0.953747
22,276,0,43666,0.000000
22,277,40390,43666,19686.657963
22,278,364,43666,91.304191
22,279,1762,43666,435.608148
22,280,143,43666,31.021580
22,281,3294,43666,742.545832
22,282,39,43666,7.129619
22,283,406,43666,89.461686
22,284,30,43666,3.693973
22,285,10,43666,1.946082
22,286,391,43666,73.029560
22,287,627,43666,105.668353
22,288,930,43666,184.714315
22,289,383,43666,55.811380
22,290,519,43666,82.444619
22,291,12,43666,1.534538
22,292,0,43666,0.000000
22,293,767,43666,179.299257
22,294,350,43666,72.042445
22,295,361,43666,59.739874
22,296,513,43666,71.189807
22,297,25,43666,6.158065
22,298,59,43666,10.171055
22,299,55,43666,9.823211
22,300,16,43666,4.409859
22,301,827,43666,177.872890
22,302,41,43666,4.667224
22,303,13,43666,2.216492
22,304,93,43666,16.981176
22,305,407,43666,67.285997
22,306,59,43666,7.263832
22,307,52,43666,13.391317
22,308,123,43666,16.905852
22,309,332,43666,47.783998
22,310,0,43666,0.000000
22,311,467,43666,81.358640
22,312,293,43666,38.183905
22,313,2101,43666,403.868739
22,314,8011,43666,1837.502070
22,315,46,43666,13.046148
22,316,886,43666,155.608618
22,317,139,43666,29.719058
22,318,983,43666,256.909586
22,319,21,43666,5.259546
22,320,796,43666,138.537731
22,321,6106,43666,1354.928809
22,322,502,43666,80.959130
22,323,72,43666,16.463353
22,324,110,43666,18.752110
22,325,96,43666,14.224229
22,326,144,43666,22.782784
22,327,549,43666,116.842634
22,328,391,43666,72.427739
22,329,71,43666,12.426212
22,330,1288,43666,252.143322
22,331,42,43666,8.516350
22,332,0,43666,0.000000
22,333,573,43666,99.430838
22,334,127,43666,55.239683
22,335,438,43666,79.698283
22,336,693,43666,199.495107
22,337,380,43666,57.805721
22,338,41,43666,9.420620
22,339,107,43666,18.880003
22,340,150,43666,28.639790
22,341,71,43666,12.029548
22,342,438,43666,91.782994
22,343,0,43666,0.000000
22,344,444,43666,107.763583
22,345,530,43666,86.357511
22,346,747,43666,113.370691
22,347,41,43666,6.313177
22,348,377,43666,92.648861
22,349,1224,43666,231.213343
22,350,74,43666,16.769385
22,351,1951,43666,357.280241
22,352,391,43666,64.586509
22,353,12,43666,2.503006
22,354,0,43666,0.000000
22,355,125,43666,26.682392
22,356,250,43666,45.435859
22,357,280,43666,48.683837
22,358,0,43666,0.000000
22,359,236,43666,49.039200
22,360,12,43666,2.817695
22,361,0,43666,0.000000
22,362,156,43666,55.248697
22,363,664,43666,123.157447
22,364,82,43666,18.623077
22,365,636,43666,151.748702
22,366,665,43666,148.570039
22,367,544,43666,136.492990
22,368,2136,43666,399.906971
22,369,76,43666,8.972570
22,370,802,43666,134.620943
22,371,761,43666,143.482333
22,372,195,43666,39.056010
22,373,6793,43666,1333.404161
22,374,235,43666,42.566145
22,375,50,43666,10.434022
22,376,5509,43666,996.292154
22,377,4352,43666,1106.284580
22,378,98,43666,27.532454
22,379,66,43666,6.399879
22,380,269,43666,55.207196
22,381,18,43666,4.853753
22,382,779,43666,134.252559
22,383,68,43666,12.771704
23,0,1290,43666,286.138370
23,1,24,43666,6.113625
23,2,72,43666,6.856242
23,3,2727,43666,589.785922
23,4,314,43666,57.231799
23,5,1624,43666,368.986138
23,6,95,43666,12.835030
23,7,400,43666,75.235259
23,8,78,43666,7.078677
23,9,82,43666,11.761146
23,10,32,43666,7.908066
23,11,338,43666,81.296533
23,12,480,43666,174.688243
23,13,131,43666,43.178326
23,14,33,43666,8.118525
23,15,35,43666,7.237929
23,16,3378,43666,945.126228
23,17,602,43666,130.269335
23,18,122,43666,26.465066
23,19,523,43666,81.731313
23,20,2978,43666,609.037533
23,21,39,43666,6.019740
23,22,50,43666,10.336948
23,23,1019,43666,172.954795
23,24,129,43666,44.909280
23,25,1009,43666,316.536283
23,26,9,43666,1.676736
23,27,5,43666,1.201015
23,28,122,43666,20.469284
23,29,560,43666,90.193063
23,30,1163,43666,332.989803
23,31,0,43666,0.000000
23,32,314,43666,64.424589
23,33,63,43666,10.268069
23,34,115,43666,16.694407
23,35,115,43666,14.955414
23,36,5,43666,0.663023
23,37,635,43666,98.813047
23,38,167,43666,26.991072
23,39,2394,43666,491.763813
23,40,312,43666,134.293892
23,41,402,43666,66.249027
23,42,393,43666,59.273903
23,43,556,43666,136.623530
23,44,36,43666,13.558724
23,45,120,43666,28.275980
23,46,4923,43666,953.603650
23,47,113,43666,17.857030
23,48,326,43666,80.363805
23,49,355,43666,85.666860
23,50,13371,43666,2662.231260
23,51,45,43666,5.529873
23,52,109,43666,36.639108
23,53,131,43666,16.312643
23,54,293,43666,53.643377
23,55,1207,43666,275.739701
23,56,194,43666,65.756444
23,57,316,43666,53.528047
23,58,16,43666,3.218500
23,59,1289,43666,296.770760
23,60,835,43666,250.501147
23,61,175,43666,32.855094
23,62,26,43666,6.926030
23,63,5,43666,0.688123
23,64,279,43666,38.855737
23,65,591,43666,102.174375
23,66,883,43666,232.250513
23,67,4432,43666,1172.432677
23,68,955,43666,175.443242
23,69,130,43666,39.764720
23,70,1,43666,0.179545
23,71,25,43666,4.486678
23,72,1952,43666,402.244381
23,73,196,43666,35.806182
23,74,95,43666,19.726928
23,75,3,43666,0.741901
23,76,1265,43666,337.092597
23,77,15,43666,3.279273
23,78,64,43666,26.961778
23,79,713,43666,236.174102
23,80,83,43666,14.844961
23,81,1040,43666,293.536654
23,82,8,43666,1.144457
23,83,0,43666,0.000000
23,84,2,43666,0.327779
23,85,286,43666,44.980501
23,86,81,43666,22.802416
23,87,313,43666,108.960534
23,88,440,43666,137.436888
23,89,11,43666,2.193697
23,90,717,43666,128.578966
23,91,1964,43666,416.261550
23,92,783,43666,182.444170
23,93,1323,43666,231.635010
23,94,82,43666,14.995080
23,95,265,43666,53.978529
23,96,52,43666,0.921606
23,97,5835,43666,1242.295214
23,98,362,43666,57.739937
23,99,23,43666,3.524104
23,100,3,43666,0.746198
23,101,60,43666,5.069653
23,102,599,43666,72.652208
23,103,626,43666,128.673323
23,104,82,43666,6.342704
23,105,4,43666,0.649594
23,106,101,43666,24.927254
23,107,55,43666,10.220955
23,108,38,43666,5.329986
23,109,292,43666,77.205447
23,110,5,43666,1.474331
23,111,46,43666,8.266468
23,112,32,43666,6.317455
23,113,22,43666,1.662144
23,114,21,43666,4.594617
23,115,604,43666,173.695689
23,116,529,43666,111.864240
23,117,57,43666,5.334373
23,118,135,43666,22.880751
23,119,158,43666,38.096883
23,120,242,43666,37.818816
23,121,4,43666,0.789058
23,122,21,43666,4.346939
23,123,422,43666,93.587819
23,124,45,43666,7.013876
23,125,176,43666,49.298783
23,126,377,43666,68.813092
23,127,778,43666,174.271925
23,128,26,43666,5.146348
23,129,567,43666,94.927550
23,130,2,43666,0.280597
23,131,2206,43666,619.670953
23,132,434,43666,111.546597
23,133,249,43666,55.726799
23,134,408,43666,90.378795
23,135,226,43666,49.414518
23,136,26,43666,4.518555
23,137,120,43666,21.313072
23,138,0,43666,0.000000
23,139,677,43666,162.739792
23,140,33,43666,11.679817
23,141,8,43666,0.803705
23,142,111,43666,16.980219
23,143,2418,43666,673.521052
23,144,54,43666,13.972020
23,145,146,43666,15.322683
23,146,22,43666,5.577259
23,147,906,43666,169.509135
23,148,18,43666,4.941069
23,149,171,43666,31.972808
23,150,1281,43666,344.894040
23,151,1635,43666,433.868362
23,152,2355,43666,508.820614
23,153,2,43666,0.367981
23,154,121,43666,22.079385
23,155,3521,43666,700.216185
23,156,193,43666,93.752035
23,157,364,43666,94.366162
23,158,279,43666,60.190620
23,159,283,43666,56.242677
23,160,6501,43666,1569.075125
23,161,1729,43666,371.983085
23,162,115,43666,19.781406
23,163,286,43666,47.892860
23,164,553,43666,112.907428
23,165,5793,43666,1339.895476
23,166,193,43666,49.064388
23,167,380,43666,95.010594
23,168,20,43666,2.466674
23,169,99,43666,15.149806
23,170,93,43666,22.458012
23,171,4789,43666,1667.709469
23,172,86,43666,31.430500
23,173,210,43666,48.384501
23,174,124,43666,19.438091
23,175,597,43666,169.407418
23,176,307,43666,29.959090
23,177,1387,43666,208.388453
23,178,20,43666,6.850969
23,179,158,43666,32.168892
23,180,194,43666,37.355124
23,181,32,43666,9.806852
23,182,48,43666,9.310034
23,183,11,43666,2.506313
23,184,3001,43666,805.328343
23,185,141,43666,29.253391
23,186,385,43666,85.804086
23,187,400,43666,103.983880
23,188,8269,43666,1768.295101
23,189,1015,43666,207.288004
23,190,1160,43666,245.865195
23,191,104,43666,24.594800
23,192,498,43666,132.212545
23,193,51,43666,13.060832
23,194,1,43666,0.182288
23,195,489,43666,72.828640
23,196,236,43666,154.798032
23,197,109,43666,14.369645
23,198,276,43666,77.249342
23,199,44,43666,8.830261
23,200,76,43666,7.705729
23,201,833,43666,122.156726
23,202,6,43666,0.692102
23,203,0,43666,0.000000
23,204,1,43666,0.190778
23,205,6139,43666,1531.466243
23,206,46,43666,4.205485
23,207,326,43666,107.794880
23,208,53,43666,14.745485
23,209,5264,43666,1603.001694
23,210,633,43666,87.325492
23,211,49,43666,3.409861
23,212,114,43666,33.825054
23,213,110,43666,21.630169
23,214,0,43666,0.000000
23,215,3,43666,0.317242
23,216,238,43666,56.646726
23,217,65,43666,9.078766
23,218,78,43666,31.436430
23,219,437,43666,87.108309
23,220,558,43666,90.509964
23,221,231,43666,46.975079
23,222,20,43666,4.429197
23,223,61,43666,9.645643
23,224,192,43666,33.771397
23,225,1715,43666,476.271891
23,226,267,43666,49.881517
23,227,8,43666,1.054724
23,228,14,43666,3.994969
23,229,0,43666,0.000000
23,230,55,43666,16.007094
23,231,96,43666,21.710324
23,232,655,43666,126.242172
23,233,22,43666,2.194922
23,234,91,43666,12.273260
23,235,141,43666,28.257037
23,236,789,43666,168.970232
23,237,86,43666,14.297431
23,238,1325,43666,253.067607
23,239,900,43666,117.222356
23,240,0,43666,0.000000
23,241,0,43666,0.000000
23,242,155,43666,45.969065
23,243,885,43666,129.802429
23,244,33,43666,11.052953
23,245,47,43666,8.791904
23,246,0,43666,0.000000
23,247,490,43666,78.786466
23,248,2,43666,0.329848
23,249,2,43666,0.264660
23,250,98,43666,31.863879
23,251,1576,43666,330.536927
23,252,0,43666,0.000000
23,253,51,43666,15.945302
23,254,87,43666,14.004051
23,255,535,43666,109.599537
23,256,93,43666,16.092865
23,257,129,43666,21.706529
23,258,556,43666,119.848915
23,259,8,43666,1.277365
23,260,17,43666,3.379781
23,261,117,43666,22.937582
23,262,49,43666,9.663426
23,263,645,43666,114.325626
23,264,255,43666,64.724744
23,265,126,43666,17.598010
23,266,659,43666,140.286954
23,267,6,43666,1.293814
23,268,673,43666,299.234452
23,269,162,43666,32.397117
23,270,836,43666,192.309440
23,271,2542,43666,476.576594
23,272,542,43666,85.368751
23,273,731,43666,126.488820
23,274,245,43666,47.558689
23,275,53,43666,7.364401
23,276,305,43666,52.403225
23,277,20,43666,5.017058
23,278,4,43666,1.569692
23,279,309,43666,89.280458
23,280,0,43666,0.000000
23,281,135,43666,22.537551
23,282,1208,43666,249.195329
23,283,6,43666,0.820946
23,284,296,43666,44.103103
23,285,374,43666,91.564881
23,286,196,43666,47.025192
23,287,146,43666,50.882153
23,288,0,43666,0.000000
23,289,0,43666,0.000000
23,290,161,43666,34.061974
23,291,34,43666,10.338205
23,292,47,43666,11.245810
23,293,45,43666,9.228055
23,294,305,43666,39.292479
23,295,4,43666,0.387568
23,296,582,43666,154.178580
23,297,11,43666,1.206376
23,298,103,43666,39.069121
23,299,239,43666,53.577908
23,300,2,43666,0.467165
23,301,271,43666,57.129573
23,302,182,43666,36.427298
23,303,0,43666,0.000000
23,304,1203,43666,212.436375
23,305,5,43666,1.595495
23,306,13,43666,3.220029
23,307,124,43666,22.017622
23,308,0,43666,0.000000
23,309,263,43666,59.989348
23,310,1,43666,0.093750
23,311,11,43666,2.259643
23,312,26241,43666,10677.403018
23,313,1,43666,0.375853
23,314,8,43666,1.783384
23,315,394,43666,74.561087
23,316,13,43666,2.962084
23,317,667,43666,157.845712
23,318,9,43666,1.788378
23,319,398,43666,224.237121
23,320,3631,43666,696.892948
23,321,24,43666,4.998764
23,322,37,43666,10.445720
23,323,23,43666,5.101491
23,324,221,43666,34.835790
23,325,18,43666,4.245800
23,326,360,43666,58.125247
23,327,1,43666,0.122653
23,328,9,43666,1.503514
23,329,6436,43666,2290.619623
23,330,301,43666,43.392482
23,331,131,43666,51.738176
23,332,794,43666,152.597369
23,333,183,43666,20.489848
23,334,1146,43666,211.643842
23,335,281,43666,54.391793
23,336,92,43666,14.527882
23,337,12,43666,1.849341
23,338,103,43666,22.901969
23,339,11,43666,4.182920
23,340,116,43666,23.420996
23,341,1130,43666,215.977545
23,342,62,43666,14.289760
23,343,75,43666,18.098103
23,344,2906,43666,511.395010
23,345,976,43666,162.230202
23,346,1632,43666,320.837190
23,347,8,43666,1.384847
23,348,652,43666,143.711173
23,349,66,43666,17.121641
23,350,72,43666,20.180997
23,351,54,43666,5.474490
23,352,824,43666,141.157098
23,353,44,43666,7.376373
23,354,781,43666,124.100367
23,355,154,43666,32.518002
23,356,55,43666,9.036917
23,357,7270,43666,2209.543145
23,358,4287,43666,1007.124323
23,359,0,43666,0.000000
23,360,418,43666,111.467979
23,361,264,43666,48.273654
23,362,104,43666,17.032040
23,363,69,43666,16.490768
23,364,996,43666,243.814820
23,365,129,43666,27.323143
23,366,1272,43666,258.199065
23,367,7836,43666,1884.534458
23,368,411,43666,83.815519
23,369,0,43666,0.000000
23,370,52,43666,5.118548
23,371,652,43666,166.159860
23,372,51,43666,21.479881
23,373,1293,43666,399.001140
23,374,969,43666,212.125567
23,375,88,43666,26.231720
23,376,152,43666,41.552441
23,377,274,43666,52.123254
23,378,3767,43666,891.002140
23,379,4,43666,0.750231
23,380,5,43666,0.707285
23,381,656,43666,193.183265
23,382,470,43666,97.041798
23,383,260,43666,51.219048
24,0,513,43666,206.690687
24,1,0,43666,0.000000
24,2,2216,43666,540.781372
24,3,603,43666,135.234712
24,4,206,43666,58.396986
24,5,873,43666,223.636370
24,6,1723,43666,365.332763
24,7,195,43666,48.970105
24,8,21,43666,3.422365
24,9,3,43666,0.512893
24,10,2752,43666,639.647653
24,11,150,43666,20.314540
24,12,70,43666,14.333184
24,13,2,43666,0.519159
24,14,40,43666,9.167100
24,15,15680,43666,3819.435423
24,16,77,43666,15.352538
24,17,1,43666,0.250890
24,18,0,43666,0.000000
24,19,228,43666,38.042265
24,20,34,43666,11.501000
24,21,0,43666,0.000000
24,22,47,43666,10.587709
24,23,0,43666,0.000000
24,24,3522,43666,820.074792
24,25,49,43666,12.815909
24,26,94,43666,19.117110
24,27,231,43666,36.390716
24,28,6650,43666,1668.394483
24,29,0,43666,0.000000
24,30,80,43666,22.182226
24,31,20,43666,4.828176
24,32,2033,43666,431.140547
24,33,8092,43666,2200.284779
24,34,1,43666,0.105597
24,35,11,43666,1.903791
24,36,140,43666,26.675902
24,37,291,43666,61.315377
24,38,1215,43666,294.231566
24,39,740,43666,136.324173
24,40,0,43666,0.000000
24,41,1917,43666,518.756528
24,42,130,43666,23.002370
24,43,613,43666,125.101471
24,44,107,43666,17.037037
24,45,499,43666,127.955777
24,46,2418,43666,626.343570
24,47,189,43666,47.041302
24,48,2698,43666,579.627004
24,49,0,43666,0.000000
24,50,375,43666,64.224172
24,51,29,43666,4.730455
24,52,1289,43666,319.063137
24,53,933,43666,240.583408
24,54,134,43666,23.761477
24,55,12,43666,2.829292
24,56,35,43666,9.590101
24,57,332,43666,77.322705
24,58,88,43666,17.335994
24,59,0,43666,0.000000
24,60,13248,43666,4252.792659
24,61,45,43666,9.394739
24,62,0,43666,0.000000
24,63,11,43666,2.181071
24,64,243,43666,48.425373
24,65,0,43666,0.000000
24,66,31,43666,6.515730
24,67,2,43666,0.319322
24,68,0,43666,0.000000
24,69,0,43666,0.000000
24,70,6,43666,1.452867
24,71,25,43666,5.795578
24,72,2992,43666,658.995267
24,73,4663,43666,974.209434
24,74,0,43666,0.000000
24,75,0,43666,0.000000
24,76,240,43666,48.393105
24,77,0,43666,0.000000
24,78,48,43666,11.988574
24,79,16,43666,3.309552
24,80,82,43666,15.843670
24,81,8,43666,1.578499
24,82,50,43666,9.217932
24,83,317,43666,66.594775
24,84,817,43666,214.548149
24,85,0,43666,0.000000
24,86,125,43666,24.857563
24,87,1388,43666,298.220823
24,88,58,43666,18.943030
24,89,2,43666,0.341025
24,90,7,43666,1.425229
24,91,327,43666,60.766293
24,92,389,43666,89.998038
24,93,15,43666,2.963078
24,94,290,43666,63.504762
24,95,0,43666,0.000000
24,96,451,43666,87.908241
24,97,185,43666,45.005359
24,98,605,43666,146.726866
24,99,0,43666,0.000000
24,100,763,43666,170.597850
24,101,105,43666,33.202580
24,102,0,43666,0.000000
24,103,133,43666,31.223329
24,104,303,43666,65.834154
24,105,1502,43666,456.941198
24,106,3929,43666,837.082908
24,107,975,43666,179.828452
24,108,199,43666,59.209108
24,109,97,43666,22.335172
24,110,0,43666,0.000000
24,111,1,43666,0.189702
24,112,367,43666,67.910380
24,113,98,43666,19.247272
24,114,359,43666,132.245923
24,115,158,43666,42.460682
24,116,66,43666,21.234294
24,117,453,43666,99.396830
24,118,218,43666,80.059107
24,119,227,43666,32.358179
24,120,52,43666,11.236026
24,121,267,43666,44.644804
24,122,1132,43666,430.812857
24,123,59,43666,9.944100
24,124,1144,43666,225.088761
24,125,5,43666,0.722225
24,126,186,43666,30.928225
24,127,306,43666,34.843477
24,128,0,43666,0.000000
24,129,14,43666,2.537147
24,130,1261,43666,287.956670
24,131,188,43666,37.386597
24,132,729,43666,170.192219
24,133,292,43666,55.571657
24,134,190,43666,37.733249
24,135,268,43666,48.523262
24,136,120,43666,19.416359
24,137,0,43666,0.000000
24,138,91,43666,21.352799
24,139,595,43666,118.040134
24,140,416,43666,82.193210
24,141,819,43666,154.083057
24,142,0,43666,0.000000
24,143,122,43666,38.132237
24,144,173,43666,30.362453
24,145,968,43666,234.389146
24,146,3311,43666,762.965265
24,147,1196,43666,271.327614
24,148,11,43666,2.420289
24,149,0,43666,0.000000
24,150,242,43666,68.820297
24,151,2,43666,0.420984
24,152,65,43666,14.699155
24,153,1,43666,0.118013
24,154,510,43666,103.780917
24,155,36,43666,6.454014
24,156,0,43666,0.000000
24,157,374,43666,139.303255
24,158,6672,43666,1631.906047
24,159,50,43666,8.868876
24,160,953,43666,292.464780
24,161,912,43666,222.466723
24,162,174,43666,37.981453
24,163,1,43666,0.203967
24,164,12,43666,2.819219
24,165,335,43666,88.675139
24,166,770,43666,148.445869
24,167,1280,43666,307.370654
24,168,1196,43666,230.481451
24,169,233,43666,47.332943
24,170,68,43666,15.446186
24,171,1884,43666,487.225368
24,172,0,43666,0.000000
24,173,993,43666,247.953381
24,174,52,43666,11.750660
24,175,51,43666,5.215225
24,176,664,43666,161.268731
24,177,8,43666,1.250059
24,178,5999,43666,1699.517925
24,179,12,43666,3.192716
24,180,0,43666,0.000000
24,181,2511,43666,798.917511
24,182,396,43666,70.871708
24,183,27,43666,8.417427
24,184,76,43666,10.924194
24,185,198,43666,62.958273
24,186,39,43666,10.460736
24,187,596,43666,156.414159
24,188,0,43666,0.000000
24,189,1852,43666,471.464690
24,190,1898,43666,520.416064
24,191,0,43666,0.000000
24,192,4,43666,0.763908
24,193,960,43666,184.302011
24,194,0,43666,0.000000
24,195,147,43666,36.689512
24,196,336,43666,101.845961
24,197,27,43666,5.483320
24,198,30,43666,5.455323
24,199,1086,43666,376.165662
24,200,56,43666,9.696120
24,201,928,43666,183.897327
24,202,276,43666,58.230439
24,203,300,43666,85.493478
24,204,853,43666,205.175911
24,205,0,43666,0.000000
24,206,0,43666,0.000000
24,207,1,43666,0.127487
24,208,402,43666,80.219192
24,209,371,43666,71.661202
24,210,0,43666,0.000000
24,211,99,43666,21.168506
24,212,2133,43666,494.116028
24,213,187,43666,43.589665
24,214,297,43666,153.741059
24,215,80,43666,13.038557
24,216,73,43666,15.938950
24,217,0,43666,0.000000
24,218,184,43666,39.859223
24,219,1019,43666,203.171772
24,220,180,43666,32.075360
24,221,533,43666,91.333203
24,222,33,43666,5.194271
24,223,7,43666,2.099249
24,224,8804,43666,2739.099889
24,225,115,43666,21.423904
24,226,40,43666,10.643736
24,227,94,43666,23.645580
24,228,0,43666,0.000000
24,229,31,43666,7.260657
24,230,160,43666,37.564280
24,231,576,43666,129.066569
24,232,686,43666,140.812349
24,233,111,43666,28.094285
24,234,0,43666,0.000000
24,235,951,43666,185.915471
24,236,381,43666,71.610480
24,237,3285,43666,719.954681
24,238,1324,43666,402.061177
24,239,1,43666,0.214535
24,240,12,43666,2.565539
24,241,185,43666,36.013347
24,242,34,43666,4.615233
24,243,29,43666,5.613900
24,244,1947,43666,631.712062
24,245,5,43666,0.894069
24,246,3,43666,0.586336
24,247,45,43666,10.246079
24,248,23,43666,3.212876
24,249,195,43666,47.959933
24,250,49,43666,11.829497
24,251,405,43666,82.894258
24,252,1556,43666,333.054773
24,253,1333,43666,388.227266
24,254,783,43666,136.408535
24,255,6,43666,1.146441
24,256,11,43666,2.222753
24,257,869,43666,146.253018
24,258,207,43666,39.852920
24,259,233,43666,37.004603
24,260,7,43666,1.366082
24,261,7,43666,1.443322
24,262,29,43666,7.303900
24,263,0,43666,0.000000
24,264,69,43666,12.790547
24,265,863,43666,237.592658
24,266,600,43666,115.813086
24,267,4,43666,0.708963
24,268,388,43666,72.135425
24,269,0,43666,0.000000
24,270,0,43666,0.000000
24,271,2008,43666,405.213489
24,272,340,43666,95.368063
24,273,323,43666,51.458487
24,274,1013,43666,204.917425
24,275,46,43666,10.422757
24,276,63,43666,13.207723
24,277,36,43666,6.530186
24,278,231,43666,59.966413
24,279,0,43666,0.000000
24,280,2361,43666,559.322476
24,281,3097,43666,731.226986
24,282,46,43666,11.377431
24,283,617,43666,154.021692
24,284,113,43666,36.362156
24,285,87,43666,25.603414
24,286,1,43666,0.163920
24,287,618,43666,120.201074
24,288,3,43666,0.520952
24,289,3,43666,0.523754
24,290,154,43666,39.213488
24,291,256,43666,49.777784
24,292,128,43666,25.322663
24,293,0,43666,0.000000
24,294,15,43666,3.453502
24,295,5,43666,1.143846
24,296,7568,43666,1631.662194
24,297,7,43666,1.441823
24,298,3690,43666,759.122205
24,299,337,43666,66.136387
24,300,247,43666,74.272345
24,301,3,43666,0.445922
24,302,5,43666,0.894817
24,303,38,43666,9.171750
24,304,5019,43666,1088.700427
24,305,0,43666,0.000000
24,306,53,43666,7.240617
24,307,35,43666,7.854250
24,308,10083,43666,2611.966333
24,309,0,43666,0.000000
24,310,0,43666,0.000000
24,311,463,43666,92.055762
24,312,0,43666,0.000000
24,313,10,43666,2.017153
24,314,498,43666,82.551238
24,315,198,43666,35.997038
24,316,718,43666,137.015296
24,317,51,43666,7.329429
24,318,0,43666,0.000000
24,319,5842,43666,1856.509357
24,320,75,43666,16.832152
24,321,6,43666,1.640305
24,322,1326,43666,243.346232
24,323,29,43666,6.986283
24,324,56,43666,9.840978
24,325,45,43666,10.566006
24,326,412,43666,103.178480
24,327,270,43666,42.623441
24,328,51,43666,15.576716
24,329,156,43666,37.529375
24,330,94,43666,15.130215
24,331,177,43666,30.889988
24,332,44,43666,7.970860
24,333,480,43666,123.847603
24,334,1,43666,0.128070
24,335,203,43666,38.421357
24,336,74,43666,10.034739
24,337,2645,43666,622.952301
24,338,7470,43666,1954.296371
24,339,281,43666,223.326171
24,340,0,43666,0.000000
24,341,88,43666,18.706632
24,342,123,43666,48.164778
24,343,942,43666,242.292148
24,344,84,43666,16.533905
24,345,2222,43666,418.295300
24,346,12,43666,2.561976
24,347,60,43666,9.098429
24,348,7495,43666,2227.334529
24,349,100,43666,14.294591
24,350,0,43666,0.000000
24,351,459,43666,104.923125
24,352,0,43666,0.000000
24,353,2180,43666,531.483139
24,354,98,43666,21.077605
24,355,615,43666,121.995672
24,356,29,43666,5.204452
24,357,0,43666,0.000000
24,358,135,43666,45.157864
24,359,504,43666,102.069275
24,360,27,43666,4.534960
24,361,0,43666,0.000000
24,362,226,43666,57.560575
24,363,115,43666,35.651587
24,364,71,43666,39.556967
24,365,479,43666,87.932408
24,366,41,43666,10.695632
24,367,31,43666,9.343003
24,368,88,43666,19.358456
24,369,268,43666,47.525750
24,370,115,43666,25.437907
24,371,0,43666,0.000000
24,372,5057,43666,1487.135910
24,373,0,43666,0.000000
24,374,0,43666,0.000000
24,375,79,43666,18.297481
24,376,2,43666,0.323928
24,377,1,43666,0.247530
24,378,18,43666,2.624562
24,379,1,43666,0.166867
24,380,593,43666,178.758226
24,381,1,43666,0.175513
24,382,3,43666,0.637548
24,383,155,43666,36.775762
25,0,56,43666,10.499473
25,1,1528,43666,385.316118
25,2,4,43666,0.531418
25,3,977,43666,201.771032
25,4,514,43666,91.404391
25,5,9516,43666,2808.442554
25,6,1,43666,0.095005
25,7,486,43666,107.171330
25,8,0,43666,0.000000
25,9,40,43666,4.932618
25,10,48,43666,15.212970
25,11,650,43666,134.542390
25,12,314,43666,45.402328
25,13,0,43666,0.000000
25,14,0,43666,0.000000
25,15,177,43666,48.516343
25,16,2121,43666,403.835562
25,17,0,43666,0.000000
25,18,40,43666,9.787216
25,19,190,43666,40.301030
25,20,364,43666,77.954193
25,21,8454,43666,1859.754804
25,22,0,43666,0.000000
25,23,2053,43666,409.987984
25,24,19,43666,3.256771
25,25,0,43666,0.000000
25,26,0,43666,0.000000
25,27,0,43666,0.000000
25,28,1,43666,0.250301
25,29,22,43666,1.538786
25,30,0,43666,0.000000
25,31,34,43666,3.768464
25,32,38,43666,9.808238
25,33,222,43666,39.185296
25,34,784,43666,123.499282
25,35,0,43666,0.000000
25,36,479,43666,173.340456
25,37,1874,43666,635.661460
25,38,4,43666,0.802312
25,39,0,43666,0.000000
25,40,51,43666,9.453009
25,41,25,43666,3.982760
25,42,765,43666,198.466043
25,43,3946,43666,725.029661
25,44,393,43666,86.189154
25,45,206,43666,46.975256
25,46,0,43666,0.000000
25,47,202,43666,43.973068
25,48,1080,43666,186.812322
25,49,0,43666,0.000000
25,50,0,43666,0.000000
25,51,0,43666,0.000000
25,52,129,43666,20.176946
25,53,54,43666,10.466144
25,54,120,43666,34.960034
25,55,996,43666,229.157381
25,56,395,43666,69.728551
25,57,69,43666,10.380598
25,58,938,43666,193.454948
25,59,0,43666,0.000000
25,60,37,43666,9.100384
25,61,59,43666,13.830142
25,62,5446,43666,1155.294681
25,63,39,43666,10.413814
25,64,22,43666,2.981594
25,65,89,43666,20.834489
25,66,36,43666,5.266340
25,67,9,43666,1.760600
25,68,7,43666,1.185399
25,69,0,43666,0.000000
25,70,0,43666,0.000000
25,71,669,43666,130.608909
25,72,3,43666,0.436704
25,73,104,43666,20.543259
25,74,11,43666,2.158574
25,75,1751,43666,384.866308
25,76,4,43666,0.762342
25,77,71,43666,18.066955
25,78,0,43666,0.000000
25,79,8,43666,1.412240
25,80,0,43666,0.000000
25,81,34,43666,6.505196
25,82,2552,43666,522.929931
25,83,24240,43666,7327.711609
25,84,0,43666,0.000000
25,85,0,43666,0.000000
25,86,3230,43666,670.102918
25,87,1,43666,0.190815
25,88,22,43666,4.300367
25,89,4,43666,0.925987
25,90,147,43666,26.606708
25,91,0,43666,0.000000
25,92,0,43666,0.000000
25,93,927,43666,214.918286
25,94,856,43666,207.982292
25,95,107,43666,20.499408
25,96,43,43666,8.913680
25,97,1,43666,0.204965
25,98,190,43666,41.428166
25,99,143,43666,24.443851
25,100,12,43666,2.297237
25,101,40,43666,8.453677
25,102,3,43666,0.444128
25,103,207,43666,39.758512
25,104,2,43666,0.300929
25,105,428,43666,90.361042
25,106,2146,43666,419.115034
25,107,37,43666,7.734294
25,108,2,43666,0.344791
25,109,0,43666,0.000000
25,110,646,43666,148.932982
25,111,710,43666,136.802219
25,112,1594,43666,417.173053
25,113,286,43666,53.876968
25,114,401,43666,84.962807
25,115,379,43666,66.298622
25,116,40,43666,5.497732
25,117,9,43666,2.158338
25,118,133,43666,22.160008
25,119,74,43666,10.389647
25,120,386,43666,74.625066
25,121,1778,43666,561.699232
25,122,527,43666,83.836370
25,123,4,43666,0.993829
25,124,188,43666,37.331267
25,125,308,43666,72.902110
25,126,0,43666,0.000000
25,127,0,43666,0.000000
25,128,42,43666,9.443075
25,129,2,43666,0.504303
25,130,7149,43666,1458.839648
25,131,1,43666,0.189439
25,132,4,43666,0.823576
25,133,44,43666,7.272675
25,134,33,43666,5.921155
25,135,329,43666,58.358098
25,136,5,43666,0.963082
25,137,0,43666,0.000000
25,138,174,43666,32.730724
25,139,12,43666,2.434680
25,140,0,43666,0.000000
25,141,5,43666,0.765566
25,142,182,43666,41.619997
25,143,573,43666,89.728765
25,144,46,43666,8.671195
25,145,11,43666,1.832020
25,146,45,43666,15.130270
25,147,35,43666,7.823163
25,148,290,43666,54.873427
25,149,152,43666,27.214412
25,150,1181,43666,353.764364
25,151,37,43666,9.520746
25,152,3,43666,0.540472
25,153,208,43666,37.579650
25,154,0,43666,0.000000
25,155,0,43666,0.000000
25,156,1276,43666,288.238204
25,157,72,43666,11.236528
25,158,651,43666,136.234413
25,159,269,43666,61.947885
25,160,334,43666,71.617278
25,161,207,43666,43.306138
25,162,83,43666,13.891878
25,163,536,43666,109.932061
25,164,34,43666,6.356831
25,165,38,43666,6.553160
25,166,107,43666,16.356954
25,167,287,43666,63.949824
25,168,912,43666,170.109936
25,169,54,43666,9.499046
25,170,137,43666,21.844688
25,171,1,43666,0.260391
25,172,74,43666,24.820201
25,173,0,43666,0.000000
25,174,453,43666,78.445903
25,175,0,43666,0.000000
25,176,120,43666,30.471201
25,177,25,43666,5.596223
25,178,259,43666,45.965501
25,179,239,43666,46.166959
25,180,1455,43666,311.885115
25,181,50,43666,11.688104
25,182,586,43666,112.466657
25,183,0,43666,0.000000
25,184,136,43666,24.629391
25,185,18,43666,3.571716
25,186,117,43666,24.249152
25,187,76,43666,13.053204
25,188,7,43666,1.210990
25,189,11,43666,2.288341
25,190,2,43666,0.272908
25,191,0,43666,0.000000
25,192,12,43666,2.453566
25,193,264,43666,74.998424
25,194,24,43666,5.882291
25,195,62,43666,12.107388
25,196,1313,43666,285.558369
25,197,2787,43666,815.549338
25,198,410,43666,59.470491
25,199,17,43666,2.959389
25,200,137,43666,30.482591
25,201,0,43666,0.000000
25,202,0,43666,0.000000
25,203,81,43666,10.695444
25,204,67,43666,5.815304
25,205,38,43666,8.073653
25,206,586,43666,82.043214
25,207,4146,43666,1066.296233
25,208,5604,43666,1708.935630
25,209,14,43666,1.479379
25,210,498,43666,104.214528
25,211,17313,43666,5125.241086
25,212,0,43666,0.000000
25,213,754,43666,191.281747
25,214,255,43666,43.151510
25,215,130,43666,28.765775
25,216,0,43666,0.000000
25,217,127,43666,22.117286
25,218,89,43666,23.751079
25,219,35,43666,4.707866
25,220,171,43666,32.802045
25,221,243,43666,56.099372
25,222,0,43666,0.000000
25,223,491,43666,170.900259
25,224,0,43666,0.000000
25,225,491,43666,164.255286
25,226,12,43666,1.696513
25,227,314,43666,41.456117
25,228,18,43666,4.918745
25,229,0,43666,0.000000
25,230,115,43666,28.365712
25,231,944,43666,242.910636
25,232,580,43666,155.913351
25,233,1149,43666,399.784412
25,234,8237,43666,2178.806295
25,235,143,43666,25.351270
25,236,0,43666,0.000000
25,237,9,43666,2.017291
25,238,205,43666,46.088277
25,239,3963,43666,885.286791
25,240,51,43666,4.979138
25,241,5020,43666,1456.497197
25,242,1556,43666,281.114422
25,243,0,43666,0.000000
25,244,2562,43666,649.205253
25,245,0,43666,0.000000
25,246,1266,43666,369.480803
25,247,200,43666,29.434171
25,248,463,43666,119.066578
25,249,2,43666,0.422887
25,250,43,43666,7.779049
25,251,1861,43666,347.994389
25,252,3,43666,0.746065
25,253,1964,43666,387.576395
25,254,2,43666,0.158668
25,255,300,43666,54.116781
25,256,20,43666,3.161260
25,257,39,43666,5.364835
25,258,0,43666,0.000000
25,259,0,43666,0.000000
25,260,1188,43666,250.857880
25,261,11,43666,0.946671
25,262,0,43666,0.000000
25,263,403,43666,90.055687
25,264,0,43666,0.000000
25,265,141,43666,23.484800
25,266,11,43666,2.482333
25,267,0,43666,0.000000
25,268,0,43666,0.000000
25,269,1183,43666,251.910788
25,270,74,43666,13.916924
25,271,454,43666,88.340169
25,272,469,43666,130.477124
25,273,4109,43666,1057.228944
25,274,3,43666,0.521461
25,275,0,43666,0.000000
25,276,44,43666,7.811270
25,277,221,43666,43.744146
25,278,0,43666,0.000000
25,279,15,43666,2.279484
25,280,25,43666,5.082703
25,281,0,43666,0.000000
25,282,0,43666,0.000000
25,283,54,43666,6.402475
25,284,0,43666,0.000000
25,285,0,43666,0.000000
25,286,7341,43666,1605.927013
25,287,7,43666,1.261344
25,288,341,43666,62.289190
25,289,0,43666,0.000000
25,290,1383,43666,279.195710
25,291,0,43666,0.000000
25,292,0,43666,0.000000
25,293,1299,43666,339.644839
25,294,61,43666,14.896601
25,295,915,43666,188.531263
25,296,2,43666,0.290492
25,297,0,43666,0.000000
25,298,1,43666,0.174896
25,299,213,43666,39.759144
25,300,44,43666,9.260553
25,301,2890,43666,563.419482
25,302,17,43666,3.159569
25,303,29,43666,4.837626
25,304,163,43666,26.012283
25,305,16,43666,3.566154
25,306,12,43666,2.468241
25,307,13,43666,3.274519
25,308,0,43666,0.000000
25,309,2470,43666,526.679219
25,310,46,43666,7.407845
25,311,3689,43666,1070.845411
25,312,345,43666,86.070347
25,313,0,43666,0.000000
25,314,0,43666,0.000000
25,315,884,43666,204.417926
25,316,20,43666,2.449946
25,317,0,43666,0.000000
25,318,217,43666,49.448757
25,319,1010,43666,289.185980
25,320,7,43666,1.634298
25,321,78,43666,15.660269
25,322,136,43666,33.782127
25,323,7708,43666,2226.658332
25,324,1,43666,0.271423
25,325,1,43666,0.257158
25,326,242,43666,37.939968
25,327,16,43666,2.477274
25,328,3967,43666,1481.667251
25,329,0,43666,0.000000
25,330,826,43666,179.654926
25,331,163,43666,29.583121
25,332,1,43666,0.228302
25,333,1,43666,0.121793
25,334,21,43666,2.571799
25,335,1,43666,0.151253
25,336,1161,43666,252.229887
25,337,8,43666,1.730326
25,338,0,43666,0.000000
25,339,36,43666,6.228968
25,340,2380,43666,780.644290
25,341,0,43666,0.000000
25,342,0,43666,0.000000
25,343,0,43666,0.000000
25,344,8398,43666,2498.777602
25,345,0,43666,0.000000
25,346,0,43666,0.000000
25,347,346,43666,86.037381
25,348,99,43666,18.548872
25,349,609,43666,137.210058
25,350,746,43666,144.517228
25,351,0,43666,0.000000
25,352,76,43666,14.986625
25,353,139,43666,32.317640
25,354,2,43666,0.286734
25,355,20,43666,4.833070
25,356,145,43666,31.451928
25,357,61,43666,15.055797
25,358,1080,43666,213.133823
25,359,17041,43666,3937.000534
25,360,47,43666,10.609364
25,361,2230,43666,418.903603
25,362,2176,43666,476.111543
25,363,8,43666,0.862981
25,364,480,43666,130.236593
25,365,125,43666,21.007017
25,366,14,43666,4.323182
25,367,22,43666,3.833426
25,368,118,43666,20.925787
25,369,0,43666,0.000000
25,370,4,43666,0.591215
25,371,79,43666,19.929562
25,372,227,43666,32.932105
25,373,40,43666,8.428695
25,374,569,43666,114.278772
25,375,85,43666,13.395128
25,376,15,43666,2.962772
25,377,0,43666,0.000000
25,378,2,43666,0.650087
25,379,2,43666,0.382467
25,380,0,43666,0.000000
25,381,420,43666,82.815717
25,382,0,43666,0.000000
25,383,14,43666,2.297105
26,0,147,43666,29.609257
26,1,6,43666,1.115032
26,2,4,43666,0.743480
26,3,6,43666,0.762055
26,4,383,43666,82.243050
26,5,165,43666,29.090962
26,6,3,43666,0.606967
26,7,71,43666,37.227545
26,8,14,43666,2.549631
26,9,134,43666,26.190132
26,10,0,43666,0.000000
26,11,161,43666,21.668508
26,12,710,43666,141.973095
26,13,34,43666,6.108338
26,14,451,43666,81.568145
26,15,208,43666,37.226506
26,16,288,43666,53.378539
26,17,2874,43666,701.059118
26,18,0,43666,0.000000
26,19,157,43666,49.336622
26,20,547,43666,99.577314
26,21,0,43666,0.000000
26,22,1,43666,0.165940
26,23,0,43666,0.000000
26,24,0,43666,0.000000
26,25,0,43666,0.000000
26,26,72,43666,14.427339
26,27,2347,43666,499.884805
26,28,211,43666,45.023692
26,29,133,43666,34.098349
26,30,526,43666,89.539975
26,31,115,43666,33.729887
26,32,384,43666,67.445002
26,33,2,43666,0.383375
26,34,39,43666,6.232930
26,35,0,43666,0.000000
26,36,606,43666,116.279496
26,37,3171,43666,845.826823
26,38,81,43666,10.254435
26,39,3783,43666,988.683591
26,40,123,43666,27.473761
26,41,93,43666,17.391208
26,42,677,43666,112.102444
26,43,8,43666,1.489920
26,44,5972,43666,1270.552618
26,45,111,43666,18.286070
26,46,69,43666,13.427438
26,47,135,43666,31.293605
26,48,592,43666,105.389563
26,49,86,43666,17.348260
26,50,5,43666,0.848178
26,51,100,43666,20.408053
26,52,0,43666,0.000000
26,53,0,43666,0.000000
26,54,262,43666,55.350033
26,55,3,43666,0.581129
26,56,3968,43666,1014.245998
26,57,180,43666,58.282283
26,58,0,43666,0.000000
26,59,0,43666,0.000000
26,60,76,43666,15.813282
26,61,196,43666,32.042310
26,62,17,43666,3.330766
26,63,305,43666,68.776911
26,64,5,43666,1.292192
26,65,0,43666,0.000000
26,66,216,43666,42.916531
26,67,0,43666,0.000000
26,68,57,43666,10.666296
26,69,1461,43666,273.430694
26,70,209,43666,43.855233
26,71,12,43666,1.585460
26,72,8,43666,1.405261
26,73,0,43666,0.000000
26,74,420,43666,91.594329
26,75,0,43666,0.000000
26,76,1465,43666,463.285307
26,77,15,43666,2.532855
26,78,786,43666,157.869063
26,79,623,43666,135.935431
26,80,395,43666,80.339264
26,81,525,43666,90.953067
26,82,537,43666,118.505123
26,83,73,43666,14.461513
26,84,16,43666,3.346470
26,85,136,43666,31.618457
26,86,148,43666,29.195957
26,87,317,43666,58.773996
26,88,316,43666,71.267919
26,89,1,43666,0.190016
26,90,108,43666,22.071174
26,91,70,43666,12.293401
26,92,389,43666,70.524953
26,93,6212,43666,1203.262937
26,94,215,43666,38.389217
26,95,3,43666,0.535362
26,96,1,43666,0.232112
26,97,39,43666,7.421895
26,98,0,43666,0.000000
26,99,1,43666,0.195072
26,100,0,43666,0.000000
26,101,2591,43666,743.974640
26,102,122,43666,36.833661
26,103,202,43666,74.800883
26,104,209,43666,39.851663
26,105,166,43666,31.751726
26,106,99,43666,16.270176
26,107,11,43666,1.610344
26,108,0,43666,0.000000
26,109,7,43666,1.483654
26,110,274,43666,41.838018
26,111,6,43666,1.145394
26,112,951,43666,284.774163
26,113,18,43666,2.577505
26,114,145,43666,28.828338
26,115,0,43666,0.000000
26,116,32540,43666,10296.480186
26,117,69,43666,25.155239
26,118,189,43666,37.174536
26,119,59,43666,9.261970
26,120,3,43666,0.696024
26,121,348,43666,60.029738
26,122,5324,43666,1123.935059
26,123,3319,43666,962.266608
26,124,184,43666,39.418572
26,125,89,43666,22.440242
26,126,1675,43666,370.211598
26,127,1763,43666,376.995803
26,128,323,43666,55.698262
26,129,45,43666,7.615061
26,130,6,43666,1.109127
26,131,1,43666,0.266944
26,132,2,43666,0.324524
26,133,105,43666,19.780138
26,134,174,43666,37.375009
26,135,435,43666,101.559006
26,136,203,43666,45.793116
26,137,83,43666,13.420709
26,138,610,43666,148.167991
26,139,403,43666,74.833595
26,140,225,43666,68.950693
26,141,8,43666,0.763270
26,142,508,43666,105.124437
26,143,5,43666,0.545556
26,144,465,43666,162.443445
26,145,127,43666,24.777089
26,146,0,43666,0.000000
26,147,14044,43666,3946.199365
26,148,42,43666,7.378628
26,149,98,43666,17.016027
26,150,0,43666,0.000000
26,151,298,43666,65.319336
26,152,660,43666,199.630870
26,153,278,43666,49.336677
26,154,0,43666,0.000000
26,155,90,43666,27.585200
26,156,66,43666,11.945929
26,157,967,43666,217.850637
26,158,0,43666,0.000000
26,159,45,43666,10.993601
26,160,2903,43666,583.699551
26,161,0,43666,0.000000
26,162,221,43666,50.474251
26,163,13,43666,4.728380
26,164,12,43666,2.047887
26,165,367,43666,76.212450
26,166,333,43666,59.878933
26,167,184,43666,35.301270
26,168,153,43666,52.043795
26,169,105,43666,26.690742
26,170,3281,43666,917.319933
26,171,262,43666,80.382756
26,172,24,43666,6.227143
26,173,74,43666,25.253873
26,174,3881,43666,1182.035884
26,175,0,43666,0.000000
26,176,436,43666,69.500787
26,177,519,43666,83.721761
26,178,404,43666,78.148777
26,179,117,43666,16.000126
26,180,0,43666,0.000000
26,181,14,43666,2.192618
26,182,0,43666,0.000000
26,183,1991,43666,444.526841
26,184,7805,43666,1727.390001
26,185,3383,43666,773.964501
26,186,255,43666,49.657391
26,187,609,43666,119.918934
26,188,465,43666,117.159498
26,189,2,43666,0.146146
26,190,15,43666,2.182796
26,191,451,43666,63.420492
26,192,21,43666,4.444458
26,193,0,43666,0.000000
26,194,41,43666,10.586762
26,195,2559,43666,928.430472
26,196,39,43666,11.223693
26,197,217,43666,45.542004
26,198,1558,43666,318.155050
26,199,111,43666,18.409910
26,200,1958,43666,495.653934
26,201,1161,43666,251.370775
26,202,167,43666,29.536227
26,203,280,43666,43.430086
26,204,78,43666,19.622537
26,205,200,43666,27.969545
26,206,1183,43666,343.819532
26,207,122,43666,28.577107
26,208,97,43666,13.648284
26,209,574,43666,133.431339
26,210,0,43666,0.000000
26,211,822,43666,142.487417
26,212,22,43666,3.595561
26,213,42,43666,8.258781
26,214,180,43666,46.791977
26,215,458,43666,152.659178
26,216,194,43666,30.368968
26,217,7172,43666,1792.053447
26,218,0,43666,0.000000
26,219,0,43666,0.000000
26,220,27,43666,5.785245
26,221,30,43666,4.870136
26,222,0,43666,0.000000
26,223,107,43666,23.155185
26,224,770,43666,158.242293
26,225,0,43666,0.000000
26,226,0,43666,0.000000
26,227,867,43666,176.853817
26,228,671,43666,154.487246
26,229,742,43666,184.217835
26,230,12,43666,1.900368
26,231,630,43666,229.096837
26,232,0,43666,0.000000
26,233,0,43666,0.000000
26,234,0,43666,0.000000
26,235,2615,43666,434.732061
26,236,19,43666,4.030481
26,237,428,43666,99.447801
26,238,0,43666,0.000000
26,239,1591,43666,432.065830
26,240,0,43666,0.000000
26,241,3629,43666,823.842453
26,242,106,43666,25.393044
26,243,0,43666,0.000000
26,244,332,43666,65.183147
26,245,3,43666,0.384825
26,246,1,43666,0.124455
26,247,47,43666,6.012874
26,248,104,43666,13.335719
26,249,93,43666,25.301329
26,250,202,43666,40.872381
26,251,2,43666,0.272362
26,252,596,43666,141.753198
26,253,3,43666,0.570930
26,254,152,43666,31.433669
26,255,28,43666,6.819755
26,256,743,43666,193.996994
26,257,153,43666,32.411772
26,258,1,43666,0.227727
26,259,65,43666,10.978491
26,260,0,43666,0.000000
26,261,0,43666,0.000000
26,262,20,43666,3.548152
26,263,4,43666,0.683569
26,264,4848,43666,1242.319738
26,265,873,43666,239.119780
26,266,898,43666,170.616234
26,267,796,43666,132.708455
26,268,296,43666,72.305362
26,269,991,43666,187.987094
26,270,268,43666,48.848825
26,271,0,43666,0.000000
26,272,21,43666,5.038237
26,273,3775,43666,872.395774
26,274,0,43666,0.000000
26,275,0,43666,0.000000
26,276,1,43666,0.157935
26,277,219,43666,22.027550
26,278,0,43666,0.000000
26,279,365,43666,89.075674
26,280,229,43666,44.055249
26,281,313,43666,77.020435
26,282,112,43666,34.482522
26,283,196,43666,38.639424
26,284,417,43666,82.537083
26,285,58,43666,11.805274
26,286,1516,43666,408.393063
26,287,114,43666,18.784356
26,288,106,43666,23.814896
26,289,4,43666,0.921498
26,290,733,43666,144.746828
26,291,0,43666,0.000000
26,292,261,43666,47.315658
26,293,162,43666,38.274935
26,294,0,43666,0.000000
26,295,2445,43666,682.490273
26,296,707,43666,149.332882
26,297,659,43666,115.124094
26,298,92,43666,20.250800
26,299,99,43666,19.417945
26,300,9,43666,1.137016
26,301,59,43666,11.893481
26,302,1175,43666,276.263476
26,303,166,43666,30.778333
26,304,245,43666,50.076449
26,305,6839,43666,1603.473337
26,306,10,43666,1.995361
26,307,9630,43666,3019.407663
26,308,168,43666,28.728257
26,309,680,43666,173.908158
26,310,115,43666,18.822597
26,311,0,43666,0.000000
26,312,0,43666,0.000000
26,313,0,43666,0.000000
26,314,45,43666,6.267435
26,315,84,43666,21.738868
26,316,0,43666,0.000000
26,317,267,43666,50.189930
26,318,0,43666,0.000000
26,319,178,43666,38.618508
26,320,15,43666,2.637548
26,321,10,43666,1.773232
26,322,114,43666,37.830056
26,323,49,43666,6.949251
26,324,15,43666,3.260240
26,325,3346,43666,941.773513
26,326,0,43666,0.000000
26,327,6,43666,0.996781
26,328,153,43666,24.834356
26,329,0,43666,0.000000
26,330,57,43666,10.788431
26,331,120,43666,23.373764
26,332,6,43666,1.254178
26,333,283,43666,51.265074
26,334,69,43666,13.567601
26,335,0,43666,0.000000
26,336,55,43666,13.530563
26,337,0,43666,0.000000
26,338,28,43666,6.163836
26,339,0,43666,0.000000
26,340,4106,43666,1173.860060
26,341,2769,43666,584.474252
26,342,29,43666,6.567766
26,343,3300,43666,723.929819
26,344,65,43666,15.302348
26,345,1137,43666,246.507790
26,346,0,43666,0.000000
26,347,3197,43666,837.282574
26,348,548,43666,132.002323
26,349,1136,43666,175.034488
26,350,0,43666,0.000000
26,351,309,43666,66.028255
26,352,19,43666,3.490941
26,353,53,43666,9.940408
26,354,42,43666,8.509927
26,355,1663,43666,409.378510
26,356,303,43666,70.275311
26,357,3331,43666,766.204050
26,358,436,43666,95.409598
26,359,5,43666,1.120787
26,360,95,43666,11.308322
26,361,1870,43666,367.608433
26,362,395,43666,97.190568
26,363,32,43666,5.241601
26,364,257,43666,52.166716
26,365,385,43666,75.664895
26,366,40,43666,5.616468
26,367,7,43666,1.827395
26,368,1475,43666,312.840649
26,369,143,43666,31.222899
26,370,4563,43666,1263.822949
26,371,18,43666,4.035205
26,372,192,43666,52.913225
26,373,49,43666,7.024794
26,374,2241,43666,590.146875
26,375,15,43666,2.678943
26,376,80,43666,16.082675
26,377,355,43666,100.630727
26,378,0,43666,0.000000
26,379,0,43666,0.000000
26,380,2448,43666,460.774750
26,381,173,43666,33.628782
26,382,15,43666,3.633039
26,383,532,43666,111.989055
27,0,29,43666,5.058494
27,1,10,43666,4.926723
27,2,1021,43666,315.270222
27,3,905,43666,247.131032
27,4,57,43666,12.472126
27,5,244,43666,63.045561
27,6,23,43666,5.841527
27,7,336,43666,54.950822
27,8,48,43666,9.443193
27,9,180,43666,49.053061
27,10,20,43666,3.587503
27,11,117,43666,27.606748
27,12,782,43666,147.045144
27,13,0,43666,0.000000
27,14,99,43666,12.462333
27,15,0,43666,0.000000
27,16,103,43666,17.357597
27,17,5,43666,0.630966
27,18,4529,43666,955.865382
27,19,53,43666,11.303019
27,20,4,43666,0.658299
27,21,0,43666,0.000000
27,22,250,43666,169.974501
27,23,1308,43666,248.448487
27,24,0,43666,0.000000
27,25,224,43666,43.865793
27,26,6,43666,0.986549
27,27,533,43666,117.802365
27,28,7,43666,0.838834
27,29,26,43666,4.531144
27,30,47,43666,8.378014
27,31,2,43666,0.499360
27,32,0,43666,0.000000
27,33,166,43666,21.390485
27,34,12,43666,2.114388
27,35,52,43666,10.647904
27,36,226,43666,42.641459
27,37,88,43666,13.495428
27,38,0,43666,0.000000
27,39,8880,43666,2688.949069
27,40,397,43666,60.194239
27,41,561,43666,93.714423
27,42,0,43666,0.000000
27,43,9,43666,2.643759
27,44,12,43666,2.583555
27,45,59,43666,12.216990
27,46,1288,43666,301.618486
27,47,16,43666,2.797329
27,48,134,43666,31.967957
27,49,5057,43666,1205.091717
27,50,107,43666,13.834775
27,51,266,43666,46.332118
27,52,553,43666,101.279462
27,53,860,43666,134.800481
27,54,4302,43666,1151.751054
27,55,886,43666,155.828834
27,56,2,43666,0.335873
27,57,3,43666,0.522654
27,58,12,43666,2.316356
27,59,659,43666,241.869022
27,60,1,43666,0.177061
27,61,295,43666,48.535002
27,62,29,43666,5.958707
27,63,207,43666,33.502004
27,64,52,43666,9.797579
27,65,101,43666,20.366111
27,66,1844,43666,613.626927
27,67,5389,43666,1438.834209
27,68,934,43666,182.273442
27,69,144,43666,24.468286
27,70,205,43666,30.897211
27,71,1570,43666,395.434770
27,72,472,43666,65.096389
27,73,130,43666,21.737382
27,74,3,43666,0.540904
27,75,284,43666,56.568497
27,76,478,43666,86.000691
27,77,1064,43666,217.637386
27,78,74,43666,9.067495
27,79,229,43666,45.188032
27,80,91,43666,24.992955
27,81,492,43666,120.288274
27,82,27,43666,9.262446
27,83,0,43666,0.000000
27,84,21383,43666,6269.204661
27,85,5505,43666,1093.438261
27,86,79,43666,17.106686
27,87,1270,43666,274.590494
27,88,253,43666,48.888861
27,89,1518,43666,374.750662
27,90,335,43666,66.126861
27,91,72,43666,13.624132
27,92,417,43666,75.368825
27,93,67,43666,15.125941
27,94,122,43666,29.094044
27,95,19,43666,2.580208
27,96,78,43666,12.875403
27,97,571,43666,87.933705
27,98,4881,43666,1368.834053
27,99,7,43666,1.092566
27,100,146,43666,25.210608
27,101,224,43666,43.184917
27,102,33,43666,8.569252
27,103,157,43666,28.295169
27,104,196,43666,43.623588
27,105,11871,43666,3147.698738
27,106,417,43666,78.493155
27,107,60,43666,11.184615
27,108,208,43666,56.368886
27,109,101,43666,16.170178
27,110,87,43666,17.537832
27,111,1,43666,0.206060
27,112,0,43666,0.000000
27,113,6,43666,0.753680
27,114,52,43666,14.489622
27,115,1106,43666,227.021283
27,116,7,43666,1.411705
27,117,53,43666,6.555324
27,118,0,43666,0.000000
27,119,0,43666,0.000000
27,120,0,43666,0.000000
27,121,25,43666,4.949736
27,122,193,43666,60.966376
27,123,0,43666,0.000000
27,124,236,43666,30.665535
27,125,464,43666,100.892097
27,126,169,43666,33.023676
27,127,5,43666,1.119970
27,128,1074,43666,206.488656
27,129,64,43666,13.860487
27,130,79,43666,12.441265
27,131,680,43666,105.845241
27,132,98,43666,20.556227
27,133,55,43666,9.030231
27,134,2,43666,0.331792
27,135,408,43666,32.006661
27,136,953,43666,212.344172
27,137,31,43666,7.271288
27,138,7,43666,1.193411
27,139,0,43666,0.000000
27,140,24,43666,6.019581
27,141,0,43666,0.000000
27,142,413,43666,73.272607
27,143,975,43666,243.614540
27,144,598,43666,230.954280
27,145,134,43666,24.681895
27,146,101,43666,18.294331
27,147,1016,43666,210.184294
27,148,4561,43666,981.417030
27,149,411,43666,105.232015
27,150,0,43666,0.000000
27,151,114,43666,21.388243
27,152,179,43666,27.867933
27,153,482,43666,171.218399
27,154,3994,43666,1176.039729
27,155,192,43666,75.398262
27,156,55,43666,11.525432
27,157,58,43666,7.912400
27,158,839,43666,142.061569
27,159,346,43666,63.388931
27,160,355,43666,75.109177
27,161,112,43666,18.979516
27,162,0,43666,0.000000
27,163,164,43666,65.955920
27,164,385,43666,75.704024
27,165,671,43666,118.875816
27,166,1165,43666,254.866322
27,167,894,43666,309.134235
27,168,228,43666,35.004550
27,169,113,43666,21.479526
27,170,15,43666,3.573618
27,171,149,43666,22.011062
27,172,0,43666,0.000000
27,173,12,43666,3.224939
27,174,762,43666,126.190931
27,175,50,43666,6.541197
27,176,171,43666,64.787644
27,177,14,43666,3.134420
27,178,2556,43666,485.152869
27,179,895,43666,170.247504
27,180,978,43666,154.340329
27,181,0,43666,0.000000
27,182,525,43666,159.776098
27,183,687,43666,154.500160
27,184,2,43666,0.396637
27,185,415,43666,90.646762
27,186,166,43666,28.799871
27,187,24,43666,5.620568
27,188,867,43666,144.788416
27,189,1332,43666,245.365862
27,190,0,43666,0.000000
27,191,123,43666,28.752071
27,192,0,43666,0.000000
27,193,0,43666,0.000000
27,194,43,43666,8.273812
27,195,0,43666,0.000000
27,196,186,43666,27.738874
27,197,266,43666,50.515702
27,198,2167,43666,410.804397
27,199,235,43666,49.688356
27,200,123,43666,34.627084
27,201,266,43666,49.050104
27,202,8560,43666,3193.080359
27,203,0,43666,0.000000
27,204,9,43666,1.525549
27,205,108,43666,31.694661
27,206,0,43666,0.000000
27,207,226,43666,37.071471
27,208,5621,43666,1369.275912
27,209,347,43666,65.036102
27,210,979,43666,299.971963
27,211,330,43666,53.451875
27,212,0,43666,0.000000
27,213,13,43666,1.744852
27,214,669,43666,137.766381
27,215,100,43666,19.947840
27,216,38,43666,7.680618
27,217,4002,43666,1105.742565
27,218,1624,43666,362.038055
27,219,7,43666,1.477079
27,220,151,43666,28.261772
27,221,1,43666,0.098943
27,222,599,43666,286.119313
27,223,294,43666,86.103382
27,224,599,43666,142.192382
27,225,4591,43666,1033.622936
27,226,47,43666,9.484801
27,227,0,43666,0.000000
27,228,1,43666,0.115264
27,229,37,43666,8.096839
27,230,151,43666,31.337367
27,231,0,43666,0.000000
27,232,59,43666,10.614963
27,233,2183,43666,566.697361
27,234,0,43666,0.000000
27,235,123,43666,21.511483
27,236,45,43666,8.523328
27,237,51,43666,16.741674
27,238,2360,43666,620.100084
27,239,18,43666,3.172165
27,240,152,43666,33.462695
27,241,227,43666,31.355465
27,242,924,43666,187.751388
27,243,150,43666,25.994071
27,244,154,43666,29.288871
27,245,179,43666,25.568443
27,246,386,43666,70.160639
27,247,15,43666,3.496182
27,248,66,43666,10.127980
27,249,274,43666,42.374130
27,250,1063,43666,234.463805
27,251,846,43666,201.448931
27,252,8,43666,0.919644
27,253,987,43666,175.051841
27,254,548,43666,111.150235
27,255,4,43666,0.649837
27,256,135,43666,29.066009
27,257,230,43666,38.700749
27,258,28,43666,4.658431
27,259,637,43666,136.371878
27,260,0,43666,0.000000
27,261,128,43666,36.224418
27,262,3690,43666,1241.743166
27,263,74,43666,13.688735
27,264,650,43666,169.253305
27,265,1013,43666,213.295499
27,266,37,43666,7.488167
27,267,528,43666,156.287819
27,268,181,43666,31.155247
27,269,0,43666,0.000000
27,270,168,43666,29.020355
27,271,208,43666,39.713920
27,272,74,43666,16.180347
27,273,162,43666,31.617056
27,274,812,43666,172.892303
27,275,40,43666,6.944184
27,276,151,43666,20.060131
27,277,41,43666,10.489310
27,278,465,43666,114.270971
27,279,3671,43666,782.905484
27,280,492,43666,98.135483
27,281,542,43666,179.630066
27,282,257,43666,82.135690
27,283,357,43666,61.212686
27,284,489,43666,99.490846
27,285,4197,43666,926.591820
27,286,8,43666,1.770454
27,287,2,43666,0.438279
27,288,0,43666,0.000000
27,289,414,43666,69.713566
27,290,3,43666,0.729681
27,291,431,43666,71.552107
27,292,61,43666,10.641007
27,293,155,43666,31.423054
27,294,23,43666,6.635805
27,295,14,43666,1.828098
27,296,612,43666,88.995600
27,297,2864,43666,609.661977
27,298,5,43666,0.768890
27,299,1,43666,0.117455
27,300,0,43666,0.000000
27,301,197,43666,41.394051
27,302,93,43666,14.027720
27,303,119,43666,23.077757
27,304,398,43666,157.825191
27,305,3311,43666,785.355101
27,306,4,43666,1.322208
27,307,119,43666,23.018130
27,308,1714,43666,337.513777
27,309,0,43666,0.000000
27,310,237,43666,74.859264
27,311,0,43666,0.000000
27,312,65,43666,9.177326
27,313,7,43666,1.391834
27,314,213,43666,33.570375
27,315,218,43666,37.675084
27,316,0,43666,0.000000
27,317,650,43666,121.853829
27,318,0,43666,0.000000
27,319,7,43666,1.482444
27,320,187,43666,52.658749
27,321,3240,43666,733.489656
27,322,276,43666,79.280364
27,323,316,43666,51.496073
27,324,534,43666,127.702711
27,325,1,43666,0.243178
27,326,160,43666,26.799629
27,327,132,43666,15.361464
27,328,214,43666,57.252597
27,329,931,43666,169.344965
27,330,37,43666,5.973853
27,331,14,43666,3.007526
27,332,0,43666,0.000000
27,333,32,43666,5.859166
27,334,1473,43666,258.294037
27,335,135,43666,28.678084
27,336,59,43666,15.279886
27,337,21,43666,3.623465
27,338,5,43666,0.881263
27,339,17,43666,2.972257
27,340,0,43666,0.000000
27,341,1,43666,0.154624
27,342,16,43666,3.341560
27,343,78,43666,24.169224
27,344,1193,43666,220.063246
27,345,1,43666,0.103813
27,346,103,43666,21.781088
27,347,5,43666,0.821857
27,348,66,43666,8.353296
27,349,30,43666,5.425472
27,350,1658,43666,289.196457
27,351,281,43666,68.536429
27,352,97,43666,15.451784
27,353,162,43666,58.979511
27,354,382,43666,83.456513
27,355,1080,43666,235.579847
27,356,0,43666,0.000000
27,357,6,43666,0.943742
27,358,790,43666,207.487021
27,359,117,43666,22.440510
27,360,53,43666,10.537213
27,361,176,43666,32.506963
27,362,559,43666,144.581994
27,363,12718,43666,3055.244355
27,364,23,43666,4.679793
27,365,840,43666,216.325527
27,366,1091,43666,195.326779
27,367,148,43666,26.450088
27,368,18926,43666,6111.375434
27,369,3613,43666,666.340227
27,370,19,43666,4.421956
27,371,493,43666,93.262284
27,372,0,43666,0.000000
27,373,194,43666,41.455718
27,374,72,43666,12.510965
27,375,218,43666,68.577113
27,376,0,43666,0.000000
27,377,79,43666,27.847641
27,378,270,43666,42.318286
27,379,33,43666,6.538239
27,380,47,43666,0.344521
27,381,0,43666,0.000000
27,382,21,43666,2.901379
27,383,82,43666,15.610226
28,0,0,43666,0.000000
28,1,0,43666,0.000000
28,2,10,43666,2.195885
28,3,343,43666,45.018360
28,4,1,43666,0.140720
28,5,9,43666,1.047204
28,6,0,43666,0.000000
28,7,773,43666,404.691798
28,8,540,43666,80.741269
28,9,17,43666,3.063496
28,10,79,43666,10.413182
28,11,3725,43666,815.042173
28,12,291,43666,60.696547
28,13,33,43666,6.220230
28,14,0,43666,0.000000
28,15,1063,43666,209.430620
28,16,1114,43666,195.073264
28,17,1,43666,0.195242
28,18,53,43666,8.947678
28,19,151,43666,22.733596
28,20,162,43666,23.964854
28,21,0,43666,0.000000
28,22,158,43666,49.455037
28,23,21,43666,7.047538
28,24,0,43666,0.000000
28,25,2148,43666,413.978977
28,26,41,43666,9.370555
28,27,396,43666,106.620352
28,28,0,43666,0.000000
28,29,116,43666,27.851988
28,30,25,43666,5.680004
28,31,1604,43666,289.685317
28,32,408,43666,86.092199
28,33,0,43666,0.000000
28,34,100,43666,25.427989
28,35,67,43666,16.026082
28,36,40,43666,10.083802
28,37,63,43666,8.300786
28,38,256,43666,40.640011
28,39,0,43666,0.000000
28,40,43,43666,8.060463
28,41,450,43666,88.513800
28,42,0,43666,0.000000
28,43,415,43666,90.370620
28,44,5586,43666,1265.449167
28,45,165,43666,42.052406
28,46,108,43666,18.806674
28,47,268,43666,75.656289
28,48,69,43666,14.048232
28,49,0,43666,0.000000
28,50,110,43666,28.404192
28,51,172,43666,29.016181
28,52,277,43666,54.806145
28,53,67,43666,10.010578
28,54,0,43666,0.000000
28,55,734,43666,97.399611
28,56,11,43666,1.529470
28,57,240,43666,46.883231
28,58,8375,43666,2565.392807
28,59,785,43666,136.198095
28,60,200,43666,37.397584
28,61,461,43666,75.036833
28,62,0,43666,0.000000
28,63,9,43666,2.783768
28,64,119,43666,17.502873
28,65,553,43666,198.460427
28,66,0,43666,0.000000
28,67,0,43666,0.000000
28,68,7,43666,1.221726
28,69,78,43666,14.668087
28,70,162,43666,26.800320
28,71,284,43666,67.181276
28,72,786,43666,136.193448
28,73,106,43666,22.752627
28,74,89,43666,13.046373
28,75,34,43666,8.307110
28,76,105,43666,21.272412
28,77,1,43666,0.209184
28,78,222,43666,26.352474
28,79,11,43666,1.970960
28,80,4,43666,0.769841
28,81,77,43666,7.388944
28,82,867,43666,171.692332
28,83,396,43666,86.598899
28,84,490,43666,96.555643
28,85,101,43666,14.563138
28,86,3140,43666,570.209754
28,87,432,43666,65.219189
28,88,70,43666,11.056633
28,89,1049,43666,212.021542
28,90,834,43666,137.892401
28,91,39,43666,8.155069
28,92,219,43666,40.342155
28,93,7,43666,1.381898
28,94,173,43666,30.943923
28,95,4,43666,0.457752
28,96,187,43666,44.036541
28,97,16,43666,2.373375
28,98,5996,43666,1728.326452
28,99,27,43666,4.106858
28,100,0,43666,0.000000
28,101,1255,43666,242.251761
28,102,0,43666,0.000000
28,103,71,43666,19.472106
28,104,20,43666,3.373085
28,105,16265,43666,3802.582765
28,106,0,43666,0.000000
28,107,100,43666,15.271542
28,108,37,43666,6.946190
28,109,7278,43666,2253.996250
28,110,370,43666,74.976540
28,111,1142,43666,266.904895
28,112,318,43666,43.442338
28,113,26,43666,4.069277
28,114,52,43666,19.821787
28,115,45,43666,0.034293
28,116,559,43666,110.913282
28,117,0,43666,0.000000
28,118,163,43666,29.635899
28,119,235,43666,43.215646
28,120,2,43666,0.302504
28,121,79,43666,19.196127
28,122,897,43666,196.900858
28,123,6152,43666,1350.617542
28,124,3205,43666,722.254130
28,125,1049,43666,209.149419
28,126,39,43666,7.621636
28,127,4,43666,0.656612
28,128,23,43666,5.708719
28,129,128,43666,22.271143
28,130,189,43666,27.092326
28,131,1,43666,0.111397
28,132,1064,43666,169.274360
28,133,0,43666,0.000000
28,134,0,43666,0.000000
28,135,699,43666,164.128098
28,136,1281,43666,131.342994
28,137,26,43666,5.646194
28,138,128,43666,33.428988
28,139,340,43666,59.785703
28,140,25,43666,5.097867
28,141,560,43666,154.820707
28,142,0,43666,0.000000
28,143,10213,43666,2465.374741
28,144,105,43666,36.320099
28,145,6,43666,1.060931
28,146,7,43666,1.541285
28,147,413,43666,109.449875
28,148,1,43666,0.131652
28,149,3,43666,0.274553
28,150,463,43666,82.183052
28,151,73,43666,19.265326
28,152,0,43666,0.000000
28,153,148,43666,27.654271
28,154,5,43666,0.471245
28,155,0,43666,0.000000
28,156,28,43666,3.953894
28,157,1095,43666,247.764145
28,158,276,43666,27.675634
28,159,36,43666,5.269344
28,160,0,43666,0.000000
28,161,0,43666,0.000000
28,162,24,43666,4.529524
28,163,1816,43666,334.243205
28,164,0,43666,0.000000
28,165,1158,43666,199.029664
28,166,123,43666,24.180176
28,167,16,43666,3.090252
28,168,0,43666,0.000000
28,169,110,43666,17.875907
28,170,194,43666,5.048520
28,171,53,43666,7.703683
28,172,438,43666,94.733462
28,173,10,43666,1.722217
28,174,5,43666,0.636917
28,175,70,43666,14.744619
28,176,1,43666,0.185832
28,177,987,43666,300.720591
28,178,34,43666,6.065162
28,179,90,43666,5.734668
28,180,194,43666,8.597532
28,181,420,43666,99.222660
28,182,43,43666,10.933950
28,183,52,43666,9.886409
28,184,23,43666,3.944617
28,185,0,43666,0.000000
28,186,0,43666,0.000000
28,187,386,43666,55.505236
28,188,3,43666,0.601865
28,189,175,43666,36.572835
28,190,48,43666,8.008309
28,191,110,43666,54.115654
28,192,165,43666,67.064693
28,193,1048,43666,204.463425
28,194,37,43666,5.937231
28,195,0,43666,0.000000
28,196,6,43666,1.434687
28,197,184,43666,20.491001
28,198,395,43666,95.103619
28,199,12,43666,2.874458
28,200,1,43666,0.144256
28,201,149,43666,21.051995
28,202,21,43666,9.697448
28,203,92,43666,16.192387
28,204,11,43666,1.667403
28,205,118,43666,16.125974
28,206,8076,43666,2598.439119
28,207,164,43666,35.869132
28,208,2,43666,0.361726
28,209,4,43666,0.716812
28,210,55,43666,9.850259
28,211,187,43666,35.078451
28,212,48,43666,9.244156
28,213,6681,43666,1977.749269
28,214,135,43666,30.874549
28,215,85,43666,13.495130
28,216,369,43666,87.523592
28,217,4,43666,1.129302
28,218,18,43666,4.705398
28,219,2,43666,0.366722
28,220,2686,43666,396.703174
28,221,329,43666,47.095195
28,222,154,43666,27.166554
28,223,22,43666,3.086002
28,224,45,43666,6.955641
28,225,162,43666,49.723063
28,226,147,43666,47.719678
28,227,75,43666,10.806931
28,228,5,43666,0.784143
28,229,148,43666,35.508735
28,230,78,43666,12.718203
28,231,1,43666,0.109158
28,232,111,43666,18.111568
28,233,46,43666,7.377744
28,234,147,43666,32.496191
28,235,619,43666,117.724525
28,236,36,43666,4.634884
28,237,0,43666,0.000000
28,238,3,43666,0.679500
28,239,0,43666,0.000000
28,240,132,43666,24.957391
28,241,400,43666,102.715898
28,242,693,43666,200.940814
28,243,2027,43666,368.051740
28,244,313,43666,59.373494
28,245,547,43666,86.491169
28,246,696,43666,113.742378
28,247,484,43666,83.921933
28,248,715,43666,109.705655
28,249,605,43666,159.388357
28,250,0,43666,0.000000
28,251,112,43666,13.293738
28,252,472,43666,98.653754
28,253,267,43666,60.391071
28,254,21,43666,3.198579
28,255,10,43666,2.392490
28,256,9,43666,1.369453
28,257,2721,43666,542.218474
28,258,3,43666,0.884885
28,259,7,43666,0.828875
28,260,1,43666,0.303502
28,261,9,43666,1.761044
28,262,3170,43666,545.058638
28,263,243,43666,23.612226
28,264,31,43666,7.754863
28,265,47,43666,8.275162
28,266,4216,43666,1227.012992
28,267,0,43666,0.000000
28,268,63,43666,10.032740
28,269,0,43666,0.000000
28,270,10,43666,1.479507
28,271,87,43666,18.001728
28,272,90,43666,7.421648
28,273,1292,43666,223.846122
28,274,1240,43666,230.645563
28,275,1101,43666,259.453889
28,276,628,43666,130.750079
28,277,306,43666,59.639142
28,278,9,43666,1.267729
28,279,41,43666,8.176228
28,280,0,43666,0.000000
28,281,2,43666,0.326938
28,282,47,43666,11.858758
28,283,2960,43666,735.745053
28,284,33,43666,2.939070
28,285,2,43666,0.250657
28,286,2,43666,0.318456
28,287,194,43666,30.141032
28,288,3166,43666,631.026289
28,289,63,43666,14.224331
28,290,43,43666,3.410164
28,291,1374,43666,322.732507
28,292,1,43666,0.096565
28,293,3,43666,0.492295
28,294,608,43666,110.674381
28,295,3065,43666,617.931786
28,296,440,43666,85.352651
28,297,64,43666,13.285615
28,298,356,43666,70.675765
28,299,0,43666,0.000000
28,300,1487,43666,294.045003
28,301,0,43666,0.000000
28,302,21,43666,2.740721
28,303,165,43666,31.881394
28,304,153,43666,32.118104
28,305,71,43666,16.797915
28,306,0,43666,0.000000
28,307,0,43666,0.000000
28,308,154,43666,30.011609
28,309,3,43666,0.499273
28,310,300,43666,67.042545
28,311,17,43666,3.259046
28,312,42,43666,5.644721
28,313,115,43666,30.946424
28,314,74,43666,13.831630
28,315,29688,43666,9679.919833
28,316,0,43666,0.000000
28,317,0,43666,0.000000
28,318,52,43666,5.068751
28,319,8,43666,0.800595
28,320,0,43666,0.000000
28,321,56,43666,14.169629
28,322,3858,43666,1502.161900
28,323,14,43666,2.729026
28,324,8,43666,1.562573
28,325,97,43666,5.060347
28,326,0,43666,0.000000
28,327,15,43666,3.319624
28,328,55,43666,7.702032
28,329,0,43666,0.000000
28,330,223,43666,46.409079
28,331,0,43666,0.000000
28,332,1294,43666,284.741846
28,333,134,43666,16.840883
28,334,2101,43666,456.741117
28,335,197,43666,31.575813
28,336,464,43666,77.595485
28,337,437,43666,74.711452
28,338,85,43666,13.491213
28,339,0,43666,0.000000
28,340,0,43666,0.000000
28,341,16,43666,2.736982
28,342,3,43666,0.538776
28,343,0,43666,0.000000
28,344,82,43666,25.964135
28,345,290,43666,75.391572
28,346,940,43666,154.801877
28,347,4,43666,0.915373
28,348,0,43666,0.000000
28,349,44,43666,14.146270
28,350,23,43666,2.281467
28,351,72,43666,14.708833
28,352,580,43666,55.378738
28,353,225,43666,34.385531
28,354,58,43666,11.679959
28,355,418,43666,99.743544
28,356,0,43666,0.000000
28,357,31192,43666,8928.632376
28,358,80,43666,12.048807
28,359,87,43666,16.250419
28,360,6,43666,0.995479
28,361,43,43666,7.796237
28,362,14,43666,2.193415
28,363,2,43666,0.255719
28,364,349,43666,89.890235
28,365,0,43666,0.000000
28,366,1470,43666,282.693422
28,367,76,43666,17.855344
28,368,39,43666,9.274862
28,369,167,43666,22.905518
28,370,418,43666,125.600283
28,371,338,43666,117.705048
28,372,0,43666,0.000000
28,373,0,43666,0.000000
28,374,28,43666,4.778258
28,375,253,43666,47.982114
28,376,133,43666,21.225497
28,377,304,43666,60.699884
28,378,1166,43666,239.160677
28,379,18,43666,3.172655
28,380,59,43666,9.527084
28,381,359,43666,56.935415
28,382,10708,43666,2603.444656
28,383,100,43666,14.272809
29,0,35,43666,4.851874
29,1,264,43666,50.937878
29,2,9,43666,2.139134
29,3,204,43666,27.599278
29,4,81,43666,21.837796
29,5,0,43666,0.000000
29,6,253,43666,54.999614
29,7,200,43666,41.136002
29,8,0,43666,0.000000
29,9,134,43666,23.276595
29,10,1109,43666,245.557094
29,11,47,43666,5.498093
29,12,0,43666,0.000000
29,13,1874,43666,319.581937
29,14,2842,43666,602.608810
29,15,0,43666,0.000000
29,16,19,43666,3.125049
29,17,240,43666,36.118323
29,18,49,43666,8.148879
29,19,53,43666,9.914424
29,20,230,43666,48.045964
29,21,7,43666,1.843037
29,22,3112,43666,874.019662
29,23,1546,43666,389.555549
29,24,9467,43666,3030.593334
29,25,442,43666,78.088527
29,26,466,43666,113.550350
29,27,859,43666,250.790630
29,28,53,43666,11.298268
29,29,632,43666,112.203442
29,30,803,43666,136.568955
29,31,5220,43666,1790.651045
29,32,243,43666,32.597501
29,33,22,43666,3.975852
29,34,512,43666,86.126075
29,35,6228,43666,1807.137908
29,36,27,43666,5.047104
29,37,137,43666,21.103652
29,38,59,43666,6.766206
29,39,65,43666,9.754641
29,40,96,43666,16.690427
29,41,48,43666,9.197960
29,42,169,43666,33.260096
29,43,70,43666,14.634716
29,44,5,43666,0.490397
29,45,4004,43666,772.466249
29,46,110,43666,25.791204
29,47,1195,43666,293.760675
29,48,251,43666,22.991237
29,49,49,43666,13.105934
29,50,113,43666,14.310169
29,51,0,43666,0.000000
29,52,78,43666,22.483791
29,53,15,43666,2.344581
29,54,0,43666,0.000000
29,55,0,43666,0.000000
29,56,87,43666,12.872894
29,57,2,43666,0.331141
29,58,1088,43666,247.032692
29,59,232,43666,100.571037
29,60,209,43666,31.231559
29,61,286,43666,44.915604
29,62,7264,43666,1651.994252
29,63,51,43666,6.117659
29,64,70,43666,13.568329
29,65,11,43666,2.320960
29,66,84,43666,16.116916
29,67,431,43666,65.848957
29,68,608,43666,103.082300
29,69,46,43666,9.255076
29,70,748,43666,163.234072
29,71,442,43666,83.178384
29,72,549,43666,93.584144
29,73,704,43666,126.418499
29,74,0,43666,0.000000
29,75,2105,43666,387.896353
29,76,170,43666,25.858449
29,77,336,43666,107.824632
29,78,567,43666,168.844914
29,79,12,43666,3.840572
29,80,757,43666,292.728522
29,81,561,43666,102.807365
29,82,0,43666,0.000000
29,83,650,43666,162.770190
29,84,57,43666,7.918190
29,85,91,43666,18.012761
29,86,80,43666,11.500662
29,87,8,43666,1.465736
29,88,70,43666,14.924856
29,89,1644,43666,261.855529
29,90,12,43666,1.849522
29,91,249,43666,47.034778
29,92,501,43666,106.375416
29,93,11,43666,2.058222
29,94,130,43666,20.782835
29,95,449,43666,117.801333
29,96,9,43666,1.409447
29,97,3564,43666,844.002594
29,98,18,43666,2.058264
29,99,23,43666,3.461198
29,100,36,43666,5.413879
29,101,10,43666,2.352555
29,102,2245,43666,462.101791
29,103,3074,43666,807.038716
29,104,320,43666,85.445393
29,105,220,43666,48.978620
29,106,9650,43666,2595.797614
29,107,5,43666,1.376482
29,108,0,43666,0.000000
29,109,234,43666,27.072053
29,110,0,43666,0.000000
29,111,165,43666,16.242166
29,112,3,43666,0.874554
29,113,19,43666,5.649690
29,114,250,43666,30.882120
29,115,283,43666,67.587020
29,116,112,43666,27.120216
29,117,115,43666,15.067931
29,118,0,43666,0.000000
29,119,1255,43666,287.128744
29,120,1410,43666,287.234568
29,121,0,43666,0.000000
29,122,1599,43666,309.603588
29,123,99,43666,15.676871
29,124,5,43666,0.612969
29,125,691,43666,126.208543
29,126,2385,43666,482.101466
29,127,0,43666,0.000000
29,128,23,43666,5.522406
29,129,802,43666,132.026779
29,130,3147,43666,610.757469
29,131,108,43666,14.982527
29,132,1,43666,0.110594
29,133,306,43666,64.500382
29,134,88,43666,22.917656
29,135,182,43666,33.401361
29,136,592,43666,135.362564
29,137,18,43666,3.620890
29,138,228,43666,71.267066
29,139,855,43666,142.990994
29,140,47,43666,5.432392
29,141,1336,43666,437.144067
29,142,42,43666,8.240233
29,143,5,43666,0.854990
29,144,5695,43666,1643.300472
29,145,1,43666,0.218534
29,146,158,43666,29.466397
29,147,28,43666,5.085857
29,148,27,43666,4.535290
29,149,2,43666,0.445409
29,150,645,43666,199.996672
29,151,1,43666,0.185879
29,152,82,43666,9.970211
29,153,142,43666,26.438957
29,154,748,43666,133.789942
29,155,6,43666,1.364187
29,156,185,43666,21.248739
29,157,194,43666,26.145393
29,158,511,43666,85.066575
29,159,20,43666,3.339710
29,160,567,43666,118.781528
29,161,2809,43666,892.552720
29,162,1942,43666,457.597776
29,163,609,43666,146.519938
29,164,326,43666,110.167590
29,165,1243,43666,256.764518
29,166,778,43666,170.249245
29,167,1888,43666,447.096082
29,168,67,43666,13.046604
29,169,2,43666,0.280547
29,170,996,43666,196.170333
29,171,976,43666,385.317407
29,172,615,43666,105.956119
29,173,559,43666,92.233168
29,174,1,43666,0.130341
29,175,35,43666,5.451226
29,176,408,43666,100.632757
29,177,213,43666,30.581687
29,178,9190,43666,3194.203473
29,179,9,43666,1.474441
29,180,42,43666,7.954144
29,181,0,43666,0.000000
29,182,9,43666,1.566994
29,183,62,43666,8.925572
29,184,131,43666,27.559534
29,185,0,43666,0.000000
29,186,772,43666,241.425801
29,187,1003,43666,186.996959
29,188,42,43666,11.631527
29,189,35,43666,3.238006
29,190,33,43666,9.778886
29,191,265,43666,80.772693
29,192,4,43666,0.604225
29,193,1,43666,0.170533
29,194,77,43666,8.150829
29,195,15,43666,2.476158
29,196,0,43666,0.000000
29,197,6175,43666,1346.881694
29,198,256,43666,49.339770
29,199,158,43666,36.071010
29,200,835,43666,162.827736
29,201,294,43666,44.914075
29,202,5809,43666,1216.178149
29,203,774,43666,285.591073
29,204,32,43666,5.881300
29,205,960,43666,301.373932
29,206,91,43666,32.306643
29,207,76,43666,10.877756
29,208,5,43666,0.884968
29,209,1727,43666,337.950383
29,210,11859,43666,2646.264778
29,211,360,43666,61.342899
29,212,622,43666,135.106632
29,213,42,43666,7.784846
29,214,351,43666,78.127817
29,215,858,43666,171.762247
29,216,599,43666,93.400490
29,217,0,43666,0.000000
29,218,163,43666,46.983500
29,219,0,43666,0.000000
29,220,345,43666,82.002505
29,221,3337,43666,653.451055
29,222,53,43666,11.866947
29,223,0,43666,0.000000
29,224,49,43666,8.248453
29,225,3418,43666,928.776081
29,226,165,43666,84.164425
29,227,0,43666,0.000000
29,228,1466,43666,290.805657
29,229,100,43666,23.569000
29,230,45,43666,9.659202
29,231,39,43666,7.924275
29,232,14,43666,2.235597
29,233,428,43666,81.163578
29,234,110,43666,17.441099
29,235,2,43666,0.192901
29,236,0,43666,0.000000
29,237,1,43666,0.097596
29,238,107,43666,17.050139
29,239,29,43666,7.883210
29,240,477,43666,134.335205
29,241,772,43666,107.381878
29,242,5,43666,0.876073
29,243,241,43666,210.039419
29,244,190,43666,39.681968
29,245,199,43666,56.347488
29,246,12,43666,1.847341
29,247,179,43666,34.288586
29,248,687,43666,106.555413
29,249,24,43666,7.261228
29,250,199,43666,42.741227
29,251,9135,43666,2877.947474
29,252,5822,43666,1223.165559
29,253,31,43666,4.666095
29,254,135,43666,18.661967
29,255,2,43666,0.221374
29,256,382,43666,42.095344
29,257,912,43666,191.307511
29,258,703,43666,146.166946
29,259,623,43666,113.781378
29,260,219,43666,42.203090
29,261,720,43666,155.329531
29,262,1743,43666,368.535875
29,263,97,43666,20.956976
29,264,279,43666,59.565326
29,265,173,43666,30.399963
29,266,35,43666,16.975381
29,267,2,43666,0.337145
29,268,883,43666,300.474367
29,269,1850,43666,407.059260
29,270,194,43666,63.457812
29,271,169,43666,49.660837
29,272,98,43666,24.310533
29,273,32,43666,5.080819
29,274,11,43666,1.120179
29,275,273,43666,69.145209
29,276,2126,43666,566.026120
29,277,2911,43666,818.409662
29,278,623,43666,126.708228
29,279,1,43666,0.145763
29,280,146,43666,24.259326
29,281,1,43666,0.172965
29,282,0,43666,0.000000
29,283,445,43666,80.681163
29,284,6,43666,1.202442
29,285,67,43666,11.290065
29,286,361,43666,91.667046
29,287,86,43666,18.284104
29,288,32,43666,5.984705
29,289,464,43666,134.151965
29,290,17,43666,3.266784
29,291,27,43666,4.272355
29,292,38,43666,11.208861
29,293,19,43666,2.663316
29,294,170,43666,65.904222
29,295,0,43666,0.000000
29,296,144,43666,21.819463
29,297,105,43666,16.907965
29,298,0,43666,0.000000
29,299,2,43666,0.373100
29,300,327,43666,46.065900
29,301,48,43666,9.626156
29,302,464,43666,127.362701
29,303,2,43666,0.276022
29,304,11,43666,1.725707
29,305,330,43666,79.336674
29,306,9,43666,1.910867
29,307,369,43666,75.082762
29,308,1161,43666,244.911025
29,309,51,43666,4.877522
29,310,1350,43666,214.267816
29,311,855,43666,227.656244
29,312,10,43666,1.940154
29,313,7,43666,2.805334
29,314,192,43666,81.940406
29,315,26,43666,5.264463
29,316,102,43666,11.713426
29,317,5,43666,0.913861
29,318,1933,43666,476.527231
29,319,1918,43666,288.355141
29,320,52,43666,9.700653
29,321,58,43666,8.689567
29,322,550,43666,120.164112
29,323,15,43666,1.924957
29,324,9,43666,1.906840
29,325,270,43666,65.099160
29,326,151,43666,31.108399
29,327,5,43666,0.685834
29,328,9,43666,0.994791
29,329,0,43666,0.000000
29,330,2199,43666,541.850673
29,331,29,43666,4.641430
29,332,33,43666,4.032490
29,333,9,43666,1.386720
29,334,1073,43666,205.930800
29,335,0,43666,0.000000
29,336,1,43666,0.067627
29,337,17,43666,2.880879
29,338,9692,43666,2436.865122
29,339,205,43666,44.151793
29,340,590,43666,133.095194
29,341,242,43666,28.005731
29,342,166,43666,36.485349
29,343,1,43666,0.221791
29,344,22,43666,3.681778
29,345,523,43666,115.492745
29,346,1275,43666,418.475742
29,347,12011,43666,4474.790472
29,348,484,43666,73.519279
29,349,489,43666,94.449778
29,350,30,43666,4.891778
29,351,1219,43666,296.854478
29,352,85,43666,16.135879
29,353,32,43666,6.662470
29,354,3,43666,0.463429
29,355,175,43666,26.485220
29,356,0,43666,0.000000
29,357,157,43666,30.701990
29,358,398,43666,122.938752
29,359,840,43666,153.658955
29,360,31,43666,6.183782
29,361,206,43666,30.481120
29,362,544,43666,75.506396
29,363,328,43666,154.779373
29,364,35,43666,6.217732
29,365,93,43666,43.223430
29,366,61,43666,11.613903
29,367,1820,43666,546.928388
29,368,0,43666,0.000000
29,369,510,43666,101.052331
29,370,619,43666,130.261738
29,371,0,43666,0.000000
29,372,5,43666,0.785551
29,373,0,43666,0.000000
29,374,31,43666,3.793061
29,375,264,43666,46.539903
29,376,1492,43666,351.075480
29,377,9,43666,0.888112
29,378,950,43666,230.876327
29,379,544,43666,106.946539
29,380,1,43666,0.175815
29,381,3,43666,0.313296
29,382,144,43666,37.022775
29,383,98,43666,15.828152
30,0,155,43666,10.633799
30,1,0,43666,0.000000
30,2,734,43666,102.069724
30,3,167,43666,54.289240
30,4,5,43666,1.567100
30,5,241,43666,63.306079
30,6,139,43666,35.455899
30,7,193,43666,24.968405
30,8,3025,43666,634.527865
30,9,46,43666,5.341386
30,10,57,43666,10.560378
30,11,3,43666,0.442551
30,12,416,43666,68.449150
30,13,562,43666,93.925210
30,14,82,43666,12.991697
30,15,89,43666,14.529567
30,16,52,43666,11.897538
30,17,506,43666,89.762982
30,18,48,43666,5.478704
30,19,186,43666,54.781667
30,20,2575,43666,511.887284
30,21,431,43666,52.357770
30,22,3,43666,0.629967
30,23,549,43666,118.229723
30,24,281,43666,35.683900
30,25,248,43666,55.778927
30,26,95,43666,10.974721
30,27,3450,43666,674.235793
30,28,615,43666,91.872641
30,29,1,43666,0.171283
30,30,87,43666,22.284232
30,31,0,43666,0.000000
30,32,16,43666,2.456939
30,33,8,43666,2.533543
30,34,12,43666,1.704360
30,35,105,43666,12.014872
30,36,2031,43666,366.556353
30,37,3,43666,0.475787
30,38,46,43666,2.678145
30,39,6,43666,1.157637
30,40,5,43666,0.692592
30,41,378,43666,87.129383
30,42,6020,43666,1173.115822
30,43,1678,43666,259.495572
30,44,159,43666,28.126059
30,45,815,43666,175.856660
30,46,8,43666,0.923153
30,47,17,43666,1.719514
30,48,1799,43666,377.418690
30,49,1402,43666,163.307382
30,50,12947,43666,3188.184789
30,51,548,43666,72.959031
30,52,0,43666,0.000000
30,53,0,43666,0.000000
30,54,0,43666,0.000000
30,55,1576,43666,228.261362
30,56,61,43666,10.054001
30,57,484,43666,165.936968
30,58,144,43666,21.475442
30,59,15,43666,2.247208
30,60,22,43666,3.637599
30,61,549,43666,134.559249
30,62,257,43666,51.553719
30,63,1973,43666,423.728925
30,64,88,43666,9.749291
30,65,107,43666,16.011696
30,66,655,43666,187.919441
30,67,238,43666,45.117677
30,68,121,43666,24.233684
30,69,1765,43666,330.356316
30,70,328,43666,54.162818
30,71,1,43666,0.240877
30,72,413,43666,81.821968
30,73,13,43666,1.483856
30,74,541,43666,94.762635
30,75,0,43666,0.000000
30,76,17,43666,3.393911
30,77,12,43666,1.942080
30,78,730,43666,139.396967
30,79,5,43666,0.265902
30,80,78,43666,10.915860
30,81,2,43666,0.285449
30,82,1,43666,0.164894
30,83,31,43666,4.353153
30,84,1038,43666,164.024871
30,85,127,43666,41.913904
30,86,263,43666,45.895207
30,87,1,43666,0.248489
30,88,222,43666,36.508346
30,89,0,43666,0.000000
30,90,573,43666,100.142379
30,91,2181,43666,242.405220
30,92,1,43666,0.213848
30,93,76,43666,15.009488
30,94,4,43666,0.817089
30,95,935,43666,205.552932
30,96,1208,43666,164.553748
30,97,1,43666,0.275117
30,98,3,43666,0.416548
30,99,9582,43666,2248.637023
30,100,366,43666,62.883030
30,101,4,43666,0.779808
30,102,38,43666,4.361971
30,103,325,43666,100.161171
30,104,112,43666,18.647439
30,105,1,43666,0.095445
30,106,243,43666,103.072386
30,107,532,43666,43.616308
30,108,192,43666,31.227446
30,109,8,43666,1.352289
30,110,430,43666,55.789787
30,111,594,43666,105.083629
30,112,321,43666,68.586747
30,113,1,43666,0.145965
30,114,166,43666,29.813661
30,115,52,43666,10.816122
30,116,2,43666,0.423506
30,117,0,43666,0.000000
30,118,8,43666,0.635943
30,119,10,43666,1.337186
30,120,0,43666,0.000000
30,121,1,43666,0.146443
30,122,622,43666,206.337745
30,123,69,43666,7.834259
30,124,138,43666,25.663816
30,125,135,43666,14.289019
30,126,21,43666,3.516455
30,127,104,43666,19.665239
30,128,58,43666,6.994999
30,129,1,43666,0.062450
30,130,133,43666,35.409851
30,131,54,43666,7.556539
30,132,0,43666,0.000000
30,133,994,43666,229.659684
30,134,169,43666,20.559699
30,135,167,43666,24.947015
30,136,0,43666,0.000000
30,137,37,43666,6.955318
30,138,256,43666,31.316701
30,139,291,43666,85.151260
30,140,0,43666,0.000000
30,141,631,43666,98.590387
30,142,96,43666,15.853000
30,143,35,43666,5.836041
30,144,64,43666,10.296189
30,145,1054,43666,186.787454
30,146,838,43666,132.960663
30,147,31,43666,4.098074
30,148,104,43666,18.652723
30,149,3859,43666,758.265349
30,150,9,43666,1.006971
30,151,31,43666,4.323328
30,152,0,43666,0.000000
30,153,367,43666,73.350632
30,154,68,43666,11.638548
30,155,2,43666,0.218493
30,156,394,43666,54.154832
30,157,41,43666,5.854625
30,158,0,43666,0.000000
30,159,23,43666,3.699369
30,160,150,43666,40.196076
30,161,1481,43666,340.542274
30,162,129,43666,15.075233
30,163,379,43666,58.191034
30,164,102,43666,31.539510
30,165,390,43666,65.744240
30,166,99,43666,19.108604
30,167,155,43666,27.027052
30,168,206,43666,52.138527
30,169,13,43666,2.355416
30,170,1568,43666,241.627637
30,171,652,43666,98.771120
30,172,1207,43666,338.657228
30,173,221,43666,77.441941
30,174,0,43666,0.000000
30,175,0,43666,0.000000
30,176,125,43666,19.883761
30,177,695,43666,122.359300
30,178,55,43666,4.816772
30,179,221,43666,51.782928
30,180,0,43666,0.000000
30,181,124,43666,13.613888
30,182,102,43666,13.520738
30,183,35,43666,6.308344
30,184,183,43666,31.218611
30,185,130,43666,33.769250
30,186,0,43666,0.000000
30,187,0,43666,0.000000
30,188,688,43666,153.487168
30,189,743,43666,173.225645
30,190,548,43666,183.396899
30,191,45,43666,4.702127
30,192,323,43666,35.125014
30,193,935,43666,226.326689
30,194,204,43666,16.625308
30,195,17,43666,3.129889
30,196,37,43666,5.642181
30,197,536,43666,94.383069
30,198,72,43666,5.842574
30,199,85,43666,15.233047
30,200,0,43666,0.000000
30,201,0,43666,0.000000
30,202,116,43666,28.067209
30,203,198,43666,41.106006
30,204,0,43666,0.000000
30,205,11195,43666,2195.376214
30,206,76,43666,17.193116
30,207,4806,43666,1068.514083
30,208,51,43666,5.846499
30,209,4422,43666,812.213932
30,210,5176,43666,985.978890
30,211,443,43666,94.908156
30,212,136,43666,21.794349
30,213,9963,43666,3018.232799
30,214,0,43666,0.000000
30,215,229,43666,34.695948
30,216,1171,43666,330.610056
30,217,7,43666,1.853291
30,218,23,43666,2.853639
30,219,24,43666,2.855772
30,220,4572,43666,1116.280537
30,221,3154,43666,609.282226
30,222,116,43666,30.505007
30,223,0,43666,0.000000
30,224,30,43666,6.148182
30,225,133,43666,23.374743
30,226,1079,43666,138.557487
30,227,72,43666,9.433700
30,228,2,43666,0.179574
30,229,183,43666,30.934130
30,230,5,43666,0.478240
30,231,358,43666,83.502555
30,232,26,43666,3.899652
30,233,1614,43666,440.951381
30,234,300,43666,55.151151
30,235,179,43666,31.583546
30,236,2086,43666,317.039683
30,237,15,43666,1.474487
30,238,81,43666,6.889467
30,239,0,43666,0.000000
30,240,305,43666,56.080140
30,241,967,43666,138.290545
30,242,33,43666,8.111301
30,243,849,43666,115.444345
30,244,36,43666,2.962518
30,245,1061,43666,155.579816
30,246,48,43666,8.337966
30,247,8,43666,0.548329
30,248,192,43666,50.885102
30,249,2,43666,0.240858
30,250,516,43666,85.435708
30,251,17,43666,3.245615
30,252,1398,43666,308.236398
30,253,83,43666,7.836982
30,254,5,43666,0.721407
30,255,319,43666,111.586158
30,256,284,43666,51.580250
30,257,146,43666,15.782372
30,258,213,43666,32.499266
30,259,464,43666,131.615111
30,260,16,43666,2.323460
30,261,67,43666,8.972604
30,262,456,43666,104.858105
30,263,1271,43666,133.974894
30,264,2192,43666,540.507550
30,265,2272,43666,567.474081
30,266,1,43666,0.026329
30,267,172,43666,25.894225
30,268,81,43666,34.874037
30,269,284,43666,33.300992
30,270,579,43666,110.738007
30,271,1,43666,0.047057
30,272,209,43666,74.412654
30,273,13,43666,2.700898
30,274,182,43666,9.613721
30,275,83,43666,6.086877
30,276,0,43666,0.000000
30,277,260,43666,17.335390
30,278,228,43666,39.561973
30,279,16,43666,4.048081
30,280,8,43666,1.106244
30,281,2513,43666,454.384695
30,282,0,43666,0.000000
30,283,2,43666,0.281343
30,284,6,43666,0.570034
30,285,158,43666,21.416939
30,286,498,43666,73.507807
30,287,126,43666,20.586294
30,288,147,43666,18.389014
30,289,0,43666,0.000000
30,290,3,43666,0.499056
30,291,127,43666,24.644492
30,292,299,43666,64.146279
30,293,488,43666,80.597317
30,294,262,43666,65.064093
30,295,450,43666,85.983226
30,296,428,43666,79.371121
30,297,0,43666,0.000000
30,298,632,43666,142.600961
30,299,1508,43666,277.627670
30,300,525,43666,67.661053
30,301,1049,43666,232.400296
30,302,530,43666,115.335270
30,303,105,43666,15.100721
30,304,223,43666,33.935571
30,305,403,43666,76.095392
30,306,309,43666,67.753469
30,307,36,43666,8.838780
30,308,81,43666,10.400354
30,309,9,43666,1.541580
30,310,90,43666,18.334925
30,311,0,43666,0.000000
30,312,292,43666,64.835693
30,313,213,43666,27.494453
30,314,161,43666,36.298531
30,315,0,43666,0.000000
30,316,165,43666,17.106431
30,317,152,43666,23.405641
30,318,340,43666,73.290418
30,319,18,43666,2.094193
30,320,1242,43666,302.914202
30,321,1273,43666,235.469280
30,322,457,43666,107.953654
30,323,68,43666,7.176542
30,324,27,43666,4.075059
30,325,4,43666,1.067122
30,326,1314,43666,206.545809
30,327,5424,43666,1452.399017
30,328,21,43666,3.982227
30,329,1219,43666,188.953823
30,330,72,43666,7.913971
30,331,141,43666,29.058472
30,332,204,43666,69.382442
30,333,0,43666,0.000000
30,334,3,43666,0.646107
30,335,7,43666,1.572342
30,336,35,43666,5.460186
30,337,6,43666,0.928331
30,338,51,43666,9.461868
30,339,44,43666,3.906591
30,340,33,43666,5.509620
30,341,10,43666,1.668243
30,342,350,43666,77.553041
30,343,0,43666,0.000000
30,344,124,43666,18.084156
30,345,0,43666,0.000000
30,346,443,43666,114.403619
30,347,4813,43666,962.040330
30,348,187,43666,12.464264
30,349,782,43666,151.708325
30,350,5,43666,0.531254
30,351,25,43666,1.625597
30,352,17009,43666,6621.328431
30,353,43,43666,8.462604
30,354,22,43666,5.224815
30,355,372,43666,68.016650
30,356,2975,43666,705.291006
30,357,0,43666,0.000000
30,358,351,43666,51.110484
30,359,48,43666,8.324285
30,360,165,43666,33.759480
30,361,232,43666,26.833925
30,362,46,43666,7.523642
30,363,10,43666,2.007915
30,364,44,43666,3.791952
30,365,4133,43666,1547.132889
30,366,821,43666,105.418353
30,367,161,43666,27.974457
30,368,6,43666,1.604029
30,369,43,43666,6.982589
30,370,17,43666,3.055138
30,371,1287,43666,300.756841
30,372,0,43666,0.000000
30,373,0,43666,0.000000
30,374,270,43666,72.511165
30,375,171,43666,37.188091
30,376,707,43666,96.298642
30,377,49,43666,8.474413
30,378,162,43666,35.609700
30,379,36268,43666,14949.844673
30,380,1981,43666,423.297751
30,381,0,43666,0.000000
30,382,17,43666,1.641928
30,383,33,43666,7.311967
31,0,1,43666,0.151939
31,1,3,43666,0.478067
31,2,243,43666,44.174982
31,3,37,43666,7.099689
31,4,417,43666,126.719902
31,5,5479,43666,1576.956787
31,6,264,43666,49.968289
31,7,71,43666,10.901917
31,8,342,43666,30.002153
31,9,80,43666,15.600332
31,10,1204,43666,231.079323
31,11,609,43666,109.064167
31,12,100,43666,16.988399
31,13,94,43666,16.410816
31,14,377,43666,69.797710
31,15,196,43666,47.301166
31,16,31,43666,5.082595
31,17,4419,43666,952.559860
31,18,31,43666,6.257033
31,19,1612,43666,406.850040
31,20,1,43666,0.151108
31,21,0,43666,0.000000
31,22,439,43666,144.881929
31,23,0,43666,0.000000
31,24,2382,43666,493.448982
31,25,1015,43666,200.788341
31,26,136,43666,42.500335
31,27,1,43666,0.150844
31,28,5137,43666,1330.197757
31,29,547,43666,151.542086
31,30,2,43666,0.144402
31,31,589,43666,114.811088
31,32,95,43666,15.397358
31,33,124,43666,35.307055
31,34,10,43666,1.985209
31,35,8,43666,1.772392
31,36,4079,43666,1130.939671
31,37,106,43666,36.742946
31,38,423,43666,71.833211
31,39,300,43666,49.727851
31,40,1288,43666,311.311057
31,41,515,43666,70.627442
31,42,69,43666,6.419330
31,43,101,43666,20.359856
31,44,0,43666,0.000000
31,45,773,43666,137.662775
31,46,492,43666,90.280003
31,47,5,43666,0.785301
31,48,2355,43666,597.833003
31,49,0,43666,0.000000
31,50,825,43666,233.831972
31,51,17,43666,4.330201
31,52,1912,43666,503.234726
31,53,55,43666,6.425772
31,54,0,43666,0.000000
31,55,76,43666,9.763433
31,56,66,43666,9.912313
31,57,195,43666,60.951013
31,58,78,43666,10.003665
31,59,249,43666,44.709961
31,60,32,43666,4.558188
31,61,184,43666,42.407213
31,62,101,43666,12.752748
31,63,21,43666,3.159616
31,64,91,43666,18.492881
31,65,3,43666,0.282037
31,66,1282,43666,333.106086
31,67,15,43666,3.117993
31,68,3024,43666,752.639955
31,69,178,43666,18.210769
31,70,4,43666,0.583950
31,71,465,43666,115.468895
31,72,16,43666,2.662144
31,73,0,43666,0.000000
31,74,7,43666,1.719117
31,75,272,43666,21.981053
31,76,105,43666,14.877053
31,77,1224,43666,330.350905
31,78,0,43666,0.000000
31,79,9,43666,1.627840
31,80,32,43666,5.195616
31,81,118,43666,19.702458
31,82,347,43666,51.136971
31,83,23,43666,3.180209
31,84,60,43666,13.606919
31,85,42,43666,6.805857
31,86,48,43666,5.598997
31,87,4464,43666,1171.950625
31,88,3328,43666,843.888507
31,89,1,43666,0.080283
31,90,13,43666,4.173378
31,91,277,43666,38.892574
31,92,18,43666,1.995021
31,93,0,43666,0.000000
31,94,5128,43666,1259.429829
31,95,127,43666,12.640958
31,96,845,43666,174.284795
31,97,44,43666,7.488087
31,98,70,43666,23.664102
31,99,1289,43666,426.607345
31,100,25,43666,5.519294
31,101,2707,43666,557.990893
31,102,0,43666,0.000000
31,103,500,43666,90.632115
31,104,3,43666,0.520487
31,105,1136,43666,238.590935
31,106,2,43666,0.180650
31,107,0,43666,0.000000
31,108,441,43666,135.872124
31,109,668,43666,129.070491
31,110,108,43666,15.122661
31,111,178,43666,4.197381
31,112,3,43666,0.632579
31,113,30,43666,4.969760
31,114,38,43666,8.566453
31,115,647,43666,133.348762
31,116,6,43666,1.138009
31,117,786,43666,183.636428
31,118,761,43666,145.728413
31,119,0,43666,0.000000
31,120,291,43666,67.488144
31,121,98,43666,20.169673
31,122,12,43666,1.924764
31,123,159,43666,31.207595
31,124,132,43666,19.340150
31,125,32,43666,4.229687
31,126,0,43666,0.000000
31,127,70,43666,32.189786
31,128,702,43666,127.319956
31,129,12,43666,2.237991
31,130,541,43666,103.465316
31,131,78,43666,20.532328
31,132,79,43666,11.846875
31,133,552,43666,99.170252
31,134,38,43666,5.604453
31,135,290,43666,54.537104
31,136,64,43666,10.002432
31,137,2088,43666,554.425642
31,138,13033,43666,3040.858219
31,139,153,43666,36.790826
31,140,3427,43666,645.823281
31,141,13345,43666,4378.483767
31,142,843,43666,179.780397
31,143,646,43666,116.382048
31,144,29,43666,3.989976
31,145,56,43666,8.369739
31,146,31,43666,5.385197
31,147,243,43666,72.466970
31,148,13,43666,3.236998
31,149,246,43666,38.352141
31,150,1,43666,0.087146
31,151,79,43666,16.587141
31,152,357,43666,55.029113
31,153,18,43666,3.307805
31,154,1385,43666,319.230880
31,155,3283,43666,647.748191
31,156,5149,43666,1354.756747
31,157,2815,43666,872.858044
31,158,310,43666,71.900372
31,159,0,43666,0.000000
31,160,403,43666,114.947856
31,161,315,43666,41.492720
31,162,50,43666,1.464368
31,163,83,43666,15.700446
31,164,2589,43666,506.643658
31,165,201,43666,38.276128
31,166,1,43666,0.130968
31,167,1463,43666,419.094605
31,168,88,43666,15.369759
31,169,2,43666,0.388149
31,170,249,43666,65.592881
31,171,2164,43666,509.687797
31,172,0,43666,0.000000
31,173,613,43666,69.124561
31,174,721,43666,181.361021
31,175,12,43666,4.437786
31,176,52,43666,3.003407
31,177,311,43666,64.710998
31,178,172,43666,27.627012
31,179,0,43666,0.000000
31,180,1,43666,0.101692
31,181,109,43666,23.326348
31,182,239,43666,46.701706
31,183,45,43666,9.970054
31,184,1416,43666,292.381076
31,185,808,43666,163.590477
31,186,6754,43666,2385.432476
31,187,29,43666,4.076303
31,188,625,43666,116.543377
31,189,366,43666,48.971861
31,190,867,43666,175.403152
31,191,5843,43666,1479.807315
31,192,26,43666,5.374144
31,193,32,43666,4.058854
31,194,0,43666,0.000000
31,195,227,43666,43.106158
31,196,32,43666,7.565141
31,197,370,43666,67.551777
31,198,15,43666,5.126225
31,199,203,43666,52.768894
31,200,0,43666,0.000000
31,201,11,43666,1.278346
31,202,45,43666,13.210850
31,203,457,43666,93.429686
31,204,56,43666,9.784732
31,205,8,43666,1.271922
31,206,1278,43666,361.431297
31,207,181,43666,30.655608
31,208,2917,43666,848.599126
31,209,145,43666,15.630338
31,210,6129,43666,2031.677609
31,211,1980,43666,508.857378
31,212,301,43666,70.340277
31,213,1433,43666,290.033391
31,214,4,43666,0.496933
31,215,60,43666,11.078117
31,216,23,43666,3.557977
31,217,1870,43666,428.009938
31,218,65,43666,16.778240
31,219,222,43666,16.951704
31,220,1,43666,0.082531
31,221,259,43666,69.795628
31,222,762,43666,102.299064
31,223,15,43666,2.563951
31,224,46,43666,5.967266
31,225,248,43666,71.078853
31,226,78,43666,11.248868
31,227,182,43666,40.424696
31,228,46,43666,12.764112
31,229,3618,43666,815.394646
31,230,742,43666,205.370820
31,231,14,43666,2.184333
31,232,165,43666,29.396229
31,233,162,43666,39.391873
31,234,0,43666,0.000000
31,235,2,43666,0.458222
31,236,211,43666,106.312901
31,237,771,43666,191.146637
31,238,64,43666,11.269783
31,239,46,43666,6.837894
31,240,51,43666,9.842572
31,241,1,43666,0.082017
31,242,0,43666,0.000000
31,243,993,43666,175.173619
31,244,422,43666,88.062001
31,245,2830,43666,549.746788
31,246,143,43666,22.402177
31,247,79,43666,9.781176
31,248,0,43666,0.000000
31,249,1391,43666,240.346523
31,250,74,43666,14.556423
31,251,204,43666,37.969027
31,252,223,43666,77.010690
31,253,654,43666,158.385126
31,254,32,43666,3.924433
31,255,2663,43666,537.037679
31,256,0,43666,0.000000
31,257,281,43666,63.203775
31,258,12,43666,1.506360
31,259,53,43666,10.524592
31,260,8,43666,1.871952
31,261,105,43666,18.007166
31,262,208,43666,30.767876
31,263,125,43666,25.079016
31,264,893,43666,228.016448
31,265,37,43666,5.845331
31,266,229,43666,55.660179
31,267,54,43666,7.558156
31,268,87,43666,22.282124
31,269,1240,43666,273.556387
31,270,233,43666,34.102147
31,271,250,43666,47.722413
31,272,1466,43666,409.420540
31,273,3,43666,0.205751
31,274,711,43666,142.059428
31,275,152,43666,35.164791
31,276,6850,43666,1174.450597
31,277,8,43666,0.993375
31,278,50,43666,15.753096
31,279,47,43666,7.746415
31,280,441,43666,91.019137
31,281,494,43666,141.801380
31,282,0,43666,0.000000
31,283,18,43666,2.246547
31,284,11,43666,1.192189
31,285,1768,43666,424.354091
31,286,68,43666,10.327818
31,287,2329,43666,546.205857
31,288,45,43666,5.459222
31,289,6212,43666,1853.361716
31,290,37,43666,4.438934
31,291,225,43666,38.414944
31,292,0,43666,0.000000
31,293,48,43666,6.770923
31,294,579,43666,109.271160
31,295,446,43666,92.537747
31,296,229,43666,43.454865
31,297,257,43666,62.504639
31,298,61,43666,11.652473
31,299,452,43666,143.745883
31,300,400,43666,79.799357
31,301,83,43666,13.630900
31,302,38,43666,7.036342
31,303,8538,43666,2485.921674
31,304,115,43666,15.166989
31,305,921,43666,177.463800
31,306,370,43666,106.922774
31,307,162,43666,21.330325
31,308,214,43666,31.789170
31,309,0,43666,0.000000
31,310,607,43666,186.833463
31,311,518,43666,106.867565
31,312,689,43666,131.444621
31,313,72,43666,12.548169
31,314,249,43666,41.768631
31,315,0,43666,0.000000
31,316,551,43666,83.792433
31,317,307,43666,69.951516
31,318,817,43666,158.760235
31,319,130,43666,14.316023
31,320,135,43666,20.152297
31,321,123,43666,19.010272
31,322,69,43666,12.130939
31,323,347,43666,70.919085
31,324,72,43666,13.786730
31,325,220,43666,42.236986
31,326,5201,43666,1990.432418
31,327,1717,43666,364.555333
31,328,5,43666,0.537940
31,329,45,43666,6.910609
31,330,481,43666,129.904124
31,331,4,43666,0.716449
31,332,2955,43666,730.241340
31,333,56,43666,3.946543
31,334,243,43666,41.939808
31,335,279,43666,46.225504
31,336,6,43666,0.912656
31,337,95,43666,17.195865
31,338,204,43666,19.420852
31,339,1,43666,0.081215
31,340,536,43666,87.004552
31,341,141,43666,12.802046
31,342,494,43666,95.501616
31,343,271,43666,68.331368
31,344,139,43666,22.998867
31,345,44,43666,4.535236
31,346,112,43666,14.514268
31,347,498,43666,174.452740
31,348,832,43666,165.279717
31,349,296,43666,85.508506
31,350,691,43666,197.323022
31,351,941,43666,346.212838
31,352,8,43666,2.743900
31,353,35,43666,3.796275
31,354,437,43666,97.441910
31,355,1,43666,0.349993
31,356,371,43666,75.630179
31,357,6237,43666,1840.337728
31,358,757,43666,136.118355
31,359,245,43666,76.342258
31,360,19,43666,3.574388
31,361,311,43666,73.028739
31,362,2784,43666,774.233562
31,363,90,43666,13.773163
31,364,177,43666,30.826285
31,365,68,43666,12.581528
31,366,1,43666,0.179141
31,367,0,43666,0.000000
31,368,315,43666,96.598359
31,369,327,43666,84.382000
31,370,250,43666,303.374974
31,371,1,43666,0.112173
31,372,3183,43666,818.055004
31,373,0,43666,0.000000
31,374,72,43666,12.930287
31,375,814,43666,249.003555
31,376,63,43666,11.874987
31,377,493,43666,110.544516
31,378,1138,43666,214.887670
31,379,3,43666,0.892968
31,380,79,43666,7.991032
31,381,4,43666,0.436347
31,382,19,43666,4.219432
31,383,844,43666,173.758089
32,0,5340,43666,1533.445382
32,1,55,43666,7.478662
32,2,109,43666,21.499236
32,3,99,43666,19.523801
32,4,308,43666,78.357960
32,5,1480,43666,447.167823
32,6,4,43666,0.797398
32,7,160,43666,44.035119
32,8,186,43666,28.555430
32,9,119,43666,18.728929
32,10,1568,43666,296.335158
32,11,1,43666,0.217460
32,12,37,43666,6.463897
32,13,778,43666,167.821801
32,14,10,43666,3.350954
32,15,785,43666,155.397978
32,16,0,43666,0.000000
32,17,0,43666,0.000000
32,18,176,43666,33.169309
32,19,89,43666,14.586398
32,20,296,43666,45.964253
32,21,6839,43666,1913.947772
32,22,1,43666,0.156247
32,23,81,43666,17.652137
32,24,115,43666,24.398832
32,25,154,43666,24.985026
32,26,0,43666,0.000000
32,27,11,43666,2.160917
32,28,98,43666,15.436291
32,29,3960,43666,739.571131
32,30,4,43666,0.495971
32,31,484,43666,86.903626
32,32,297,43666,50.059128
32,33,1253,43666,282.278674
32,34,825,43666,190.028603
32,35,6814,43666,1414.601511
32,36,43,43666,11.160218
32,37,1724,43666,306.343295
32,38,36,43666,9.728619
32,39,97,43666,20.207881
32,40,120,43666,17.378278
32,41,17104,43666,4918.833744
32,42,56,43666,9.028290
32,43,13,43666,5.968068
32,44,2,43666,0.270000
32,45,239,43666,68.685123
32,46,388,43666,71.111985
32,47,254,43666,52.804011
32,48,31,43666,8.737868
32,49,43,43666,8.331392
32,50,2,43666,0.405831
32,51,7,43666,1.721302
32,52,298,43666,60.740741
32,53,1533,43666,434.332456
32,54,3380,43666,1210.962217
32,55,61,43666,11.942853
32,56,80,43666,12.226421
32,57,11,43666,1.556798
32,58,288,43666,60.341474
32,59,383,43666,84.487476
32,60,437,43666,84.757715
32,61,12,43666,2.375294
32,62,339,43666,68.539004
32,63,54,43666,7.820203
32,64,216,43666,33.241057
32,65,3417,43666,750.101046
32,66,603,43666,138.837270
32,67,604,43666,157.104605
32,68,286,43666,53.178860
32,69,210,43666,58.285777
32,70,569,43666,108.632056
32,71,5,43666,0.910584
32,72,69,43666,10.887163
32,73,1,43666,0.138266
32,74,844,43666,176.192160
32,75,85,43666,30.812018
32,76,0,43666,0.000000
32,77,301,43666,58.802586
32,78,643,43666,128.248871
32,79,83,43666,16.967030
32,80,2,43666,0.383610
32,81,487,43666,87.763259
32,82,298,43666,42.957532
32,83,126,43666,30.754179
32,84,0,43666,0.000000
32,85,22,43666,4.901392
32,86,459,43666,107.388375
32,87,48,43666,8.429464
32,88,725,43666,114.616734
32,89,886,43666,216.314522
32,90,5267,43666,1828.911571
32,91,256,43666,52.438227
32,92,372,43666,92.707479
32,93,2300,43666,579.229553
32,94,233,43666,42.521496
32,95,39,43666,5.048382
32,96,0,43666,0.000000
32,97,148,43666,27.600662
32,98,375,43666,69.458969
32,99,702,43666,200.947756
32,100,1333,43666,267.216471
32,101,8646,43666,2798.315825
32,102,190,43666,40.657407
32,103,83,43666,17.346563
32,104,0,43666,0.000000
32,105,1051,43666,298.355485
32,106,16,43666,3.515285
32,107,541,43666,88.167228
32,108,18,43666,3.534903
32,109,84,43666,18.669798
32,110,636,43666,105.529365
32,111,3,43666,0.626761
32,112,1152,43666,357.117149
32,113,331,43666,82.722078
32,114,89,43666,21.549157
32,115,7766,43666,2202.067386
32,116,5,43666,0.692789
32,117,180,43666,29.598323
32,118,6,43666,1.072188
32,119,47,43666,7.777748
32,120,10,43666,1.548677
32,121,344,43666,61.917878
32,122,5660,43666,1576.830946
32,123,282,43666,51.091845
32,124,1537,43666,306.631997
32,125,88,43666,17.138251
32,126,94,43666,16.035975
32,127,704,43666,161.494706
32,128,623,43666,133.643124
32,129,47,43666,7.451085
32,130,238,43666,46.373243
32,131,0,43666,0.000000
32,132,1066,43666,225.267536
32,133,986,43666,186.841358
32,134,9,43666,1.750541
32,135,72,43666,19.414545
32,136,408,43666,75.291425
32,137,195,43666,37.650350
32,138,0,43666,0.000000
32,139,154,43666,26.783272
32,140,65,43666,26.281560
32,141,961,43666,181.447088
32,142,145,43666,19.939713
32,143,76,43666,17.856927
32,144,269,43666,58.710122
32,145,244,43666,42.101530
32,146,44,43666,9.569795
32,147,329,43666,149.746746
32,148,2,43666,0.369615
32,149,1747,43666,362.237730
32,150,50,43666,9.177777
32,151,0,43666,0.000000
32,152,304,43666,104.562337
32,153,97,43666,16.562136
32,154,8,43666,0.921077
32,155,8743,43666,2379.705666
32,156,905,43666,178.765200
32,157,269,43666,67.665316
32,158,0,43666,0.000000
32,159,23,43666,5.428327
32,160,348,43666,57.178227
32,161,165,43666,36.305617
32,162,17,43666,2.290531
32,163,12,43666,2.214464
32,164,0,43666,0.000000
32,165,45,43666,6.243558
32,166,79,43666,12.741681
32,167,671,43666,142.123250
32,168,3,43666,0.533523
32,169,8,43666,1.287661
32,170,92,43666,10.866644
32,171,34,43666,4.860296
32,172,13,43666,2.282732
32,173,110,43666,13.553229
32,174,185,43666,33.036303
32,175,207,43666,38.243905
32,176,1,43666,0.131823
32,177,54,43666,10.385586
32,178,25,43666,3.642067
32,179,71,43666,10.940501
32,180,8,43666,1.635183
32,181,5708,43666,1490.730008
32,182,198,43666,54.161554
32,183,1502,43666,430.143087
32,184,4967,43666,1164.430474
32,185,155,43666,27.325861
32,186,694,43666,113.527800
32,187,191,43666,54.846620
32,188,163,43666,26.979086
32,189,677,43666,200.915881
32,190,48,43666,5.410558
32,191,304,43666,45.727401
32,192,78,43666,24.650901
32,193,266,43666,75.333913
32,194,1,43666,0.141256
32,195,24,43666,6.501548
32,196,660,43666,165.300805
32,197,66,43666,21.052765
32,198,0,43666,0.000000
32,199,2,43666,0.412730
32,200,459,43666,106.877366
32,201,2749,43666,763.565643
32,202,10,43666,2.239417
32,203,52,43666,11.635354
32,204,271,43666,87.592448
32,205,1685,43666,577.113888
32,206,67,43666,14.330547
32,207,387,43666,80.207936
32,208,51,43666,8.649785
32,209,1143,43666,255.383310
32,210,1041,43666,212.361325
32,211,1108,43666,189.718275
32,212,1,43666,0.259577
32,213,6,43666,1.029749
32,214,0,43666,0.000000
32,215,15,43666,2.480309
32,216,45,43666,9.569828
32,217,2656,43666,591.977260
32,218,3442,43666,818.718547
32,219,6,43666,0.871767
32,220,542,43666,132.385205
32,221,5283,43666,1144.872293
32,222,64,43666,15.740283
32,223,34,43666,5.733744
32,224,7,43666,1.050312
32,225,0,43666,0.000000
32,226,9330,43666,2400.886556
32,227,1,43666,0.187919
32,228,197,43666,42.934746
32,229,7,43666,2.481689
32,230,0,43666,0.000000
32,231,85,43666,15.904382
32,232,458,43666,90.834451
32,233,31,43666,7.758080
32,234,1301,43666,329.794701
32,235,603,43666,111.545725
32,236,47,43666,7.348002
32,237,40,43666,9.847333
32,238,196,43666,44.253136
32,239,545,43666,84.611119
32,240,397,43666,93.491975
32,241,689,43666,120.014697
32,242,535,43666,145.113019
32,243,3,43666,0.618064
32,244,75,43666,13.801872
32,245,3,43666,0.781222
32,246,263,43666,48.634995
32,247,104,43666,8.230200
32,248,1837,43666,426.259553
32,249,100,43666,31.287635
32,250,415,43666,63.904073
32,251,756,43666,205.707573
32,252,1079,43666,345.923454
32,253,131,43666,26.499615
32,254,739,43666,137.296160
32,255,16,43666,2.765615
32,256,233,43666,55.724388
32,257,41,43666,4.916234
32,258,231,43666,38.430711
32,259,0,43666,0.000000
32,260,99,43666,23.839203
32,261,1014,43666,290.823112
32,262,435,43666,121.713128
32,263,335,43666,69.104013
32,264,55,43666,20.065785
32,265,129,43666,19.800591
32,266,12,43666,1.871527
32,267,2339,43666,569.170483
32,268,0,43666,0.000000
32,269,450,43666,68.861858
32,270,1224,43666,300.374645
32,271,51,43666,11.295296
32,272,1,43666,0.122561
32,273,320,43666,75.941056
32,274,103,43666,27.081090
32,275,120,43666,22.391024
32,276,44,43666,9.475990
32,277,5920,43666,1178.297754
32,278,3,43666,0.446126
32,279,2358,43666,710.036562
32,280,41,43666,6.829845
32,281,1611,43666,380.139231
32,282,361,43666,77.637925
32,283,64,43666,9.541141
32,284,174,43666,40.393934
32,285,51,43666,13.394338
32,286,0,43666,0.000000
32,287,392,43666,72.848206
32,288,442,43666,70.323355
32,289,346,43666,63.066734
32,290,450,43666,130.154505
32,291,0,43666,0.000000
32,292,319,43666,60.204706
32,293,6,43666,0.881948
32,294,454,43666,128.074697
32,295,185,43666,52.336265
32,296,1165,43666,206.705761
32,297,258,43666,53.867342
32,298,1,43666,0.177198
32,299,23,43666,5.822500
32,300,329,43666,58.066561
32,301,335,43666,96.758252
32,302,345,43666,97.220599
32,303,521,43666,99.551311
32,304,4,43666,1.036562
32,305,362,43666,71.119970
32,306,10,43666,3.228411
32,307,97,43666,17.816683
32,308,43,43666,8.183993
32,309,479,43666,131.047063
32,310,86,43666,14.314081
32,311,138,43666,23.650410
32,312,1072,43666,233.978626
32,313,36,43666,6.188595
32,314,4664,43666,1003.153773
32,315,26,43666,10.603840
32,316,309,43666,51.540768
32,317,6,43666,1.047518
32,318,475,43666,152.515161
32,319,48,43666,8.459863
32,320,0,43666,0.000000
32,321,41,43666,5.647298
32,322,448,43666,84.143007
32,323,6014,43666,2115.898596
32,324,47,43666,8.012501
32,325,157,43666,34.673702
32,326,86,43666,16.912099
32,327,0,43666,0.000000
32,328,610,43666,165.922966
32,329,806,43666,206.899605
32,330,11,43666,1.704578
32,331,1616,43666,481.148739
32,332,3427,43666,1012.633065
32,333,299,43666,62.786837
32,334,45,43666,7.277416
32,335,1231,43666,234.124738
32,336,2,43666,0.420907
32,337,228,43666,41.451491
32,338,4,43666,0.757115
32,339,9136,43666,1796.824006
32,340,750,43666,205.618445
32,341,280,43666,48.053132
32,342,16,43666,3.471967
32,343,40,43666,7.411075
32,344,2688,43666,603.306672
32,345,0,43666,0.000000
32,346,724,43666,141.693292
32,347,446,43666,80.743554
32,348,127,43666,20.218260
32,349,154,43666,21.492060
32,350,117,43666,22.065126
32,351,51,43666,9.434478
32,352,434,43666,145.234739
32,353,418,43666,92.885901
32,354,43,43666,6.415276
32,355,432,43666,131.277533
32,356,156,43666,23.809377
32,357,167,43666,37.363221
32,358,0,43666,0.000000
32,359,136,43666,25.611051
32,360,71,43666,11.614178
32,361,499,43666,89.033635
32,362,235,43666,56.334838
32,363,548,43666,192.114558
32,364,69,43666,10.424122
32,365,1021,43666,184.078024
32,366,486,43666,154.684383
32,367,1636,43666,298.441292
32,368,181,43666,31.153692
32,369,0,43666,0.000000
32,370,5,43666,0.681520
32,371,0,43666,0.000000
32,372,138,43666,34.767103
32,373,558,43666,108.808777
32,374,127,43666,24.071952
32,375,100,43666,52.155036
32,376,139,43666,27.334954
32,377,299,43666,72.147509
32,378,17,43666,3.068480
32,379,1683,43666,757.229427
32,380,31,43666,4.261817
32,381,102,43666,14.085441
32,382,3110,43666,810.048980
32,383,123,43666,26.459739
33,0,105,43666,13.511642
33,1,433,43666,78.187723
33,2,1906,43666,620.821191
33,3,436,43666,56.622813
33,4,141,43666,26.053597
33,5,587,43666,102.196326
33,6,0,43666,0.000000
33,7,733,43666,131.665899
33,8,265,43666,33.903734
33,9,448,43666,105.389447
33,10,5475,43666,1134.436488
33,11,1299,43666,233.863704
33,12,117,43666,15.828200
33,13,8,43666,0.635103
33,14,51,43666,13.556942
33,15,278,43666,48.144607
33,16,5641,43666,1367.389839
33,17,1037,43666,203.186734
33,18,67,43666,24.475123
33,19,1033,43666,151.598228
33,20,7,43666,0.993145
33,21,538,43666,104.656168
33,22,3059,43666,578.936351
33,23,883,43666,136.108233
33,24,28,43666,4.282885
33,25,73,43666,13.306361
33,26,5,43666,1.025369
33,27,1134,43666,241.129689
33,28,3601,43666,674.270851
33,29,19,43666,3.065018
33,30,3721,43666,1085.811182
33,31,35,43666,4.624330
33,32,86,43666,18.387212
33,33,239,43666,32.866145
33,34,220,43666,61.780170
33,35,528,43666,95.992728
33,36,1199,43666,263.837894
33,37,92,43666,10.847150
33,38,766,43666,119.816234
33,39,63,43666,20.022550
33,40,96,43666,15.541518
33,41,168,43666,80.480853
33,42,78,43666,11.888055
33,43,53,43666,6.964978
33,44,257,43666,33.927317
33,45,60,43666,7.558025
33,46,144,43666,24.367300
33,47,0,43666,0.000000
33,48,230,43666,37.195596
33,49,93,43666,12.817536
33,50,2404,43666,519.442995
33,51,146,43666,45.392122
33,52,0,43666,0.000000
33,53,1845,43666,615.967214
33,54,401,43666,87.673624
33,55,492,43666,78.053740
33,56,319,43666,83.773383
33,57,31,43666,5.040069
33,58,0,43666,0.000000
33,59,1492,43666,275.449838
33,60,1236,43666,293.601065
33,61,111,43666,20.733446
33,62,51,43666,10.825012
33,63,0,43666,0.000000
33,64,279,43666,42.131539
33,65,1,43666,0.168260
33,66,2262,43666,627.528006
33,67,2173,43666,415.788232
33,68,96,43666,15.358898
33,69,355,43666,84.017019
33,70,322,43666,55.881949
33,71,148,43666,19.990076
33,72,493,43666,118.504613
33,73,5,43666,0.740676
33,74,29,43666,2.293683
33,75,226,43666,48.853935
33,76,1439,43666,435.899078
33,77,2791,43666,1005.738514
33,78,9,43666,1.163654
33,79,426,43666,61.536903
33,80,210,43666,36.549549
33,81,1483,43666,215.866006
33,82,76,43666,14.673621
33,83,247,43666,39.321171
33,84,46,43666,9.922836
33,85,131,43666,35.392266
33,86,170,43666,16.927519
33,87,1665,43666,294.398243
33,88,341,43666,64.600851
33,89,24,43666,2.474244
33,90,9,43666,1.426681
33,91,139,43666,40.404470
33,92,193,43666,21.581065
33,93,548,43666,94.959753
33,94,1,43666,0.194716
33,95,240,43666,68.518109
33,96,2584,43666,593.998783
33,97,250,43666,48.224087
33,98,132,43666,37.189454
33,99,567,43666,94.691874
33,100,57,43666,6.942226
33,101,371,43666,74.884627
33,102,196,43666,28.890059
33,103,14,43666,2.794119
33,104,215,43666,38.653031
33,105,407,43666,64.221720
33,106,260,43666,34.865014
33,107,422,43666,81.341824
33,108,181,43666,22.827125
33,109,0,43666,0.000000
33,110,131,43666,22.827163
33,111,54,43666,11.649893
33,112,0,43666,0.000000
33,113,2838,43666,579.380829
33,114,0,43666,0.000000
33,115,114,43666,23.619510
33,116,319,43666,60.740519
33,117,55,43666,8.155336
33,118,1316,43666,185.424865
33,119,1127,43666,164.845641
33,120,1264,43666,329.627248
33,121,0,43666,0.000000
33,122,2800,43666,477.062305
33,123,61,43666,12.019008
33,124,1,43666,0.170130
33,125,216,43666,21.996598
33,126,270,43666,59.816821
33,127,342,43666,79.161361
33,128,7,43666,0.867471
33,129,1,43666,0.194590
33,130,387,43666,73.857712
33,131,77,43666,13.526799
33,132,0,43666,0.000000
33,133,155,43666,41.833211
33,134,5552,43666,1698.480901
33,135,281,43666,47.450990
33,136,156,43666,12.292581
33,137,234,43666,31.947617
33,138,399,43666,79.397702
33,139,24,43666,5.484459
33,140,356,43666,145.997579
33,141,51,43666,6.587667
33,142,46,43666,9.585198
33,143,29202,43666,12388.074139
33,144,102,43666,20.788706
33,145,3197,43666,700.087660
33,146,320,43666,37.189982
33,147,908,43666,193.577392
33,148,535,43666,103.029455
33,149,1234,43666,299.359093
33,150,103,43666,14.140115
33,151,162,43666,24.815149
33,152,61,43666,9.790236
33,153,4185,43666,957.443874
33,154,187,43666,32.918415
33,155,27,43666,4.056567
33,156,0,43666,0.000000
33,157,3540,43666,658.610223
33,158,9,43666,2.271120
33,159,153,43666,35.658926
33,160,2,43666,0.285066
33,161,1927,43666,495.123725
33,162,8,43666,1.320329
33,163,108,43666,23.846533
33,164,240,43666,55.060848
33,165,58,43666,7.883251
33,166,161,43666,33.080346
33,167,57,43666,5.080289
33,168,324,43666,74.531237
33,169,1064,43666,279.696958
33,170,482,43666,65.001327
33,171,633,43666,104.657366
33,172,18,43666,3.153075
33,173,411,43666,64.870589
33,174,244,43666,34.466962
33,175,216,43666,30.715952
33,176,432,43666,98.384054
33,177,56,43666,7.485146
33,178,614,43666,97.875614
33,179,263,43666,38.074129
33,180,240,43666,36.357321
33,181,6,43666,1.417703
33,182,660,43666,238.525754
33,183,44,43666,10.855597
33,184,1,43666,0.126559
33,185,183,43666,32.547880
33,186,297,43666,49.151199
33,187,521,43666,70.017578
33,188,166,43666,21.930292
33,189,61,43666,8.179209
33,190,892,43666,152.467007
33,191,239,43666,34.002348
33,192,1004,43666,208.828783
33,193,9403,43666,3516.166225
33,194,420,43666,89.851792
33,195,0,43666,0.000000
33,196,3538,43666,1524.548231
33,197,0,43666,0.000000
33,198,11,43666,1.638320
33,199,167,43666,26.608189
33,200,391,43666,55.992711
33,201,551,43666,82.186782
33,202,123,43666,24.573791
33,203,1038,43666,227.448948
33,204,124,43666,32.461428
33,205,174,43666,34.809155
33,206,164,43666,27.615477
33,207,405,43666,88.788306
33,208,950,43666,177.138661
33,209,12,43666,3.149106
33,210,308,43666,47.317301
33,211,175,43666,26.262854
33,212,152,43666,27.791425
33,213,20,43666,4.164427
33,214,632,43666,106.715613
33,215,122,43666,29.631907
33,216,3660,43666,1081.941350
33,217,21,43666,4.265895
33,218,1154,43666,230.636420
33,219,55,43666,6.157582
33,220,363,43666,73.907274
33,221,326,43666,57.751219
33,222,59,43666,8.681013
33,223,1874,43666,328.629520
33,224,47,43666,0.444523
33,225,439,43666,87.373059
33,226,2,43666,0.320451
33,227,221,43666,31.555440
33,228,3383,43666,847.972954
33,229,239,43666,60.447024
33,230,2,43666,0.292829
33,231,0,43666,0.000000
33,232,849,43666,125.254662
33,233,249,43666,43.960338
33,234,484,43666,107.965969
33,235,81,43666,11.508650
33,236,258,43666,37.566991
33,237,8,43666,0.683815
33,238,8,43666,1.127136
33,239,118,43666,36.169959
33,240,363,43666,66.484956
33,241,30,43666,5.035170
33,242,281,43666,49.808193
33,243,56,43666,7.724549
33,244,741,43666,103.676279
33,245,295,43666,68.080221
33,246,195,43666,43.694554
33,247,278,43666,47.715810
33,248,264,43666,56.634005
33,249,37,43666,3.878681
33,250,13,43666,1.199549
33,251,187,43666,29.809230
33,252,209,43666,84.961434
33,253,457,43666,73.414624
33,254,70,43666,9.390851
33,255,4,43666,2.207141
33,256,279,43666,60.517826
33,257,361,43666,64.011103
33,258,67,43666,6.938117
33,259,18,43666,1.596108
33,260,185,43666,29.461609
33,261,7618,43666,2798.651422
33,262,3,43666,0.624150
33,263,381,43666,100.681900
33,264,698,43666,130.710232
33,265,0,43666,0.000000
33,266,50,43666,8.648957
33,267,13,43666,1.409649
33,268,1085,43666,205.970969
33,269,207,43666,16.016671
33,270,104,43666,30.038426
33,271,283,43666,43.524729
33,272,0,43666,0.000000
33,273,1,43666,0.142892
33,274,2041,43666,278.236519
33,275,411,43666,69.725141
33,276,397,43666,62.675716
33,277,167,43666,33.072082
33,278,234,43666,28.899898
33,279,1,43666,0.142830
33,280,65,43666,10.241585
33,281,332,43666,76.447885
33,282,3603,43666,626.707765
33,283,2759,43666,589.235484
33,284,345,43666,39.546518
33,285,22,43666,4.143556
33,286,947,43666,184.902642
33,287,86,43666,17.849810
33,288,92,43666,25.201731
33,289,101,43666,14.317043
33,290,888,43666,111.388422
33,291,912,43666,171.904100
33,292,84,43666,13.122222
33,293,92,43666,26.014972
33,294,535,43666,129.099941
33,295,85,43666,16.192311
33,296,0,43666,0.000000
33,297,79,43666,16.205670
33,298,471,43666,111.574135
33,299,1060,43666,256.050199
33,300,178,43666,27.514486
33,301,103,43666,27.366290
33,302,2,43666,0.318731
33,303,59,43666,6.819323
33,304,115,43666,23.967206
33,305,722,43666,107.479943
33,306,596,43666,123.264829
33,307,908,43666,160.435490
33,308,11,43666,1.466405
33,309,1,43666,0.294858
33,310,1188,43666,191.748163
33,311,25,43666,3.573390
33,312,196,43666,22.805887
33,313,509,43666,159.761051
33,314,47,43666,11.956277
33,315,373,43666,84.366503
33,316,2058,43666,388.833876
33,317,1510,43666,225.851532
33,318,710,43666,132.646732
33,319,399,43666,79.712615
33,320,84,43666,11.299717
33,321,0,43666,0.000000
33,322,593,43666,157.971475
33,323,193,43666,24.954610
33,324,935,43666,191.167947
33,325,341,43666,79.399090
33,326,1,43666,0.429516
33,327,2226,43666,417.109012
33,328,2438,43666,543.492319
33,329,123,43666,19.729936
33,330,140,43666,17.256034
33,331,102,43666,11.824188
33,332,295,43666,122.553975
33,333,355,43666,51.537165
33,334,19,43666,4.163925
33,335,42,43666,14.916656
33,336,0,43666,0.000000
33,337,600,43666,88.286147
33,338,266,43666,45.279034
33,339,3428,43666,850.716537
33,340,4798,43666,1670.606330
33,341,0,43666,0.000000
33,342,69,43666,9.920423
33,343,3916,43666,839.116392
33,344,9,43666,2.007339
33,345,162,43666,40.578024
33,346,204,43666,32.875032
33,347,440,43666,70.161215
33,348,57,43666,12.428138
33,349,37,43666,6.899422
33,350,21,43666,4.746066
33,351,377,43666,53.940775
33,352,0,43666,0.000000
33,353,1,43666,0.147514
33,354,149,43666,19.937010
33,355,298,43666,41.936858
33,356,265,43666,30.990343
33,357,6,43666,1.313925
33,358,61,43666,14.537830
33,359,1519,43666,326.479628
33,360,1046,43666,158.458790
33,361,0,43666,0.000000
33,362,5339,43666,914.112719
33,363,7,43666,0.971395
33,364,2999,43666,485.893914
33,365,120,43666,19.813339
33,366,76,43666,17.730477
33,367,355,43666,75.008130
33,368,249,43666,49.148411
33,369,7634,43666,1746.873157
33,370,58,43666,9.726436
33,371,298,43666,70.841653
33,372,4,43666,0.675132
33,373,190,43666,43.554930
33,374,592,43666,104.287982
33,375,11,43666,1.268849
33,376,195,43666,37.707306
33,377,0,43666,0.000000
33,378,141,43666,34.786028
33,379,0,43666,0.000000
33,380,596,43666,91.777339
33,381,1897,43666,427.374709
33,382,0,43666,0.000000
33,383,0,43666,0.000000
34,0,376,43666,75.891146
34,1,252,43666,65.780633
34,2,1,43666,0.118511
34,3,1813,43666,422.008691
34,4,939,43666,185.730040
34,5,52,43666,13.296979
34,6,156,43666,35.404219
34,7,1172,43666,203.938116
34,8,1658,43666,359.690784
34,9,1022,43666,226.020064
34,10,2,43666,0.440650
34,11,273,43666,48.866063
34,12,143,43666,28.247298
34,13,21,43666,5.021689
34,14,86,43666,12.264818
34,15,126,43666,16.916206
34,16,69,43666,12.544910
34,17,68,43666,17.849737
34,18,186,43666,45.319484
34,19,78,43666,16.398012
34,20,2078,43666,388.980051
34,21,74,43666,19.941746
34,22,2062,43666,335.017054
34,23,1,43666,0.103975
34,24,9683,43666,2909.189844
34,25,241,43666,41.066852
34,26,53,43666,10.182380
34,27,185,43666,40.762814
34,28,10,43666,1.513402
34,29,90,43666,12.053737
34,30,0,43666,0.000000
34,31,328,43666,57.534969
34,32,780,43666,204.866437
34,33,54,43666,10.177154
34,34,173,43666,21.239928
34,35,29,43666,5.245658
34,36,36,43666,5.068551
34,37,1,43666,0.224600
34,38,343,43666,61.038364
34,39,33,43666,5.683576
34,40,0,43666,0.000000
34,41,12,43666,1.250167
34,42,35,43666,6.610701
34,43,317,43666,50.926200
34,44,4529,43666,717.245100
34,45,366,43666,55.471484
34,46,424,43666,101.886281
34,47,155,43666,22.202719
34,48,2757,43666,705.682812
34,49,786,43666,224.509682
34,50,367,43666,137.022946
34,51,2,43666,0.242177
34,52,186,43666,42.145102
34,53,12,43666,1.561043
34,54,17919,43666,5578.579680
34,55,9,43666,2.526900
34,56,144,43666,23.952837
34,57,72,43666,14.949047
34,58,164,43666,24.946392
34,59,1,43666,0.188466
34,60,170,43666,18.961066
34,61,583,43666,98.563326
34,62,96,43666,24.773756
34,63,31,43666,3.574101
34,64,6,43666,0.921545
34,65,6389,43666,1504.846109
34,66,365,43666,62.850034
34,67,165,43666,52.930880
34,68,2835,43666,601.438979
34,69,2276,43666,578.120549
34,70,621,43666,104.380741
34,71,45,43666,9.470284
34,72,55,43666,11.289013
34,73,2875,43666,725.156440
34,74,1229,43666,221.784359
34,75,260,43666,33.904936
34,76,109,43666,13.182834
34,77,3,43666,0.332738
34,78,840,43666,157.590971
34,79,400,43666,71.581126
34,80,187,43666,53.024426
34,81,1131,43666,394.359365
34,82,2536,43666,684.637754
34,83,5,43666,1.343091
34,84,407,43666,74.561768
34,85,121,43666,16.055079
34,86,3,43666,1.242094
34,87,121,43666,14.249723
34,88,12,43666,2.525702
34,89,92,43666,20.638900
34,90,538,43666,284.968518
34,91,96,43666,27.199238
34,92,117,43666,19.619314
34,93,0,43666,0.000000
34,94,153,43666,26.536196
34,95,180,43666,37.594588
34,96,55,43666,9.252077
34,97,296,43666,51.519170
34,98,20,43666,2.677821
34,99,65,43666,19.337282
34,100,546,43666,159.695130
34,101,2222,43666,407.846433
34,102,7,43666,0.910019
34,103,3338,43666,1146.162383
34,104,46,43666,4.562845
34,105,653,43666,137.125331
34,106,419,43666,63.598593
34,107,291,43666,52.505447
34,108,198,43666,49.891407
34,109,64,43666,11.905567
34,110,150,43666,40.732423
34,111,285,43666,74.808265
34,112,5521,43666,1197.320858
34,113,0,43666,0.000000
34,114,0,43666,0.000000
34,115,1596,43666,294.137541
34,116,70,43666,14.963725
34,117,101,43666,28.771396
34,118,2,43666,0.196675
34,119,518,43666,160.067527
34,120,86,43666,18.623253
34,121,0,43666,0.000000
34,122,878,43666,153.861874
34,123,88,43666,25.861187
34,124,83,43666,13.198389
34,125,51,43666,9.009001
34,126,151,43666,44.413042
34,127,55,43666,13.506277
34,128,94,43666,18.465999
34,129,252,43666,51.334958
34,130,2,43666,0.267977
34,131,160,43666,21.357963
34,132,744,43666,122.455143
34,133,5,43666,0.675015
34,134,1106,43666,210.826605
34,135,8,43666,0.900334
34,136,39,43666,9.475100
34,137,345,43666,46.549856
34,138,2251,43666,581.003893
34,139,0,43666,0.000000
34,140,41,43666,6.881149
34,141,1766,43666,329.198286
34,142,70,43666,10.377134
34,143,8,43666,1.576267
34,144,361,43666,64.245987
34,145,0,43666,0.000000
34,146,136,43666,43.191149
34,147,63,43666,20.820717
34,148,9304,43666,2789.916393
34,149,452,43666,118.677838
34,150,17,43666,3.012134
34,151,6,43666,0.604665
34,152,194,43666,37.329010
34,153,3,43666,0.447519
34,154,184,43666,70.829870
34,155,970,43666,210.759329
34,156,11,43666,1.582053
34,157,43,43666,8.525683
34,158,184,43666,49.440280
34,159,538,43666,102.681373
34,160,426,43666,86.356099
34,161,110,43666,19.537578
34,162,3066,43666,751.447542
34,163,66,43666,12.143186
34,164,1113,43666,215.562293
34,165,37,43666,13.789764
34,166,438,43666,50.865505
34,167,2165,43666,507.491098
34,168,697,43666,146.596615
34,169,340,43666,55.443453
34,170,2013,43666,385.612421
34,171,516,43666,91.916717
34,172,15,43666,2.925305
34,173,116,43666,19.509480
34,174,288,43666,71.327950
34,175,70,43666,9.846792
34,176,1,43666,0.181242
34,177,695,43666,157.986272
34,178,156,43666,24.637753
34,179,1491,43666,428.812256
34,180,180,43666,18.059352
34,181,2648,43666,513.028076
34,182,85,43666,15.738749
34,183,1049,43666,215.915498
34,184,190,43666,28.541898
34,185,476,43666,90.401815
34,186,128,43666,28.072947
34,187,237,43666,37.763861
34,188,330,43666,63.458241
34,189,0,43666,0.000000
34,190,99,43666,17.752075
34,191,0,43666,0.000000
34,192,600,43666,108.769711
34,193,300,43666,75.141724
34,194,14,43666,2.190912
34,195,17,43666,2.314974
34,196,667,43666,128.804957
34,197,0,43666,0.000000
34,198,193,43666,47.467612
34,199,92,43666,13.163232
34,200,388,43666,75.697480
34,201,349,43666,109.353501
34,202,0,43666,0.000000
34,203,308,43666,42.757887
34,204,49,43666,8.334195
34,205,139,43666,18.418429
34,206,79,43666,14.731602
34,207,431,43666,66.905931
34,208,148,43666,26.069176
34,209,1614,43666,348.593458
34,210,239,43666,76.227709
34,211,4,43666,0.737331
34,212,3,43666,0.482573
34,213,981,43666,153.817139
34,214,268,43666,38.874561
34,215,250,43666,43.177278
34,216,116,43666,37.054684
34,217,169,43666,24.015852
34,218,9,43666,1.944655
34,219,9236,43666,2843.363591
34,220,122,43666,23.312008
34,221,128,43666,61.737109
34,222,40,43666,7.315582
34,223,621,43666,184.935837
34,224,504,43666,109.719131
34,225,229,43666,37.743597
34,226,50,43666,5.312388
34,227,106,43666,15.623959
34,228,71,43666,14.025504
34,229,60,43666,9.942341
34,230,0,43666,0.000000
34,231,63,43666,10.465485
34,232,2,43666,0.255982
34,233,70,43666,13.281155
34,234,333,43666,55.787110
34,235,4681,43666,1797.276893
34,236,834,43666,148.774598
34,237,54,43666,8.974089
34,238,0,43666,0.000000
34,239,289,43666,82.880003
34,240,83,43666,12.285249
34,241,261,43666,52.109855
34,242,121,43666,17.381273
34,243,810,43666,126.877853
34,244,0,43666,0.000000
34,245,2728,43666,617.712815
34,246,352,43666,74.086462
34,247,729,43666,136.036411
34,248,20,43666,8.900588
34,249,277,43666,51.088678
34,250,729,43666,122.928592
34,251,20,43666,2.583365
34,252,361,43666,58.716144
34,253,430,43666,111.504541
34,254,16,43666,2.935991
34,255,83,43666,15.238096
34,256,47,43666,7.903306
34,257,14,43666,2.661956
34,258,634,43666,139.946588
34,259,7403,43666,1646.222182
34,260,143,43666,21.290629
34,261,4848,43666,1343.891633
34,262,1995,43666,414.021414
34,263,68,43666,13.033950
34,264,624,43666,155.105890
34,265,1083,43666,328.074817
34,266,4,43666,0.655249
34,267,2,43666,0.300612
34,268,3573,43666,2732.798834
34,269,196,43666,43.775122
34,270,2,43666,0.274670
34,271,660,43666,97.344876
34,272,0,43666,0.000000
34,273,66,43666,10.951364
34,274,2718,43666,475.230323
34,275,9747,43666,2056.551900
34,276,4,43666,0.537783
34,277,1882,43666,516.540179
34,278,984,43666,207.970934
34,279,281,43666,86.764496
34,280,2267,43666,507.674339
34,281,241,43666,60.183204
34,282,84,43666,13.493302
34,283,51,43666,8.675527
34,284,201,43666,33.480760
34,285,1411,43666,312.153844
34,286,256,43666,39.127643
34,287,580,43666,100.278208
34,288,1345,43666,233.783257
34,289,11,43666,1.381615
34,290,403,43666,75.826724
34,291,832,43666,166.375182
34,292,0,43666,0.000000
34,293,3455,43666,869.591027
34,294,278,43666,112.869353
34,295,0,43666,0.000000
34,296,213,43666,38.462682
34,297,1865,43666,445.996125
34,298,120,43666,17.131502
34,299,137,43666,38.675381
34,300,11,43666,2.361359
34,301,77,43666,14.016610
34,302,1,43666,0.193628
34,303,0,43666,0.000000
34,304,117,43666,18.445677
34,305,4,43666,0.616048
34,306,6,43666,2.070424
34,307,6914,43666,1492.758510
34,308,3584,43666,1084.709991
34,309,73,43666,15.898250
34,310,12,43666,1.824728
34,311,127,43666,23.019821
34,312,278,43666,46.246423
34,313,41,43666,7.713706
34,314,0,43666,0.000000
34,315,6,43666,0.871366
34,316,943,43666,158.731322
34,317,287,43666,40.794141
34,318,1208,43666,277.567357
34,319,813,43666,147.277324
34,320,0,43666,0.000000
34,321,91,43666,18.513974
34,322,74,43666,11.164278
34,323,2393,43666,534.393277
34,324,186,43666,40.513716
34,325,528,43666,110.957337
34,326,18,43666,5.859504
34,327,181,43666,23.712340
34,328,44,43666,15.476902
34,329,586,43666,160.105792
34,330,41,43666,4.260101
34,331,30,43666,4.229227
34,332,382,43666,79.602002
34,333,517,43666,110.916083
34,334,12,43666,1.751794
34,335,208,43666,35.515106
34,336,1163,43666,209.081778
34,337,944,43666,185.397983
34,338,389,43666,64.950937
34,339,9,43666,2.017910
34,340,94,43666,9.822176
34,341,659,43666,110.937414
34,342,122,43666,27.928604
34,343,657,43666,107.887230
34,344,316,43666,251.015469
34,345,334,43666,61.508249
34,346,1587,43666,402.413258
34,347,2,43666,0.293625
34,348,657,43666,118.313987
34,349,96,43666,39.429971
34,350,629,43666,158.773003
34,351,219,43666,31.487862
34,352,579,43666,98.259347
34,353,41,43666,7.273876
34,354,92,43666,11.593765
34,355,153,43666,26.827351
34,356,206,43666,36.771599
34,357,127,43666,23.529053
34,358,989,43666,226.873009
34,359,18,43666,3.103871
34,360,226,43666,36.620654
34,361,47,43666,9.984039
34,362,14,43666,1.521664
34,363,3,43666,0.766015
34,364,13,43666,1.914221
34,365,332,43666,69.247955
34,366,276,43666,56.712232
34,367,9,43666,1.940146
34,368,26,43666,4.513046
34,369,4726,43666,1280.797771
34,370,109,43666,18.534533
34,371,111,43666,16.129642
34,372,186,43666,20.773902
34,373,1402,43666,264.088907
34,374,188,43666,44.039671
34,375,160,43666,21.931886
34,376,80,43666,15.967268
34,377,1049,43666,199.251972
34,378,13,43666,1.641494
34,379,802,43666,163.839737
34,380,580,43666,110.148029
34,381,524,43666,187.889868
34,382,3345,43666,1609.181683
34,383,723,43666,162.476323
35,0,17,43666,3.153342
35,1,266,43666,55.416793
35,2,166,43666,29.860294
35,3,226,43666,76.634956
35,4,291,43666,51.871814
35,5,313,43666,46.985630
35,6,570,43666,94.139611
35,7,0,43666,0.000000
35,8,15,43666,2.580636
35,9,293,43666,53.121653
35,10,0,43666,0.000000
35,11,1484,43666,278.363038
35,12,48,43666,11.089432
35,13,190,43666,35.921928
35,14,2,43666,0.396442
35,15,101,43666,16.616309
35,16,121,43666,19.771649
35,17,307,43666,39.055271
35,18,422,43666,74.103185
35,19,547,43666,168.316345
35,20,183,43666,47.252273
35,21,23,43666,3.789807
35,22,1,43666,0.182133
35,23,36,43666,7.475272
35,24,8426,43666,2736.633286
35,25,2637,43666,734.209473
35,26,13,43666,2.904924
35,27,56,43666,7.070689
35,28,63,43666,7.263436
35,29,3,43666,0.531364
35,30,233,43666,46.216936
35,31,10,43666,2.180489
35,32,0,43666,0.000000
35,33,264,43666,71.846705
35,34,1443,43666,304.360267
35,35,286,43666,97.412115
35,36,51,43666,13.113529
35,37,6,43666,1.258835
35,38,2333,43666,653.809707
35,39,402,43666,82.392736
35,40,406,43666,70.084571
35,41,7299,43666,1643.628779
35,42,328,43666,94.986645
35,43,2,43666,0.167450
35,44,137,43666,22.411757
35,45,0,43666,0.000000
35,46,58,43666,10.489806
35,47,91,43666,20.075316
35,48,1,43666,0.237494
35,49,379,43666,71.115026
35,50,77,43666,15.514000
35,51,1697,43666,354.306030
35,52,190,43666,46.041884
35,53,60,43666,7.060690
35,54,24,43666,3.556972
35,55,0,43666,0.000000
35,56,0,43666,0.000000
35,57,0,43666,0.000000
35,58,1096,43666,262.831220
35,59,224,43666,69.121096
35,60,60,43666,9.340442
35,61,5115,43666,1917.886891
35,62,43,43666,7.257634
35,63,180,43666,45.637746
35,64,105,43666,20.889277
35,65,0,43666,0.000000
35,66,198,43666,37.193774
35,67,38,43666,6.120463
35,68,66,43666,9.026081
35,69,4,43666,1.130540
35,70,2176,43666,443.125465
35,71,24,43666,6.245465
35,72,66,43666,11.655499
35,73,60,43666,8.563665
35,74,1,43666,0.097056
35,75,112,43666,29.058344
35,76,1200,43666,212.499467
35,77,298,43666,57.907440
35,78,153,43666,24.548973
35,79,638,43666,157.137883
35,80,309,43666,86.820304
35,81,2,43666,0.348823
35,82,29,43666,6.373493
35,83,7,43666,0.882187
35,84,6758,43666,1876.130273
35,85,188,43666,52.502433
35,86,140,43666,38.142857
35,87,322,43666,104.591610
35,88,1633,43666,515.959310
35,89,3066,43666,620.937914
35,90,7,43666,0.946258
35,91,46,43666,4.420333
35,92,115,43666,22.183924
35,93,253,43666,59.961921
35,94,223,43666,44.605515
35,95,42,43666,11.976489
35,96,3,43666,0.266800
35,97,1,43666,0.210796
35,98,620,43666,138.120131
35,99,16,43666,1.826239
35,100,4203,43666,1087.204417
35,101,89,43666,15.661135
35,102,142,43666,37.079206
35,103,2341,43666,513.584735
35,104,625,43666,157.825088
35,105,13,43666,3.477519
35,106,61,43666,14.836994
35,107,1448,43666,455.683928
35,108,218,43666,44.025782
35,109,4,43666,0.697090
35,110,569,43666,171.363770
35,111,89,43666,16.343765
35,112,83,43666,16.879520
35,113,611,43666,132.419112
35,114,236,43666,55.595479
35,115,206,43666,34.815776
35,116,277,43666,45.605412
35,117,630,43666,113.800273
35,118,10,43666,1.863144
35,119,75,43666,14.416217
35,120,65,43666,11.444931
35,121,1297,43666,255.872924
35,122,7317,43666,2368.721801
35,123,108,43666,16.294692
35,124,1594,43666,375.108492
35,125,211,43666,42.647504
35,126,33,43666,3.376441
35,127,723,43666,224.556462
35,128,0,43666,0.000000
35,129,65,43666,12.167530
35,130,1174,43666,218.919519
35,131,65,43666,10.785106
35,132,138,43666,25.206483
35,133,130,43666,23.011895
35,134,82,43666,13.963391
35,135,30,43666,5.687904
35,136,215,43666,36.519642
35,137,0,43666,0.000000
35,138,0,43666,0.000000
35,139,166,43666,27.831980
35,140,2557,43666,563.638510
35,141,1889,43666,487.631399
35,142,4,43666,0.369510
35,143,0,43666,0.000000
35,144,442,43666,84.764798
35,145,166,43666,33.032103
35,146,325,43666,52.867109
35,147,71,43666,12.294676
35,148,0,43666,0.000000
35,149,173,43666,36.109562
35,150,22,43666,3.979932
35,151,324,43666,58.117274
35,152,1453,43666,324.216669
35,153,5075,43666,1085.237268
35,154,12,43666,2.758142
35,155,48,43666,7.582092
35,156,0,43666,0.000000
35,157,829,43666,254.390584
35,158,108,43666,24.060028
35,159,223,43666,31.601280
35,160,529,43666,89.469000
35,161,214,43666,67.398263
35,162,172,43666,32.020753
35,163,157,43666,25.584747
35,164,470,43666,71.997710
35,165,90,43666,24.830892
35,166,474,43666,99.431253
35,167,77,43666,12.017775
35,168,22,43666,3.159359
35,169,220,43666,27.955816
35,170,180,43666,33.680234
35,171,8784,43666,2002.550548
35,172,70,43666,11.208903
35,173,122,43666,26.722106
35,174,4532,43666,1486.816207
35,175,2,43666,0.200358
35,176,752,43666,167.013377
35,177,64,43666,21.400651
35,178,72,43666,11.976128
35,179,123,43666,19.094474
35,180,767,43666,126.508721
35,181,0,43666,0.000000
35,182,1546,43666,430.297105
35,183,16,43666,2.406895
35,184,65,43666,10.561179
35,185,86,43666,11.449690
35,186,16,43666,2.792098
35,187,274,43666,54.331344
35,188,0,43666,0.000000
35,189,0,43666,0.000000
35,190,71,43666,9.360406
35,191,2672,43666,543.118482
35,192,1,43666,0.182025
35,193,116,43666,23.941546
35,194,1254,43666,240.958103
35,195,1040,43666,278.400072
35,196,35,43666,6.515237
35,197,1598,43666,368.140547
35,198,9,43666,2.422999
35,199,318,43666,71.578386
35,200,1084,43666,455.512470
35,201,98,43666,16.578010
35,202,0,43666,0.000000
35,203,521,43666,104.920907
35,204,254,43666,48.221155
35,205,565,43666,156.512654
35,206,1550,43666,318.971456
35,207,195,43666,39.767228
35,208,84,43666,9.238923
35,209,75,43666,13.938439
35,210,443,43666,65.000339
35,211,683,43666,129.479092
35,212,666,43666,166.795230
35,213,3322,43666,1120.843724
35,214,7,43666,1.546772
35,215,27956,43666,8521.260078
35,216,92,43666,19.943224
35,217,1850,43666,360.024625
35,218,180,43666,36.159329
35,219,47,43666,5.182533
35,220,7,43666,1.576892
35,221,4,43666,0.599460
35,222,0,43666,0.000000
35,223,166,43666,30.440432
35,224,201,43666,41.443561
35,225,93,43666,14.548050
35,226,46,43666,17.515334
35,227,3473,43666,564.509852
35,228,4,43666,0.659286
35,229,193,43666,29.889925
35,230,372,43666,67.197005
35,231,0,43666,0.000000
35,232,526,43666,132.432987
35,233,80,43666,19.031855
35,234,115,43666,23.346211
35,235,4416,43666,937.929232
35,236,296,43666,96.352602
35,237,5119,43666,1665.469572
35,238,389,43666,81.687040
35,239,400,43666,81.104958
35,240,133,43666,33.435205
35,241,0,43666,0.000000
35,242,564,43666,113.488586
35,243,1296,43666,434.155930
35,244,74,43666,23.894123
35,245,9,43666,1.529640
35,246,1306,43666,296.171135
35,247,300,43666,54.690297
35,248,526,43666,122.625011
35,249,7,43666,1.178606
35,250,375,43666,98.482359
35,251,64,43666,13.418317
35,252,3810,43666,850.199085
35,253,74,43666,10.923166
35,254,262,43666,59.652851
35,255,544,43666,108.950698
35,256,11,43666,1.428421
35,257,0,43666,0.000000
35,258,248,43666,48.322700
35,259,6690,43666,1611.598907
35,260,152,43666,27.035399
35,261,107,43666,16.329895
35,262,118,43666,21.103375
35,263,101,43666,20.489169
35,264,24,43666,3.774455
35,265,30,43666,8.030884
35,266,1177,43666,289.389524
35,267,14,43666,2.506297
35,268,149,43666,22.994229
35,269,3,43666,0.337866
35,270,154,43666,25.591304
35,271,458,43666,124.671019
35,272,11,43666,0.769328
35,273,1808,43666,419.050705
35,274,257,43666,37.802481
35,275,1055,43666,226.116365
35,276,22,43666,3.547584
35,277,228,43666,35.818980
35,278,83,43666,14.236071
35,279,536,43666,94.228540
35,280,47,43666,8.798783
35,281,716,43666,187.300862
35,282,173,43666,38.356793
35,283,0,43666,0.000000
35,284,135,43666,24.685556
35,285,205,43666,33.932081
35,286,2781,43666,649.420757
35,287,372,43666,72.902929
35,288,2,43666,0.225406
35,289,131,43666,44.751580
35,290,6,43666,0.704767
35,291,0,43666,0.000000
35,292,174,43666,38.258450
35,293,956,43666,323.243373
35,294,120,43666,19.956516
35,295,597,43666,119.605686
35,296,4680,43666,1367.141245
35,297,0,43666,0.000000
35,298,596,43666,137.930644
35,299,249,43666,51.747990
35,300,2,43666,0.699841
35,301,0,43666,0.000000
35,302,33,43666,3.922130
35,303,807,43666,244.387484
35,304,741,43666,185.556781
35,305,14,43666,1.520900
35,306,1317,43666,247.509517
35,307,443,43666,83.372638
35,308,5,43666,0.651661
35,309,92,43666,16.579558
35,310,1141,43666,191.201911
35,311,3176,43666,603.566634
35,312,60,43666,15.519992
35,313,726,43666,156.889094
35,314,44,43666,9.103523
35,315,862,43666,168.470015
35,316,677,43666,255.029254
35,317,5929,43666,1255.790979
35,318,11,43666,1.271610
35,319,34,43666,9.386271
35,320,146,43666,41.652226
35,321,62,43666,8.578559
35,322,121,43666,23.020899
35,323,0,43666,0.000000
35,324,1997,43666,460.105849
35,325,97,43666,10.997763
35,326,2197,43666,432.329866
35,327,27,43666,6.244926
35,328,68,43666,14.972496
35,329,82,43666,14.238482
35,330,295,43666,68.757167
35,331,58,43666,10.924754
35,332,835,43666,192.543831
35,333,853,43666,128.173900
35,334,126,43666,21.081117
35,335,255,43666,42.623322
35,336,1752,43666,592.633932
35,337,129,43666,23.588085
35,338,209,43666,47.148198
35,339,523,43666,104.462629
35,340,137,43666,40.930854
35,341,123,43666,29.022126
35,342,0,43666,0.000000
35,343,23,43666,3.177873
35,344,253,43666,53.946322
35,345,678,43666,149.727816
35,346,3223,43666,932.258467
35,347,4,43666,0.640055
35,348,205,43666,25.684463
35,349,28,43666,5.269472
35,350,54,43666,14.795604
35,351,238,43666,41.487803
35,352,1494,43666,355.495914
35,353,454,43666,124.448446
35,354,349,43666,123.631334
35,355,725,43666,132.107078
35,356,765,43666,130.660861
35,357,389,43666,68.696790
35,358,3,43666,0.647005
35,359,188,43666,43.189308
35,360,29,43666,6.049678
35,361,21,43666,3.137917
35,362,426,43666,83.641604
35,363,131,43666,30.022885
35,364,232,43666,44.121075
35,365,3645,43666,799.993710
35,366,2,43666,0.778670
35,367,336,43666,59.130028
35,368,153,43666,47.038849
35,369,175,43666,31.480776
35,370,95,43666,18.814845
35,371,179,43666,37.514118
35,372,74,43666,20.473698
35,373,123,43666,26.985943
35,374,3,43666,0.634449
35,375,0,43666,0.000000
35,376,321,43666,67.322777
35,377,1176,43666,194.296080
35,378,791,43666,153.227123
35,379,118,43666,20.276327
35,380,58,43666,9.234640
35,381,24,43666,4.020290
35,382,393,43666,75.297427
35,383,3612,43666,755.719365
36,0,212,43666,35.138434
36,1,524,43666,113.518366
36,2,4,43666,0.626707
36,3,606,43666,124.573199
36,4,2,43666,0.606732
36,5,0,43666,0.000000
36,6,20,43666,8.833923
36,7,622,43666,256.000316
36,8,72,43666,18.552082
36,9,1205,43666,266.641724
36,10,3,43666,0.453402
36,11,3,43666,0.471421
36,12,625,43666,185.047083
36,13,577,43666,126.772503
36,14,422,43666,76.194570
36,15,106,43666,24.550840
36,16,393,43666,75.742966
36,17,276,43666,81.063640
36,18,90,43666,13.342110
36,19,12,43666,2.566739
36,20,0,43666,0.000000
36,21,727,43666,176.811337
36,22,1036,43666,196.978433
36,23,0,43666,0.000000
36,24,5,43666,1.024948
36,25,70,43666,21.401726
36,26,885,43666,212.803268
36,27,33,43666,6.949100
36,28,754,43666,161.998955
36,29,16,43666,2.662101
36,30,112,43666,23.990394
36,31,73,43666,13.363285
36,32,115,43666,27.703093
36,33,14,43666,2.305282
36,34,186,43666,30.899503
36,35,36,43666,5.516409
36,36,618,43666,187.337199
36,37,97,43666,17.637066
36,38,21,43666,3.347141
36,39,0,43666,0.000000
36,40,13,43666,1.706183
36,41,2689,43666,553.610937
36,42,223,43666,36.868093
36,43,512,43666,153.669705
36,44,1,43666,0.125573
36,45,545,43666,207.363983
36,46,128,43666,22.142689
36,47,733,43666,217.731953
36,48,12,43666,2.086634
36,49,0,43666,0.000000
36,50,374,43666,115.348631
36,51,578,43666,131.707291
36,52,265,43666,94.142145
36,53,1,43666,0.178923
36,54,0,43666,0.000000
36,55,385,43666,129.637838
36,56,132,43666,17.370287
36,57,295,43666,101.078379
36,58,220,43666,43.444108
36,59,4,43666,0.872180
36,60,120,43666,43.182385
36,61,482,43666,96.698845
36,62,209,43666,39.132868
36,63,314,43666,99.492459
36,64,174,43666,27.909271
36,65,679,43666,185.754126
36,66,0,43666,0.000000
36,67,58,43666,16.210743
36,68,0,43666,0.000000
36,69,2089,43666,414.809001
36,70,1,43666,0.382066
36,71,202,43666,43.449717
36,72,31,43666,7.753029
36,73,502,43666,162.326854
36,74,56,43666,17.913872
36,75,0,43666,0.000000
36,76,1120,43666,225.337711
36,77,1573,43666,360.798084
36,78,18,43666,2.442339
36,79,144,43666,33.040208
36,80,871,43666,171.005875
36,81,0,43666,0.000000
36,82,10584,43666,2714.840551
36,83,446,43666,76.005613
36,84,629,43666,118.095185
36,85,528,43666,213.829930
36,86,0,43666,0.000000
36,87,856,43666,125.617033
36,88,0,43666,0.000000
36,89,29,43666,2.677082
36,90,34,43666,6.704752
36,91,323,43666,57.539179
36,92,0,43666,0.000000
36,93,2715,43666,511.386874
36,94,167,43666,21.332663
36,95,741,43666,181.452261
36,96,107,43666,15.921018
36,97,3,43666,0.426842
36,98,1300,43666,332.807050
36,99,490,43666,137.911539
36,100,598,43666,227.186308
36,101,133,43666,22.200530
36,102,2536,43666,512.773798
36,103,598,43666,117.345356
36,104,24,43666,3.801661
36,105,37,43666,5.134057
36,106,80,43666,22.121044
36,107,182,43666,48.985998
36,108,1050,43666,205.439315
36,109,19,43666,2.065964
36,110,5,43666,0.531288
36,111,901,43666,125.098962
36,112,15,43666,1.887927
36,113,675,43666,185.211825
36,114,1418,43666,254.833724
36,115,0,43666,0.000000
36,116,25,43666,3.735467
36,117,20,43666,3.292356
36,118,168,43666,30.870159
36,119,62,43666,14.545843
36,120,50,43666,8.959927
36,121,405,43666,82.571012
36,122,29,43666,3.419855
36,123,768,43666,145.019959
36,124,48,43666,6.768961
36,125,51,43666,8.744844
36,126,215,43666,27.389656
36,127,44,43666,16.744640
36,128,88,43666,9.082281
36,129,60,43666,11.564118
36,130,140,43666,53.782684
36,131,0,43666,0.000000
36,132,57,43666,9.131915
36,133,10319,43666,2552.222028
36,134,1597,43666,344.173057
36,135,1673,43666,322.089676
36,136,150,43666,23.950206
36,137,28,43666,4.976572
36,138,187,43666,34.455146
36,139,30,43666,3.078279
36,140,3425,43666,909.918001
36,141,50,43666,23.594214
36,142,266,43666,50.685528
36,143,47,43666,7.044406
36,144,103,43666,14.518654
36,145,2,43666,0.122830
36,146,11245,43666,3562.221829
36,147,222,43666,64.778833
36,148,8,43666,1.213048
36,149,1009,43666,236.698336
36,150,942,43666,188.077941
36,151,10,43666,1.692900
36,152,108,43666,27.910634
36,153,3,43666,0.484398
36,154,18,43666,2.827704
36,155,0,43666,0.000000
36,156,39,43666,3.757387
36,157,853,43666,140.642354
36,158,6787,43666,2110.851636
36,159,74,43666,21.182048
36,160,256,43666,55.609986
36,161,125,43666,23.836882
36,162,259,43666,44.206193
36,163,2053,43666,638.735399
36,164,112,43666,26.865048
36,165,2989,43666,817.250638
36,166,255,43666,76.604641
36,167,2958,43666,551.950168
36,168,31,43666,5.800813
36,169,281,43666,76.121871
36,170,4818,43666,1536.060399
36,171,3357,43666,735.882174
36,172,62,43666,13.835529
36,173,1865,43666,317.221971
36,174,506,43666,99.447562
36,175,58,43666,9.869638
36,176,68,43666,15.306028
36,177,226,43666,56.912522
36,178,117,43666,20.756964
36,179,131,43666,42.409030
36,180,196,43666,50.011552
36,181,6,43666,1.005866
36,182,166,43666,36.485353
36,183,561,43666,92.015920
36,184,667,43666,132.139532
36,185,160,43666,33.447187
36,186,219,43666,0.581210
36,187,14,43666,5.632024
36,188,20,43666,4.214940
36,189,4,43666,0.545504
36,190,1276,43666,255.162967
36,191,155,43666,33.226545
36,192,1144,43666,200.554660
36,193,0,43666,0.000000
36,194,142,43666,36.832300
36,195,302,43666,84.957381
36,196,755,43666,215.077016
36,197,1157,43666,212.692759
36,198,0,43666,0.000000
36,199,10,43666,2.173879
36,200,161,43666,25.547090
36,201,9329,43666,2335.927740
36,202,806,43666,307.962721
36,203,53,43666,8.843544
36,204,4720,43666,969.599030
36,205,45,43666,7.866986
36,206,0,43666,0.000000
36,207,131,43666,21.447450
36,208,54,43666,7.032455
36,209,33,43666,6.395645
36,210,485,43666,141.819021
36,211,52,43666,10.377652
36,212,551,43666,201.404859
36,213,70,43666,19.590006
36,214,7012,43666,1270.346595
36,215,188,43666,0.942826
36,216,61,43666,10.341755
36,217,168,43666,26.728586
36,218,10,43666,1.545502
36,219,204,43666,44.933244
36,220,4324,43666,1472.576651
36,221,4609,43666,1174.351593
36,222,38,43666,6.587148
36,223,97,43666,27.537272
36,224,75,43666,13.484703
36,225,2,43666,0.486225
36,226,566,43666,107.267408
36,227,155,43666,40.828509
36,228,182,43666,23.639012
36,229,302,43666,68.082069
36,230,826,43666,151.166172
36,231,5323,43666,1027.330111
36,232,3252,43666,882.024010
36,233,345,43666,84.633408
36,234,390,43666,108.933502
36,235,47,43666,9.883332
36,236,129,43666,19.815359
36,237,0,43666,0.000000
36,238,583,43666,146.165641
36,239,16,43666,2.829328
36,240,107,43666,16.616792
36,241,0,43666,0.000000
36,242,282,43666,68.863039
36,243,0,43666,0.000000
36,244,367,43666,143.810976
36,245,17,43666,2.435542
36,246,920,43666,171.936232
36,247,239,43666,44.745190
36,248,872,43666,267.263104
36,249,3,43666,0.710566
36,250,2,43666,0.450183
36,251,3,43666,0.241815
36,252,426,43666,90.043493
36,253,1248,43666,198.906331
36,254,2,43666,0.279191
36,255,414,43666,134.741289
36,256,0,43666,0.000000
36,257,106,43666,51.875203
36,258,129,43666,23.983512
36,259,8,43666,2.290817
36,260,3,43666,0.381232
36,261,0,43666,0.000000
36,262,319,43666,109.957389
36,263,1,43666,0.091208
36,264,71,43666,14.252206
36,265,10448,43666,4671.112972
36,266,16,43666,3.263077
36,267,5,43666,0.514666
36,268,274,43666,65.727850
36,269,65,43666,9.504695
36,270,134,43666,16.165732
36,271,193,43666,52.901460
36,272,40,43666,11.675873
36,273,282,43666,45.526603
36,274,30,43666,3.481979
36,275,10,43666,1.483054
36,276,66,43666,10.196142
36,277,384,43666,94.348554
36,278,0,43666,0.000000
36,279,368,43666,85.326068
36,280,156,43666,27.722453
36,281,682,43666,169.317986
36,282,126,43666,23.755271
36,283,93,43666,16.100736
36,284,762,43666,139.411499
36,285,41,43666,4.544779
36,286,21,43666,2.375337
36,287,15,43666,5.663999
36,288,646,43666,106.497678
36,289,688,43666,153.670658
36,290,47,43666,15.466908
36,291,1974,43666,425.049854
36,292,641,43666,121.110626
36,293,211,43666,41.634963
36,294,148,43666,62.622508
36,295,0,43666,0.000000
36,296,236,43666,33.447999
36,297,0,43666,0.000000
36,298,65,43666,10.839115
36,299,32,43666,6.301989
36,300,42,43666,10.090391
36,301,1603,43666,371.940321
36,302,339,43666,46.147327
36,303,146,43666,22.934736
36,304,1367,43666,265.101819
36,305,4419,43666,977.080744
36,306,123,43666,24.168471
36,307,4,43666,0.789218
36,308,131,43666,35.526903
36,309,38,43666,4.598453
36,310,173,43666,33.747592
36,311,1247,43666,249.352929
36,312,2,43666,0.340313
36,313,8044,43666,2140.273171
36,314,1,43666,0.155258
36,315,689,43666,165.879463
36,316,295,43666,51.494949
36,317,217,43666,46.104996
36,318,580,43666,106.027913
36,319,127,43666,19.091812
36,320,45,43666,6.909039
36,321,0,43666,0.000000
36,322,1845,43666,350.651829
36,323,551,43666,89.018139
36,324,917,43666,297.710094
36,325,207,43666,53.955375
36,326,2397,43666,586.201409
36,327,4302,43666,1084.928682
36,328,512,43666,97.186104
36,329,47,43666,7.221835
36,330,136,43666,27.719771
36,331,1,43666,0.015984
36,332,105,43666,18.282297
36,333,90,43666,23.708940
36,334,84,43666,14.879581
36,335,0,43666,0.000000
36,336,736,43666,128.160484
36,337,3685,43666,1383.583699
36,338,0,43666,0.000000
36,339,95,43666,18.253799
36,340,272,43666,56.139256
36,341,0,43666,0.000000
36,342,89,43666,14.198278
36,343,524,43666,111.089038
36,344,18,43666,3.309793
36,345,4,43666,0.959357
36,346,322,43666,133.634892
36,347,0,43666,0.000000
36,348,129,43666,22.295332
36,349,479,43666,105.786861
36,350,5539,43666,1064.058939
36,351,1175,43666,339.112279
36,352,0,43666,0.000000
36,353,2921,43666,617.232506
36,354,500,43666,104.531128
36,355,207,43666,54.567352
36,356,45,43666,7.455348
36,357,79,43666,18.116732
36,358,0,43666,0.000000
36,359,4311,43666,876.083103
36,360,0,43666,0.000000
36,361,424,43666,77.312981
36,362,145,43666,30.481123
36,363,2967,43666,624.774706
36,364,22,43666,3.453799
36,365,4,43666,0.672944
36,366,196,43666,30.341811
36,367,3137,43666,696.805344
36,368,42,43666,7.231350
36,369,105,43666,30.291421
36,370,237,43666,354.709748
36,371,39,43666,6.893278
36,372,3634,43666,966.125316
36,373,306,43666,55.200402
36,374,2070,43666,434.536667
36,375,0,43666,0.000000
36,376,0,43666,0.000000
36,377,426,43666,78.822801
36,378,448,43666,187.533757
36,379,45,43666,9.569814
36,380,2922,43666,757.788945
36,381,578,43666,109.127800
36,382,6,43666,0.905920
36,383,1,43666,0.155984
37,0,1009,43666,179.074944
37,1,1038,43666,180.133678
37,2,1,43666,0.122917
37,3,126,43666,27.773088
37,4,181,43666,29.497872
37,5,300,43666,69.774729
37,6,867,43666,165.802006
37,7,5078,43666,1929.523022
37,8,381,43666,56.677347
37,9,37,43666,5.184339
37,10,578,43666,163.495810
37,11,2,43666,0.332077
37,12,460,43666,82.006812
37,13,428,43666,95.549992
37,14,192,43666,26.079802
37,15,266,43666,49.638388
37,16,2126,43666,879.975455
37,17,21,43666,3.200003
37,18,298,43666,59.094142
37,19,762,43666,183.178988
37,20,495,43666,87.890206
37,21,33,43666,4.737427
37,22,4199,43666,741.377094
37,23,236,43666,72.170270
37,24,53,43666,6.616667
37,25,0,43666,0.000000
37,26,528,43666,71.865644
37,27,32,43666,4.177092
37,28,193,43666,32.043963
37,29,10,43666,2.323641
37,30,2345,43666,884.919564
37,31,2599,43666,544.562760
37,32,703,43666,252.658108
37,33,384,43666,48.692789
37,34,249,43666,52.978753
37,35,362,43666,55.950614
37,36,50,43666,7.672940
37,37,1126,43666,243.018907
37,38,5064,43666,1662.203502
37,39,1124,43666,305.384902
37,40,199,43666,33.728772
37,41,10,43666,1.392001
37,42,1577,43666,315.515818
37,43,353,43666,68.787084
37,44,34,43666,4.774697
37,45,122,43666,16.192959
37,46,521,43666,135.621845
37,47,145,43666,20.768132
37,48,5,43666,0.750493
37,49,200,43666,25.284468
37,50,34,43666,5.577112
37,51,282,43666,41.526007
37,52,1,43666,0.155016
37,53,276,43666,53.424387
37,54,51,43666,7.248544
37,55,3275,43666,765.487744
37,56,545,43666,178.113793
37,57,0,43666,0.000000
37,58,329,43666,71.924784
37,59,76,43666,12.450655
37,60,3,43666,0.472951
37,61,150,43666,30.285717
37,62,5,43666,0.469881
37,63,1389,43666,340.535253
37,64,2280,43666,413.949554
37,65,24,43666,3.255200
37,66,257,43666,62.935970
37,67,2999,43666,442.803630
37,68,75,43666,19.895698
37,69,11064,43666,2830.949049
37,70,519,43666,112.081143
37,71,975,43666,246.134529
37,72,118,43666,17.140622
37,73,3465,43666,1200.127108
37,74,49,43666,7.500726
37,75,0,43666,0.000000
37,76,893,43666,121.908976
37,77,264,43666,43.765346
37,78,1808,43666,647.927779
37,79,18,43666,2.046662
37,80,1,43666,0.110568
37,81,395,43666,67.821197
37,82,140,43666,27.657416
37,83,1895,43666,429.867215
37,84,921,43666,189.739293
37,85,1139,43666,273.905441
37,86,0,43666,0.000000
37,87,3,43666,0.421912
37,88,0,43666,0.000000
37,89,725,43666,188.650086
37,90,29,43666,4.410088
37,91,98,43666,15.216720
37,92,2,43666,0.674573
37,93,360,43666,66.279148
37,94,2,43666,0.296657
37,95,1576,43666,368.221842
37,96,1,43666,0.088599
37,97,1000,43666,162.016253
37,98,809,43666,172.218916
37,99,144,43666,18.629435
37,100,546,43666,164.652339
37,101,121,43666,25.246867
37,102,434,43666,108.946935
37,103,23,43666,2.089208
37,104,113,43666,14.154789
37,105,5,43666,1.611211
37,106,27,43666,4.152282
37,107,257,43666,43.590209
37,108,0,43666,0.000000
37,109,0,43666,0.000000
37,110,135,43666,19.188931
37,111,24,43666,6.516788
37,112,215,43666,38.307831
37,113,402,43666,64.656615
37,114,2,43666,0.138023
37,115,19,43666,3.214512
37,116,1427,43666,333.806929
37,117,98,43666,13.967026
37,118,44,43666,8.228235
37,119,497,43666,81.561330
37,120,0,43666,0.000000
37,121,447,43666,108.279578
37,122,70,43666,7.640120
37,123,22,43666,5.619988
37,124,428,43666,114.776721
37,125,298,43666,45.519585
37,126,1203,43666,319.422805
37,127,391,43666,359.956148
37,128,832,43666,294.294986
37,129,328,43666,55.159439
37,130,5529,43666,1145.420822
37,131,1811,43666,303.926294
37,132,1140,43666,156.954117
37,133,4,43666,0.871568
37,134,24,43666,2.639730
37,135,3108,43666,963.711234
37,136,453,43666,83.389572
37,137,108,43666,15.351472
37,138,548,43666,79.774108
37,139,14,43666,2.861449
37,140,759,43666,221.741460
37,141,91,43666,23.085757
37,142,38,43666,4.583510
37,143,6,43666,0.665683
37,144,262,43666,55.962311
37,145,438,43666,158.432572
37,146,0,43666,0.000000
37,147,606,43666,104.594989
37,148,606,43666,110.614222
37,149,6,43666,0.816899
37,150,66,43666,8.880851
37,151,118,43666,20.838721
37,152,0,43666,0.000000
37,153,0,43666,0.000000
37,154,23,43666,3.221334
37,155,166,43666,18.331011
37,156,1031,43666,186.738326
37,157,2354,43666,521.264496
37,158,77,43666,12.173363
37,159,2,43666,0.300623
37,160,494,43666,98.159064
37,161,130,43666,16.388053
37,162,1036,43666,257.573229
37,163,5150,43666,1084.468785
37,164,10,43666,1.460040
37,165,90,43666,13.580651
37,166,994,43666,123.408112
37,167,271,43666,61.224290
37,168,729,43666,124.484083
37,169,362,43666,74.710334
37,170,196,43666,41.428161
37,171,175,43666,49.569789
37,172,471,43666,69.848849
37,173,31,43666,3.791145
37,174,999,43666,263.729045
37,175,1,43666,0.146345
37,176,18,43666,3.514756
37,177,703,43666,103.202689
37,178,253,43666,43.259108
37,179,210,43666,34.031982
37,180,214,43666,38.469609
37,181,603,43666,86.000490
37,182,639,43666,158.599395
37,183,20,43666,3.588995
37,184,45,43666,5.779751
37,185,2,43666,0.308472
37,186,1,43666,0.195896
37,187,98,43666,20.486340
37,188,179,43666,25.583972
37,189,34,43666,3.970582
37,190,165,43666,35.862109
37,191,73,43666,13.209548
37,192,9595,43666,2776.722080
37,193,0,43666,0.000000
37,194,817,43666,220.494213
37,195,57,43666,7.900496
37,196,190,43666,24.793780
37,197,10735,43666,3500.775535
37,198,500,43666,174.065813
37,199,0,43666,0.000000
37,200,0,43666,0.000000
37,201,11,43666,1.266550
37,202,1278,43666,223.671081
37,203,100,43666,11.436621
37,204,29,43666,4.752433
37,205,41,43666,8.981188
37,206,39,43666,8.557263
37,207,768,43666,125.937640
37,208,119,43666,14.451740
37,209,83,43666,14.405320
37,210,223,43666,43.141840
37,211,0,43666,0.000000
37,212,57,43666,12.975432
37,213,0,43666,0.000000
37,214,920,43666,142.430988
37,215,1,43666,0.209879
37,216,34,43666,9.777646
37,217,190,43666,27.383479
37,218,199,43666,33.599422
37,219,200,43666,39.352354
37,220,15,43666,1.532628
37,221,0,43666,0.000000
37,222,12,43666,1.507935
37,223,5,43666,0.830926
37,224,360,43666,107.051125
37,225,1031,43666,163.696180
37,226,81,43666,10.815329
37,227,898,43666,152.184456
37,228,9496,43666,2682.809386
37,229,0,43666,0.000000
37,230,3150,43666,959.868414
37,231,23,43666,4.191311
37,232,420,43666,126.106254
37,233,467,43666,117.558190
37,234,4099,43666,1491.185260
37,235,155,43666,21.119707
37,236,3,43666,0.402045
37,237,10,43666,1.076300
37,238,2129,43666,420.897378
37,239,84,43666,26.028384
37,240,1916,43666,449.881048
37,241,4,43666,0.553661
37,242,4,43666,0.502944
37,243,129,43666,26.642519
37,244,3,43666,0.479035
37,245,183,43666,68.791462
37,246,2461,43666,439.922227
37,247,30,43666,4.244896
37,248,201,43666,68.097121
37,249,56,43666,7.842223
37,250,303,43666,70.155501
37,251,30,43666,5.675877
37,252,232,43666,33.075080
37,253,376,43666,46.230571
37,254,535,43666,185.222297
37,255,11,43666,1.645877
37,256,115,43666,18.523138
37,257,9,43666,1.468928
37,258,59,43666,9.801477
37,259,254,43666,45.394878
37,260,89,43666,18.515181
37,261,0,43666,0.000000
37,262,353,43666,99.993709
37,263,186,43666,32.383457
37,264,27,43666,3.336235
37,265,2014,43666,375.222256
37,266,36,43666,6.128082
37,267,547,43666,110.848001
37,268,2410,43666,463.437602
37,269,45,43666,11.093043
37,270,84,43666,12.146721
37,271,132,43666,22.174870
37,272,1083,43666,341.277211
37,273,153,43666,27.196901
37,274,1,43666,0.102593
37,275,231,43666,58.392932
37,276,457,43666,78.297376
37,277,0,43666,0.000000
37,278,12,43666,1.851330
37,279,888,43666,132.495284
37,280,41,43666,9.747237
37,281,339,43666,76.804110
37,282,6953,43666,1600.485470
37,283,119,43666,13.738436
37,284,10,43666,1.307560
37,285,76,43666,26.458571
37,286,49,43666,7.724304
37,287,252,43666,48.982677
37,288,13,43666,2.840932
37,289,551,43666,79.967025
37,290,237,43666,26.744851
37,291,14,43666,1.342122
37,292,1047,43666,199.658917
37,293,0,43666,0.000000
37,294,9,43666,0.909360
37,295,1414,43666,306.545955
37,296,171,43666,28.156978
37,297,284,43666,50.362199
37,298,336,43666,60.998429
37,299,65,43666,11.785130
37,300,93,43666,12.295571
37,301,611,43666,165.259191
37,302,18,43666,4.195595
37,303,96,43666,21.796515
37,304,296,43666,50.235830
37,305,150,43666,22.114519
37,306,0,43666,0.000000
37,307,168,43666,50.935584
37,308,845,43666,163.544732
37,309,0,43666,0.000000
37,310,241,43666,37.493092
37,311,31,43666,4.179700
37,312,0,43666,0.000000
37,313,0,43666,0.000000
37,314,3,43666,0.291507
37,315,711,43666,153.990823
37,316,24,43666,2.555109
37,317,451,43666,124.025964
37,318,25,43666,3.712678
37,319,40,43666,5.293510
37,320,689,43666,100.257125
37,321,211,43666,51.208772
37,322,52,43666,13.266479
37,323,1,43666,0.138976
37,324,46,43666,6.890206
37,325,115,43666,14.946137
37,326,22,43666,3.650479
37,327,3,43666,0.318391
37,328,101,43666,12.109910
37,329,55,43666,8.702292
37,330,461,43666,75.936404
37,331,905,43666,151.205542
37,332,1,43666,0.110629
37,333,210,43666,88.730650
37,334,1281,43666,241.394621
37,335,0,43666,0.000000
37,336,74,43666,13.988926
37,337,90,43666,16.048464
37,338,966,43666,294.591680
37,339,5425,43666,921.087891
37,340,54,43666,5.271195
37,341,591,43666,129.712760
37,342,0,43666,0.000000
37,343,335,43666,73.678368
37,344,12130,43666,5314.215760
37,345,285,43666,36.893291
37,346,197,43666,34.280425
37,347,65,43666,9.930655
37,348,280,43666,49.781216
37,349,5,43666,1.162902
37,350,32,43666,4.362035
37,351,57,43666,8.902571
37,352,396,43666,52.754154
37,353,18,43666,3.002003
37,354,204,43666,34.903469
37,355,883,43666,257.483403
37,356,0,43666,0.000000
37,357,37,43666,4.868330
37,358,841,43666,266.424831
37,359,9932,43666,2334.562990
37,360,3938,43666,739.265340
37,361,216,43666,38.729890
37,362,0,43666,0.000000
37,363,24,43666,3.235154
37,364,577,43666,117.416107
37,365,3156,43666,653.794189
37,366,1349,43666,342.601439
37,367,928,43666,244.254731
37,368,77,43666,10.345536
37,369,85,43666,10.920640
37,370,339,43666,30.889092
37,371,65,43666,7.832070
37,372,737,43666,103.881728
37,373,484,43666,111.636787
37,374,308,43666,45.714035
37,375,215,43666,61.706815
37,376,0,43666,0.000000
37,377,131,43666,38.512832
37,378,65,43666,10.121786
37,379,10,43666,1.186405
37,380,11760,43666,2883.951226
37,381,566,43666,154.222537
37,382,92,43666,12.164983
37,383,0,43666,0.000000
38,0,24,43666,4.153202
38,1,7,43666,1.150926
38,2,283,43666,29.327588
38,3,0,43666,0.000000
38,4,60,43666,8.565048
38,5,0,43666,0.000000
38,6,1124,43666,401.358303
38,7,47,43666,6.830814
38,8,167,43666,19.281762
38,9,9,43666,1.057280
38,10,2440,43666,925.643877
38,11,180,43666,29.345431
38,12,71,43666,10.051179
38,13,1817,43666,332.256842
38,14,78,43666,9.336970
38,15,78,43666,13.759331
38,16,2416,43666,502.516784
38,17,1553,43666,330.175108
38,18,126,43666,13.306408
38,19,277,43666,57.816756
38,20,158,43666,46.490426
38,21,417,43666,80.304834
38,22,72,43666,9.016929
38,23,294,43666,66.206064
38,24,20988,43666,6233.909208
38,25,203,43666,24.167423
38,26,126,43666,22.669402
38,27,2,43666,0.164302
38,28,363,43666,41.288240
38,29,152,43666,42.171942
38,30,8672,43666,3518.459560
38,31,554,43666,138.884892
38,32,8,43666,1.666193
38,33,1269,43666,360.308486
38,34,46,43666,12.423517
38,35,538,43666,94.017741
38,36,198,43666,19.840473
38,37,501,43666,131.473897
38,38,76,43666,9.542582
38,39,82,43666,16.776589
38,40,75,43666,11.257898
38,41,139,43666,15.309999
38,42,0,43666,0.000000
38,43,197,43666,81.598552
38,44,23,43666,2.920060
38,45,19,43666,2.011218
38,46,19,43666,3.667300
38,47,5,43666,0.578643
38,48,310,43666,60.680021
38,49,186,43666,18.441370
38,50,273,43666,51.552589
38,51,372,43666,88.152075
38,52,0,43666,0.000000
38,53,96,43666,15.034345
38,54,176,43666,66.050644
38,55,277,43666,39.253903
38,56,1,43666,0.092072
38,57,57,43666,6.244381
38,58,716,43666,134.000058
38,59,556,43666,107.634721
38,60,2772,43666,714.276179
38,61,3401,43666,556.986185
38,62,87,43666,25.356598
38,63,95,43666,11.513143
38,64,255,43666,73.971540
38,65,1,43666,0.100216
38,66,68,43666,7.109641
38,67,746,43666,414.854237
38,68,535,43666,101.772804
38,69,1328,43666,199.167264
38,70,1247,43666,314.123860
38,71,378,43666,67.025106
38,72,0,43666,0.000000
38,73,8358,43666,1771.345259
38,74,89,43666,14.030328
38,75,195,43666,63.265797
38,76,57,43666,7.396694
38,77,0,43666,0.000000
38,78,0,43666,0.000000
38,79,456,43666,62.048715
38,80,4821,43666,1785.164623
38,81,32,43666,5.323157
38,82,274,43666,33.171975
38,83,1862,43666,353.200305
38,84,54,43666,11.296382
38,85,687,43666,121.815544
38,86,183,43666,33.710643
38,87,336,43666,77.382979
38,88,92,43666,9.768023
38,89,3,43666,0.845275
38,90,1138,43666,137.745543
38,91,2076,43666,546.522391
38,92,0,43666,0.000000
38,93,223,43666,32.483277
38,94,117,43666,24.915833
38,95,801,43666,121.865025
38,96,369,43666,99.210123
38,97,753,43666,101.167174
38,98,78,43666,16.989008
38,99,0,43666,0.000000
38,100,494,43666,55.163932
38,101,248,43666,36.686028
38,102,0,43666,0.000000
38,103,982,43666,230.392472
38,104,366,43666,82.225487
38,105,63,43666,5.673192
38,106,0,43666,0.000000
38,107,114,43666,20.671632
38,108,625,43666,179.626279
38,109,51,43666,10.974733
38,110,1932,43666,461.026047
38,111,0,43666,0.000000
38,112,135,43666,30.884063
38,113,108,43666,10.276066
38,114,34,43666,4.427523
38,115,1371,43666,163.089134
38,116,83,43666,9.995198
38,117,723,43666,199.740049
38,118,5431,43666,1918.884875
38,119,43,43666,4.433119
38,120,18,43666,1.742355
38,121,6,43666,2.376525
38,122,94,43666,11.623611
38,123,76,43666,10.875415
38,124,35,43666,3.527209
38,125,1477,43666,229.482057
38,126,676,43666,185.415401
38,127,428,43666,69.894217
38,128,19,43666,2.913875
38,129,0,43666,0.000000
38,130,175,43666,18.909030
38,131,210,43666,29.369270
38,132,17,43666,3.273457
38,133,2859,43666,354.785169
38,134,2018,43666,473.578248
38,135,71,43666,11.253050
38,136,0,43666,0.000000
38,137,76,43666,8.768153
38,138,85,43666,11.862823
38,139,1206,43666,189.197836
38,140,194,43666,25.767873
38,141,121,43666,17.384028
38,142,10,43666,1.147394
38,143,0,43666,0.000000
38,144,10240,43666,3037.631637
38,145,30,43666,6.911989
38,146,71,43666,8.242952
38,147,521,43666,61.656283
38,148,1459,43666,370.316794
38,149,28,43666,2.628353
38,150,19,43666,3.775484
38,151,365,43666,40.819408
38,152,1493,43666,373.829368
38,153,213,43666,26.670162
38,154,311,43666,42.273361
38,155,584,43666,183.223992
38,156,2,43666,0.160080
38,157,40,43666,5.891745
38,158,92,43666,15.646710
38,159,203,43666,23.611579
38,160,91,43666,17.876273
38,161,0,43666,0.000000
38,162,298,43666,60.224690
38,163,21,43666,3.213791
38,164,3,43666,0.436775
38,165,202,43666,86.252962
38,166,1,43666,0.141667
38,167,1717,43666,205.486930
38,168,3150,43666,689.392342
38,169,758,43666,134.777029
38,170,417,43666,65.305410
38,171,279,43666,33.749881
38,172,28,43666,3.247517
38,173,456,43666,29.144245
38,174,314,43666,91.194907
38,175,54,43666,5.320253
38,176,451,43666,115.782040
38,177,747,43666,101.522900
38,178,60,43666,13.542247
38,179,258,43666,43.836401
38,180,0,43666,0.000000
38,181,225,43666,33.195841
38,182,221,43666,29.312860
38,183,462,43666,157.005941
38,184,0,43666,0.000000
38,185,64,43666,5.835072
38,186,2147,43666,672.442654
38,187,582,43666,81.342503
38,188,359,43666,41.821456
38,189,425,43666,43.559764
38,190,120,43666,33.779724
38,191,597,43666,89.258957
38,192,1165,43666,267.916761
38,193,644,43666,137.656047
38,194,319,43666,65.166014
38,195,708,43666,102.673998
38,196,954,43666,192.510750
38,197,70,43666,16.790707
38,198,997,43666,216.057768
38,199,2797,43666,660.463844
38,200,0,43666,0.000000
38,201,768,43666,196.008022
38,202,517,43666,151.387682
38,203,65,43666,17.820753
38,204,26,43666,3.432112
38,205,32,43666,6.476711
38,206,46,43666,4.573607
38,207,344,43666,75.895089
38,208,1669,43666,501.663493
38,209,98,43666,14.820612
38,210,223,43666,31.771359
38,211,546,43666,143.268507
38,212,158,43666,19.532095
38,213,166,43666,31.156009
38,214,381,43666,89.838564
38,215,1055,43666,503.438380
38,216,474,43666,67.273116
38,217,500,43666,117.883714
38,218,158,43666,24.800667
38,219,2479,43666,430.429423
38,220,106,43666,15.621291
38,221,1,43666,0.110170
38,222,4,43666,0.534939
38,223,0,43666,0.000000
38,224,193,43666,20.479611
38,225,346,43666,93.602599
38,226,59,43666,7.688437
38,227,495,43666,101.347386
38,228,88,43666,8.976942
38,229,8,43666,1.756933
38,230,113,43666,19.833829
38,231,512,43666,131.062183
38,232,215,43666,39.075256
38,233,56,43666,6.188293
38,234,353,43666,114.583100
38,235,14,43666,0.923829
38,236,538,43666,181.489879
38,237,177,43666,40.765334
38,238,0,43666,0.000000
38,239,2485,43666,504.534506
38,240,59,43666,8.902028
38,241,0,43666,0.000000
38,242,348,43666,72.121661
38,243,2,43666,0.281249
38,244,74,43666,12.228095
38,245,73,43666,26.047423
38,246,9,43666,1.776564
38,247,501,43666,68.131968
38,248,0,43666,0.000000
38,249,808,43666,117.173261
38,250,366,43666,191.422683
38,251,308,43666,33.165534
38,252,76,43666,8.742732
38,253,165,43666,22.893353
38,254,386,43666,160.203705
38,255,2,43666,0.163672
38,256,268,43666,49.018415
38,257,12992,43666,5273.924746
38,258,317,43666,99.041856
38,259,214,43666,22.308967
38,260,236,43666,41.483981
38,261,223,43666,27.415264
38,262,0,43666,0.000000
38,263,58,43666,13.036789
38,264,209,43666,27.915333
38,265,2015,43666,675.281294
38,266,0,43666,0.000000
38,267,0,43666,0.000000
38,268,1051,43666,246.586427
38,269,137,43666,22.916193
38,270,101,43666,17.296653
38,271,144,43666,33.346289
38,272,6,43666,0.642879
38,273,473,43666,142.910177
38,274,55,43666,4.863112
38,275,0,43666,0.000000
38,276,222,43666,46.937016
38,277,521,43666,77.240967
38,278,2546,43666,495.213585
38,279,0,43666,0.000000
38,280,1085,43666,181.590061
38,281,283,43666,34.904263
38,282,163,43666,51.865212
38,283,946,43666,265.404283
38,284,0,43666,0.000000
38,285,369,43666,69.099386
38,286,54,43666,21.800838
38,287,102,43666,19.823838
38,288,3083,43666,673.791827
38,289,4713,43666,955.318148
38,290,0,43666,0.000000
38,291,190,43666,22.341575
38,292,137,43666,15.652744
38,293,1108,43666,227.271109
38,294,123,43666,17.318592
38,295,441,43666,32.448932
38,296,702,43666,110.096690
38,297,0,43666,0.000000
38,298,1635,43666,299.111171
38,299,276,43666,33.330600
38,300,191,43666,36.858474
38,301,10211,43666,2895.153589
38,302,352,43666,51.689913
38,303,279,43666,34.880198
38,304,1,43666,0.030130
38,305,163,43666,38.869312
38,306,30,43666,2.254707
38,307,372,43666,63.365053
38,308,8,43666,1.182363
38,309,568,43666,152.765749
38,310,211,43666,38.977148
38,311,521,43666,66.057601
38,312,242,43666,36.883533
38,313,1,43666,0.158137
38,314,32,43666,9.101715
38,315,255,43666,48.644191
38,316,401,43666,56.379560
38,317,135,43666,14.448434
38,318,1901,43666,367.173959
38,319,1082,43666,215.287786
38,320,126,43666,17.739240
38,321,18,43666,3.786848
38,322,2856,43666,651.196773
38,323,127,43666,51.397279
38,324,741,43666,194.562229
38,325,950,43666,246.196466
38,326,132,43666,27.165601
38,327,7,43666,1.107999
38,328,3856,43666,779.616210
38,329,422,43666,71.572985
38,330,0,43666,0.000000
38,331,6,43666,0.795637
38,332,497,43666,62.218880
38,333,111,43666,15.257160
38,334,443,43666,83.677448
38,335,122,43666,32.744791
38,336,19,43666,3.813530
38,337,6,43666,0.838491
38,338,34,43666,4.387308
38,339,76,43666,21.544892
38,340,426,43666,89.236975
38,341,0,43666,0.000000
38,342,3891,43666,1059.241795
38,343,0,43666,0.000000
38,344,1531,43666,226.800499
38,345,69,43666,11.534922
38,346,42,43666,5.886285
38,347,1893,43666,787.450340
38,348,1,43666,0.103064
38,349,48,43666,6.531743
38,350,40,43666,6.027050
38,351,106,43666,11.871175
38,352,133,43666,21.490614
38,353,7480,43666,1573.947563
38,354,177,43666,21.622366
38,355,62,43666,9.637551
38,356,2,43666,0.202471
38,357,151,43666,21.330701
38,358,0,43666,0.000000
38,359,40,43666,4.259180
38,360,65,43666,10.495095
38,361,43,43666,8.502479
38,362,79,43666,7.854556
38,363,3456,43666,688.589368
38,364,1532,43666,525.936558
38,365,64,43666,10.261716
38,366,684,43666,106.822909
38,367,132,43666,16.729966
38,368,1297,43666,289.329826
38,369,314,43666,53.240433
38,370,1981,43666,292.006810
38,371,20,43666,2.146251
38,372,0,43666,0.000000
38,373,1112,43666,147.382815
38,374,144,43666,62.938087
38,375,7178,43666,1962.184986
38,376,98,43666,12.862889
38,377,5,43666,1.044120
38,378,282,43666,90.045142
38,379,86,43666,32.619658
38,380,268,43666,72.938828
38,381,0,43666,0.000000
38,382,22,43666,2.676268
38,383,248,43666,28.625585
39,0,2824,43666,475.508769
39,1,146,43666,19.971296
39,2,1271,43666,310.458742
39,3,140,43666,12.718183
39,4,256,43666,37.414980
39,5,12,43666,1.970525
39,6,4539,43666,1465.518853
39,7,379,43666,111.794950
39,8,619,43666,93.953881
39,9,0,43666,0.000000
39,10,422,43666,107.270470
39,11,3,43666,0.326291
39,12,318,43666,62.719390
39,13,125,43666,22.370465
39,14,1356,43666,876.045106
39,15,112,43666,45.889813
39,16,0,43666,0.000000
39,17,0,43666,0.000000
39,18,3268,43666,661.532558
39,19,110,43666,12.757261
39,20,4889,43666,898.482488
39,21,232,43666,37.244863
39,22,0,43666,0.000000
39,23,169,43666,67.462061
39,24,114,43666,16.045730
39,25,266,43666,98.857399
39,26,3529,43666,694.806404
39,27,539,43666,43.187800
39,28,217,43666,34.446527
39,29,0,43666,0.000000
39,30,1683,43666,476.114793
39,31,1,43666,0.117976
39,32,596,43666,94.684406
39,33,56,43666,5.586799
39,34,0,43666,0.000000
39,35,133,43666,16.900069
39,36,1786,43666,446.695592
39,37,436,43666,46.312050
39,38,457,43666,91.212900
39,39,0,43666,0.000000
39,40,116,43666,10.461629
39,41,1246,43666,700.055197
39,42,78,43666,8.883014
39,43,0,43666,0.000000
39,44,1,43666,0.147060
39,45,448,43666,94.555015
39,46,0,43666,0.000000
39,47,724,43666,124.757050
39,48,304,43666,47.629495
39,49,58,43666,4.580837
39,50,443,43666,86.474819
39,51,73,43666,8.295417
39,52,31,43666,3.798405
39,53,856,43666,131.470799
39,54,1874,43666,435.430458
39,55,462,43666,101.186866
39,56,577,43666,109.054585
39,57,0,43666,0.000000
39,58,1597,43666,268.481513
39,59,107,43666,19.778353
39,60,2,43666,0.121736
39,61,614,43666,95.776095
39,62,506,43666,85.603092
39,63,9,43666,0.838117
39,64,582,43666,117.481284
39,65,819,43666,138.202399
39,66,7667,43666,2435.511882
39,67,1,43666,0.102933
39,68,18,43666,1.653229
39,69,318,43666,53.461577
39,70,367,43666,47.804770
39,71,91,43666,12.417393
39,72,918,43666,203.792474
39,73,1227,43666,130.369729
39,74,0,43666,0.000000
39,75,5,43666,1.332113
39,76,1238,43666,264.892050
39,77,0,43666,0.000000
39,78,521,43666,116.905681
39,79,0,43666,0.000000
39,80,233,43666,52.250446
39,81,46,43666,3.768006
39,82,54,43666,7.271080
39,83,2035,43666,231.530952
39,84,1195,43666,210.825851
39,85,433,43666,92.657954
39,86,183,43666,24.509016
39,87,81,43666,46.446120
39,88,1045,43666,314.417643
39,89,0,43666,0.000000
39,90,4,43666,0.655284
39,91,11443,43666,2123.401530
39,92,1389,43666,189.970298
39,93,288,43666,27.342579
39,94,327,43666,10.774567
39,95,66,43666,7.172451
39,96,439,43666,98.940212
39,97,316,43666,75.105954
39,98,433,43666,71.368463
39,99,976,43666,291.431310
39,100,125,43666,13.618763
39,101,273,43666,54.431944
39,102,284,43666,68.325726
39,103,237,43666,19.500016
39,104,1,43666,0.153144
39,105,0,43666,0.000000
39,106,1205,43666,225.986791
39,107,167,43666,18.505381
39,108,0,43666,0.000000
39,109,671,43666,195.063192
39,110,100,43666,34.609933
39,111,78,43666,12.727637
39,112,609,43666,110.914518
39,113,0,43666,0.000000
39,114,0,43666,0.000000
39,115,374,43666,64.964754
39,116,732,43666,203.651732
39,117,180,43666,19.289932
39,118,304,43666,65.549559
39,119,480,43666,78.808877
39,120,150,43666,27.585616
39,121,349,43666,53.266223
39,122,196,43666,32.271393
39,123,471,43666,55.770780
39,124,122,43666,19.495415
39,125,758,43666,206.754932
39,126,264,43666,97.566542
39,127,176,43666,30.249858
39,128,0,43666,0.000000
39,129,12,43666,1.180828
39,130,193,43666,34.536797
39,131,538,43666,144.638102
39,132,29,43666,2.248855
39,133,2421,43666,340.587472
39,134,47,43666,3.647138
39,135,1695,43666,578.019638
39,136,507,43666,103.889313
39,137,0,43666,0.000000
39,138,9,43666,1.348503
39,139,206,43666,66.071856
39,140,1,43666,0.395901
39,141,1170,43666,311.006416
39,142,2705,43666,478.549153
39,143,0,43666,0.000000
39,144,260,43666,52.370074
39,145,171,43666,39.003015
39,146,47,43666,4.510367
39,147,105,43666,24.383498
39,148,41,43666,5.032374
39,149,1777,43666,262.056205
39,150,594,43666,77.919673
39,151,210,43666,30.949904
39,152,153,43666,14.217531
39,153,694,43666,68.726277
39,154,1,43666,0.083576
39,155,4465,43666,1052.319726
39,156,3060,43666,424.984240
39,157,128,43666,20.538072
39,158,32,43666,2.516045
39,159,509,43666,97.806842
39,160,714,43666,76.701784
39,161,26,43666,3.031469
39,162,34,43666,2.329508
39,163,0,43666,0.000000
39,164,1107,43666,254.222620
39,165,284,43666,46.209092
39,166,548,43666,71.065670
39,167,122,43666,11.269621
39,168,636,43666,192.396849
39,169,315,43666,45.151543
39,170,188,43666,20.951434
39,171,14,43666,2.540819
39,172,189,43666,20.165052
39,173,322,43666,33.587360
39,174,93,43666,5.036241
39,175,35,43666,4.588795
39,176,583,43666,69.380129
39,177,7,43666,0.617277
39,178,72,43666,59.148466
39,179,3267,43666,439.533972
39,180,2327,43666,869.315455
39,181,1184,43666,177.940876
39,182,108,43666,39.853510
39,183,114,43666,11.432743
39,184,440,43666,73.838496
39,185,795,43666,138.487492
39,186,0,43666,0.000000
39,187,460,43666,88.070004
39,188,110,43666,125.484259
39,189,1173,43666,279.739185
39,190,69,43666,19.344218
39,191,660,43666,71.339198
39,192,425,43666,61.890254
39,193,5,43666,0.560059
39,194,134,43666,10.409297
39,195,396,43666,70.516948
39,196,32,43666,3.721119
39,197,219,43666,25.862522
39,198,293,43666,50.434315
39,199,926,43666,106.060884
39,200,367,43666,85.960638
39,201,3342,43666,498.626409
39,202,2527,43666,762.435074
39,203,123,43666,16.525095
39,204,99,43666,19.530000
39,205,8097,43666,3593.577361
39,206,8,43666,1.005604
39,207,40,43666,6.870148
39,208,8084,43666,3427.533837
39,209,59,43666,5.946030
39,210,4434,43666,1011.071147
39,211,0,43666,0.000000
39,212,0,43666,0.000000
39,213,83,43666,26.468181
39,214,205,43666,19.529687
39,215,1451,43666,466.558556
39,216,1109,43666,280.159001
39,217,19,43666,1.934850
39,218,66,43666,6.934329
39,219,0,43666,0.000000
39,220,150,43666,31.089582
39,221,3982,43666,960.647986
39,222,36,43666,7.406327
39,223,61,43666,12.960286
39,224,730,43666,67.949141
39,225,0,43666,0.000000
39,226,237,43666,27.551363
39,227,4,43666,0.338083
39,228,2142,43666,414.420327
39,229,71,43666,27.741207
39,230,29,43666,3.574207
39,231,9921,43666,4449.606038
39,232,101,43666,11.649743
39,233,17,43666,1.644127
39,234,52,43666,5.557221
39,235,2098,43666,326.816559
39,236,254,43666,26.577282
39,237,21,43666,5.154882
39,238,52,43666,9.368343
39,239,0,43666,0.000000
39,240,668,43666,94.389739
39,241,130,43666,13.392188
39,242,507,43666,56.877699
39,243,4048,43666,1024.513658
39,244,439,43666,113.335585
39,245,0,43666,0.000000
39,246,2919,43666,430.927948
39,247,197,43666,33.812961
39,248,2,43666,0.319432
39,249,0,43666,0.000000
39,250,99,43666,21.977487
39,251,0,43666,0.000000
39,252,21,43666,2.625889
39,253,73,43666,7.527906
39,254,228,43666,56.559740
39,255,163,43666,35.562001
39,256,512,43666,71.899930
39,257,51,43666,6.611175
39,258,2417,43666,739.087933
39,259,77,43666,6.131720
39,260,164,43666,28.358004
39,261,2199,43666,852.402477
39,262,815,43666,115.280096
39,263,580,43666,68.780582
39,264,422,43666,46.072012
39,265,95,43666,13.893212
39,266,2657,43666,344.425218
39,267,0,43666,0.000000
39,268,1350,43666,363.610209
39,269,7639,43666,1860.212503
39,270,0,43666,0.000000
39,271,0,43666,0.000000
39,272,331,43666,72.594858
39,273,160,43666,30.938748
39,274,17,43666,1.606717
39,275,288,43666,49.725379
39,276,26,43666,4.598165
39,277,245,43666,50.143138
39,278,41,43666,7.740210
39,279,172,43666,16.640222
39,280,0,43666,0.000000
39,281,598,43666,126.121814
39,282,437,43666,49.109502
39,283,581,43666,111.214591
39,284,1271,43666,213.022392
39,285,134,43666,25.834871
39,286,89,43666,12.779640
39,287,2,43666,0.244920
39,288,1102,43666,255.866908
39,289,100,43666,31.733368
39,290,131,43666,32.450029
39,291,94,43666,8.125883
39,292,47,43666,14.487009
39,293,372,43666,62.985480
39,294,167,43666,16.881198
39,295,3451,43666,1340.924700
39,296,481,43666,150.969482
39,297,1,43666,0.120706
39,298,249,43666,109.206786
39,299,0,43666,0.000000
39,300,4,43666,0.353898
39,301,164,43666,54.469512
39,302,139,43666,21.469930
39,303,798,43666,194.470604
39,304,748,43666,107.620666
39,305,1,43666,0.103257
39,306,114,43666,19.433968
39,307,144,43666,25.413767
39,308,126,43666,23.038283
39,309,4,43666,0.271374
39,310,108,43666,18.630073
39,311,332,43666,105.865603
39,312,152,43666,44.040306
39,313,696,43666,126.437302
39,314,223,43666,33.561461
39,315,21,43666,2.099019
39,316,0,43666,0.000000
39,317,64,43666,13.509988
39,318,214,43666,82.777633
39,319,155,43666,41.675516
39,320,0,43666,0.000000
39,321,0,43666,0.000000
39,322,1595,43666,238.109150
39,323,11,43666,1.146926
39,324,337,43666,57.046202
39,325,77,43666,9.306905
39,326,5186,43666,1158.635390
39,327,127,43666,27.261487
39,328,479,43666,146.624602
39,329,14,43666,2.034177
39,330,244,43666,53.616342
39,331,69,43666,12.908712
39,332,1154,43666,184.612605
39,333,0,43666,0.000000
39,334,621,43666,109.222160
39,335,29,43666,3.748129
39,336,74,43666,13.755670
39,337,100,43666,12.248158
39,338,0,43666,0.000000
39,339,92,43666,8.932681
39,340,0,43666,0.000000
39,341,269,43666,60.731844
39,342,4,43666,0.350000
39,343,0,43666,0.000000
39,344,51,43666,5.043538
39,345,0,43666,0.000000
39,346,812,43666,262.935178
39,347,0,43666,0.000000
39,348,338,43666,96.124914
39,349,2375,43666,427.765015
39,350,59,43666,8.883870
39,351,95,43666,15.298218
39,352,337,43666,111.075491
39,353,35,43666,1.847266
39,354,924,43666,185.240223
39,355,748,43666,270.044886
39,356,244,43666,9.956864
39,357,147,43666,31.889228
39,358,37,43666,4.593838
39,359,6711,43666,2412.386637
39,360,374,43666,36.032551
39,361,743,43666,179.722050
39,362,9955,43666,3911.953167
39,363,135,43666,19.101893
39,364,58,43666,5.461971
39,365,835,43666,277.309443
39,366,385,43666,70.436935
39,367,127,43666,21.303924
39,368,72,43666,23.927181
39,369,46,43666,5.906925
39,370,189,43666,21.308526
39,371,280,43666,45.644956
39,372,0,43666,0.000000
39,373,391,43666,34.245272
39,374,800,43666,77.561248
39,375,504,43666,82.959240
39,376,0,43666,0.000000
39,377,1548,43666,479.579111
39,378,20,43666,2.048151
39,379,3565,43666,748.808082
39,380,336,43666,44.621382
39,381,174,43666,27.061838
39,382,20,43666,4.181763
39,383,308,43666,31.404229
